"D_mod","EN","x","y"
0.0009575128414221,288.617036576586,487737.787215289,5631510.46939679
0.00129169200129134,288.617036576586,488237.787215289,5631510.46939679
0.00098565888756751,288.617036576586,488737.787215289,5631510.46939679
0.00113929664366191,288.617036576586,489237.787215289,5631510.46939679
0.00101463228545104,288.617036576586,489737.787215289,5631510.46939679
0.000928124643976033,288.617036576586,490237.787215289,5631510.46939679
0.00098565888756751,288.617036576586,490737.787215289,5631510.46939679
0.000998561650614579,288.617036576586,491237.787215289,5631510.46939679
0.000783925031740201,288.617036576586,491737.787215289,5631510.46939679
0.000871889830574506,288.617036576586,492237.787215289,5631510.46939679
0.00100496296968587,288.617036576586,492737.787215289,5631510.46939679
0.000954919134073601,288.617036576586,493237.787215289,5631510.46939679
0.00114196014917371,288.617036576586,493737.787215289,5631510.46939679
0.00114550085619357,288.617036576586,494237.787215289,5631510.46939679
0.00100460189289254,288.617036576586,494737.787215289,5631510.46939679
0.0012530239508173,288.617036576586,495237.787215289,5631510.46939679
0.0012530239508173,288.617036576586,495737.787215289,5631510.46939679
0.0012530239508173,288.617036576586,496237.787215289,5631510.46939679
0.0012530239508173,288.617036576586,496737.787215289,5631510.46939679
0.0012530239508173,288.617036576586,497237.787215289,5631510.46939679
0.000383701761251743,288.617036576586,497737.787215289,5631510.46939679
0.000567294396179271,288.617036576586,498237.787215289,5631510.46939679
0.00114257507611259,288.617036576586,498737.787215289,5631510.46939679
0.000655720360955998,288.617036576586,499237.787215289,5631510.46939679
0.000400704363590964,288.617036576586,499737.787215289,5631510.46939679
0.000315195920402402,288.617036576586,500237.787215289,5631510.46939679
0.0012530239508173,288.617036576586,500737.787215289,5631510.46939679
0.0012530239508173,288.617036576586,501237.787215289,5631510.46939679
0.0012530239508173,288.617036576586,501737.787215289,5631510.46939679
0.0012530239508173,288.617036576586,502237.787215289,5631510.46939679
0.0012530239508173,288.617036576586,502737.787215289,5631510.46939679
0.0012530239508173,288.617036576586,503237.787215289,5631510.46939679
0.0012530239508173,288.617036576586,503737.787215289,5631510.46939679
0.00177395988206078,288.617036576586,504237.787215289,5631510.46939679
0.0011904404039978,288.617036576586,504737.787215289,5631510.46939679
0.00147868318490978,288.617036576586,505237.787215289,5631510.46939679
0.00155332852732471,288.617036576586,505737.787215289,5631510.46939679
0.00132605944698078,288.617036576586,506237.787215289,5631510.46939679
0.000363596915222468,288.617036576586,506737.787215289,5631510.46939679
0.000532204533322585,288.617036576586,507237.787215289,5631510.46939679
0.000589636745469416,288.617036576586,507737.787215289,5631510.46939679
0.000661535545023122,288.617036576586,508237.787215289,5631510.46939679
0.000437089302246098,288.617036576586,508737.787215289,5631510.46939679
0.0012530239508173,288.617036576586,509237.787215289,5631510.46939679
0.0012530239508173,288.617036576586,509737.787215289,5631510.46939679
0.000562627933877886,288.617036576586,510237.787215289,5631510.46939679
0.000547204297801561,288.617036576586,510737.787215289,5631510.46939679
0.000791820126728449,288.617036576586,511237.787215289,5631510.46939679
0.000850568531418767,288.617036576586,511737.787215289,5631510.46939679
0.00040013174509533,288.617036576586,512237.787215289,5631510.46939679
0.000980112341762481,288.617036576586,512737.787215289,5631510.46939679
0.00108152834499368,288.617036576586,513237.787215289,5631510.46939679
0.00143427624105389,288.617036576586,513737.787215289,5631510.46939679
0.00146920922217473,288.617036576586,514237.787215289,5631510.46939679
0.00147494745720911,288.617036576586,514737.787215289,5631510.46939679
0.00119675067897988,288.617036576586,515237.787215289,5631510.46939679
0.00137998292666869,288.617036576586,515737.787215289,5631510.46939679
0.00157777179870067,288.617036576586,516237.787215289,5631510.46939679
0.00212210936055838,288.617036576586,516737.787215289,5631510.46939679
0.00295149128404657,288.617036576586,517237.787215289,5631510.46939679
0.00258418042275851,288.617036576586,517737.787215289,5631510.46939679
0.0027120200165895,288.617036576586,518237.787215289,5631510.46939679
0.00350375003118957,288.617036576586,518737.787215289,5631510.46939679
0.00349494731018498,288.617036576586,519237.787215289,5631510.46939679
0.00341998555901704,288.617036576586,519737.787215289,5631510.46939679
0.00324114805566558,288.617036576586,520237.787215289,5631510.46939679
0.00336315415644279,288.617036576586,520737.787215289,5631510.46939679
0.00396319073179012,288.617036576586,521237.787215289,5631510.46939679
0.00371568561785314,288.617036576586,521737.787215289,5631510.46939679
0.0039827618505329,288.617036576586,522237.787215289,5631510.46939679
0.0052700007648315,288.617036576586,522737.787215289,5631510.46939679
0.00349547903194074,288.617036576586,523237.787215289,5631510.46939679
0.00131364138870249,288.617036576586,487237.787215289,5632010.46939679
0.00178060581686267,288.617036576586,487737.787215289,5632010.46939679
0.00122180340446694,288.617036576586,488237.787215289,5632010.46939679
0.00109866983840949,288.617036576586,488737.787215289,5632010.46939679
0.00130725229494934,288.617036576586,489237.787215289,5632010.46939679
0.00118691411828842,288.617036576586,489737.787215289,5632010.46939679
0.00115865641625705,288.617036576586,490237.787215289,5632010.46939679
0.0014126785186879,288.617036576586,490737.787215289,5632010.46939679
0.00114226242172624,288.617036576586,491237.787215289,5632010.46939679
0.0011856599515422,288.617036576586,491737.787215289,5632010.46939679
0.00108559231283551,288.617036576586,492237.787215289,5632010.46939679
0.00100488107146414,288.617036576586,492737.787215289,5632010.46939679
0.0012808912075095,288.617036576586,493237.787215289,5632010.46939679
0.00138270509173672,288.617036576586,493737.787215289,5632010.46939679
0.00116208354391546,288.617036576586,494237.787215289,5632010.46939679
0.00132171304791011,288.617036576586,494737.787215289,5632010.46939679
0.000936508508045644,288.617036576586,495237.787215289,5632010.46939679
0.00103005707462504,288.617036576586,495737.787215289,5632010.46939679
0.00100286358296478,288.617036576586,496237.787215289,5632010.46939679
0.0012530239508173,288.617036576586,496737.787215289,5632010.46939679
0.0012530239508173,288.617036576586,497237.787215289,5632010.46939679
0.0012530239508173,288.617036576586,497737.787215289,5632010.46939679
0.00232474928108706,288.617036576586,498237.787215289,5632010.46939679
0.0012530239508173,288.617036576586,498737.787215289,5632010.46939679
0.0012530239508173,288.617036576586,499237.787215289,5632010.46939679
0.0012530239508173,288.617036576586,499737.787215289,5632010.46939679
0.0012530239508173,288.617036576586,500237.787215289,5632010.46939679
0.0012530239508173,288.617036576586,500737.787215289,5632010.46939679
0.0012530239508173,288.617036576586,501237.787215289,5632010.46939679
0.0012530239508173,288.617036576586,501737.787215289,5632010.46939679
0.0012530239508173,288.617036576586,502237.787215289,5632010.46939679
0.00133267990554888,288.617036576586,502737.787215289,5632010.46939679
0.00132673668515843,288.617036576586,503237.787215289,5632010.46939679
0.00144304404069634,288.617036576586,503737.787215289,5632010.46939679
0.00144019789131967,288.617036576586,504237.787215289,5632010.46939679
0.00167041291687277,288.617036576586,504737.787215289,5632010.46939679
0.00149447024078388,288.617036576586,505237.787215289,5632010.46939679
0.000589148862754915,288.617036576586,505737.787215289,5632010.46939679
0.00143441737233833,288.617036576586,506237.787215289,5632010.46939679
0.00199192019473764,288.617036576586,506737.787215289,5632010.46939679
0.000229958104739914,288.617036576586,507237.787215289,5632010.46939679
0.000595358491298735,288.617036576586,507737.787215289,5632010.46939679
0.000534915184833904,288.617036576586,508237.787215289,5632010.46939679
0.00105342557669096,288.617036576586,508737.787215289,5632010.46939679
0.000888874488317952,288.617036576586,509237.787215289,5632010.46939679
0.000316310463389754,288.617036576586,509737.787215289,5632010.46939679
0.000262662616748838,288.617036576586,510237.787215289,5632010.46939679
0.000571400346268124,288.617036576586,510737.787215289,5632010.46939679
0.000947164205788556,288.617036576586,511237.787215289,5632010.46939679
0.000472935075889246,288.617036576586,511737.787215289,5632010.46939679
0.000475592877624463,288.617036576586,512237.787215289,5632010.46939679
0.000691388495550792,288.617036576586,512737.787215289,5632010.46939679
0.000979611805795512,288.617036576586,513237.787215289,5632010.46939679
0.00134076675072971,288.617036576586,513737.787215289,5632010.46939679
0.00158158283750828,288.617036576586,514237.787215289,5632010.46939679
0.00208686047079251,288.617036576586,514737.787215289,5632010.46939679
0.00244825697345348,288.617036576586,515237.787215289,5632010.46939679
0.00250142781093179,288.617036576586,515737.787215289,5632010.46939679
0.00233911064445397,288.617036576586,516237.787215289,5632010.46939679
0.00229255548167689,288.617036576586,516737.787215289,5632010.46939679
0.00213259814915947,288.617036576586,517237.787215289,5632010.46939679
0.00251953374088546,288.617036576586,517737.787215289,5632010.46939679
0.00211752217889443,288.617036576586,518237.787215289,5632010.46939679
0.00297843531754525,288.617036576586,518737.787215289,5632010.46939679
0.00409039290933592,288.617036576586,519237.787215289,5632010.46939679
0.00320778478829253,288.617036576586,519737.787215289,5632010.46939679
0.00459740462737048,288.617036576586,520237.787215289,5632010.46939679
0.00379905409988239,288.617036576586,520737.787215289,5632010.46939679
0.0035507279282843,288.617036576586,521237.787215289,5632010.46939679
0.00459161475323468,288.617036576586,521737.787215289,5632010.46939679
0.00418816147647028,288.617036576586,522237.787215289,5632010.46939679
0.00452455124579608,288.617036576586,522737.787215289,5632010.46939679
0.00283479151310254,288.617036576586,523237.787215289,5632010.46939679
0.00237788507185762,288.617036576586,523737.787215289,5632010.46939679
0.00128104233111078,288.617036576586,486737.787215289,5632510.46939679
0.00139135298361604,288.617036576586,487237.787215289,5632510.46939679
0.00177893417833724,288.617036576586,487737.787215289,5632510.46939679
0.00158427926657607,288.617036576586,488237.787215289,5632510.46939679
0.00128104233111078,288.617036576586,488737.787215289,5632510.46939679
0.0013314949627777,288.617036576586,489237.787215289,5632510.46939679
0.00137063419626209,288.617036576586,489737.787215289,5632510.46939679
0.0013647380500924,288.617036576586,490237.787215289,5632510.46939679
0.0013603701876814,288.617036576586,490737.787215289,5632510.46939679
0.001468315516183,288.617036576586,491237.787215289,5632510.46939679
0.00128158718573,288.617036576586,491737.787215289,5632510.46939679
0.00120785109708954,288.617036576586,492237.787215289,5632510.46939679
0.00104496855610659,288.617036576586,492737.787215289,5632510.46939679
0.00105649615803213,288.617036576586,493237.787215289,5632510.46939679
0.00132377492481797,288.617036576586,493737.787215289,5632510.46939679
0.00121357897816543,288.617036576586,494237.787215289,5632510.46939679
0.0012580734774554,288.617036576586,494737.787215289,5632510.46939679
0.00115722189605042,288.617036576586,495237.787215289,5632510.46939679
0.00117944598803851,288.617036576586,495737.787215289,5632510.46939679
0.000934723808576588,288.617036576586,496237.787215289,5632510.46939679
0.00124561412580158,288.617036576586,496737.787215289,5632510.46939679
0.0012530239508173,288.617036576586,497237.787215289,5632510.46939679
0.000667198627584465,288.617036576586,497737.787215289,5632510.46939679
0.00059451772990282,288.617036576586,498237.787215289,5632510.46939679
0.0012530239508173,288.617036576586,498737.787215289,5632510.46939679
0.0012530239508173,288.617036576586,499237.787215289,5632510.46939679
0.0012530239508173,288.617036576586,499737.787215289,5632510.46939679
0.0012530239508173,288.617036576586,500237.787215289,5632510.46939679
0.0012530239508173,288.617036576586,500737.787215289,5632510.46939679
0.0012530239508173,288.617036576586,501237.787215289,5632510.46939679
0.00125470733089114,288.617036576586,501737.787215289,5632510.46939679
0.00142402368529918,288.617036576586,502237.787215289,5632510.46939679
0.00146984421088936,288.617036576586,502737.787215289,5632510.46939679
0.00124844498733182,288.617036576586,503237.787215289,5632510.46939679
0.00166039805058325,288.617036576586,503737.787215289,5632510.46939679
0.00163287716999779,288.617036576586,504237.787215289,5632510.46939679
0.00133892194818522,288.617036576586,504737.787215289,5632510.46939679
0.000750024303880816,288.617036576586,505237.787215289,5632510.46939679
0.000687589492169962,288.617036576586,505737.787215289,5632510.46939679
0.000389262024207071,288.617036576586,506237.787215289,5632510.46939679
0.000189241466592814,288.617036576586,506737.787215289,5632510.46939679
0.00021907074097725,288.617036576586,507237.787215289,5632510.46939679
0.000728606936337663,288.617036576586,507737.787215289,5632510.46939679
0.000772071233962563,288.617036576586,508237.787215289,5632510.46939679
0.00079476623254491,288.617036576586,508737.787215289,5632510.46939679
0.000739946902905149,288.617036576586,509237.787215289,5632510.46939679
0.000412483050017298,288.617036576586,509737.787215289,5632510.46939679
0.000347262782250632,288.617036576586,510237.787215289,5632510.46939679
0.000427008989142895,288.617036576586,510737.787215289,5632510.46939679
0.00046430390957036,288.617036576586,511237.787215289,5632510.46939679
0.000459217064153827,288.617036576586,511737.787215289,5632510.46939679
0.000494621017274496,288.617036576586,512237.787215289,5632510.46939679
0.000718124114039195,288.617036576586,512737.787215289,5632510.46939679
0.000667077297206206,288.617036576586,513237.787215289,5632510.46939679
0.00131079674293132,288.617036576586,513737.787215289,5632510.46939679
0.00165194563094663,288.617036576586,514237.787215289,5632510.46939679
0.00214328847867264,288.617036576586,514737.787215289,5632510.46939679
0.00252244219227906,288.617036576586,515237.787215289,5632510.46939679
0.0026707784151178,288.617036576586,515737.787215289,5632510.46939679
0.00228705827712294,288.617036576586,516237.787215289,5632510.46939679
0.00199160575428381,288.617036576586,516737.787215289,5632510.46939679
0.00200304317675687,288.617036576586,517237.787215289,5632510.46939679
0.00231692562602507,288.617036576586,517737.787215289,5632510.46939679
0.0019661375332838,288.617036576586,518237.787215289,5632510.46939679
0.00210619424630683,288.617036576586,518737.787215289,5632510.46939679
0.00360162599411972,288.617036576586,519237.787215289,5632510.46939679
0.00265528380148746,288.617036576586,519737.787215289,5632510.46939679
0.00272211848326741,288.617036576586,520237.787215289,5632510.46939679
0.00421910116048063,288.617036576586,520737.787215289,5632510.46939679
0.00315790882599172,288.617036576586,521237.787215289,5632510.46939679
0.0027750858043402,288.617036576586,521737.787215289,5632510.46939679
0.00410054397034659,288.617036576586,522237.787215289,5632510.46939679
0.00351347838254785,288.617036576586,522737.787215289,5632510.46939679
0.00271449460494303,288.617036576586,523237.787215289,5632510.46939679
0.00213807029396473,288.617036576586,523737.787215289,5632510.46939679
0.00213517885065063,288.617036576586,524237.787215289,5632510.46939679
0.00209702208640508,288.617036576586,486737.787215289,5633010.46939679
0.00173975933511647,288.617036576586,487237.787215289,5633010.46939679
0.00133193936343098,288.617036576586,487737.787215289,5633010.46939679
0.00129390508274942,288.617036576586,488237.787215289,5633010.46939679
0.00128146989265982,288.617036576586,488737.787215289,5633010.46939679
0.00128146989265982,288.617036576586,489237.787215289,5633010.46939679
0.00128146989265982,288.617036576586,489737.787215289,5633010.46939679
0.00128965875974505,288.617036576586,490237.787215289,5633010.46939679
0.00124364512086642,288.617036576586,490737.787215289,5633010.46939679
0.00123698618338549,288.617036576586,491237.787215289,5633010.46939679
0.00107804370779,288.617036576586,491737.787215289,5633010.46939679
0.00169667136099273,288.617036576586,492237.787215289,5633010.46939679
0.00160115604354288,288.617036576586,492737.787215289,5633010.46939679
0.00145428904360871,288.617036576586,493237.787215289,5633010.46939679
0.00165384583928138,288.617036576586,493737.787215289,5633010.46939679
0.00120892514463859,288.617036576586,494237.787215289,5633010.46939679
0.00123454852282498,288.617036576586,494737.787215289,5633010.46939679
0.00116575375274527,288.617036576586,495237.787215289,5633010.46939679
0.00107910307812463,288.617036576586,495737.787215289,5633010.46939679
0.00107444562361828,288.617036576586,496237.787215289,5633010.46939679
0.00115562603170728,288.617036576586,496737.787215289,5633010.46939679
0.0012808912075095,288.617036576586,497237.787215289,5633010.46939679
0.00126919731540515,288.617036576586,497737.787215289,5633010.46939679
0.00123863179886407,288.617036576586,498237.787215289,5633010.46939679
0.0012530239508173,288.617036576586,498737.787215289,5633010.46939679
0.0012530239508173,288.617036576586,499237.787215289,5633010.46939679
0.0012530239508173,288.617036576586,499737.787215289,5633010.46939679
0.000769372336579389,288.617036576586,500237.787215289,5633010.46939679
0.000870207086027268,288.617036576586,500737.787215289,5633010.46939679
0.00152289401276777,288.617036576586,501237.787215289,5633010.46939679
0.00124499073991705,288.617036576586,501737.787215289,5633010.46939679
0.00128597378429154,288.617036576586,502237.787215289,5633010.46939679
0.00171365572259033,288.617036576586,502737.787215289,5633010.46939679
0.00177211208137129,288.617036576586,503237.787215289,5633010.46939679
0.0014322517408831,288.617036576586,503737.787215289,5633010.46939679
0.00155563669293492,288.617036576586,504237.787215289,5633010.46939679
0.00183485607202557,288.617036576586,504737.787215289,5633010.46939679
0.00152451180388478,288.617036576586,505237.787215289,5633010.46939679
0.000707801153819295,288.617036576586,505737.787215289,5633010.46939679
0.000492056950606481,288.617036576586,506237.787215289,5633010.46939679
0.0012530239508173,288.617036576586,506737.787215289,5633010.46939679
0.0012530239508173,288.617036576586,507237.787215289,5633010.46939679
0.000535358155853459,288.617036576586,507737.787215289,5633010.46939679
0.0007646511745741,288.617036576586,508237.787215289,5633010.46939679
0.00132782422512713,288.617036576586,508737.787215289,5633010.46939679
0.0011424599623782,288.617036576586,509237.787215289,5633010.46939679
0.000827472492948764,288.617036576586,509737.787215289,5633010.46939679
0.000214855281273598,288.617036576586,510237.787215289,5633010.46939679
0.000270713343467243,288.617036576586,510737.787215289,5633010.46939679
0.000160263109030086,288.617036576586,511237.787215289,5633010.46939679
0.000365381607669819,288.617036576586,511737.787215289,5633010.46939679
0.00050781843834945,288.617036576586,512237.787215289,5633010.46939679
0.000775563910186075,288.617036576586,512737.787215289,5633010.46939679
0.000937899201320672,288.617036576586,513237.787215289,5633010.46939679
0.00132761637264088,288.617036576586,513737.787215289,5633010.46939679
0.00176231183208865,288.617036576586,514237.787215289,5633010.46939679
0.00234958050851657,288.617036576586,514737.787215289,5633010.46939679
0.00240812754671235,288.617036576586,515237.787215289,5633010.46939679
0.00245569503711313,288.617036576586,515737.787215289,5633010.46939679
0.00243486892098738,288.617036576586,516237.787215289,5633010.46939679
0.00180939208947532,288.617036576586,516737.787215289,5633010.46939679
0.00208465130636069,288.617036576586,517237.787215289,5633010.46939679
0.00195962532639771,288.617036576586,517737.787215289,5633010.46939679
0.0018493068289934,288.617036576586,518237.787215289,5633010.46939679
0.00188127793479489,288.617036576586,518737.787215289,5633010.46939679
0.00324703451118402,288.617036576586,519237.787215289,5633010.46939679
0.00193086680623024,288.617036576586,519737.787215289,5633010.46939679
0.00255467053643379,288.617036576586,520237.787215289,5633010.46939679
0.00293228036466872,288.617036576586,520737.787215289,5633010.46939679
0.00394516731451734,288.617036576586,521237.787215289,5633010.46939679
0.00255664056466313,288.617036576586,521737.787215289,5633010.46939679
0.00356701224658474,288.617036576586,522237.787215289,5633010.46939679
0.00247133804661241,288.617036576586,522737.787215289,5633010.46939679
0.00228174501274184,288.617036576586,523237.787215289,5633010.46939679
0.00189163720429545,288.617036576586,523737.787215289,5633010.46939679
0.00200364117417973,288.617036576586,524237.787215289,5633010.46939679
0.00265089026426448,288.617036576586,486737.787215289,5633510.46939679
0.00189060734211722,288.617036576586,487237.787215289,5633510.46939679
0.00144267668127947,288.617036576586,487737.787215289,5633510.46939679
0.00138801118328675,288.617036576586,488237.787215289,5633510.46939679
0.00138801118328675,288.617036576586,488737.787215289,5633510.46939679
0.00144267668127947,288.617036576586,489237.787215289,5633510.46939679
0.00195838593404954,288.617036576586,489737.787215289,5633510.46939679
0.00138801118328675,288.617036576586,490237.787215289,5633510.46939679
0.00135783883236939,288.617036576586,490737.787215289,5633510.46939679
0.00121985566369154,288.617036576586,491237.787215289,5633510.46939679
0.00127698503298398,288.617036576586,491737.787215289,5633510.46939679
0.00125653750962768,288.617036576586,492237.787215289,5633510.46939679
0.00122065637146161,288.617036576586,492737.787215289,5633510.46939679
0.00153416485526177,288.617036576586,493237.787215289,5633510.46939679
0.00140134192064319,288.617036576586,493737.787215289,5633510.46939679
0.00137713402864512,288.617036576586,494237.787215289,5633510.46939679
0.00172998487907262,288.617036576586,494737.787215289,5633510.46939679
0.00151195532487988,288.617036576586,495237.787215289,5633510.46939679
0.00116960467832046,288.617036576586,495737.787215289,5633510.46939679
0.00114962592104262,288.617036576586,496237.787215289,5633510.46939679
0.0016765103022262,288.617036576586,496737.787215289,5633510.46939679
0.00167950184150452,288.617036576586,497237.787215289,5633510.46939679
0.00126543497213543,288.617036576586,497737.787215289,5633510.46939679
0.0012493315775346,288.617036576586,498237.787215289,5633510.46939679
0.00201124948714377,288.617036576586,498737.787215289,5633510.46939679
0.00134385726209871,288.617036576586,499237.787215289,5633510.46939679
0.00118393059773184,288.617036576586,499737.787215289,5633510.46939679
0.00152131366266243,288.617036576586,500237.787215289,5633510.46939679
0.00118474633716589,288.617036576586,500737.787215289,5633510.46939679
0.00160581083758737,288.617036576586,501237.787215289,5633510.46939679
0.00147687787715938,288.617036576586,501737.787215289,5633510.46939679
0.00172975961223717,288.617036576586,502237.787215289,5633510.46939679
0.00144152167247872,288.617036576586,502737.787215289,5633510.46939679
0.00150310533887715,288.617036576586,503237.787215289,5633510.46939679
0.00174648950783937,288.617036576586,503737.787215289,5633510.46939679
0.00168742762630771,288.617036576586,504237.787215289,5633510.46939679
0.00143979125053685,288.617036576586,504737.787215289,5633510.46939679
0.0015764505660035,288.617036576586,505237.787215289,5633510.46939679
0.00131132874761152,288.617036576586,505737.787215289,5633510.46939679
0.000385064343128568,288.617036576586,506237.787215289,5633510.46939679
0.0012530239508173,288.617036576586,506737.787215289,5633510.46939679
0.0012530239508173,288.617036576586,507237.787215289,5633510.46939679
0.000215338741059467,288.617036576586,507737.787215289,5633510.46939679
0.000750024303880816,288.617036576586,508237.787215289,5633510.46939679
0.00125077065748041,288.617036576586,508737.787215289,5633510.46939679
0.00138444354344328,288.617036576586,509237.787215289,5633510.46939679
0.00118723899451496,288.617036576586,509737.787215289,5633510.46939679
0.000265713910594181,288.617036576586,510237.787215289,5633510.46939679
0.00132777180622917,288.617036576586,510737.787215289,5633510.46939679
0.000336107353480656,288.617036576586,511237.787215289,5633510.46939679
0.000190090451855332,288.617036576586,511737.787215289,5633510.46939679
0.000455867998447794,288.617036576586,512237.787215289,5633510.46939679
0.00124357084835096,288.617036576586,512737.787215289,5633510.46939679
0.00136955446301599,288.617036576586,513237.787215289,5633510.46939679
0.0011840726919316,288.617036576586,513737.787215289,5633510.46939679
0.00187277877753036,288.617036576586,514237.787215289,5633510.46939679
0.00223650234834545,288.617036576586,514737.787215289,5633510.46939679
0.00221499961680699,288.617036576586,515237.787215289,5633510.46939679
0.00226862872280026,288.617036576586,515737.787215289,5633510.46939679
0.00232461130682233,288.617036576586,516237.787215289,5633510.46939679
0.00262178617470453,288.617036576586,516737.787215289,5633510.46939679
0.00186827495616234,288.617036576586,517237.787215289,5633510.46939679
0.00179019820592694,288.617036576586,517737.787215289,5633510.46939679
0.0016539159347761,288.617036576586,518237.787215289,5633510.46939679
0.00192000383988785,288.617036576586,518737.787215289,5633510.46939679
0.00269205733007331,288.617036576586,519237.787215289,5633510.46939679
0.00278099423793913,288.617036576586,519737.787215289,5633510.46939679
0.00340935764557498,288.617036576586,520237.787215289,5633510.46939679
0.00358235867457342,288.617036576586,520737.787215289,5633510.46939679
0.00262826967896405,288.617036576586,521237.787215289,5633510.46939679
0.00300422101263961,288.617036576586,521737.787215289,5633510.46939679
0.00312399879510381,288.617036576586,522237.787215289,5633510.46939679
0.00208315998498585,288.617036576586,522737.787215289,5633510.46939679
0.00191174411837944,288.617036576586,523237.787215289,5633510.46939679
0.00299377000798108,288.617036576586,523737.787215289,5633510.46939679
0.00293982538524938,288.617036576586,524237.787215289,5633510.46939679
0.00166712949923016,288.617036576586,486737.787215289,5634010.46939679
0.00228205943622603,288.617036576586,487237.787215289,5634010.46939679
0.00165110740263027,288.617036576586,487737.787215289,5634010.46939679
0.00161952367493581,288.617036576586,488237.787215289,5634010.46939679
0.00226307321931333,288.617036576586,488737.787215289,5634010.46939679
0.00160395909835216,288.617036576586,489237.787215289,5634010.46939679
0.0012530239508173,288.617036576586,489737.787215289,5634010.46939679
0.00163311078626971,288.617036576586,490237.787215289,5634010.46939679
0.00149307448481094,288.617036576586,490737.787215289,5634010.46939679
0.00139778203342388,288.617036576586,491237.787215289,5634010.46939679
0.00135783883236939,288.617036576586,491737.787215289,5634010.46939679
0.00128146989265982,288.617036576586,492237.787215289,5634010.46939679
0.00128146989265982,288.617036576586,492737.787215289,5634010.46939679
0.00131906497772662,288.617036576586,493237.787215289,5634010.46939679
0.00135038409052369,288.617036576586,493737.787215289,5634010.46939679
0.0014850840962901,288.617036576586,494237.787215289,5634010.46939679
0.00143962759380751,288.617036576586,494737.787215289,5634010.46939679
0.00157079912226138,288.617036576586,495237.787215289,5634010.46939679
0.00170856576985058,288.617036576586,495737.787215289,5634010.46939679
0.00130882342413484,288.617036576586,496237.787215289,5634010.46939679
0.00185704815512538,288.617036576586,496737.787215289,5634010.46939679
0.00168854646848416,288.617036576586,497237.787215289,5634010.46939679
0.00155463482014612,288.617036576586,497737.787215289,5634010.46939679
0.00129232420932423,288.617036576586,498237.787215289,5634010.46939679
0.00119624293649686,288.617036576586,498737.787215289,5634010.46939679
0.00117583917332816,288.617036576586,499237.787215289,5634010.46939679
0.00121357897816543,288.617036576586,499737.787215289,5634010.46939679
0.00156497950837792,288.617036576586,500237.787215289,5634010.46939679
0.001210061153981,288.617036576586,500737.787215289,5634010.46939679
0.00145872314138648,288.617036576586,501237.787215289,5634010.46939679
0.00142010329783135,288.617036576586,501737.787215289,5634010.46939679
0.00132245238346865,288.617036576586,502237.787215289,5634010.46939679
0.00198174267824631,288.617036576586,502737.787215289,5634010.46939679
0.00175664169666569,288.617036576586,503237.787215289,5634010.46939679
0.00185444226443938,288.617036576586,503737.787215289,5634010.46939679
0.00219430553322302,288.617036576586,504237.787215289,5634010.46939679
0.00125876322413606,288.617036576586,504737.787215289,5634010.46939679
0.0016337378185634,288.617036576586,505237.787215289,5634010.46939679
0.000694261756643532,288.617036576586,505737.787215289,5634010.46939679
0.000674436720126379,288.617036576586,506237.787215289,5634010.46939679
0.000376046664962708,288.617036576586,506737.787215289,5634010.46939679
0.0012530239508173,288.617036576586,507237.787215289,5634010.46939679
0.000189932820435649,288.617036576586,507737.787215289,5634010.46939679
0.000556442726746393,288.617036576586,508237.787215289,5634010.46939679
0.00113159425653585,288.617036576586,508737.787215289,5634010.46939679
0.00118035763634218,288.617036576586,509237.787215289,5634010.46939679
0.000920211580988835,288.617036576586,509737.787215289,5634010.46939679
0.000515072515575251,288.617036576586,510237.787215289,5634010.46939679
0.000158093420102087,288.617036576586,510737.787215289,5634010.46939679
0.000347375148881185,288.617036576586,511237.787215289,5634010.46939679
0.000451027202914847,288.617036576586,511737.787215289,5634010.46939679
0.000585890648006817,288.617036576586,512237.787215289,5634010.46939679
0.00121203726339417,288.617036576586,512737.787215289,5634010.46939679
0.00105236928125652,288.617036576586,513237.787215289,5634010.46939679
0.00133267990554888,288.617036576586,513737.787215289,5634010.46939679
0.00123529559422341,288.617036576586,514237.787215289,5634010.46939679
0.00195165428395831,288.617036576586,514737.787215289,5634010.46939679
0.00191479281529737,288.617036576586,515237.787215289,5634010.46939679
0.00185295759558482,288.617036576586,515737.787215289,5634010.46939679
0.00209236185633539,288.617036576586,516237.787215289,5634010.46939679
0.0021640866260203,288.617036576586,516737.787215289,5634010.46939679
0.00143419743417933,288.617036576586,517237.787215289,5634010.46939679
0.00198517707533393,288.617036576586,517737.787215289,5634010.46939679
0.00184950964142132,288.617036576586,518237.787215289,5634010.46939679
0.00207758499995053,288.617036576586,518737.787215289,5634010.46939679
0.00157281167329839,288.617036576586,519237.787215289,5634010.46939679
0.00175202868088151,288.617036576586,519737.787215289,5634010.46939679
0.00224330956293818,288.617036576586,520237.787215289,5634010.46939679
0.00239498751954283,288.617036576586,520737.787215289,5634010.46939679
0.00176014233592245,288.617036576586,521237.787215289,5634010.46939679
0.00287126260941818,288.617036576586,521737.787215289,5634010.46939679
0.00270649998423605,288.617036576586,522237.787215289,5634010.46939679
0.00268048892497817,288.617036576586,522737.787215289,5634010.46939679
0.00263953949709951,288.617036576586,523237.787215289,5634010.46939679
0.00260515560295913,288.617036576586,523737.787215289,5634010.46939679
0.00253715296340157,288.617036576586,524237.787215289,5634010.46939679
0.00192771976780605,288.617036576586,486737.787215289,5634510.46939679
0.00212316632825772,288.617036576586,487237.787215289,5634510.46939679
0.00194642606897586,288.617036576586,487737.787215289,5634510.46939679
0.00187267264123471,288.617036576586,488237.787215289,5634510.46939679
0.00264220908580087,288.617036576586,488737.787215289,5634510.46939679
0.00187267264123471,288.617036576586,489237.787215289,5634510.46939679
0.00187267264123471,288.617036576586,489737.787215289,5634510.46939679
0.00187267264123471,288.617036576586,490237.787215289,5634510.46939679
0.00177079692788427,288.617036576586,490737.787215289,5634510.46939679
0.00160395909835216,288.617036576586,491237.787215289,5634510.46939679
0.00212282514200344,288.617036576586,491737.787215289,5634510.46939679
0.00210662284623534,288.617036576586,492237.787215289,5634510.46939679
0.00210662284623534,288.617036576586,492737.787215289,5634510.46939679
0.00150455790456495,288.617036576586,493237.787215289,5634510.46939679
0.00220814390894559,288.617036576586,493737.787215289,5634510.46939679
0.00163523928781738,288.617036576586,494237.787215289,5634510.46939679
0.00144188498176198,288.617036576586,494737.787215289,5634510.46939679
0.00176303365162311,288.617036576586,495237.787215289,5634510.46939679
0.0015403103879043,288.617036576586,495737.787215289,5634510.46939679
0.00215399269104228,288.617036576586,496237.787215289,5634510.46939679
0.00200611790221769,288.617036576586,496737.787215289,5634510.46939679
0.00187373147649784,288.617036576586,497237.787215289,5634510.46939679
0.00121049920805547,288.617036576586,497737.787215289,5634510.46939679
0.00137192216124396,288.617036576586,498237.787215289,5634510.46939679
0.00118691411828842,288.617036576586,498737.787215289,5634510.46939679
0.00137357101430475,288.617036576586,499237.787215289,5634510.46939679
0.00190334695311296,288.617036576586,499737.787215289,5634510.46939679
0.00162568388225585,288.617036576586,500237.787215289,5634510.46939679
0.00155839749996481,288.617036576586,500737.787215289,5634510.46939679
0.00144862039239289,288.617036576586,501237.787215289,5634510.46939679
0.00141131602106867,288.617036576586,501737.787215289,5634510.46939679
0.00176965921009977,288.617036576586,502237.787215289,5634510.46939679
0.00168280892157072,288.617036576586,502737.787215289,5634510.46939679
0.00153696334094953,288.617036576586,503237.787215289,5634510.46939679
0.00271381804302169,288.617036576586,503737.787215289,5634510.46939679
0.00151630111129785,288.617036576586,504237.787215289,5634510.46939679
0.00187225269930303,288.617036576586,504737.787215289,5634510.46939679
0.00121456693276102,288.617036576586,505237.787215289,5634510.46939679
0.00114039405180271,288.617036576586,505737.787215289,5634510.46939679
0.000476383582388176,288.617036576586,506237.787215289,5634510.46939679
0.000750024303880816,288.617036576586,506737.787215289,5634510.46939679
0.0012530239508173,288.617036576586,507237.787215289,5634510.46939679
0.0012530239508173,288.617036576586,507737.787215289,5634510.46939679
0.0012530239508173,288.617036576586,508237.787215289,5634510.46939679
0.000222911712841248,288.617036576586,508737.787215289,5634510.46939679
0.00115366245190228,288.617036576586,509237.787215289,5634510.46939679
0.00112071896910408,288.617036576586,509737.787215289,5634510.46939679
0.000412483050017298,288.617036576586,510237.787215289,5634510.46939679
0.000370912934316857,288.617036576586,510737.787215289,5634510.46939679
0.000354776908258766,288.617036576586,511237.787215289,5634510.46939679
0.000327780460899488,288.617036576586,511737.787215289,5634510.46939679
0.000496775789886278,288.617036576586,512237.787215289,5634510.46939679
0.00114888189147582,288.617036576586,512737.787215289,5634510.46939679
0.00115304155780536,288.617036576586,513237.787215289,5634510.46939679
0.000834033676083284,288.617036576586,513737.787215289,5634510.46939679
0.00164599074347138,288.617036576586,514237.787215289,5634510.46939679
0.00152912734918903,288.617036576586,514737.787215289,5634510.46939679
0.00169808102596453,288.617036576586,515237.787215289,5634510.46939679
0.00172279269622679,288.617036576586,515737.787215289,5634510.46939679
0.00160282400986448,288.617036576586,516237.787215289,5634510.46939679
0.00131355544471556,288.617036576586,516737.787215289,5634510.46939679
0.00201904730648372,288.617036576586,517237.787215289,5634510.46939679
0.00184313969414386,288.617036576586,517737.787215289,5634510.46939679
0.00197204279041358,288.617036576586,518237.787215289,5634510.46939679
0.00212755813632584,288.617036576586,518737.787215289,5634510.46939679
0.00140834063391503,288.617036576586,519237.787215289,5634510.46939679
0.00162712947583396,288.617036576586,519737.787215289,5634510.46939679
0.00177487682161184,288.617036576586,520237.787215289,5634510.46939679
0.00199749661810626,288.617036576586,520737.787215289,5634510.46939679
0.0026559609887889,288.617036576586,521237.787215289,5634510.46939679
0.00158675055849517,288.617036576586,521737.787215289,5634510.46939679
0.0022435555854218,288.617036576586,522237.787215289,5634510.46939679
0.00237739258701959,288.617036576586,522737.787215289,5634510.46939679
0.00240812754671235,288.617036576586,523237.787215289,5634510.46939679
0.00227683652240238,288.617036576586,523737.787215289,5634510.46939679
0.00222814421283621,288.617036576586,524237.787215289,5634510.46939679
0.00127746025136031,288.617036576586,486737.787215289,5635010.46939679
0.00126518310578808,288.617036576586,487237.787215289,5635010.46939679
0.00207420761281456,288.617036576586,487737.787215289,5635010.46939679
0.00201497744310593,288.617036576586,488237.787215289,5635010.46939679
0.00201497744310593,288.617036576586,488737.787215289,5635010.46939679
0.00284299112969794,288.617036576586,489237.787215289,5635010.46939679
0.00284299112969794,288.617036576586,489737.787215289,5635010.46939679
0.00201497744310593,288.617036576586,490237.787215289,5635010.46939679
0.00256536157952244,288.617036576586,490737.787215289,5635010.46939679
0.0024254981615898,288.617036576586,491237.787215289,5635010.46939679
0.00228205943622603,288.617036576586,491737.787215289,5635010.46939679
0.00226307321931333,288.617036576586,492237.787215289,5635010.46939679
0.00226307321931333,288.617036576586,492737.787215289,5635010.46939679
0.00176792846473834,288.617036576586,493237.787215289,5635010.46939679
0.00167382928351959,288.617036576586,493737.787215289,5635010.46939679
0.00171907820353194,288.617036576586,494237.787215289,5635010.46939679
0.00154294728243714,288.617036576586,494737.787215289,5635010.46939679
0.00155769602656869,288.617036576586,495237.787215289,5635010.46939679
0.002025843091371,288.617036576586,495737.787215289,5635010.46939679
0.0016477924927463,288.617036576586,496237.787215289,5635010.46939679
0.00185587231326898,288.617036576586,496737.787215289,5635010.46939679
0.00199619537192401,288.617036576586,497237.787215289,5635010.46939679
0.00186102524306673,288.617036576586,497737.787215289,5635010.46939679
0.00158427926657607,288.617036576586,498237.787215289,5635010.46939679
0.00128104233111078,288.617036576586,498737.787215289,5635010.46939679
0.00163678331197615,288.617036576586,499237.787215289,5635010.46939679
0.00127474734473761,288.617036576586,499737.787215289,5635010.46939679
0.00136159735453653,288.617036576586,500237.787215289,5635010.46939679
0.0013937296769747,288.617036576586,500737.787215289,5635010.46939679
0.00180417086032681,288.617036576586,501237.787215289,5635010.46939679
0.00247107624106615,288.617036576586,501737.787215289,5635010.46939679
0.00149160026893958,288.617036576586,502237.787215289,5635010.46939679
0.00155791980958369,288.617036576586,502737.787215289,5635010.46939679
0.00166712949923016,288.617036576586,503237.787215289,5635010.46939679
0.0017496025170459,288.617036576586,503737.787215289,5635010.46939679
0.00189571989911146,288.617036576586,504237.787215289,5635010.46939679
0.00188676614377442,288.617036576586,504737.787215289,5635010.46939679
0.00173156154827539,288.617036576586,505237.787215289,5635010.46939679
0.0010460786404811,288.617036576586,505737.787215289,5635010.46939679
0.000462780180174756,288.617036576586,506237.787215289,5635010.46939679
0.000694261756643532,288.617036576586,506737.787215289,5635010.46939679
0.000530954395356521,288.617036576586,507237.787215289,5635010.46939679
0.0012530239508173,288.617036576586,507737.787215289,5635010.46939679
0.0012530239508173,288.617036576586,508237.787215289,5635010.46939679
0.000338144610494485,288.617036576586,508737.787215289,5635010.46939679
0.000378146427285882,288.617036576586,509237.787215289,5635010.46939679
0.000396853358600399,288.617036576586,509737.787215289,5635010.46939679
0.000510122365269407,288.617036576586,510237.787215289,5635010.46939679
0.000811210721162913,288.617036576586,510737.787215289,5635010.46939679
0.000490386855986992,288.617036576586,511237.787215289,5635010.46939679
0.000142488542134518,288.617036576586,511737.787215289,5635010.46939679
0.000513006939864505,288.617036576586,512237.787215289,5635010.46939679
0.0010529361391548,288.617036576586,512737.787215289,5635010.46939679
0.00121978281192128,288.617036576586,513237.787215289,5635010.46939679
0.000968519391679839,288.617036576586,513737.787215289,5635010.46939679
0.00138059057263564,288.617036576586,514237.787215289,5635010.46939679
0.0015845532487655,288.617036576586,514737.787215289,5635010.46939679
0.00159657316041711,288.617036576586,515237.787215289,5635010.46939679
0.00168549253091118,288.617036576586,515737.787215289,5635010.46939679
0.00173612605353945,288.617036576586,516237.787215289,5635010.46939679
0.00163712713941617,288.617036576586,516737.787215289,5635010.46939679
0.00188705793495204,288.617036576586,517237.787215289,5635010.46939679
0.00183317192997997,288.617036576586,517737.787215289,5635010.46939679
0.00194299231854386,288.617036576586,518237.787215289,5635010.46939679
0.00169101290889447,288.617036576586,518737.787215289,5635010.46939679
0.00127014233648173,288.617036576586,519237.787215289,5635010.46939679
0.00177942854362401,288.617036576586,519737.787215289,5635010.46939679
0.00205679367675583,288.617036576586,520237.787215289,5635010.46939679
0.00233285068029722,288.617036576586,520737.787215289,5635010.46939679
0.00243960999757236,288.617036576586,521237.787215289,5635010.46939679
0.00237055039300176,288.617036576586,521737.787215289,5635010.46939679
0.00207021558360516,288.617036576586,522237.787215289,5635010.46939679
0.00224976578739864,288.617036576586,522737.787215289,5635010.46939679
0.00229364040998378,288.617036576586,523237.787215289,5635010.46939679
0.00203261328195115,288.617036576586,523737.787215289,5635010.46939679
0.00204970981680283,288.617036576586,524237.787215289,5635010.46939679
0.00232440255317733,288.617036576586,486737.787215289,5635510.46939679
0.00236973273169094,288.617036576586,487237.787215289,5635510.46939679
0.00234695820412088,288.617036576586,487737.787215289,5635510.46939679
0.00327956814759389,288.617036576586,488237.787215289,5635510.46939679
0.00327956814759389,288.617036576586,488737.787215289,5635510.46939679
0.00327956814759389,288.617036576586,489237.787215289,5635510.46939679
0.00223755214043748,288.617036576586,489737.787215289,5635510.46939679
0.00206014535820613,288.617036576586,490237.787215289,5635510.46939679
0.00176792846473834,288.617036576586,490737.787215289,5635510.46939679
0.00278226048055572,288.617036576586,491237.787215289,5635510.46939679
0.00187267264123471,288.617036576586,491737.787215289,5635510.46939679
0.00218557670529326,288.617036576586,492237.787215289,5635510.46939679
0.00204271590845011,288.617036576586,492737.787215289,5635510.46939679
0.00187267264123471,288.617036576586,493237.787215289,5635510.46939679
0.00200691215571385,288.617036576586,493737.787215289,5635510.46939679
0.00197009682418394,288.617036576586,494237.787215289,5635510.46939679
0.00173476738003198,288.617036576586,494737.787215289,5635510.46939679
0.00172647289918399,288.617036576586,495237.787215289,5635510.46939679
0.00169072958268118,288.617036576586,495737.787215289,5635510.46939679
0.00230668515060078,288.617036576586,496237.787215289,5635510.46939679
0.0021970601270168,288.617036576586,496737.787215289,5635510.46939679
0.00163133683061362,288.617036576586,497237.787215289,5635510.46939679
0.00171200293902257,288.617036576586,497737.787215289,5635510.46939679
0.00155449253728539,288.617036576586,498237.787215289,5635510.46939679
0.00169564427095288,288.617036576586,498737.787215289,5635510.46939679
0.00136251006128266,288.617036576586,499237.787215289,5635510.46939679
0.00163565296187357,288.617036576586,499737.787215289,5635510.46939679
0.00148116528341166,288.617036576586,500237.787215289,5635510.46939679
0.00156538984294149,288.617036576586,500737.787215289,5635510.46939679
0.0020909440368813,288.617036576586,501237.787215289,5635510.46939679
0.00226783809102337,288.617036576586,501737.787215289,5635510.46939679
0.00173975145506992,288.617036576586,502237.787215289,5635510.46939679
0.00176711236815176,288.617036576586,502737.787215289,5635510.46939679
0.00185378646957577,288.617036576586,503237.787215289,5635510.46939679
0.00172303141869254,288.617036576586,503737.787215289,5635510.46939679
0.00154683380909734,288.617036576586,504237.787215289,5635510.46939679
0.00179679618645496,288.617036576586,504737.787215289,5635510.46939679
0.00199404928753848,288.617036576586,505237.787215289,5635510.46939679
0.00166126619142491,288.617036576586,505737.787215289,5635510.46939679
0.000735677227887901,288.617036576586,506237.787215289,5635510.46939679
0.000514646329488657,288.617036576586,506737.787215289,5635510.46939679
0.000915002913215646,288.617036576586,507237.787215289,5635510.46939679
0.0012530239508173,288.617036576586,507737.787215289,5635510.46939679
0.0012530239508173,288.617036576586,508237.787215289,5635510.46939679
0.0012530239508173,288.617036576586,508737.787215289,5635510.46939679
0.000187564060939216,288.617036576586,509237.787215289,5635510.46939679
0.000567294396179271,288.617036576586,509737.787215289,5635510.46939679
0.00045430364796772,288.617036576586,510237.787215289,5635510.46939679
0.000750024303880816,288.617036576586,510737.787215289,5635510.46939679
0.000529774334787092,288.617036576586,511237.787215289,5635510.46939679
0.000303984302280017,288.617036576586,511737.787215289,5635510.46939679
0.000179503851950719,288.617036576586,512237.787215289,5635510.46939679
0.000925732496251083,288.617036576586,512737.787215289,5635510.46939679
0.00108898192190324,288.617036576586,513237.787215289,5635510.46939679
0.00079087737643021,288.617036576586,513737.787215289,5635510.46939679
0.000948938801023453,288.617036576586,514237.787215289,5635510.46939679
0.00139351178630677,288.617036576586,514737.787215289,5635510.46939679
0.00137552353695457,288.617036576586,515237.787215289,5635510.46939679
0.00145374325292711,288.617036576586,515737.787215289,5635510.46939679
0.00147687595592741,288.617036576586,516237.787215289,5635510.46939679
0.00142187259451325,288.617036576586,516737.787215289,5635510.46939679
0.00167483755181882,288.617036576586,517237.787215289,5635510.46939679
0.00156536135422933,288.617036576586,517737.787215289,5635510.46939679
0.00164052498784797,288.617036576586,518237.787215289,5635510.46939679
0.00130762150270523,288.617036576586,518737.787215289,5635510.46939679
0.00131993767357265,288.617036576586,519237.787215289,5635510.46939679
0.00191572999490205,288.617036576586,519737.787215289,5635510.46939679
0.00189731870108726,288.617036576586,520237.787215289,5635510.46939679
0.00202726899157914,288.617036576586,520737.787215289,5635510.46939679
0.00201307867089144,288.617036576586,521237.787215289,5635510.46939679
0.00180401909636308,288.617036576586,521737.787215289,5635510.46939679
0.00198088428718319,288.617036576586,522237.787215289,5635510.46939679
0.00187816509818259,288.617036576586,522737.787215289,5635510.46939679
0.00197107806245731,288.617036576586,523237.787215289,5635510.46939679
0.00186121275910455,288.617036576586,523737.787215289,5635510.46939679
0.00174927726869217,288.617036576586,524237.787215289,5635510.46939679
0.00252260990250043,288.617036576586,486737.787215289,5636010.46939679
0.00262196049003318,288.617036576586,487237.787215289,5636010.46939679
0.00254708892759433,288.617036576586,487737.787215289,5636010.46939679
0.00355922474518732,288.617036576586,488237.787215289,5636010.46939679
0.00355922474518732,288.617036576586,488737.787215289,5636010.46939679
0.00336727482389002,288.617036576586,489237.787215289,5636010.46939679
0.00214870831506816,288.617036576586,489737.787215289,5636010.46939679
0.00191103014721916,288.617036576586,490237.787215289,5636010.46939679
0.00126518310578808,288.617036576586,490737.787215289,5636010.46939679
0.001964372195333,288.617036576586,491237.787215289,5636010.46939679
0.00192771976780605,288.617036576586,491737.787215289,5636010.46939679
0.00209180407415413,288.617036576586,492237.787215289,5636010.46939679
0.00284299112969794,288.617036576586,492737.787215289,5636010.46939679
0.00203728562560292,288.617036576586,493237.787215289,5636010.46939679
0.00208357788672454,288.617036576586,493737.787215289,5636010.46939679
0.00220422511313855,288.617036576586,494237.787215289,5636010.46939679
0.00187211373207086,288.617036576586,494737.787215289,5636010.46939679
0.00176711236815176,288.617036576586,495237.787215289,5636010.46939679
0.00168861814536665,288.617036576586,495737.787215289,5636010.46939679
0.00172303141869254,288.617036576586,496237.787215289,5636010.46939679
0.00160618329928941,288.617036576586,496737.787215289,5636010.46939679
0.00150756305386973,288.617036576586,497237.787215289,5636010.46939679
0.00139778203342388,288.617036576586,497737.787215289,5636010.46939679
0.00142881170848609,288.617036576586,498237.787215289,5636010.46939679
0.00138801118328675,288.617036576586,498737.787215289,5636010.46939679
0.00174908474761012,288.617036576586,499237.787215289,5636010.46939679
0.0016765233806119,288.617036576586,499737.787215289,5636010.46939679
0.00159431075935743,288.617036576586,500237.787215289,5636010.46939679
0.00161103172580481,288.617036576586,500737.787215289,5636010.46939679
0.00170647207171458,288.617036576586,501237.787215289,5636010.46939679
0.00181972792919843,288.617036576586,501737.787215289,5636010.46939679
0.00181829177241918,288.617036576586,502237.787215289,5636010.46939679
0.00191103014721916,288.617036576586,502737.787215289,5636010.46939679
0.0012530239508173,288.617036576586,503237.787215289,5636010.46939679
0.00178678246068495,288.617036576586,503737.787215289,5636010.46939679
0.00162227848319041,288.617036576586,504237.787215289,5636010.46939679
0.00165883174997124,288.617036576586,504737.787215289,5636010.46939679
0.00207225302627773,288.617036576586,505237.787215289,5636010.46939679
0.00153136153493128,288.617036576586,505737.787215289,5636010.46939679
0.00106585189432036,288.617036576586,506237.787215289,5636010.46939679
0.000545347027108822,288.617036576586,506737.787215289,5636010.46939679
0.000630351986323999,288.617036576586,507237.787215289,5636010.46939679
0.00191644291641183,288.617036576586,507737.787215289,5636010.46939679
0.0012530239508173,288.617036576586,508237.787215289,5636010.46939679
0.0012530239508173,288.617036576586,508737.787215289,5636010.46939679
0.0012530239508173,288.617036576586,509237.787215289,5636010.46939679
0.000122912846660943,288.617036576586,509737.787215289,5636010.46939679
0.000276800247604812,288.617036576586,510237.787215289,5636010.46939679
0.000232634575959547,288.617036576586,510737.787215289,5636010.46939679
0.000757302426327545,288.617036576586,511237.787215289,5636010.46939679
0.000312919906931278,288.617036576586,511737.787215289,5636010.46939679
0.000153151552247679,288.617036576586,512237.787215289,5636010.46939679
0.000577901347181007,288.617036576586,512737.787215289,5636010.46939679
0.000898210738505747,288.617036576586,513237.787215289,5636010.46939679
0.000991440018556603,288.617036576586,513737.787215289,5636010.46939679
0.000760226208913713,288.617036576586,514237.787215289,5636010.46939679
0.00123161939990602,288.617036576586,514737.787215289,5636010.46939679
0.00119527427050452,288.617036576586,515237.787215289,5636010.46939679
0.00128624458287668,288.617036576586,515737.787215289,5636010.46939679
0.00141587791802853,288.617036576586,516237.787215289,5636010.46939679
0.00145125382631501,288.617036576586,516737.787215289,5636010.46939679
0.00155424262315347,288.617036576586,517237.787215289,5636010.46939679
0.00155424262315347,288.617036576586,517737.787215289,5636010.46939679
0.00147787169192485,288.617036576586,518237.787215289,5636010.46939679
0.00159693027823983,288.617036576586,518737.787215289,5636010.46939679
0.00181817088725363,288.617036576586,519237.787215289,5636010.46939679
0.00104207517804493,288.617036576586,519737.787215289,5636010.46939679
0.00195213484110756,288.617036576586,520237.787215289,5636010.46939679
0.00195459641849015,288.617036576586,520737.787215289,5636010.46939679
0.00190650826044824,288.617036576586,521237.787215289,5636010.46939679
0.00187808452323915,288.617036576586,521737.787215289,5636010.46939679
0.00174927726869217,288.617036576586,522237.787215289,5636010.46939679
0.0014988372062531,288.617036576586,522737.787215289,5636010.46939679
0.00181817088725363,288.617036576586,523237.787215289,5636010.46939679
0.00101518368442851,288.617036576586,523737.787215289,5636010.46939679
0.00166797586158737,288.617036576586,524237.787215289,5636010.46939679
0.00295236450515973,288.617036576586,486737.787215289,5636510.46939679
0.00317583260530921,288.617036576586,487237.787215289,5636510.46939679
0.00311833538749799,288.617036576586,487737.787215289,5636510.46939679
0.00254708892759433,288.617036576586,488237.787215289,5636510.46939679
0.00319674125478222,288.617036576586,488737.787215289,5636510.46939679
0.00176792846473834,288.617036576586,489237.787215289,5636510.46939679
0.00247022054669846,288.617036576586,489737.787215289,5636510.46939679
0.0012530239508173,288.617036576586,490237.787215289,5636510.46939679
0.00207502171365894,288.617036576586,490737.787215289,5636510.46939679
0.00154683380909734,288.617036576586,491237.787215289,5636510.46939679
0.00185031973322578,288.617036576586,491737.787215289,5636510.46939679
0.00202231857344897,288.617036576586,492237.787215289,5636510.46939679
0.00167382928351959,288.617036576586,492737.787215289,5636510.46939679
0.00218849685441401,288.617036576586,493237.787215289,5636510.46939679
0.00196464304628311,288.617036576586,493737.787215289,5636510.46939679
0.00266015433687334,288.617036576586,494237.787215289,5636510.46939679
0.00222561458037391,288.617036576586,494737.787215289,5636510.46939679
0.00218350537550551,288.617036576586,495237.787215289,5636510.46939679
0.00214870831506816,288.617036576586,495737.787215289,5636510.46939679
0.00210379661151575,288.617036576586,496237.787215289,5636510.46939679
0.00204768721054731,288.617036576586,496737.787215289,5636510.46939679
0.00190827843799567,288.617036576586,497237.787215289,5636510.46939679
0.00233911064445397,288.617036576586,497737.787215289,5636510.46939679
0.00244763448364864,288.617036576586,498237.787215289,5636510.46939679
0.00173476738003198,288.617036576586,498737.787215289,5636510.46939679
0.00126518310578808,288.617036576586,499237.787215289,5636510.46939679
0.00127746025136031,288.617036576586,499737.787215289,5636510.46939679
0.00187267264123471,288.617036576586,500237.787215289,5636510.46939679
0.00193086680623024,288.617036576586,500737.787215289,5636510.46939679
0.00208357788672454,288.617036576586,501237.787215289,5636510.46939679
0.0012530239508173,288.617036576586,501737.787215289,5636510.46939679
0.00223755214043748,288.617036576586,502237.787215289,5636510.46939679
0.002107606071683,288.617036576586,502737.787215289,5636510.46939679
0.00127746025136031,288.617036576586,503237.787215289,5636510.46939679
0.00187410250406705,288.617036576586,503737.787215289,5636510.46939679
0.0017888187625079,288.617036576586,504237.787215289,5636510.46939679
0.00178794366817563,288.617036576586,504737.787215289,5636510.46939679
0.00155538476367282,288.617036576586,505237.787215289,5636510.46939679
0.00171492022172701,288.617036576586,505737.787215289,5636510.46939679
0.001452649144831,288.617036576586,506237.787215289,5636510.46939679
0.00148010750137188,288.617036576586,506737.787215289,5636510.46939679
0.0007646511745741,288.617036576586,507237.787215289,5636510.46939679
0.000674436720126379,288.617036576586,507737.787215289,5636510.46939679
0.000498591179418262,288.617036576586,508237.787215289,5636510.46939679
0.0012530239508173,288.617036576586,508737.787215289,5636510.46939679
0.0012530239508173,288.617036576586,509237.787215289,5636510.46939679
0.0012530239508173,288.617036576586,509737.787215289,5636510.46939679
0.0012530239508173,288.617036576586,510237.787215289,5636510.46939679
0.0012530239508173,288.617036576586,510737.787215289,5636510.46939679
0.000408518844911307,288.617036576586,511237.787215289,5636510.46939679
0.000481404664966817,288.617036576586,511737.787215289,5636510.46939679
0.000486076143050829,288.617036576586,512237.787215289,5636510.46939679
0.000106554878130902,288.617036576586,512737.787215289,5636510.46939679
0.00024282060473653,288.617036576586,513237.787215289,5636510.46939679
0.000450271352241917,288.617036576586,513737.787215289,5636510.46939679
0.00059827022129231,288.617036576586,514237.787215289,5636510.46939679
0.000961363954308768,288.617036576586,514737.787215289,5636510.46939679
0.000906234937239236,288.617036576586,515237.787215289,5636510.46939679
0.000989457378707002,288.617036576586,515737.787215289,5636510.46939679
0.001160505855028,288.617036576586,516237.787215289,5636510.46939679
0.00114151493404164,288.617036576586,516737.787215289,5636510.46939679
0.00122330245479005,288.617036576586,517237.787215289,5636510.46939679
0.0012471591308103,288.617036576586,517737.787215289,5636510.46939679
0.00126657712811623,288.617036576586,518237.787215289,5636510.46939679
0.00129872610583825,288.617036576586,518737.787215289,5636510.46939679
0.00158209739791949,288.617036576586,519237.787215289,5636510.46939679
0.00149534969995127,288.617036576586,519737.787215289,5636510.46939679
0.00142486168839247,288.617036576586,520237.787215289,5636510.46939679
0.00160604153894254,288.617036576586,520737.787215289,5636510.46939679
0.00162264371689662,288.617036576586,521237.787215289,5636510.46939679
0.00159060653362817,288.617036576586,521737.787215289,5636510.46939679
0.0015509821122214,288.617036576586,522237.787215289,5636510.46939679
0.00156932475857856,288.617036576586,522737.787215289,5636510.46939679
0.00148097850841857,288.617036576586,523237.787215289,5636510.46939679
0.00143470292900005,288.617036576586,523737.787215289,5636510.46939679
0.00133184677352267,288.617036576586,524237.787215289,5636510.46939679
0.00314531098307719,288.617036576586,486737.787215289,5637010.46939679
0.00339837284379202,288.617036576586,487237.787215289,5637010.46939679
0.00416557819469489,288.617036576586,487737.787215289,5637010.46939679
0.00128985653249697,288.617036576586,488237.787215289,5637010.46939679
0.00304414293302271,288.617036576586,488737.787215289,5637010.46939679
0.00193086680623024,288.617036576586,489237.787215289,5637010.46939679
0.0016934475188648,288.617036576586,489737.787215289,5637010.46939679
0.0014597537028877,288.617036576586,490237.787215289,5637010.46939679
0.00135957907684558,288.617036576586,490737.787215289,5637010.46939679
0.00164924321742676,288.617036576586,491237.787215289,5637010.46939679
0.00189571989911146,288.617036576586,491737.787215289,5637010.46939679
0.00178020793965826,288.617036576586,492237.787215289,5637010.46939679
0.00159814387508584,288.617036576586,492737.787215289,5637010.46939679
0.00161952367493581,288.617036576586,493237.787215289,5637010.46939679
0.00193473432729158,288.617036576586,493737.787215289,5637010.46939679
0.00222713185928047,288.617036576586,494237.787215289,5637010.46939679
0.00192957449483414,288.617036576586,494737.787215289,5637010.46939679
0.00222227615539465,288.617036576586,495237.787215289,5637010.46939679
0.0022316122422448,288.617036576586,495737.787215289,5637010.46939679
0.00228118857416145,288.617036576586,496237.787215289,5637010.46939679
0.00208357788672454,288.617036576586,496737.787215289,5637010.46939679
0.00199106978936611,288.617036576586,497237.787215289,5637010.46939679
0.00264220908580087,288.617036576586,497737.787215289,5637010.46939679
0.00264220908580087,288.617036576586,498237.787215289,5637010.46939679
0.001890844773411,288.617036576586,498737.787215289,5637010.46939679
0.00269632882279555,288.617036576586,499237.787215289,5637010.46939679
0.00278226048055572,288.617036576586,499737.787215289,5637010.46939679
0.00287446640262251,288.617036576586,500237.787215289,5637010.46939679
0.00208357788672454,288.617036576586,500737.787215289,5637010.46939679
0.00223755214043748,288.617036576586,501237.787215289,5637010.46939679
0.00126518310578808,288.617036576586,501737.787215289,5637010.46939679
0.00242415425626288,288.617036576586,502237.787215289,5637010.46939679
0.00197193443574356,288.617036576586,502737.787215289,5637010.46939679
0.00128985653249697,288.617036576586,503237.787215289,5637010.46939679
0.00164509016865774,288.617036576586,503737.787215289,5637010.46939679
0.00174615467170239,288.617036576586,504237.787215289,5637010.46939679
0.00155639790095229,288.617036576586,504737.787215289,5637010.46939679
0.00214328847867264,288.617036576586,505237.787215289,5637010.46939679
0.00170298907955585,288.617036576586,505737.787215289,5637010.46939679
0.00115146026326226,288.617036576586,506237.787215289,5637010.46939679
0.000742816128478368,288.617036576586,506737.787215289,5637010.46939679
0.000594865874244136,288.617036576586,507237.787215289,5637010.46939679
0.000787128060850362,288.617036576586,507737.787215289,5637010.46939679
0.000787128060850362,288.617036576586,508237.787215289,5637010.46939679
0.000500364329026666,288.617036576586,508737.787215289,5637010.46939679
0.00203076634808096,288.617036576586,509237.787215289,5637010.46939679
0.00187978363481845,288.617036576586,509737.787215289,5637010.46939679
0.0012530239508173,288.617036576586,510237.787215289,5637010.46939679
0.0012530239508173,288.617036576586,510737.787215289,5637010.46939679
0.000420059621393697,288.617036576586,511237.787215289,5637010.46939679
0.000567294396179271,288.617036576586,511737.787215289,5637010.46939679
0.000528958782350148,288.617036576586,512237.787215289,5637010.46939679
0.000443014166514696,288.617036576586,512737.787215289,5637010.46939679
0.000158561934375393,288.617036576586,513237.787215289,5637010.46939679
0.000233255029756365,288.617036576586,513737.787215289,5637010.46939679
0.000241783996503765,288.617036576586,514237.787215289,5637010.46939679
0.00043241166469503,288.617036576586,514737.787215289,5637010.46939679
0.0012530239508173,288.617036576586,515237.787215289,5637010.46939679
0.00088016001467351,288.617036576586,515737.787215289,5637010.46939679
0.00101725085485248,288.617036576586,516237.787215289,5637010.46939679
0.00105788542816488,288.617036576586,516737.787215289,5637010.46939679
0.00112952882451423,288.617036576586,517237.787215289,5637010.46939679
0.00108958701395953,288.617036576586,517737.787215289,5637010.46939679
0.000923024736202503,288.617036576586,518237.787215289,5637010.46939679
0.00106860618429822,288.617036576586,518737.787215289,5637010.46939679
0.00143234699961866,288.617036576586,519237.787215289,5637010.46939679
0.00140494789915562,288.617036576586,519737.787215289,5637010.46939679
0.00146028043356598,288.617036576586,520237.787215289,5637010.46939679
0.00147122540207632,288.617036576586,520737.787215289,5637010.46939679
0.0015801637773173,288.617036576586,521237.787215289,5637010.46939679
0.00135871894240278,288.617036576586,521737.787215289,5637010.46939679
0.00120157770670842,288.617036576586,522237.787215289,5637010.46939679
0.00132782422512713,288.617036576586,522737.787215289,5637010.46939679
0.00135371927031947,288.617036576586,523237.787215289,5637010.46939679
0.00126820588008575,288.617036576586,523737.787215289,5637010.46939679
0.00119727996014925,288.617036576586,524237.787215289,5637010.46939679
0.00343551210021281,288.617036576586,486737.787215289,5637510.46939679
0.00336571247876889,288.617036576586,487237.787215289,5637510.46939679
0.00439122463123895,288.617036576586,487737.787215289,5637510.46939679
0.00315702833759512,288.617036576586,488237.787215289,5637510.46939679
0.00278226048055572,288.617036576586,488737.787215289,5637510.46939679
0.00183738629389396,288.617036576586,489237.787215289,5637510.46939679
0.00209069089070079,288.617036576586,489737.787215289,5637510.46939679
0.0018080636834282,288.617036576586,490237.787215289,5637510.46939679
0.00117774671917417,288.617036576586,490737.787215289,5637510.46939679
0.0014482343075688,288.617036576586,491237.787215289,5637510.46939679
0.00181527333309576,288.617036576586,491737.787215289,5637510.46939679
0.00165775030664158,288.617036576586,492237.787215289,5637510.46939679
0.00142683755285381,288.617036576586,492737.787215289,5637510.46939679
0.00139176462596366,288.617036576586,493237.787215289,5637510.46939679
0.00165501425143757,288.617036576586,493737.787215289,5637510.46939679
0.00260695057992928,288.617036576586,494237.787215289,5637510.46939679
0.00169007186981626,288.617036576586,494737.787215289,5637510.46939679
0.00251680086299543,288.617036576586,495237.787215289,5637510.46939679
0.00192957449483414,288.617036576586,495737.787215289,5637510.46939679
0.00209717154331494,288.617036576586,496237.787215289,5637510.46939679
0.00246306239750876,288.617036576586,496737.787215289,5637510.46939679
0.00226569877497884,288.617036576586,497237.787215289,5637510.46939679
0.0012530239508173,288.617036576586,497737.787215289,5637510.46939679
0.00215754431294438,288.617036576586,498237.787215289,5637510.46939679
0.00304414293302271,288.617036576586,498737.787215289,5637510.46939679
0.00311838720203713,288.617036576586,499237.787215289,5637510.46939679
0.00251962726197454,288.617036576586,499737.787215289,5637510.46939679
0.00235503219549598,288.617036576586,500237.787215289,5637510.46939679
0.00241904327871189,288.617036576586,500737.787215289,5637510.46939679
0.00254708892759433,288.617036576586,501237.787215289,5637510.46939679
0.0023549311625324,288.617036576586,501737.787215289,5637510.46939679
0.0024953195373687,288.617036576586,502237.787215289,5637510.46939679
0.00180223927179023,288.617036576586,502737.787215289,5637510.46939679
0.00161741562954192,288.617036576586,503237.787215289,5637510.46939679
0.0014597537028877,288.617036576586,503737.787215289,5637510.46939679
0.00135434120917189,288.617036576586,504237.787215289,5637510.46939679
0.00127736492780856,288.617036576586,504737.787215289,5637510.46939679
0.00152282778284055,288.617036576586,505237.787215289,5637510.46939679
0.00140388530702778,288.617036576586,505737.787215289,5637510.46939679
0.00122014944132202,288.617036576586,506237.787215289,5637510.46939679
0.000555982309735284,288.617036576586,506737.787215289,5637510.46939679
0.000802478523902748,288.617036576586,507237.787215289,5637510.46939679
0.000555982309735284,288.617036576586,507737.787215289,5637510.46939679
0.000742816128478368,288.617036576586,508237.787215289,5637510.46939679
0.000600638362748479,288.617036576586,508737.787215289,5637510.46939679
0.000687589492169962,288.617036576586,509237.787215289,5637510.46939679
0.000550638992207447,288.617036576586,509737.787215289,5637510.46939679
0.000408034960590162,288.617036576586,510237.787215289,5637510.46939679
0.000228184552243513,288.617036576586,510737.787215289,5637510.46939679
0.000507768165035675,288.617036576586,511237.787215289,5637510.46939679
0.000572799335229075,288.617036576586,511737.787215289,5637510.46939679
0.000935333674678045,288.617036576586,512237.787215289,5637510.46939679
0.000527242889769363,288.617036576586,512737.787215289,5637510.46939679
0.000369598523824176,288.617036576586,513237.787215289,5637510.46939679
0.000324346489112427,288.617036576586,513737.787215289,5637510.46939679
0.000152871754894756,288.617036576586,514237.787215289,5637510.46939679
0.000143751349641876,288.617036576586,514737.787215289,5637510.46939679
0.0012530239508173,288.617036576586,515237.787215289,5637510.46939679
0.000242197416475857,288.617036576586,515737.787215289,5637510.46939679
0.000267110775961984,288.617036576586,516237.787215289,5637510.46939679
0.00234730829662583,288.617036576586,516737.787215289,5637510.46939679
0.000920249587141582,288.617036576586,517237.787215289,5637510.46939679
0.000914719166383735,288.617036576586,517737.787215289,5637510.46939679
0.000956353316095128,288.617036576586,518237.787215289,5637510.46939679
0.00112452621446362,288.617036576586,518737.787215289,5637510.46939679
0.00123161939990602,288.617036576586,519237.787215289,5637510.46939679
0.00120805998052005,288.617036576586,519737.787215289,5637510.46939679
0.00119396154380853,288.617036576586,520237.787215289,5637510.46939679
0.00126994548248078,288.617036576586,520737.787215289,5637510.46939679
0.00114804265676792,288.617036576586,521237.787215289,5637510.46939679
0.00128624458287668,288.617036576586,521737.787215289,5637510.46939679
0.00131646006154528,288.617036576586,522237.787215289,5637510.46939679
0.0012471591308103,288.617036576586,522737.787215289,5637510.46939679
0.00124357084835096,288.617036576586,523237.787215289,5637510.46939679
0.00117274646343577,288.617036576586,523737.787215289,5637510.46939679
0.0009984789826617,288.617036576586,524237.787215289,5637510.46939679
0.00366553285095078,288.617036576586,486737.787215289,5638010.46939679
0.00356393184912622,288.617036576586,487237.787215289,5638010.46939679
0.00312429662760255,288.617036576586,487737.787215289,5638010.46939679
0.00218350537550551,288.617036576586,488237.787215289,5638010.46939679
0.00194829879399462,288.617036576586,488737.787215289,5638010.46939679
0.00256004545770372,288.617036576586,489237.787215289,5638010.46939679
0.00217391452319317,288.617036576586,489737.787215289,5638010.46939679
0.00161053908496387,288.617036576586,490237.787215289,5638010.46939679
0.00130480798012301,288.617036576586,490737.787215289,5638010.46939679
0.0014084825376622,288.617036576586,491237.787215289,5638010.46939679
0.00194254213528908,288.617036576586,491737.787215289,5638010.46939679
0.00141220492976491,288.617036576586,492237.787215289,5638010.46939679
0.00129454166691278,288.617036576586,492737.787215289,5638010.46939679
0.00147635560210958,288.617036576586,493237.787215289,5638010.46939679
0.00171419709018899,288.617036576586,493737.787215289,5638010.46939679
0.0018013229230418,288.617036576586,494237.787215289,5638010.46939679
0.00155250797424577,288.617036576586,494737.787215289,5638010.46939679
0.00169007186981626,288.617036576586,495237.787215289,5638010.46939679
0.00192706175333283,288.617036576586,495737.787215289,5638010.46939679
0.00196720479092317,288.617036576586,496237.787215289,5638010.46939679
0.00264871053997278,288.617036576586,496737.787215289,5638010.46939679
0.00229463692676959,288.617036576586,497237.787215289,5638010.46939679
0.00131501113697592,288.617036576586,497737.787215289,5638010.46939679
0.00248696358261736,288.617036576586,498237.787215289,5638010.46939679
0.00232440255317733,288.617036576586,498737.787215289,5638010.46939679
0.00336727482389002,288.617036576586,499237.787215289,5638010.46939679
0.00336727482389002,288.617036576586,499737.787215289,5638010.46939679
0.00229463692676959,288.617036576586,500237.787215289,5638010.46939679
0.00229463692676959,288.617036576586,500737.787215289,5638010.46939679
0.00238656489075919,288.617036576586,501237.787215289,5638010.46939679
0.00221622952756531,288.617036576586,501737.787215289,5638010.46939679
0.00214726895646791,288.617036576586,502237.787215289,5638010.46939679
0.00219791077644537,288.617036576586,502737.787215289,5638010.46939679
0.00156080756436483,288.617036576586,503237.787215289,5638010.46939679
0.00148303219041917,288.617036576586,503737.787215289,5638010.46939679
0.00136706928012399,288.617036576586,504237.787215289,5638010.46939679
0.00119504460281944,288.617036576586,504737.787215289,5638010.46939679
0.00110932102526222,288.617036576586,505237.787215289,5638010.46939679
0.00174836435974055,288.617036576586,505737.787215289,5638010.46939679
0.001452649144831,288.617036576586,506237.787215289,5638010.46939679
0.000802478523902748,288.617036576586,506737.787215289,5638010.46939679
0.000721604594454357,288.617036576586,507237.787215289,5638010.46939679
0.00122014944132202,288.617036576586,507737.787215289,5638010.46939679
0.000694261756643532,288.617036576586,508237.787215289,5638010.46939679
0.000499950312924446,288.617036576586,508737.787215289,5638010.46939679
0.000714669549201657,288.617036576586,509237.787215289,5638010.46939679
0.000545347027108822,288.617036576586,509737.787215289,5638010.46939679
0.000624293932392687,288.617036576586,510237.787215289,5638010.46939679
0.000432888616560553,288.617036576586,510737.787215289,5638010.46939679
0.000230398820638667,288.617036576586,511237.787215289,5638010.46939679
0.00113022338370285,288.617036576586,511737.787215289,5638010.46939679
0.0010584732414758,288.617036576586,512237.787215289,5638010.46939679
0.00225836475255766,288.617036576586,512737.787215289,5638010.46939679
0.000732035310856677,288.617036576586,513237.787215289,5638010.46939679
0.000349204095439818,288.617036576586,513737.787215289,5638010.46939679
0.00029277711931742,288.617036576586,514237.787215289,5638010.46939679
0.000299490228210614,288.617036576586,514737.787215289,5638010.46939679
0.000162018630544389,288.617036576586,515237.787215289,5638010.46939679
0.000181496656789327,288.617036576586,515737.787215289,5638010.46939679
0.00026457792685457,288.617036576586,516237.787215289,5638010.46939679
0.000494360458139154,288.617036576586,516737.787215289,5638010.46939679
0.000445457071078832,288.617036576586,517237.787215289,5638010.46939679
0.000494360458139154,288.617036576586,517737.787215289,5638010.46939679
0.000657693302983644,288.617036576586,518237.787215289,5638010.46939679
0.000963839577587447,288.617036576586,518737.787215289,5638010.46939679
0.000985934835341934,288.617036576586,519237.787215289,5638010.46939679
0.00108191598424557,288.617036576586,519737.787215289,5638010.46939679
0.000994455642905106,288.617036576586,520237.787215289,5638010.46939679
0.00120459612975555,288.617036576586,520737.787215289,5638010.46939679
0.000883869718612846,288.617036576586,521237.787215289,5638010.46939679
0.00100341781127286,288.617036576586,521737.787215289,5638010.46939679
0.000758943581696035,288.617036576586,522237.787215289,5638010.46939679
0.000579799422654728,288.617036576586,522737.787215289,5638010.46939679
0.000948753562713817,288.617036576586,523237.787215289,5638010.46939679
0.0012530239508173,288.617036576586,523737.787215289,5638010.46939679
0.0012530239508173,288.617036576586,524237.787215289,5638010.46939679
0.00393245615732711,288.617036576586,486737.787215289,5638510.46939679
0.00377637327088365,288.617036576586,487237.787215289,5638510.46939679
0.00439535012991539,288.617036576586,487737.787215289,5638510.46939679
0.00214128222028606,288.617036576586,488237.787215289,5638510.46939679
0.00236031451966108,288.617036576586,488737.787215289,5638510.46939679
0.00251613781777211,288.617036576586,489237.787215289,5638510.46939679
0.00233204611143347,288.617036576586,489737.787215289,5638510.46939679
0.00195590548804571,288.617036576586,490237.787215289,5638510.46939679
0.00153136153493128,288.617036576586,490737.787215289,5638510.46939679
0.00157780547926195,288.617036576586,491237.787215289,5638510.46939679
0.00163408206299032,288.617036576586,491737.787215289,5638510.46939679
0.0011149544706035,288.617036576586,492237.787215289,5638510.46939679
0.00116110429806447,288.617036576586,492737.787215289,5638510.46939679
0.00155563669293492,288.617036576586,493237.787215289,5638510.46939679
0.00126988266386672,288.617036576586,493737.787215289,5638510.46939679
0.00142091000121355,288.617036576586,494237.787215289,5638510.46939679
0.00137277222664898,288.617036576586,494737.787215289,5638510.46939679
0.0014597537028877,288.617036576586,495237.787215289,5638510.46939679
0.00182949841974207,288.617036576586,495737.787215289,5638510.46939679
0.00213089207592913,288.617036576586,496237.787215289,5638510.46939679
0.0024803093735675,288.617036576586,496737.787215289,5638510.46939679
0.00197193443574356,288.617036576586,497237.787215289,5638510.46939679
0.00197193443574356,288.617036576586,497737.787215289,5638510.46939679
0.00201497744310593,288.617036576586,498237.787215289,5638510.46939679
0.00236656033723834,288.617036576586,498737.787215289,5638510.46939679
0.00213225278325203,288.617036576586,499237.787215289,5638510.46939679
0.00206014535820613,288.617036576586,499737.787215289,5638510.46939679
0.00197193443574356,288.617036576586,500237.787215289,5638510.46939679
0.0012530239508173,288.617036576586,500737.787215289,5638510.46939679
0.002107606071683,288.617036576586,501237.787215289,5638510.46939679
0.00194960364578511,288.617036576586,501737.787215289,5638510.46939679
0.00202462891346599,288.617036576586,502237.787215289,5638510.46939679
0.00269657955444563,288.617036576586,502737.787215289,5638510.46939679
0.00230355580332468,288.617036576586,503237.787215289,5638510.46939679
0.00196487317677432,288.617036576586,503737.787215289,5638510.46939679
0.00146806102213715,288.617036576586,504237.787215289,5638510.46939679
0.00179788454649507,288.617036576586,504737.787215289,5638510.46939679
0.00132491539338145,288.617036576586,505237.787215289,5638510.46939679
0.00156638289472339,288.617036576586,505737.787215289,5638510.46939679
0.00141033797878572,288.617036576586,506237.787215289,5638510.46939679
0.000772071233962563,288.617036576586,506737.787215289,5638510.46939679
0.000458332590017723,288.617036576586,507237.787215289,5638510.46939679
0.000735677227887901,288.617036576586,507737.787215289,5638510.46939679
0.000779563296485474,288.617036576586,508237.787215289,5638510.46939679
0.000929033678182567,288.617036576586,508737.787215289,5638510.46939679
0.000618294099928478,288.617036576586,509237.787215289,5638510.46939679
0.000707801153819295,288.617036576586,509737.787215289,5638510.46939679
0.000667954985932743,288.617036576586,510237.787215289,5638510.46939679
0.00068098135208864,288.617036576586,510737.787215289,5638510.46939679
0.000618294099928478,288.617036576586,511237.787215289,5638510.46939679
0.000750024303880816,288.617036576586,511737.787215289,5638510.46939679
0.000728606936337663,288.617036576586,512237.787215289,5638510.46939679
0.000524682891337725,288.617036576586,512737.787215289,5638510.46939679
0.00048635533475775,288.617036576586,513237.787215289,5638510.46939679
0.000604340702100243,288.617036576586,513737.787215289,5638510.46939679
0.000769518529833437,288.617036576586,514237.787215289,5638510.46939679
0.000903251365638771,288.617036576586,514737.787215289,5638510.46939679
0.000862081010392377,288.617036576586,515237.787215289,5638510.46939679
0.000580598285838393,288.617036576586,515737.787215289,5638510.46939679
0.000299492287840404,288.617036576586,516237.787215289,5638510.46939679
0.000205922333675632,288.617036576586,516737.787215289,5638510.46939679
0.00016047755032034,288.617036576586,517237.787215289,5638510.46939679
0.000173095024119382,288.617036576586,517737.787215289,5638510.46939679
0.0012530239508173,288.617036576586,518237.787215289,5638510.46939679
0.00053340013336511,288.617036576586,518737.787215289,5638510.46939679
0.00053340013336511,288.617036576586,519237.787215289,5638510.46939679
0.0012530239508173,288.617036576586,519737.787215289,5638510.46939679
0.0012530239508173,288.617036576586,520237.787215289,5638510.46939679
0.0012530239508173,288.617036576586,520737.787215289,5638510.46939679
0.0012530239508173,288.617036576586,521237.787215289,5638510.46939679
0.0012530239508173,288.617036576586,521737.787215289,5638510.46939679
0.0012530239508173,288.617036576586,522237.787215289,5638510.46939679
0.0012530239508173,288.617036576586,522737.787215289,5638510.46939679
0.0012530239508173,288.617036576586,523237.787215289,5638510.46939679
0.0012530239508173,288.617036576586,523737.787215289,5638510.46939679
0.0012530239508173,288.617036576586,524237.787215289,5638510.46939679
0.00426906662813785,288.617036576586,486737.787215289,5639010.46939679
0.00385245733270715,288.617036576586,487237.787215289,5639010.46939679
0.00418943302983572,288.617036576586,487737.787215289,5639010.46939679
0.0034562855342613,288.617036576586,488237.787215289,5639010.46939679
0.00306857213314463,288.617036576586,488737.787215289,5639010.46939679
0.00256946779536401,288.617036576586,489237.787215289,5639010.46939679
0.00209822570649049,288.617036576586,489737.787215289,5639010.46939679
0.00174836435974055,288.617036576586,490237.787215289,5639010.46939679
0.00148097850841857,288.617036576586,490737.787215289,5639010.46939679
0.00134385726209871,288.617036576586,491237.787215289,5639010.46939679
0.00159693027823983,288.617036576586,491737.787215289,5639010.46939679
0.00161883736697857,288.617036576586,492237.787215289,5639010.46939679
0.00173777512792854,288.617036576586,492737.787215289,5639010.46939679
0.00178246072072825,288.617036576586,493237.787215289,5639010.46939679
0.00104207517804493,288.617036576586,493737.787215289,5639010.46939679
0.00109661553337163,288.617036576586,494237.787215289,5639010.46939679
0.00124559131359139,288.617036576586,494737.787215289,5639010.46939679
0.00130262816964515,288.617036576586,495237.787215289,5639010.46939679
0.00157150095086728,288.617036576586,495737.787215289,5639010.46939679
0.00150266309616684,288.617036576586,496237.787215289,5639010.46939679
0.0020304457754527,288.617036576586,496737.787215289,5639010.46939679
0.0024037983289167,288.617036576586,497237.787215289,5639010.46939679
0.0024037983289167,288.617036576586,497737.787215289,5639010.46939679
0.00180223927179023,288.617036576586,498237.787215289,5639010.46939679
0.00194549342131677,288.617036576586,498737.787215289,5639010.46939679
0.00200268111138539,288.617036576586,499237.787215289,5639010.46939679
0.00251680086299543,288.617036576586,499737.787215289,5639010.46939679
0.00170369839003244,288.617036576586,500237.787215289,5639010.46939679
0.0024037983289167,288.617036576586,500737.787215289,5639010.46939679
0.00183597048953053,288.617036576586,501237.787215289,5639010.46939679
0.00180308954045321,288.617036576586,501737.787215289,5639010.46939679
0.00193548725364933,288.617036576586,502237.787215289,5639010.46939679
0.0022814172750213,288.617036576586,502737.787215289,5639010.46939679
0.00223649363819692,288.617036576586,503237.787215289,5639010.46939679
0.00178058954234766,288.617036576586,503737.787215289,5639010.46939679
0.0019443125243814,288.617036576586,504237.787215289,5639010.46939679
0.00170453354936904,288.617036576586,504737.787215289,5639010.46939679
0.00145179479911679,288.617036576586,505237.787215289,5639010.46939679
0.000606466866608511,288.617036576586,505737.787215289,5639010.46939679
0.000757302426327545,288.617036576586,506237.787215289,5639010.46939679
0.000655177798722359,288.617036576586,506737.787215289,5639010.46939679
0.000687589492169962,288.617036576586,507237.787215289,5639010.46939679
0.000779563296485474,288.617036576586,507737.787215289,5639010.46939679
0.000687589492169962,288.617036576586,508237.787215289,5639010.46939679
0.000757302426327545,288.617036576586,508737.787215289,5639010.46939679
0.000630351986323999,288.617036576586,509237.787215289,5639010.46939679
0.000772071233962563,288.617036576586,509737.787215289,5639010.46939679
0.00129011331070715,288.617036576586,510237.787215289,5639010.46939679
0.00135796077932096,288.617036576586,510737.787215289,5639010.46939679
0.00124951514245813,288.617036576586,511237.787215289,5639010.46939679
0.00068098135208864,288.617036576586,511737.787215289,5639010.46939679
0.00126097611971863,288.617036576586,512237.787215289,5639010.46939679
0.000795774427419598,288.617036576586,512737.787215289,5639010.46939679
0.000719218748502804,288.617036576586,513237.787215289,5639010.46939679
0.000997928507619739,288.617036576586,513737.787215289,5639010.46939679
0.0007646511745741,288.617036576586,514237.787215289,5639010.46939679
0.000647163279793978,288.617036576586,514737.787215289,5639010.46939679
0.000736480429781545,288.617036576586,515237.787215289,5639010.46939679
0.000628267849462645,288.617036576586,515737.787215289,5639010.46939679
0.000685316110571741,288.617036576586,516237.787215289,5639010.46939679
0.000725000020274576,288.617036576586,516737.787215289,5639010.46939679
0.000558598419311869,288.617036576586,517237.787215289,5639010.46939679
0.000643956949931057,288.617036576586,517737.787215289,5639010.46939679
0.0012530239508173,288.617036576586,518237.787215289,5639010.46939679
0.0012530239508173,288.617036576586,518737.787215289,5639010.46939679
0.000257960350357556,288.617036576586,519237.787215289,5639010.46939679
0.000257960350357556,288.617036576586,519737.787215289,5639010.46939679
0.0012530239508173,288.617036576586,520237.787215289,5639010.46939679
0.0012530239508173,288.617036576586,520737.787215289,5639010.46939679
0.0012530239508173,288.617036576586,521237.787215289,5639010.46939679
0.0012530239508173,288.617036576586,521737.787215289,5639010.46939679
0.0012530239508173,288.617036576586,522237.787215289,5639010.46939679
0.0012530239508173,288.617036576586,522737.787215289,5639010.46939679
0.0012530239508173,288.617036576586,523237.787215289,5639010.46939679
0.0012530239508173,288.617036576586,523737.787215289,5639010.46939679
0.000152320063983584,288.617036576586,524237.787215289,5639010.46939679
0.00470189633852578,288.617036576586,486737.787215289,5639510.46939679
0.00567481292866433,288.617036576586,487237.787215289,5639510.46939679
0.00433568417526749,288.617036576586,487737.787215289,5639510.46939679
0.0034194096960482,288.617036576586,488237.787215289,5639510.46939679
0.00298294600686339,288.617036576586,488737.787215289,5639510.46939679
0.00245357846163933,288.617036576586,489237.787215289,5639510.46939679
0.00198394000900745,288.617036576586,489737.787215289,5639510.46939679
0.0014175083977901,288.617036576586,490237.787215289,5639510.46939679
0.00138335988480578,288.617036576586,490737.787215289,5639510.46939679
0.000772071233962563,288.617036576586,491237.787215289,5639510.46939679
0.00148010750137188,288.617036576586,491737.787215289,5639510.46939679
0.00147820225887534,288.617036576586,492237.787215289,5639510.46939679
0.00159693027823983,288.617036576586,492737.787215289,5639510.46939679
0.0016825937342908,288.617036576586,493237.787215289,5639510.46939679
0.00105814049636753,288.617036576586,493737.787215289,5639510.46939679
0.00124561946130368,288.617036576586,494237.787215289,5639510.46939679
0.00158058223355782,288.617036576586,494737.787215289,5639510.46939679
0.00120071497351162,288.617036576586,495237.787215289,5639510.46939679
0.00138439652622246,288.617036576586,495737.787215289,5639510.46939679
0.0013995438415775,288.617036576586,496237.787215289,5639510.46939679
0.001406978668099,288.617036576586,496737.787215289,5639510.46939679
0.0012530239508173,288.617036576586,497237.787215289,5639510.46939679
0.00159308225768783,288.617036576586,497737.787215289,5639510.46939679
0.00163112341120553,288.617036576586,498237.787215289,5639510.46939679
0.00196925922553833,288.617036576586,498737.787215289,5639510.46939679
0.00175377852622413,288.617036576586,499237.787215289,5639510.46939679
0.0019535086966861,288.617036576586,499737.787215289,5639510.46939679
0.00281633875876456,288.617036576586,500237.787215289,5639510.46939679
0.00278927208417702,288.617036576586,500737.787215289,5639510.46939679
0.00187643199786273,288.617036576586,501237.787215289,5639510.46939679
0.00271818064738518,288.617036576586,501737.787215289,5639510.46939679
0.00272274675473908,288.617036576586,502237.787215289,5639510.46939679
0.00153503635241236,288.617036576586,502737.787215289,5639510.46939679
0.00182776615113834,288.617036576586,503237.787215289,5639510.46939679
0.00177005968189037,288.617036576586,503737.787215289,5639510.46939679
0.0016825937342908,288.617036576586,504237.787215289,5639510.46939679
0.00146399586435301,288.617036576586,504737.787215289,5639510.46939679
0.000606466866608511,288.617036576586,505237.787215289,5639510.46939679
0.00068098135208864,288.617036576586,505737.787215289,5639510.46939679
0.000779563296485474,288.617036576586,506237.787215289,5639510.46939679
0.00079476623254491,288.617036576586,506737.787215289,5639510.46939679
0.00081026565416988,288.617036576586,507237.787215289,5639510.46939679
0.0007646511745741,288.617036576586,507737.787215289,5639510.46939679
0.000589148862754915,288.617036576586,508237.787215289,5639510.46939679
0.000986608306749325,288.617036576586,508737.787215289,5639510.46939679
0.000735677227887901,288.617036576586,509237.787215289,5639510.46939679
0.00146588279634678,288.617036576586,509737.787215289,5639510.46939679
0.00141075748008783,288.617036576586,510237.787215289,5639510.46939679
0.00125327339658068,288.617036576586,510737.787215289,5639510.46939679
0.00130783598872753,288.617036576586,511237.787215289,5639510.46939679
0.00068098135208864,288.617036576586,511737.787215289,5639510.46939679
0.00134385726209871,288.617036576586,512237.787215289,5639510.46939679
0.00140111835923457,288.617036576586,512737.787215289,5639510.46939679
0.00126505862534033,288.617036576586,513237.787215289,5639510.46939679
0.00108988793078419,288.617036576586,513737.787215289,5639510.46939679
0.00103109207779311,288.617036576586,514237.787215289,5639510.46939679
0.00105018732270384,288.617036576586,514737.787215289,5639510.46939679
0.000436004288565674,288.617036576586,515237.787215289,5639510.46939679
0.000503132725854597,288.617036576586,515737.787215289,5639510.46939679
0.000517922289301221,288.617036576586,516237.787215289,5639510.46939679
0.000580598285838393,288.617036576586,516737.787215289,5639510.46939679
0.000684061958219874,288.617036576586,517237.787215289,5639510.46939679
0.000435026732192633,288.617036576586,517737.787215289,5639510.46939679
0.00136680159769724,288.617036576586,518237.787215289,5639510.46939679
0.001380064833751,288.617036576586,518737.787215289,5639510.46939679
0.00147658200534069,288.617036576586,519237.787215289,5639510.46939679
0.00134065630308754,288.617036576586,519737.787215289,5639510.46939679
0.0012530239508173,288.617036576586,520237.787215289,5639510.46939679
0.0012530239508173,288.617036576586,520737.787215289,5639510.46939679
0.0012530239508173,288.617036576586,521237.787215289,5639510.46939679
0.0014483367416462,288.617036576586,521737.787215289,5639510.46939679
0.00142063177636946,288.617036576586,522237.787215289,5639510.46939679
0.000125062348590057,288.617036576586,522737.787215289,5639510.46939679
0.000306903426844679,288.617036576586,523237.787215289,5639510.46939679
0.000276045871388424,288.617036576586,523737.787215289,5639510.46939679
0.000528738385272079,288.617036576586,524237.787215289,5639510.46939679
0.0065927022230965,288.617036576586,486737.787215289,5640010.46939679
0.00510290426474944,288.617036576586,487237.787215289,5640010.46939679
0.00393656586410052,288.617036576586,487737.787215289,5640010.46939679
0.00295829148263916,288.617036576586,488237.787215289,5640010.46939679
0.00258068630251439,288.617036576586,488737.787215289,5640010.46939679
0.00247738761606816,288.617036576586,489237.787215289,5640010.46939679
0.00149934714134209,288.617036576586,489737.787215289,5640010.46939679
0.00126240149419996,288.617036576586,490237.787215289,5640010.46939679
0.00143784219583947,288.617036576586,490737.787215289,5640010.46939679
0.000714669549201657,288.617036576586,491237.787215289,5640010.46939679
0.000534915184833904,288.617036576586,491737.787215289,5640010.46939679
0.000728606936337663,288.617036576586,492237.787215289,5640010.46939679
0.000728606936337663,288.617036576586,492737.787215289,5640010.46939679
0.00145179479911679,288.617036576586,493237.787215289,5640010.46939679
0.00159693027823983,288.617036576586,493737.787215289,5640010.46939679
0.000909120998557849,288.617036576586,494237.787215289,5640010.46939679
0.00102792469695178,288.617036576586,494737.787215289,5640010.46939679
0.00105702968949397,288.617036576586,495237.787215289,5640010.46939679
0.00152587920676358,288.617036576586,495737.787215289,5640010.46939679
0.00139335279507815,288.617036576586,496237.787215289,5640010.46939679
0.00138609340078337,288.617036576586,496737.787215289,5640010.46939679
0.00135957907684558,288.617036576586,497237.787215289,5640010.46939679
0.00157150095086728,288.617036576586,497737.787215289,5640010.46939679
0.00189422376832127,288.617036576586,498237.787215289,5640010.46939679
0.00157699994903787,288.617036576586,498737.787215289,5640010.46939679
0.0014597537028877,288.617036576586,499237.787215289,5640010.46939679
0.00182281189938623,288.617036576586,499737.787215289,5640010.46939679
0.00211996656383449,288.617036576586,500237.787215289,5640010.46939679
0.00231246472553355,288.617036576586,500737.787215289,5640010.46939679
0.00148822161858817,288.617036576586,501237.787215289,5640010.46939679
0.00189460160931569,288.617036576586,501737.787215289,5640010.46939679
0.00219497045496344,288.617036576586,502237.787215289,5640010.46939679
0.00201307867089144,288.617036576586,502737.787215289,5640010.46939679
0.00186869251638105,288.617036576586,503237.787215289,5640010.46939679
0.00101620727417164,288.617036576586,503737.787215289,5640010.46939679
0.00149447024078388,288.617036576586,504237.787215289,5640010.46939679
0.00081026565416988,288.617036576586,504737.787215289,5640010.46939679
0.000787128060850362,288.617036576586,505237.787215289,5640010.46939679
0.00081026565416988,288.617036576586,505737.787215289,5640010.46939679
0.000757302426327545,288.617036576586,506237.787215289,5640010.46939679
0.000750024303880816,288.617036576586,506737.787215289,5640010.46939679
0.00129293620167191,288.617036576586,507237.787215289,5640010.46939679
0.00109718256196672,288.617036576586,507737.787215289,5640010.46939679
0.00125439889408355,288.617036576586,508237.787215289,5640010.46939679
0.00121462450988532,288.617036576586,508737.787215289,5640010.46939679
0.00149254651010221,288.617036576586,509237.787215289,5640010.46939679
0.00125876322413606,288.617036576586,509737.787215289,5640010.46939679
0.00130833841440174,288.617036576586,510237.787215289,5640010.46939679
0.00117648383453541,288.617036576586,510737.787215289,5640010.46939679
0.00124467665868218,288.617036576586,511237.787215289,5640010.46939679
0.000728606936337663,288.617036576586,511737.787215289,5640010.46939679
0.000540105920912311,288.617036576586,512237.787215289,5640010.46939679
0.000707801153819295,288.617036576586,512737.787215289,5640010.46939679
0.000630351986323999,288.617036576586,513237.787215289,5640010.46939679
0.000694261756643532,288.617036576586,513737.787215289,5640010.46939679
0.000694261756643532,288.617036576586,514237.787215289,5640010.46939679
0.000720409398788843,288.617036576586,514737.787215289,5640010.46939679
0.00157984926879843,288.617036576586,515237.787215289,5640010.46939679
0.000517067937456311,288.617036576586,515737.787215289,5640010.46939679
0.000503965650643058,288.617036576586,516237.787215289,5640010.46939679
0.000886572145950115,288.617036576586,516737.787215289,5640010.46939679
0.00172330345585657,288.617036576586,517237.787215289,5640010.46939679
0.000360939396066608,288.617036576586,517737.787215289,5640010.46939679
0.000540863672609713,288.617036576586,518237.787215289,5640010.46939679
0.00050468110058842,288.617036576586,518737.787215289,5640010.46939679
0.000546112131914129,288.617036576586,519237.787215289,5640010.46939679
0.000755821556021536,288.617036576586,519737.787215289,5640010.46939679
0.0003631961726065,288.617036576586,520237.787215289,5640010.46939679
0.000373060765903757,288.617036576586,520737.787215289,5640010.46939679
0.000317267144066476,288.617036576586,521237.787215289,5640010.46939679
0.000571206228132157,288.617036576586,521737.787215289,5640010.46939679
0.000630376206395079,288.617036576586,522237.787215289,5640010.46939679
0.000595815495874921,288.617036576586,522737.787215289,5640010.46939679
0.000694410762180282,288.617036576586,523237.787215289,5640010.46939679
0.000642782951284291,288.617036576586,523737.787215289,5640010.46939679
0.000638833024245206,288.617036576586,524237.787215289,5640010.46939679
0.00598581572700003,288.617036576586,486737.787215289,5640510.46939679
0.00467323985386318,288.617036576586,487237.787215289,5640510.46939679
0.00439668458711847,288.617036576586,487737.787215289,5640510.46939679
0.00319931881415297,288.617036576586,488237.787215289,5640510.46939679
0.00214663350342916,288.617036576586,488737.787215289,5640510.46939679
0.00161633216880403,288.617036576586,489237.787215289,5640510.46939679
0.00143974555583957,288.617036576586,489737.787215289,5640510.46939679
0.00108924448782403,288.617036576586,490237.787215289,5640510.46939679
0.000870719181603642,288.617036576586,490737.787215289,5640510.46939679
0.000949224022999499,288.617036576586,491237.787215289,5640510.46939679
0.000524682891337725,288.617036576586,491737.787215289,5640510.46939679
0.000600638362748479,288.617036576586,492237.787215289,5640510.46939679
0.000636468826694727,288.617036576586,492737.787215289,5640510.46939679
0.000735677227887901,288.617036576586,493237.787215289,5640510.46939679
0.00149447024078388,288.617036576586,493737.787215289,5640510.46939679
0.00153930543593476,288.617036576586,494237.787215289,5640510.46939679
0.00107908269639664,288.617036576586,494737.787215289,5640510.46939679
0.00108166633306283,288.617036576586,495237.787215289,5640510.46939679
0.00143318230622474,288.617036576586,495737.787215289,5640510.46939679
0.00167561610092353,288.617036576586,496237.787215289,5640510.46939679
0.00128146989265982,288.617036576586,496737.787215289,5640510.46939679
0.00130262816964515,288.617036576586,497237.787215289,5640510.46939679
0.00134091886506673,288.617036576586,497737.787215289,5640510.46939679
0.00141617122188206,288.617036576586,498237.787215289,5640510.46939679
0.00135957907684558,288.617036576586,498737.787215289,5640510.46939679
0.00135957907684558,288.617036576586,499237.787215289,5640510.46939679
0.00148303219041917,288.617036576586,499737.787215289,5640510.46939679
0.00170707575268749,288.617036576586,500237.787215289,5640510.46939679
0.00230285798785731,288.617036576586,500737.787215289,5640510.46939679
0.00179899854515941,288.617036576586,501237.787215289,5640510.46939679
0.00240353894549233,288.617036576586,501737.787215289,5640510.46939679
0.00205087417424378,288.617036576586,502237.787215289,5640510.46939679
0.00199404928753848,288.617036576586,502737.787215289,5640510.46939679
0.00183485607202557,288.617036576586,503237.787215289,5640510.46939679
0.00146588279634678,288.617036576586,503737.787215289,5640510.46939679
0.000694261756643532,288.617036576586,504237.787215289,5640510.46939679
0.000802478523902748,288.617036576586,504737.787215289,5640510.46939679
0.000655177798722359,288.617036576586,505237.787215289,5640510.46939679
0.00108663799119183,288.617036576586,505737.787215289,5640510.46939679
0.00133094200213855,288.617036576586,506237.787215289,5640510.46939679
0.00153840012510541,288.617036576586,506737.787215289,5640510.46939679
0.0012665713912959,288.617036576586,507237.787215289,5640510.46939679
0.00142219063571406,288.617036576586,507737.787215289,5640510.46939679
0.00171540744559783,288.617036576586,508237.787215289,5640510.46939679
0.00151664424844972,288.617036576586,508737.787215289,5640510.46939679
0.00158708551256709,288.617036576586,509237.787215289,5640510.46939679
0.00151227324493612,288.617036576586,509737.787215289,5640510.46939679
0.00157183268583324,288.617036576586,510237.787215289,5640510.46939679
0.00123468457556385,288.617036576586,510737.787215289,5640510.46939679
0.00135075371093764,288.617036576586,511237.787215289,5640510.46939679
0.00115146026326226,288.617036576586,511737.787215289,5640510.46939679
0.000577879143278695,288.617036576586,512237.787215289,5640510.46939679
0.000600638362748479,288.617036576586,512737.787215289,5640510.46939679
0.000509700275082173,288.617036576586,513237.787215289,5640510.46939679
0.000214855281273598,288.617036576586,513737.787215289,5640510.46939679
0.000714669549201657,288.617036576586,514237.787215289,5640510.46939679
0.000576922000471476,288.617036576586,514737.787215289,5640510.46939679
0.00164207012701068,288.617036576586,515237.787215289,5640510.46939679
0.000355593800780961,288.617036576586,515737.787215289,5640510.46939679
0.000408034960590162,288.617036576586,516237.787215289,5640510.46939679
0.000388800949295406,288.617036576586,516737.787215289,5640510.46939679
0.000406112391923689,288.617036576586,517237.787215289,5640510.46939679
0.000367861870818358,288.617036576586,517737.787215289,5640510.46939679
0.000505509976230446,288.617036576586,518237.787215289,5640510.46939679
0.000458223042205441,288.617036576586,518737.787215289,5640510.46939679
0.000506342019544648,288.617036576586,519237.787215289,5640510.46939679
0.000590946489237051,288.617036576586,519737.787215289,5640510.46939679
0.000593702641196675,288.617036576586,520237.787215289,5640510.46939679
0.000617085054055741,288.617036576586,520737.787215289,5640510.46939679
0.000611154503159127,288.617036576586,521237.787215289,5640510.46939679
0.000699615091988566,288.617036576586,521737.787215289,5640510.46939679
0.000699615091988566,288.617036576586,522237.787215289,5640510.46939679
0.000832945678201336,288.617036576586,522737.787215289,5640510.46939679
0.000756307335616098,288.617036576586,523237.787215289,5640510.46939679
0.000756307335616098,288.617036576586,523737.787215289,5640510.46939679
0.000783054235933787,288.617036576586,524237.787215289,5640510.46939679
0.00685664997981317,288.617036576586,486737.787215289,5641010.46939679
0.00606028588060172,288.617036576586,487237.787215289,5641010.46939679
0.00324325443709894,288.617036576586,487737.787215289,5641010.46939679
0.00234381629824784,288.617036576586,488237.787215289,5641010.46939679
0.00188993875803249,288.617036576586,488737.787215289,5641010.46939679
0.0016489582464254,288.617036576586,489237.787215289,5641010.46939679
0.00135434120917189,288.617036576586,489737.787215289,5641010.46939679
0.00116091942933291,288.617036576586,490237.787215289,5641010.46939679
0.00103680996434178,288.617036576586,490737.787215289,5641010.46939679
0.000982094311059731,288.617036576586,491237.787215289,5641010.46939679
0.00132168808384841,288.617036576586,491737.787215289,5641010.46939679
0.00132922877032224,288.617036576586,492237.787215289,5641010.46939679
0.00125601567829984,288.617036576586,492737.787215289,5641010.46939679
0.000742816128478368,288.617036576586,493237.787215289,5641010.46939679
0.000589148862754915,288.617036576586,493737.787215289,5641010.46939679
0.000742816128478368,288.617036576586,494237.787215289,5641010.46939679
0.00042017928110408,288.617036576586,494737.787215289,5641010.46939679
0.00138335988480578,288.617036576586,495237.787215289,5641010.46939679
0.0015764505660035,288.617036576586,495737.787215289,5641010.46939679
0.00111447168294997,288.617036576586,496237.787215289,5641010.46939679
0.0012519450685819,288.617036576586,496737.787215289,5641010.46939679
0.00103680996434178,288.617036576586,497237.787215289,5641010.46939679
0.0011419294660229,288.617036576586,497737.787215289,5641010.46939679
0.00142215023925552,288.617036576586,498237.787215289,5641010.46939679
0.00108520840988184,288.617036576586,498737.787215289,5641010.46939679
0.00112794830914663,288.617036576586,499237.787215289,5641010.46939679
0.00131641670570912,288.617036576586,499737.787215289,5641010.46939679
0.00137190962204657,288.617036576586,500237.787215289,5641010.46939679
0.00124561946130368,288.617036576586,500737.787215289,5641010.46939679
0.00175878898244924,288.617036576586,501237.787215289,5641010.46939679
0.00129123521436621,288.617036576586,501737.787215289,5641010.46939679
0.00167265211973088,288.617036576586,502237.787215289,5641010.46939679
0.00174886108538421,288.617036576586,502737.787215289,5641010.46939679
0.00152451180388478,288.617036576586,503237.787215289,5641010.46939679
0.000772071233962563,288.617036576586,503737.787215289,5641010.46939679
0.00149447024078388,288.617036576586,504237.787215289,5641010.46939679
0.00138335988480578,288.617036576586,504737.787215289,5641010.46939679
0.00147820225887534,288.617036576586,505237.787215289,5641010.46939679
0.00127465164743391,288.617036576586,505737.787215289,5641010.46939679
0.00149663539330593,288.617036576586,506237.787215289,5641010.46939679
0.00168052180561266,288.617036576586,506737.787215289,5641010.46939679
0.00164065626713341,288.617036576586,507237.787215289,5641010.46939679
0.00146395428044242,288.617036576586,507737.787215289,5641010.46939679
0.00183318534824266,288.617036576586,508237.787215289,5641010.46939679
0.0014977394081664,288.617036576586,508737.787215289,5641010.46939679
0.00139983927736988,288.617036576586,509237.787215289,5641010.46939679
0.00152694811586045,288.617036576586,509737.787215289,5641010.46939679
0.00146908942843193,288.617036576586,510237.787215289,5641010.46939679
0.00161803663568588,288.617036576586,510737.787215289,5641010.46939679
0.00131815086543503,288.617036576586,511237.787215289,5641010.46939679
0.00081026565416988,288.617036576586,511737.787215289,5641010.46939679
0.000772071233962563,288.617036576586,512237.787215289,5641010.46939679
0.00139760577306148,288.617036576586,512737.787215289,5641010.46939679
0.00109718256196672,288.617036576586,513237.787215289,5641010.46939679
0.00114550085619357,288.617036576586,513737.787215289,5641010.46939679
0.00114257507611259,288.617036576586,514237.787215289,5641010.46939679
0.000589636745469416,288.617036576586,514737.787215289,5641010.46939679
0.000415992402203735,288.617036576586,515237.787215289,5641010.46939679
0.000673319648740257,288.617036576586,515737.787215289,5641010.46939679
0.000494325385054087,288.617036576586,516237.787215289,5641010.46939679
0.000759643620917324,288.617036576586,516737.787215289,5641010.46939679
0.000849386662420574,288.617036576586,517237.787215289,5641010.46939679
0.000517922289301221,288.617036576586,517737.787215289,5641010.46939679
0.000484068162482792,288.617036576586,518237.787215289,5641010.46939679
0.000548818410935624,288.617036576586,518737.787215289,5641010.46939679
0.000513793919364047,288.617036576586,519237.787215289,5641010.46939679
0.000888732963478674,288.617036576586,519737.787215289,5641010.46939679
0.000771652485029952,288.617036576586,520237.787215289,5641010.46939679
0.000719315493585742,288.617036576586,520737.787215289,5641010.46939679
0.00084988835031588,288.617036576586,521237.787215289,5641010.46939679
0.000754176662787297,288.617036576586,521737.787215289,5641010.46939679
0.00070741726310478,288.617036576586,522237.787215289,5641010.46939679
0.000785362970165023,288.617036576586,522737.787215289,5641010.46939679
0.000855766760675233,288.617036576586,523237.787215289,5641010.46939679
0.00097023640496498,288.617036576586,523737.787215289,5641010.46939679
0.000940102915040991,288.617036576586,524237.787215289,5641010.46939679
0.00581853673957956,288.617036576586,486737.787215289,5641510.46939679
0.00346216176258831,288.617036576586,487237.787215289,5641510.46939679
0.0028094294535781,288.617036576586,487737.787215289,5641510.46939679
0.00226950065433256,288.617036576586,488237.787215289,5641510.46939679
0.00269632882279555,288.617036576586,488737.787215289,5641510.46939679
0.00236165512520066,288.617036576586,489237.787215289,5641510.46939679
0.0019861738181633,288.617036576586,489737.787215289,5641510.46939679
0.00170081169455214,288.617036576586,490237.787215289,5641510.46939679
0.00110637199485432,288.617036576586,490737.787215289,5641510.46939679
0.00106728694578575,288.617036576586,491237.787215289,5641510.46939679
0.00100826171581124,288.617036576586,491737.787215289,5641510.46939679
0.00121166585359723,288.617036576586,492237.787215289,5641510.46939679
0.00107480944707001,288.617036576586,492737.787215289,5641510.46939679
0.00107619475995392,288.617036576586,493237.787215289,5641510.46939679
0.0015089723540476,288.617036576586,493737.787215289,5641510.46939679
0.000818128349571769,288.617036576586,494237.787215289,5641510.46939679
0.00068098135208864,288.617036576586,494737.787215289,5641510.46939679
0.000721604594454357,288.617036576586,495237.787215289,5641510.46939679
0.00117460670352782,288.617036576586,495737.787215289,5641510.46939679
0.00111713979309232,288.617036576586,496237.787215289,5641510.46939679
0.00098897486419504,288.617036576586,496737.787215289,5641510.46939679
0.00119133370686068,288.617036576586,497237.787215289,5641510.46939679
0.00121456693276102,288.617036576586,497737.787215289,5641510.46939679
0.00117561662383818,288.617036576586,498237.787215289,5641510.46939679
0.00105713776980947,288.617036576586,498737.787215289,5641510.46939679
0.00101708100353368,288.617036576586,499237.787215289,5641510.46939679
0.00138536406331784,288.617036576586,499737.787215289,5641510.46939679
0.00117988428811856,288.617036576586,500237.787215289,5641510.46939679
0.00173620053807773,288.617036576586,500737.787215289,5641510.46939679
0.00122191716447104,288.617036576586,501237.787215289,5641510.46939679
0.00179805194441902,288.617036576586,501737.787215289,5641510.46939679
0.00178246072072825,288.617036576586,502237.787215289,5641510.46939679
0.00163853756954437,288.617036576586,502737.787215289,5641510.46939679
0.00142402368529918,288.617036576586,503237.787215289,5641510.46939679
0.000750024303880816,288.617036576586,503737.787215289,5641510.46939679
0.00150986034735378,288.617036576586,504237.787215289,5641510.46939679
0.000985338312460586,288.617036576586,504737.787215289,5641510.46939679
0.00150343065519011,288.617036576586,505237.787215289,5641510.46939679
0.00117549643040716,288.617036576586,505737.787215289,5641510.46939679
0.00201339924033924,288.617036576586,506237.787215289,5641510.46939679
0.0014084825376622,288.617036576586,506737.787215289,5641510.46939679
0.00139885934824053,288.617036576586,507237.787215289,5641510.46939679
0.00201110724088314,288.617036576586,507737.787215289,5641510.46939679
0.00209822570649049,288.617036576586,508237.787215289,5641510.46939679
0.00121106652300044,288.617036576586,508737.787215289,5641510.46939679
0.00111025284277486,288.617036576586,509237.787215289,5641510.46939679
0.00157183268583324,288.617036576586,509737.787215289,5641510.46939679
0.00139983927736988,288.617036576586,510237.787215289,5641510.46939679
0.00160327938621869,288.617036576586,510737.787215289,5641510.46939679
0.00145179479911679,288.617036576586,511237.787215289,5641510.46939679
0.000757302426327545,288.617036576586,511737.787215289,5641510.46939679
0.000655177798722359,288.617036576586,512237.787215289,5641510.46939679
0.00139678379997415,288.617036576586,512737.787215289,5641510.46939679
0.000772071233962563,288.617036576586,513237.787215289,5641510.46939679
0.00114550085619357,288.617036576586,513737.787215289,5641510.46939679
0.000667954985932743,288.617036576586,514237.787215289,5641510.46939679
0.00036734824251186,288.617036576586,514737.787215289,5641510.46939679
0.000694261756643532,288.617036576586,515237.787215289,5641510.46939679
0.000779563296485474,288.617036576586,515737.787215289,5641510.46939679
0.00075604810424536,288.617036576586,516237.787215289,5641510.46939679
0.000513793919364047,288.617036576586,516737.787215289,5641510.46939679
0.000950527587538931,288.617036576586,517237.787215289,5641510.46939679
0.000489574626894764,288.617036576586,517737.787215289,5641510.46939679
0.000470245322745215,288.617036576586,518237.787215289,5641510.46939679
0.000513793919364047,288.617036576586,518737.787215289,5641510.46939679
0.000893688372411665,288.617036576586,519237.787215289,5641510.46939679
0.000837234775116463,288.617036576586,519737.787215289,5641510.46939679
0.000945260139547282,288.617036576586,520237.787215289,5641510.46939679
0.000951676932477091,288.617036576586,520737.787215289,5641510.46939679
0.000784529553701131,288.617036576586,521237.787215289,5641510.46939679
0.000782508703582,288.617036576586,521737.787215289,5641510.46939679
0.0011977786793234,288.617036576586,522237.787215289,5641510.46939679
0.00105981414066457,288.617036576586,522737.787215289,5641510.46939679
0.0010703045583102,288.617036576586,523237.787215289,5641510.46939679
0.000927508109582623,288.617036576586,523737.787215289,5641510.46939679
0.00091126236502392,288.617036576586,524237.787215289,5641510.46939679
0.00490820381833344,288.617036576586,486737.787215289,5642010.46939679
0.00353649882114503,288.617036576586,487237.787215289,5642010.46939679
0.00402659334322382,288.617036576586,487737.787215289,5642010.46939679
0.00327956814759389,288.617036576586,488237.787215289,5642010.46939679
0.00290671987386634,288.617036576586,488737.787215289,5642010.46939679
0.00259042493700416,288.617036576586,489237.787215289,5642010.46939679
0.0012530239508173,288.617036576586,489737.787215289,5642010.46939679
0.00135957907684558,288.617036576586,490237.787215289,5642010.46939679
0.00124662175059002,288.617036576586,490737.787215289,5642010.46939679
0.00117774671917417,288.617036576586,491237.787215289,5642010.46939679
0.00115317127347964,288.617036576586,491737.787215289,5642010.46939679
0.00108311631607005,288.617036576586,492237.787215289,5642010.46939679
0.00102695060381684,288.617036576586,492737.787215289,5642010.46939679
0.0013133099582273,288.617036576586,493237.787215289,5642010.46939679
0.00136053904457556,288.617036576586,493737.787215289,5642010.46939679
0.00148097850841857,288.617036576586,494237.787215289,5642010.46939679
0.00119680942864939,288.617036576586,494737.787215289,5642010.46939679
0.000757302426327545,288.617036576586,495237.787215289,5642010.46939679
0.000728606936337663,288.617036576586,495737.787215289,5642010.46939679
0.00042017928110408,288.617036576586,496237.787215289,5642010.46939679
0.00125439889408355,288.617036576586,496737.787215289,5642010.46939679
0.0010064409236153,288.617036576586,497237.787215289,5642010.46939679
0.00150986034735378,288.617036576586,497737.787215289,5642010.46939679
0.00110640342156943,288.617036576586,498237.787215289,5642010.46939679
0.000957201420518386,288.617036576586,498737.787215289,5642010.46939679
0.00111713979309232,288.617036576586,499237.787215289,5642010.46939679
0.00123040372997257,288.617036576586,499737.787215289,5642010.46939679
0.00135769635097048,288.617036576586,500237.787215289,5642010.46939679
0.00150986034735378,288.617036576586,500737.787215289,5642010.46939679
0.00147820225887534,288.617036576586,501237.787215289,5642010.46939679
0.00162807339262311,288.617036576586,501737.787215289,5642010.46939679
0.00155132903234302,288.617036576586,502237.787215289,5642010.46939679
0.00137006498137026,288.617036576586,502737.787215289,5642010.46939679
0.000735677227887901,288.617036576586,503237.787215289,5642010.46939679
0.00142486168839247,288.617036576586,503737.787215289,5642010.46939679
0.00171540744559783,288.617036576586,504237.787215289,5642010.46939679
0.00178077160599396,288.617036576586,504737.787215289,5642010.46939679
0.0011952349057589,288.617036576586,505237.787215289,5642010.46939679
0.00185851158315707,288.617036576586,505737.787215289,5642010.46939679
0.0016801743476364,288.617036576586,506237.787215289,5642010.46939679
0.00174634641349156,288.617036576586,506737.787215289,5642010.46939679
0.00189773374826144,288.617036576586,507237.787215289,5642010.46939679
0.00224643098942518,288.617036576586,507737.787215289,5642010.46939679
0.00103768087335734,288.617036576586,508237.787215289,5642010.46939679
0.00192730149259866,288.617036576586,508737.787215289,5642010.46939679
0.00208669040466399,288.617036576586,509237.787215289,5642010.46939679
0.00161097471262898,288.617036576586,509737.787215289,5642010.46939679
0.00153136153493128,288.617036576586,510237.787215289,5642010.46939679
0.00124467665868218,288.617036576586,510737.787215289,5642010.46939679
0.000642645023959592,288.617036576586,511237.787215289,5642010.46939679
0.000728606936337663,288.617036576586,511737.787215289,5642010.46939679
0.00064888115410892,288.617036576586,512237.787215289,5642010.46939679
0.000750024303880816,288.617036576586,512737.787215289,5642010.46939679
0.000624293932392687,288.617036576586,513237.787215289,5642010.46939679
0.000624293932392687,288.617036576586,513737.787215289,5642010.46939679
0.000735677227887901,288.617036576586,514237.787215289,5642010.46939679
0.000278262916786367,288.617036576586,514737.787215289,5642010.46939679
0.000527674485369519,288.617036576586,515237.787215289,5642010.46939679
0.000922762723913981,288.617036576586,515737.787215289,5642010.46939679
0.000967088777586087,288.617036576586,516237.787215289,5642010.46939679
0.000735677227887901,288.617036576586,516737.787215289,5642010.46939679
0.00104059686598462,288.617036576586,517237.787215289,5642010.46939679
0.00104176696337653,288.617036576586,517737.787215289,5642010.46939679
0.00108727745105988,288.617036576586,518237.787215289,5642010.46939679
0.0010064409236153,288.617036576586,518737.787215289,5642010.46939679
0.00102004561013741,288.617036576586,519237.787215289,5642010.46939679
0.00106730153496811,288.617036576586,519737.787215289,5642010.46939679
0.0011510312021545,288.617036576586,520237.787215289,5642010.46939679
0.000921774792039742,288.617036576586,520737.787215289,5642010.46939679
0.000883787097466681,288.617036576586,521237.787215289,5642010.46939679
0.00102864720156438,288.617036576586,521737.787215289,5642010.46939679
0.00112803385147565,288.617036576586,522237.787215289,5642010.46939679
0.00111719278163396,288.617036576586,522737.787215289,5642010.46939679
0.000740363906131816,288.617036576586,523237.787215289,5642010.46939679
0.000894853673865403,288.617036576586,523737.787215289,5642010.46939679
0.000973671591499443,288.617036576586,524237.787215289,5642010.46939679
0.00457952224191235,288.617036576586,486737.787215289,5642510.46939679
0.00505841749175023,288.617036576586,487237.787215289,5642510.46939679
0.00416557819469489,288.617036576586,487737.787215289,5642510.46939679
0.00341309953978068,288.617036576586,488237.787215289,5642510.46939679
0.00304414293302271,288.617036576586,488737.787215289,5642510.46939679
0.0027243169503075,288.617036576586,489237.787215289,5642510.46939679
0.00232110626004728,288.617036576586,489737.787215289,5642510.46939679
0.0012530239508173,288.617036576586,490237.787215289,5642510.46939679
0.0018675102696661,288.617036576586,490737.787215289,5642510.46939679
0.00127771043665476,288.617036576586,491237.787215289,5642510.46939679
0.00119839371877583,288.617036576586,491737.787215289,5642510.46939679
0.00115317127347964,288.617036576586,492237.787215289,5642510.46939679
0.00110637199485432,288.617036576586,492737.787215289,5642510.46939679
0.00104697805307775,288.617036576586,493237.787215289,5642510.46939679
0.00130861409401359,288.617036576586,493737.787215289,5642510.46939679
0.00115736936314929,288.617036576586,494237.787215289,5642510.46939679
0.00135769635097048,288.617036576586,494737.787215289,5642510.46939679
0.00107619475995392,288.617036576586,495237.787215289,5642510.46939679
0.000667954985932743,288.617036576586,495737.787215289,5642510.46939679
0.000757302426327545,288.617036576586,496237.787215289,5642510.46939679
0.00146588279634678,288.617036576586,496737.787215289,5642510.46939679
0.00139678379997415,288.617036576586,497237.787215289,5642510.46939679
0.00146588279634678,288.617036576586,497737.787215289,5642510.46939679
0.00146588279634678,288.617036576586,498237.787215289,5642510.46939679
0.00146588279634678,288.617036576586,498737.787215289,5642510.46939679
0.00134385726209871,288.617036576586,499237.787215289,5642510.46939679
0.00138335988480578,288.617036576586,499737.787215289,5642510.46939679
0.00145179479911679,288.617036576586,500237.787215289,5642510.46939679
0.00125601567829984,288.617036576586,500737.787215289,5642510.46939679
0.0015089723540476,288.617036576586,501237.787215289,5642510.46939679
0.00148010750137188,288.617036576586,501737.787215289,5642510.46939679
0.00149447024078388,288.617036576586,502237.787215289,5642510.46939679
0.000514646329488657,288.617036576586,502737.787215289,5642510.46939679
0.000519640379659295,288.617036576586,503237.787215289,5642510.46939679
0.00116113727946147,288.617036576586,503737.787215289,5642510.46939679
0.00137335132860715,288.617036576586,504237.787215289,5642510.46939679
0.00153637620537873,288.617036576586,504737.787215289,5642510.46939679
0.00160788541753093,288.617036576586,505237.787215289,5642510.46939679
0.00129571876048817,288.617036576586,505737.787215289,5642510.46939679
0.00222484146423582,288.617036576586,506237.787215289,5642510.46939679
0.00252244219227906,288.617036576586,506737.787215289,5642510.46939679
0.00157793077425319,288.617036576586,507237.787215289,5642510.46939679
0.00182281189938623,288.617036576586,507737.787215289,5642510.46939679
0.00125876322413606,288.617036576586,508237.787215289,5642510.46939679
0.00250816874367761,288.617036576586,508737.787215289,5642510.46939679
0.00265649077357882,288.617036576586,509237.787215289,5642510.46939679
0.00209805379349721,288.617036576586,509737.787215289,5642510.46939679
0.00129576451149223,288.617036576586,510237.787215289,5642510.46939679
0.00143784219583947,288.617036576586,510737.787215289,5642510.46939679
0.0007646511745741,288.617036576586,511237.787215289,5642510.46939679
0.0007646511745741,288.617036576586,511737.787215289,5642510.46939679
0.00124394462770779,288.617036576586,512237.787215289,5642510.46939679
0.000707801153819295,288.617036576586,512737.787215289,5642510.46939679
0.000566825000179011,288.617036576586,513237.787215289,5642510.46939679
0.000630351986323999,288.617036576586,513737.787215289,5642510.46939679
0.000534915184833904,288.617036576586,514237.787215289,5642510.46939679
0.000567421446679908,288.617036576586,514737.787215289,5642510.46939679
0.0012530239508173,288.617036576586,515237.787215289,5642510.46939679
0.000752191420959038,288.617036576586,515737.787215289,5642510.46939679
0.000787128060850362,288.617036576586,516237.787215289,5642510.46939679
0.00063541464163445,288.617036576586,516737.787215289,5642510.46939679
0.00110382398679731,288.617036576586,517237.787215289,5642510.46939679
0.00126399260610564,288.617036576586,517737.787215289,5642510.46939679
0.00116517713181445,288.617036576586,518237.787215289,5642510.46939679
0.00112102656849913,288.617036576586,518737.787215289,5642510.46939679
0.00108453148012251,288.617036576586,519237.787215289,5642510.46939679
0.00109116237326331,288.617036576586,519737.787215289,5642510.46939679
0.00110197485508742,288.617036576586,520237.787215289,5642510.46939679
0.0012615017254749,288.617036576586,520737.787215289,5642510.46939679
0.001145375084822,288.617036576586,521237.787215289,5642510.46939679
0.000876472323578963,288.617036576586,521737.787215289,5642510.46939679
0.000784529553701131,288.617036576586,522237.787215289,5642510.46939679
0.00075234299821138,288.617036576586,522737.787215289,5642510.46939679
0.000939459695732738,288.617036576586,523237.787215289,5642510.46939679
0.00103109207779311,288.617036576586,523737.787215289,5642510.46939679
0.000837889293550506,288.617036576586,524237.787215289,5642510.46939679
0.00462123263144938,288.617036576586,486737.787215289,5643010.46939679
0.00541631757027724,288.617036576586,487237.787215289,5643010.46939679
0.00323571846750854,288.617036576586,487737.787215289,5643010.46939679
0.0026769981595444,288.617036576586,488237.787215289,5643010.46939679
0.00336727482389002,288.617036576586,488737.787215289,5643010.46939679
0.00213225278325203,288.617036576586,489237.787215289,5643010.46939679
0.00200304317675687,288.617036576586,489737.787215289,5643010.46939679
0.00169007186981626,288.617036576586,490237.787215289,5643010.46939679
0.00151623782296156,288.617036576586,490737.787215289,5643010.46939679
0.00151724471166049,288.617036576586,491237.787215289,5643010.46939679
0.00143267548343869,288.617036576586,491737.787215289,5643010.46939679
0.00128965875974505,288.617036576586,492237.787215289,5643010.46939679
0.00123464098117727,288.617036576586,492737.787215289,5643010.46939679
0.00124089388366614,288.617036576586,493237.787215289,5643010.46939679
0.00114208861820394,288.617036576586,493737.787215289,5643010.46939679
0.00118690327004146,288.617036576586,494237.787215289,5643010.46939679
0.00123825324983356,288.617036576586,494737.787215289,5643010.46939679
0.00108171760997086,288.617036576586,495237.787215289,5643010.46939679
0.000931066492474412,288.617036576586,495737.787215289,5643010.46939679
0.00120842308639627,288.617036576586,496237.787215289,5643010.46939679
0.000728606936337663,288.617036576586,496737.787215289,5643010.46939679
0.000540105920912311,288.617036576586,497237.787215289,5643010.46939679
0.00064888115410892,288.617036576586,497737.787215289,5643010.46939679
0.000721604594454357,288.617036576586,498237.787215289,5643010.46939679
0.000674436720126379,288.617036576586,498737.787215289,5643010.46939679
0.000630351986323999,288.617036576586,499237.787215289,5643010.46939679
0.000555982309735284,288.617036576586,499737.787215289,5643010.46939679
0.000661535545023122,288.617036576586,500237.787215289,5643010.46939679
0.000642645023959592,288.617036576586,500737.787215289,5643010.46939679
0.000787128060850362,288.617036576586,501237.787215289,5643010.46939679
0.000779563296485474,288.617036576586,501737.787215289,5643010.46939679
0.000594865874244136,288.617036576586,502237.787215289,5643010.46939679
0.000600638362748479,288.617036576586,502737.787215289,5643010.46939679
0.00115146026326226,288.617036576586,503237.787215289,5643010.46939679
0.00148334525012997,288.617036576586,503737.787215289,5643010.46939679
0.00151867732308747,288.617036576586,504237.787215289,5643010.46939679
0.00213914501528537,288.617036576586,504737.787215289,5643010.46939679
0.0021041187436158,288.617036576586,505237.787215289,5643010.46939679
0.00227571307282226,288.617036576586,505737.787215289,5643010.46939679
0.00188327644204884,288.617036576586,506237.787215289,5643010.46939679
0.00198930085963813,288.617036576586,506737.787215289,5643010.46939679
0.000319745125382489,288.617036576586,507237.787215289,5643010.46939679
0.000998361362315342,288.617036576586,507737.787215289,5643010.46939679
0.00145497061357856,288.617036576586,508237.787215289,5643010.46939679
0.00328317792257344,288.617036576586,508737.787215289,5643010.46939679
0.00146908942843193,288.617036576586,509237.787215289,5643010.46939679
0.00127097807214739,288.617036576586,509737.787215289,5643010.46939679
0.00161803663568588,288.617036576586,510237.787215289,5643010.46939679
0.0015764505660035,288.617036576586,510737.787215289,5643010.46939679
0.00143784219583947,288.617036576586,511237.787215289,5643010.46939679
0.00139498581445504,288.617036576586,511737.787215289,5643010.46939679
0.00160248635042544,288.617036576586,512237.787215289,5643010.46939679
0.00130380219936833,288.617036576586,512737.787215289,5643010.46939679
0.00112798034874121,288.617036576586,513237.787215289,5643010.46939679
0.000995025094638285,288.617036576586,513737.787215289,5643010.46939679
0.000852990494115802,288.617036576586,514237.787215289,5643010.46939679
0.00100232257091559,288.617036576586,514737.787215289,5643010.46939679
0.00139345677424212,288.617036576586,515237.787215289,5643010.46939679
0.0012530239508173,288.617036576586,515737.787215289,5643010.46939679
0.00065493471765059,288.617036576586,516237.787215289,5643010.46939679
0.000583486795114018,288.617036576586,516737.787215289,5643010.46939679
0.00111923792196588,288.617036576586,517237.787215289,5643010.46939679
0.00109216265961891,288.617036576586,517737.787215289,5643010.46939679
0.00126409375424258,288.617036576586,518237.787215289,5643010.46939679
0.00143318230622474,288.617036576586,518737.787215289,5643010.46939679
0.00152568051717713,288.617036576586,519237.787215289,5643010.46939679
0.00112643830892133,288.617036576586,519737.787215289,5643010.46939679
0.00151338169588948,288.617036576586,520237.787215289,5643010.46939679
0.00143009946461917,288.617036576586,520737.787215289,5643010.46939679
0.00134212740533988,288.617036576586,521237.787215289,5643010.46939679
0.000822345935756022,288.617036576586,521737.787215289,5643010.46939679
0.000781973310383056,288.617036576586,522237.787215289,5643010.46939679
0.000396853358600399,288.617036576586,522737.787215289,5643010.46939679
0.000408518844911307,288.617036576586,523237.787215289,5643010.46939679
0.00097899519170873,288.617036576586,523737.787215289,5643010.46939679
0.00111626659632374,288.617036576586,524237.787215289,5643010.46939679
0.00491487251639207,288.617036576586,486737.787215289,5643510.46939679
0.00425728323810541,288.617036576586,487237.787215289,5643510.46939679
0.00343551210021281,288.617036576586,487737.787215289,5643510.46939679
0.00295236450515973,288.617036576586,488237.787215289,5643510.46939679
0.00371988053739984,288.617036576586,488737.787215289,5643510.46939679
0.00255347334856351,288.617036576586,489237.787215289,5643510.46939679
0.00316182575728863,288.617036576586,489737.787215289,5643510.46939679
0.0020055689478647,288.617036576586,490237.787215289,5643510.46939679
0.00247022054669846,288.617036576586,490737.787215289,5643510.46939679
0.00179089136945813,288.617036576586,491237.787215289,5643510.46939679
0.00161952367493581,288.617036576586,491737.787215289,5643510.46939679
0.00148178266940873,288.617036576586,492237.787215289,5643510.46939679
0.00141778680549664,288.617036576586,492737.787215289,5643510.46939679
0.00191827023613568,288.617036576586,493237.787215289,5643510.46939679
0.00171209854658933,288.617036576586,493737.787215289,5643510.46939679
0.00122413115158235,288.617036576586,494237.787215289,5643510.46939679
0.00152161072496001,288.617036576586,494737.787215289,5643510.46939679
0.001078776206618,288.617036576586,495237.787215289,5643510.46939679
0.000992523726838564,288.617036576586,495737.787215289,5643510.46939679
0.000991671414196416,288.617036576586,496237.787215289,5643510.46939679
0.00128051032310024,288.617036576586,496737.787215289,5643510.46939679
0.00126820386454178,288.617036576586,497237.787215289,5643510.46939679
0.000904479362999729,288.617036576586,497737.787215289,5643510.46939679
0.000931066492474412,288.617036576586,498237.787215289,5643510.46939679
0.000940101420947014,288.617036576586,498737.787215289,5643510.46939679
0.000837233444509552,288.617036576586,499237.787215289,5643510.46939679
0.00139678379997415,288.617036576586,499737.787215289,5643510.46939679
0.000509700275082173,288.617036576586,500237.787215289,5643510.46939679
0.000561377478008541,288.617036576586,500737.787215289,5643510.46939679
0.000618294099928478,288.617036576586,501237.787215289,5643510.46939679
0.000714669549201657,288.617036576586,501737.787215289,5643510.46939679
0.00114039405180271,288.617036576586,502237.787215289,5643510.46939679
0.00136830138918313,288.617036576586,502737.787215289,5643510.46939679
0.00128331145119702,288.617036576586,503237.787215289,5643510.46939679
0.00174654493798745,288.617036576586,503737.787215289,5643510.46939679
0.00147792492168375,288.617036576586,504237.787215289,5643510.46939679
0.00155449253728539,288.617036576586,504737.787215289,5643510.46939679
0.00273276345088029,288.617036576586,505237.787215289,5643510.46939679
0.00285587701122631,288.617036576586,505737.787215289,5643510.46939679
0.00309315872259025,288.617036576586,506237.787215289,5643510.46939679
0.00204173712264336,288.617036576586,506737.787215289,5643510.46939679
0.00189028044067712,288.617036576586,507237.787215289,5643510.46939679
0.00101783126812533,288.617036576586,507737.787215289,5643510.46939679
0.000311190514681765,288.617036576586,508237.787215289,5643510.46939679
0.0022066143390132,288.617036576586,508737.787215289,5643510.46939679
0.00166559874852955,288.617036576586,509237.787215289,5643510.46939679
0.00154176538951349,288.617036576586,509737.787215289,5643510.46939679
0.00116110429806447,288.617036576586,510237.787215289,5643510.46939679
0.00157216388624741,288.617036576586,510737.787215289,5643510.46939679
0.00172107408521925,288.617036576586,511237.787215289,5643510.46939679
0.00116542264595353,288.617036576586,511737.787215289,5643510.46939679
0.0016337378185634,288.617036576586,512237.787215289,5643510.46939679
0.00154176538951349,288.617036576586,512737.787215289,5643510.46939679
0.00108561466008419,288.617036576586,513237.787215289,5643510.46939679
0.00094779015144895,288.617036576586,513737.787215289,5643510.46939679
0.00100980007488507,288.617036576586,514237.787215289,5643510.46939679
0.000813894080942289,288.617036576586,514737.787215289,5643510.46939679
0.00104803715668101,288.617036576586,515237.787215289,5643510.46939679
0.000284782192907842,288.617036576586,515737.787215289,5643510.46939679
0.00217279143218051,288.617036576586,516237.787215289,5643510.46939679
0.000519640379659295,288.617036576586,516737.787215289,5643510.46939679
0.00118581342458131,288.617036576586,517237.787215289,5643510.46939679
0.00145222663164047,288.617036576586,517737.787215289,5643510.46939679
0.00129171859116493,288.617036576586,518237.787215289,5643510.46939679
0.00173977577186989,288.617036576586,518737.787215289,5643510.46939679
0.00149663539330593,288.617036576586,519237.787215289,5643510.46939679
0.00123820012767424,288.617036576586,519737.787215289,5643510.46939679
0.00114738904246942,288.617036576586,520237.787215289,5643510.46939679
0.000935725327348833,288.617036576586,520737.787215289,5643510.46939679
0.000878324037879678,288.617036576586,521237.787215289,5643510.46939679
0.000855766760675233,288.617036576586,521737.787215289,5643510.46939679
0.000880331880845895,288.617036576586,522237.787215289,5643510.46939679
0.000505219788824154,288.617036576586,522737.787215289,5643510.46939679
0.000822788755647184,288.617036576586,523237.787215289,5643510.46939679
0.000416485723170278,288.617036576586,523737.787215289,5643510.46939679
0.000572799335229075,288.617036576586,524237.787215289,5643510.46939679
0.00589844157280736,288.617036576586,486737.787215289,5644010.46939679
0.00485270893253436,288.617036576586,487237.787215289,5644010.46939679
0.00523981012202856,288.617036576586,487737.787215289,5644010.46939679
0.00349782212351828,288.617036576586,488237.787215289,5644010.46939679
0.00280726463799613,288.617036576586,488737.787215289,5644010.46939679
0.00257180549344669,288.617036576586,489237.787215289,5644010.46939679
0.00263676462403332,288.617036576586,489737.787215289,5644010.46939679
0.00211752217889443,288.617036576586,490237.787215289,5644010.46939679
0.00194642606897586,288.617036576586,490737.787215289,5644010.46939679
0.00192706175333283,288.617036576586,491237.787215289,5644010.46939679
0.0017357598785071,288.617036576586,491737.787215289,5644010.46939679
0.00161952367493581,288.617036576586,492237.787215289,5644010.46939679
0.00160668743127656,288.617036576586,492737.787215289,5644010.46939679
0.0014597537028877,288.617036576586,493237.787215289,5644010.46939679
0.00138609340078337,288.617036576586,493737.787215289,5644010.46939679
0.00136706928012399,288.617036576586,494237.787215289,5644010.46939679
0.00116091942933291,288.617036576586,494737.787215289,5644010.46939679
0.0010727069302047,288.617036576586,495237.787215289,5644010.46939679
0.0010882122861647,288.617036576586,495737.787215289,5644010.46939679
0.000933564981553028,288.617036576586,496237.787215289,5644010.46939679
0.00091208072079457,288.617036576586,496737.787215289,5644010.46939679
0.00087916850889562,288.617036576586,497237.787215289,5644010.46939679
0.000887699827182165,288.617036576586,497737.787215289,5644010.46939679
0.00100455424454562,288.617036576586,498237.787215289,5644010.46939679
0.000966489958381318,288.617036576586,498737.787215289,5644010.46939679
0.000903315087757533,288.617036576586,499237.787215289,5644010.46939679
0.00117240478006599,288.617036576586,499737.787215289,5644010.46939679
0.00130548265909054,288.617036576586,500237.787215289,5644010.46939679
0.00107619475995392,288.617036576586,500737.787215289,5644010.46939679
0.00119680942864939,288.617036576586,501237.787215289,5644010.46939679
0.00126820386454178,288.617036576586,501737.787215289,5644010.46939679
0.00147820225887534,288.617036576586,502237.787215289,5644010.46939679
0.001321034332564,288.617036576586,502737.787215289,5644010.46939679
0.00146908942843193,288.617036576586,503237.787215289,5644010.46939679
0.00211300224748138,288.617036576586,503737.787215289,5644010.46939679
0.00161053908496387,288.617036576586,504237.787215289,5644010.46939679
0.00162710026466716,288.617036576586,504737.787215289,5644010.46939679
0.00200027585747107,288.617036576586,505237.787215289,5644010.46939679
0.0030067344239795,288.617036576586,505737.787215289,5644010.46939679
0.00334595593914625,288.617036576586,506237.787215289,5644010.46939679
0.00215099091726897,288.617036576586,506737.787215289,5644010.46939679
0.00246501294135652,288.617036576586,507237.787215289,5644010.46939679
0.00117648383453541,288.617036576586,507737.787215289,5644010.46939679
0.00198343416611796,288.617036576586,508237.787215289,5644010.46939679
0.000960531735098204,288.617036576586,508737.787215289,5644010.46939679
0.00154176538951349,288.617036576586,509237.787215289,5644010.46939679
0.00217387549582585,288.617036576586,509737.787215289,5644010.46939679
0.00195559407263952,288.617036576586,510237.787215289,5644010.46939679
0.0018601148251549,288.617036576586,510737.787215289,5644010.46939679
0.00185090559902307,288.617036576586,511237.787215289,5644010.46939679
0.00157183268583324,288.617036576586,511737.787215289,5644010.46939679
0.0015567264477498,288.617036576586,512237.787215289,5644010.46939679
0.0019000535023162,288.617036576586,512737.787215289,5644010.46939679
0.00122256146045857,288.617036576586,513237.787215289,5644010.46939679
0.00147234866983837,288.617036576586,513737.787215289,5644010.46939679
0.00119223541999366,288.617036576586,514237.787215289,5644010.46939679
0.000917382829829691,288.617036576586,514737.787215289,5644010.46939679
0.000661535545023122,288.617036576586,515237.787215289,5644010.46939679
0.000190261929225319,288.617036576586,515737.787215289,5644010.46939679
0.000937642351992855,288.617036576586,516237.787215289,5644010.46939679
0.00113830675347068,288.617036576586,516737.787215289,5644010.46939679
0.00139787797427122,288.617036576586,517237.787215289,5644010.46939679
0.00131527292283939,288.617036576586,517737.787215289,5644010.46939679
0.00123147291283021,288.617036576586,518237.787215289,5644010.46939679
0.0015331085289145,288.617036576586,518737.787215289,5644010.46939679
0.00115637311585561,288.617036576586,519237.787215289,5644010.46939679
0.00101208295183517,288.617036576586,519737.787215289,5644010.46939679
0.000916863059750996,288.617036576586,520237.787215289,5644010.46939679
0.000988386817212256,288.617036576586,520737.787215289,5644010.46939679
0.00102626823557442,288.617036576586,521237.787215289,5644010.46939679
0.000820669354603559,288.617036576586,521737.787215289,5644010.46939679
0.00045430364796772,288.617036576586,522237.787215289,5644010.46939679
0.000520070701391237,288.617036576586,522737.787215289,5644010.46939679
0.000941999884655756,288.617036576586,523237.787215289,5644010.46939679
0.00042052723765836,288.617036576586,523737.787215289,5644010.46939679
0.00036734824251186,288.617036576586,524237.787215289,5644010.46939679
0.0067191460463141,288.617036576586,486737.787215289,5644510.46939679
0.00661429615902061,288.617036576586,487237.787215289,5644510.46939679
0.00659683973225593,288.617036576586,487737.787215289,5644510.46939679
0.003502510984109,288.617036576586,488237.787215289,5644510.46939679
0.00428422199291402,288.617036576586,488737.787215289,5644510.46939679
0.00314320402868873,288.617036576586,489237.787215289,5644510.46939679
0.00266014228799992,288.617036576586,489737.787215289,5644510.46939679
0.00266089359298389,288.617036576586,490237.787215289,5644510.46939679
0.0025730751147519,288.617036576586,490737.787215289,5644510.46939679
0.00210032202929256,288.617036576586,491237.787215289,5644510.46939679
0.0020125420240353,288.617036576586,491737.787215289,5644510.46939679
0.00240601330322922,288.617036576586,492237.787215289,5644510.46939679
0.00176776457056255,288.617036576586,492737.787215289,5644510.46939679
0.00169007186981626,288.617036576586,493237.787215289,5644510.46939679
0.00158278477097367,288.617036576586,493737.787215289,5644510.46939679
0.00268226895840386,288.617036576586,494237.787215289,5644510.46939679
0.00133193936343098,288.617036576586,494737.787215289,5644510.46939679
0.00119839371877583,288.617036576586,495237.787215289,5644510.46939679
0.00117218481595272,288.617036576586,495737.787215289,5644510.46939679
0.00105218731801862,288.617036576586,496237.787215289,5644510.46939679
0.00107775392502469,288.617036576586,496737.787215289,5644510.46939679
0.00108166633306283,288.617036576586,497237.787215289,5644510.46939679
0.00102077315978685,288.617036576586,497737.787215289,5644510.46939679
0.00109877213365999,288.617036576586,498237.787215289,5644510.46939679
0.00155557895231593,288.617036576586,498737.787215289,5644510.46939679
0.00179805194441902,288.617036576586,499237.787215289,5644510.46939679
0.00179805194441902,288.617036576586,499737.787215289,5644510.46939679
0.00156264183911507,288.617036576586,500237.787215289,5644510.46939679
0.00156264183911507,288.617036576586,500737.787215289,5644510.46939679
0.00126354638762489,288.617036576586,501237.787215289,5644510.46939679
0.00145497061357856,288.617036576586,501737.787215289,5644510.46939679
0.00138638599726374,288.617036576586,502237.787215289,5644510.46939679
0.0016337378185634,288.617036576586,502737.787215289,5644510.46939679
0.00185097430169794,288.617036576586,503237.787215289,5644510.46939679
0.00209996150006569,288.617036576586,503737.787215289,5644510.46939679
0.00161146287259279,288.617036576586,504237.787215289,5644510.46939679
0.00169629223898183,288.617036576586,504737.787215289,5644510.46939679
0.00247864788484747,288.617036576586,505237.787215289,5644510.46939679
0.00308181599007042,288.617036576586,505737.787215289,5644510.46939679
0.00386012133983101,288.617036576586,506237.787215289,5644510.46939679
0.00409595032657801,288.617036576586,506737.787215289,5644510.46939679
0.00249384754228275,288.617036576586,507237.787215289,5644510.46939679
0.00236686666723348,288.617036576586,507737.787215289,5644510.46939679
0.00210175389190712,288.617036576586,508237.787215289,5644510.46939679
0.000998361362315342,288.617036576586,508737.787215289,5644510.46939679
0.000951300459271034,288.617036576586,509237.787215289,5644510.46939679
0.00166384417892172,288.617036576586,509737.787215289,5644510.46939679
0.00199817235441904,288.617036576586,510237.787215289,5644510.46939679
0.00205808913557467,288.617036576586,510737.787215289,5644510.46939679
0.00173990306813901,288.617036576586,511237.787215289,5644510.46939679
0.00160248635042544,288.617036576586,511737.787215289,5644510.46939679
0.00236972281786628,288.617036576586,512237.787215289,5644510.46939679
0.00143962759380751,288.617036576586,512737.787215289,5644510.46939679
0.00190742519929169,288.617036576586,513237.787215289,5644510.46939679
0.00168525041674316,288.617036576586,513737.787215289,5644510.46939679
0.00157812226905957,288.617036576586,514237.787215289,5644510.46939679
0.000851027632947066,288.617036576586,514737.787215289,5644510.46939679
0.000924388487229108,288.617036576586,515237.787215289,5644510.46939679
0.000216602612510317,288.617036576586,515737.787215289,5644510.46939679
0.000342942556608148,288.617036576586,516237.787215289,5644510.46939679
0.0012530239508173,288.617036576586,516737.787215289,5644510.46939679
0.000750024303880816,288.617036576586,517237.787215289,5644510.46939679
0.001047357347344,288.617036576586,517737.787215289,5644510.46939679
0.00111750324918054,288.617036576586,518237.787215289,5644510.46939679
0.00108841828962226,288.617036576586,518737.787215289,5644510.46939679
0.00114090967080114,288.617036576586,519237.787215289,5644510.46939679
0.000836921471686331,288.617036576586,519737.787215289,5644510.46939679
0.000903357934095511,288.617036576586,520237.787215289,5644510.46939679
0.00107396933722716,288.617036576586,520737.787215289,5644510.46939679
0.000863354691830608,288.617036576586,521237.787215289,5644510.46939679
0.000428728301939086,288.617036576586,521737.787215289,5644510.46939679
0.000393039364036436,288.617036576586,522237.787215289,5644510.46939679
0.000432888616560553,288.617036576586,522737.787215289,5644510.46939679
0.00085519350685658,288.617036576586,523237.787215289,5644510.46939679
0.000929141175041563,288.617036576586,523737.787215289,5644510.46939679
0.000799293558093067,288.617036576586,524237.787215289,5644510.46939679
0.00872109351082152,288.617036576586,486737.787215289,5645010.46939679
0.00702571762607208,288.617036576586,487237.787215289,5645010.46939679
0.0056187376301966,288.617036576586,487737.787215289,5645010.46939679
0.00588360746159298,288.617036576586,488237.787215289,5645010.46939679
0.00555717316087423,288.617036576586,488737.787215289,5645010.46939679
0.00433031232896781,288.617036576586,489237.787215289,5645010.46939679
0.00276231429898526,288.617036576586,489737.787215289,5645010.46939679
0.00258496499692833,288.617036576586,490237.787215289,5645010.46939679
0.00248696358261736,288.617036576586,490737.787215289,5645010.46939679
0.00234201026249305,288.617036576586,491237.787215289,5645010.46939679
0.00215294384187986,288.617036576586,491737.787215289,5645010.46939679
0.00201039082956709,288.617036576586,492237.787215289,5645010.46939679
0.00196531389326397,288.617036576586,492737.787215289,5645010.46939679
0.0012530239508173,288.617036576586,493237.787215289,5645010.46939679
0.00236165512520066,288.617036576586,493737.787215289,5645010.46939679
0.00127746025136031,288.617036576586,494237.787215289,5645010.46939679
0.0013995438415775,288.617036576586,494737.787215289,5645010.46939679
0.00136659202701515,288.617036576586,495237.787215289,5645010.46939679
0.00122896337616279,288.617036576586,495737.787215289,5645010.46939679
0.00116436147316651,288.617036576586,496237.787215289,5645010.46939679
0.00111710806141712,288.617036576586,496737.787215289,5645010.46939679
0.00101697701856701,288.617036576586,497237.787215289,5645010.46939679
0.00154047141039902,288.617036576586,497737.787215289,5645010.46939679
0.00193710808407428,288.617036576586,498237.787215289,5645010.46939679
0.00207258301884978,288.617036576586,498737.787215289,5645010.46939679
0.0019000535023162,288.617036576586,499237.787215289,5645010.46939679
0.00188179286883024,288.617036576586,499737.787215289,5645010.46939679
0.00109877213365999,288.617036576586,500237.787215289,5645010.46939679
0.00163253355644679,288.617036576586,500737.787215289,5645010.46939679
0.001321034332564,288.617036576586,501237.787215289,5645010.46939679
0.00141342310607213,288.617036576586,501737.787215289,5645010.46939679
0.00126409375424258,288.617036576586,502237.787215289,5645010.46939679
0.00127008834969439,288.617036576586,502737.787215289,5645010.46939679
0.00131989578267187,288.617036576586,503237.787215289,5645010.46939679
0.00187388141760277,288.617036576586,503737.787215289,5645010.46939679
0.00208627425534073,288.617036576586,504237.787215289,5645010.46939679
0.00167448067537642,288.617036576586,504737.787215289,5645010.46939679
0.00233730823465698,288.617036576586,505237.787215289,5645010.46939679
0.00386012133983101,288.617036576586,505737.787215289,5645010.46939679
0.00422999710456886,288.617036576586,506237.787215289,5645010.46939679
0.00383546626577411,288.617036576586,506737.787215289,5645010.46939679
0.00258178396366722,288.617036576586,507237.787215289,5645010.46939679
0.0031929208778526,288.617036576586,507737.787215289,5645010.46939679
0.00255056626790858,288.617036576586,508237.787215289,5645010.46939679
0.00152694811586045,288.617036576586,508737.787215289,5645010.46939679
0.000933103208981096,288.617036576586,509237.787215289,5645010.46939679
0.00179158831750774,288.617036576586,509737.787215289,5645010.46939679
0.00152662585377378,288.617036576586,510237.787215289,5645010.46939679
0.00217245827967085,288.617036576586,510737.787215289,5645010.46939679
0.0022018446675531,288.617036576586,511237.787215289,5645010.46939679
0.00161803663568588,288.617036576586,511737.787215289,5645010.46939679
0.0014977394081664,288.617036576586,512237.787215289,5645010.46939679
0.00230355580332468,288.617036576586,512737.787215289,5645010.46939679
0.00183318534824266,288.617036576586,513237.787215289,5645010.46939679
0.00149663539330593,288.617036576586,513737.787215289,5645010.46939679
0.00111952035003761,288.617036576586,514237.787215289,5645010.46939679
0.00118451506786949,288.617036576586,514737.787215289,5645010.46939679
0.000738971642424396,288.617036576586,515237.787215289,5645010.46939679
0.000422648416662927,288.617036576586,515737.787215289,5645010.46939679
0.000430444271799883,288.617036576586,516237.787215289,5645010.46939679
0.000560853506828453,288.617036576586,516737.787215289,5645010.46939679
0.000572325384280999,288.617036576586,517237.787215289,5645010.46939679
0.00112471776647314,288.617036576586,517737.787215289,5645010.46939679
0.0013937341766721,288.617036576586,518237.787215289,5645010.46939679
0.00114135308174213,288.617036576586,518737.787215289,5645010.46939679
0.000303486331840385,288.617036576586,519237.787215289,5645010.46939679
0.000806140228712162,288.617036576586,519737.787215289,5645010.46939679
0.000764333838243541,288.617036576586,520237.787215289,5645010.46939679
0.000988495213032236,288.617036576586,520737.787215289,5645010.46939679
0.000779107058260824,288.617036576586,521237.787215289,5645010.46939679
0.000416485723170278,288.617036576586,521737.787215289,5645010.46939679
0.000400704363590964,288.617036576586,522237.787215289,5645010.46939679
0.00036734824251186,288.617036576586,522737.787215289,5645010.46939679
0.000822788755647184,288.617036576586,523237.787215289,5645010.46939679
0.000978896558546833,288.617036576586,523737.787215289,5645010.46939679
0.00111626659632374,288.617036576586,524237.787215289,5645010.46939679
0.00667218028888787,288.617036576586,486737.787215289,5645510.46939679
0.00646482212439672,288.617036576586,487237.787215289,5645510.46939679
0.00644087076864659,288.617036576586,487737.787215289,5645510.46939679
0.00794106663660894,288.617036576586,488237.787215289,5645510.46939679
0.00625138795598518,288.617036576586,488737.787215289,5645510.46939679
0.00686669689512249,288.617036576586,489237.787215289,5645510.46939679
0.00589290842647493,288.617036576586,489737.787215289,5645510.46939679
0.00320999871347806,288.617036576586,490237.787215289,5645510.46939679
0.00415909568707823,288.617036576586,490737.787215289,5645510.46939679
0.00281618457206362,288.617036576586,491237.787215289,5645510.46939679
0.0026769981595444,288.617036576586,491737.787215289,5645510.46939679
0.00241904327871189,288.617036576586,492237.787215289,5645510.46939679
0.00271278597341981,288.617036576586,492737.787215289,5645510.46939679
0.00229152354555048,288.617036576586,493237.787215289,5645510.46939679
0.00238126670561691,288.617036576586,493737.787215289,5645510.46939679
0.00198921434590174,288.617036576586,494237.787215289,5645510.46939679
0.00209013063608263,288.617036576586,494737.787215289,5645510.46939679
0.0027281229163541,288.617036576586,495237.787215289,5645510.46939679
0.00156184405051098,288.617036576586,495737.787215289,5645510.46939679
0.00178899900305432,288.617036576586,496237.787215289,5645510.46939679
0.00175139466531448,288.617036576586,496737.787215289,5645510.46939679
0.00146267758565997,288.617036576586,497237.787215289,5645510.46939679
0.00135393093899632,288.617036576586,497737.787215289,5645510.46939679
0.00238557127857409,288.617036576586,498237.787215289,5645510.46939679
0.00226823001610281,288.617036576586,498737.787215289,5645510.46939679
0.00222484146423582,288.617036576586,499237.787215289,5645510.46939679
0.00150065145999933,288.617036576586,499737.787215289,5645510.46939679
0.00183273829782859,288.617036576586,500237.787215289,5645510.46939679
0.00199915542875227,288.617036576586,500737.787215289,5645510.46939679
0.00158708551256709,288.617036576586,501237.787215289,5645510.46939679
0.00111025284277486,288.617036576586,501737.787215289,5645510.46939679
0.00147635560210958,288.617036576586,502237.787215289,5645510.46939679
0.00150355004400784,288.617036576586,502737.787215289,5645510.46939679
0.00147391893211655,288.617036576586,503237.787215289,5645510.46939679
0.00169536365266381,288.617036576586,503737.787215289,5645510.46939679
0.00182162804618697,288.617036576586,504237.787215289,5645510.46939679
0.00189028044067712,288.617036576586,504737.787215289,5645510.46939679
0.00239423530497842,288.617036576586,505237.787215289,5645510.46939679
0.00248055747512466,288.617036576586,505737.787215289,5645510.46939679
0.00332532093742046,288.617036576586,506237.787215289,5645510.46939679
0.00303479124535788,288.617036576586,506737.787215289,5645510.46939679
0.00158708551256709,288.617036576586,507237.787215289,5645510.46939679
0.00164959136334566,288.617036576586,507737.787215289,5645510.46939679
0.00138638599726374,288.617036576586,508237.787215289,5645510.46939679
0.00122281852943533,288.617036576586,508737.787215289,5645510.46939679
0.000924135537448159,288.617036576586,509237.787215289,5645510.46939679
0.0009698525898303,288.617036576586,509737.787215289,5645510.46939679
0.00122281852943533,288.617036576586,510237.787215289,5645510.46939679
0.00144098748885339,288.617036576586,510737.787215289,5645510.46939679
0.00119942746027054,288.617036576586,511237.787215289,5645510.46939679
0.00104775037166272,288.617036576586,511737.787215289,5645510.46939679
0.00113190484082892,288.617036576586,512237.787215289,5645510.46939679
0.000998361362315342,288.617036576586,512737.787215289,5645510.46939679
0.00112102656849913,288.617036576586,513237.787215289,5645510.46939679
0.00128331145119702,288.617036576586,513737.787215289,5645510.46939679
0.00148334525012997,288.617036576586,514237.787215289,5645510.46939679
0.000936508508045644,288.617036576586,514737.787215289,5645510.46939679
0.00125065129456828,288.617036576586,515237.787215289,5645510.46939679
0.000987072443662796,288.617036576586,515737.787215289,5645510.46939679
0.000906209196187968,288.617036576586,516237.787215289,5645510.46939679
0.000897499991961339,288.617036576586,516737.787215289,5645510.46939679
0.000495555533058202,288.617036576586,517237.787215289,5645510.46939679
0.00101755198457297,288.617036576586,517737.787215289,5645510.46939679
0.00146852527145356,288.617036576586,518237.787215289,5645510.46939679
0.00101640519325205,288.617036576586,518737.787215289,5645510.46939679
0.00103327479394504,288.617036576586,519237.787215289,5645510.46939679
0.000998193919199404,288.617036576586,519737.787215289,5645510.46939679
0.000385520986838711,288.617036576586,520237.787215289,5645510.46939679
0.000535358155853459,288.617036576586,520737.787215289,5645510.46939679
0.000472195964294205,288.617036576586,521237.787215289,5645510.46939679
0.000838924174120987,288.617036576586,521737.787215289,5645510.46939679
0.000736928622882538,288.617036576586,522237.787215289,5645510.46939679
0.000819519994824352,288.617036576586,522737.787215289,5645510.46939679
0.000866573170971678,288.617036576586,523237.787215289,5645510.46939679
0.00107384508449409,288.617036576586,523737.787215289,5645510.46939679
0.00133334122608605,288.617036576586,524237.787215289,5645510.46939679
0.01248946278242,288.617036576586,486737.787215289,5646010.46939679
0.00617198213239341,288.617036576586,487237.787215289,5646010.46939679
0.00567493948800723,288.617036576586,487737.787215289,5646010.46939679
0.00654247773038509,288.617036576586,488237.787215289,5646010.46939679
0.00618840702003336,288.617036576586,488737.787215289,5646010.46939679
0.00649759291447148,288.617036576586,489237.787215289,5646010.46939679
0.00646165950429482,288.617036576586,489737.787215289,5646010.46939679
0.00349575805687921,288.617036576586,490237.787215289,5646010.46939679
0.00333642145440495,288.617036576586,490737.787215289,5646010.46939679
0.00322044644079217,288.617036576586,491237.787215289,5646010.46939679
0.00290951418394735,288.617036576586,491737.787215289,5646010.46939679
0.00280589131755396,288.617036576586,492237.787215289,5646010.46939679
0.00269903289862282,288.617036576586,492737.787215289,5646010.46939679
0.00319678722029182,288.617036576586,493237.787215289,5646010.46939679
0.00265528380148746,288.617036576586,493737.787215289,5646010.46939679
0.00130237310527155,288.617036576586,494237.787215289,5646010.46939679
0.00220603193957017,288.617036576586,494737.787215289,5646010.46939679
0.00229676195328433,288.617036576586,495237.787215289,5646010.46939679
0.00264061133897595,288.617036576586,495737.787215289,5646010.46939679
0.00272274675473908,288.617036576586,496237.787215289,5646010.46939679
0.0024114683962662,288.617036576586,496737.787215289,5646010.46939679
0.00242686252402207,288.617036576586,497237.787215289,5646010.46939679
0.00249820003683103,288.617036576586,497737.787215289,5646010.46939679
0.00260515560295913,288.617036576586,498237.787215289,5646010.46939679
0.0018763933717332,288.617036576586,498737.787215289,5646010.46939679
0.00173688792706213,288.617036576586,499237.787215289,5646010.46939679
0.00147362498800066,288.617036576586,499737.787215289,5646010.46939679
0.00249820003683103,288.617036576586,500237.787215289,5646010.46939679
0.00257163451256368,288.617036576586,500737.787215289,5646010.46939679
0.00154176538951349,288.617036576586,501237.787215289,5646010.46939679
0.00161803663568588,288.617036576586,501737.787215289,5646010.46939679
0.00225562230076525,288.617036576586,502237.787215289,5646010.46939679
0.00190470979708935,288.617036576586,502737.787215289,5646010.46939679
0.00169347950472354,288.617036576586,503237.787215289,5646010.46939679
0.00181972792919843,288.617036576586,503737.787215289,5646010.46939679
0.00245293504335225,288.617036576586,504237.787215289,5646010.46939679
0.00225740059469554,288.617036576586,504737.787215289,5646010.46939679
0.00217848079675244,288.617036576586,505237.787215289,5646010.46939679
0.0026426154532139,288.617036576586,505737.787215289,5646010.46939679
0.00348284592191814,288.617036576586,506237.787215289,5646010.46939679
0.00158708551256709,288.617036576586,506737.787215289,5646010.46939679
0.001321034332564,288.617036576586,507237.787215289,5646010.46939679
0.00145497061357856,288.617036576586,507737.787215289,5646010.46939679
0.0016337378185634,288.617036576586,508237.787215289,5646010.46939679
0.00109958265890165,288.617036576586,508737.787215289,5646010.46939679
0.00102770814886265,288.617036576586,509237.787215289,5646010.46939679
0.00106818345513196,288.617036576586,509737.787215289,5646010.46939679
0.000281383782633422,288.617036576586,510237.787215289,5646010.46939679
0.00107854894587912,288.617036576586,510737.787215289,5646010.46939679
0.00135986607630207,288.617036576586,511237.787215289,5646010.46939679
0.00102770814886265,288.617036576586,511737.787215289,5646010.46939679
0.0009698525898303,288.617036576586,512237.787215289,5646010.46939679
0.0009698525898303,288.617036576586,512737.787215289,5646010.46939679
0.00101783126812533,288.617036576586,513237.787215289,5646010.46939679
0.000942157901442742,288.617036576586,513737.787215289,5646010.46939679
0.00107854894587912,288.617036576586,514237.787215289,5646010.46939679
0.000841422761170435,288.617036576586,514737.787215289,5646010.46939679
0.00108042215343921,288.617036576586,515237.787215289,5646010.46939679
0.000937311140792264,288.617036576586,515737.787215289,5646010.46939679
0.00113803587377139,288.617036576586,516237.787215289,5646010.46939679
0.00118285633236884,288.617036576586,516737.787215289,5646010.46939679
0.000463163415151167,288.617036576586,517237.787215289,5646010.46939679
0.000888874488317952,288.617036576586,517737.787215289,5646010.46939679
0.00102731349029886,288.617036576586,518237.787215289,5646010.46939679
0.000880243187951729,288.617036576586,518737.787215289,5646010.46939679
0.00113159425653585,288.617036576586,519237.787215289,5646010.46939679
0.00115366245190228,288.617036576586,519737.787215289,5646010.46939679
0.000385520986838711,288.617036576586,520237.787215289,5646010.46939679
0.00109928094351846,288.617036576586,520737.787215289,5646010.46939679
0.00104746287858313,288.617036576586,521237.787215289,5646010.46939679
0.000883472961621777,288.617036576586,521737.787215289,5646010.46939679
0.000832900325020725,288.617036576586,522237.787215289,5646010.46939679
0.000741762529565979,288.617036576586,522737.787215289,5646010.46939679
0.000977891854281161,288.617036576586,523237.787215289,5646010.46939679
0.000949653206174605,288.617036576586,523737.787215289,5646010.46939679
0.00141033797878572,288.617036576586,524237.787215289,5646010.46939679
0.0077640670984952,288.617036576586,486737.787215289,5646510.46939679
0.00667218028888787,288.617036576586,487237.787215289,5646510.46939679
0.00586970753948236,288.617036576586,487737.787215289,5646510.46939679
0.00535546474518576,288.617036576586,488237.787215289,5646510.46939679
0.00540019435845994,288.617036576586,488737.787215289,5646510.46939679
0.00623283543521586,288.617036576586,489237.787215289,5646510.46939679
0.0074539285295393,288.617036576586,489737.787215289,5646510.46939679
0.00662941639648038,288.617036576586,490237.787215289,5646510.46939679
0.00596763657997055,288.617036576586,490737.787215289,5646510.46939679
0.00343551210021281,288.617036576586,491237.787215289,5646510.46939679
0.00359851570495,288.617036576586,491737.787215289,5646510.46939679
0.00496431479377564,288.617036576586,492237.787215289,5646510.46939679
0.00290219154872398,288.617036576586,492737.787215289,5646510.46939679
0.00337523762588287,288.617036576586,493237.787215289,5646510.46939679
0.00269903289862282,288.617036576586,493737.787215289,5646510.46939679
0.00253546400394188,288.617036576586,494237.787215289,5646510.46939679
0.00212070323671166,288.617036576586,494737.787215289,5646510.46939679
0.00351992308754705,288.617036576586,495237.787215289,5646510.46939679
0.00321497983179812,288.617036576586,495737.787215289,5646510.46939679
0.00306857213314463,288.617036576586,496237.787215289,5646510.46939679
0.00293982538524938,288.617036576586,496737.787215289,5646510.46939679
0.00253250763394969,288.617036576586,497237.787215289,5646510.46939679
0.00292725757744403,288.617036576586,497737.787215289,5646510.46939679
0.00207652476033388,288.617036576586,498237.787215289,5646510.46939679
0.00212742854645473,288.617036576586,498737.787215289,5646510.46939679
0.00182284942252482,288.617036576586,499237.787215289,5646510.46939679
0.00240019921675714,288.617036576586,499737.787215289,5646510.46939679
0.00265779097115274,288.617036576586,500237.787215289,5646510.46939679
0.00258189624909171,288.617036576586,500737.787215289,5646510.46939679
0.00168176146695906,288.617036576586,501237.787215289,5646510.46939679
0.00119942746027054,288.617036576586,501737.787215289,5646510.46939679
0.00231507856834305,288.617036576586,502237.787215289,5646510.46939679
0.00270653834554297,288.617036576586,502737.787215289,5646510.46939679
0.00327767792576375,288.617036576586,503237.787215289,5646510.46939679
0.00370248175211707,288.617036576586,503737.787215289,5646510.46939679
0.00276198788343959,288.617036576586,504237.787215289,5646510.46939679
0.002107606071683,288.617036576586,504737.787215289,5646510.46939679
0.00222802699093521,288.617036576586,505237.787215289,5646510.46939679
0.00278216393847561,288.617036576586,505737.787215289,5646510.46939679
0.00303479124535788,288.617036576586,506237.787215289,5646510.46939679
0.0010890150217813,288.617036576586,506737.787215289,5646510.46939679
0.00135986607630207,288.617036576586,507237.787215289,5646510.46939679
0.00344937372085081,288.617036576586,507737.787215289,5646510.46939679
0.0022121558042912,288.617036576586,508237.787215289,5646510.46939679
0.00202800773015367,288.617036576586,508737.787215289,5646510.46939679
0.00200268111138539,288.617036576586,509237.787215289,5646510.46939679
0.000998361362315342,288.617036576586,509737.787215289,5646510.46939679
0.000960531735098204,288.617036576586,510237.787215289,5646510.46939679
0.00102770814886265,288.617036576586,510737.787215289,5646510.46939679
0.000942157901442742,288.617036576586,511237.787215289,5646510.46939679
0.00218540747529043,288.617036576586,511737.787215289,5646510.46939679
0.00218540747529043,288.617036576586,512237.787215289,5646510.46939679
0.000998361362315342,288.617036576586,512737.787215289,5646510.46939679
0.00105791758285723,288.617036576586,513237.787215289,5646510.46939679
0.00119942746027054,288.617036576586,513737.787215289,5646510.46939679
0.00157183268583324,288.617036576586,514237.787215289,5646510.46939679
0.00161803663568588,288.617036576586,514737.787215289,5646510.46939679
0.00149221273538002,288.617036576586,515237.787215289,5646510.46939679
0.00127771456178062,288.617036576586,515737.787215289,5646510.46939679
0.000742816128478368,288.617036576586,516237.787215289,5646510.46939679
0.000572325384280999,288.617036576586,516737.787215289,5646510.46939679
0.000258707126533639,288.617036576586,517237.787215289,5646510.46939679
0.000923881963143815,288.617036576586,517737.787215289,5646510.46939679
0.00127751068401617,288.617036576586,518237.787215289,5646510.46939679
0.00113171500007521,288.617036576586,518737.787215289,5646510.46939679
0.000630873989942474,288.617036576586,519237.787215289,5646510.46939679
0.000525117388846693,288.617036576586,519737.787215289,5646510.46939679
0.000428728301939086,288.617036576586,520237.787215289,5646510.46939679
0.00103109207779311,288.617036576586,520737.787215289,5646510.46939679
0.000917345951632551,288.617036576586,521237.787215289,5646510.46939679
0.00108923349674918,288.617036576586,521737.787215289,5646510.46939679
0.000852739668852321,288.617036576586,522237.787215289,5646510.46939679
0.0012072602135012,288.617036576586,522737.787215289,5646510.46939679
0.00104577438117285,288.617036576586,523237.787215289,5646510.46939679
0.00094065464762919,288.617036576586,523737.787215289,5646510.46939679
0.000561377478008541,288.617036576586,524237.787215289,5646510.46939679
0.00822236964870663,288.617036576586,486737.787215289,5647010.46939679
0.00987207329780446,288.617036576586,487237.787215289,5647010.46939679
0.00862454046832845,288.617036576586,487737.787215289,5647010.46939679
0.00767855114953727,288.617036576586,488237.787215289,5647010.46939679
0.00512702733517234,288.617036576586,488737.787215289,5647010.46939679
0.00495066210166785,288.617036576586,489237.787215289,5647010.46939679
0.00440599627648199,288.617036576586,489737.787215289,5647010.46939679
0.00699036742353454,288.617036576586,490237.787215289,5647010.46939679
0.00644010966758458,288.617036576586,490737.787215289,5647010.46939679
0.00648013132394093,288.617036576586,491237.787215289,5647010.46939679
0.00614305498408242,288.617036576586,491737.787215289,5647010.46939679
0.00539715599771949,288.617036576586,492237.787215289,5647010.46939679
0.00377876438992408,288.617036576586,492737.787215289,5647010.46939679
0.00509416676548769,288.617036576586,493237.787215289,5647010.46939679
0.00477846902833168,288.617036576586,493737.787215289,5647010.46939679
0.00452592492930757,288.617036576586,494237.787215289,5647010.46939679
0.00398345062165729,288.617036576586,494737.787215289,5647010.46939679
0.00383546626577411,288.617036576586,495237.787215289,5647010.46939679
0.00347773322586956,288.617036576586,495737.787215289,5647010.46939679
0.00330962600267669,288.617036576586,496237.787215289,5647010.46939679
0.00318609807448188,288.617036576586,496737.787215289,5647010.46939679
0.00304111900912703,288.617036576586,497237.787215289,5647010.46939679
0.00304111900912703,288.617036576586,497737.787215289,5647010.46939679
0.00229436623017543,288.617036576586,498237.787215289,5647010.46939679
0.00188993875803249,288.617036576586,498737.787215289,5647010.46939679
0.00312274369800569,288.617036576586,499237.787215289,5647010.46939679
0.00312515179452942,288.617036576586,499737.787215289,5647010.46939679
0.00310042649327018,288.617036576586,500237.787215289,5647010.46939679
0.00295427813847267,288.617036576586,500737.787215289,5647010.46939679
0.00164959136334566,288.617036576586,501237.787215289,5647010.46939679
0.00161803663568588,288.617036576586,501737.787215289,5647010.46939679
0.00309834909317924,288.617036576586,502237.787215289,5647010.46939679
0.00318364301559135,288.617036576586,502737.787215289,5647010.46939679
0.00334595593914625,288.617036576586,503237.787215289,5647010.46939679
0.00350478062593828,288.617036576586,503737.787215289,5647010.46939679
0.00400542736877851,288.617036576586,504237.787215289,5647010.46939679
0.00335758934903325,288.617036576586,504737.787215289,5647010.46939679
0.000998361362315342,288.617036576586,505237.787215289,5647010.46939679
0.00111025284277486,288.617036576586,505737.787215289,5647010.46939679
0.00275542570404356,288.617036576586,506237.787215289,5647010.46939679
0.00161803663568588,288.617036576586,506737.787215289,5647010.46939679
0.0026255400466068,288.617036576586,507237.787215289,5647010.46939679
0.00226427818733258,288.617036576586,507737.787215289,5647010.46939679
0.00214870831506816,288.617036576586,508237.787215289,5647010.46939679
0.00212833342035149,288.617036576586,508737.787215289,5647010.46939679
0.00183670840511263,288.617036576586,509237.787215289,5647010.46939679
0.00103768087335734,288.617036576586,509737.787215289,5647010.46939679
0.000924135537448159,288.617036576586,510237.787215289,5647010.46939679
0.000915254050521544,288.617036576586,510737.787215289,5647010.46939679
0.000332954150395162,288.617036576586,511237.787215289,5647010.46939679
0.00227056507811623,288.617036576586,511737.787215289,5647010.46939679
0.00250077184478988,288.617036576586,512237.787215289,5647010.46939679
0.000933103208981096,288.617036576586,512737.787215289,5647010.46939679
0.0010890150217813,288.617036576586,513237.787215289,5647010.46939679
0.00124666576800994,288.617036576586,513737.787215289,5647010.46939679
0.0014977394081664,288.617036576586,514237.787215289,5647010.46939679
0.00166785518219582,288.617036576586,514737.787215289,5647010.46939679
0.00156536135422933,288.617036576586,515237.787215289,5647010.46939679
0.00153885771815428,288.617036576586,515737.787215289,5647010.46939679
0.000750024303880816,288.617036576586,516237.787215289,5647010.46939679
0.000750024303880816,288.617036576586,516737.787215289,5647010.46939679
0.000561842362836714,288.617036576586,517237.787215289,5647010.46939679
0.00105762729998826,288.617036576586,517737.787215289,5647010.46939679
0.00128283006495994,288.617036576586,518237.787215289,5647010.46939679
0.00100777271055751,288.617036576586,518737.787215289,5647010.46939679
0.000567294396179271,288.617036576586,519237.787215289,5647010.46939679
0.000385520986838711,288.617036576586,519737.787215289,5647010.46939679
0.00107825300195361,288.617036576586,520237.787215289,5647010.46939679
0.00103729162623385,288.617036576586,520737.787215289,5647010.46939679
0.00122234894494761,288.617036576586,521237.787215289,5647010.46939679
0.00149303210297018,288.617036576586,521737.787215289,5647010.46939679
0.00155752625597866,288.617036576586,522237.787215289,5647010.46939679
0.0014794069142405,288.617036576586,522737.787215289,5647010.46939679
0.00127471207290275,288.617036576586,523237.787215289,5647010.46939679
0.000721604594454357,288.617036576586,523737.787215289,5647010.46939679
0.00064888115410892,288.617036576586,524237.787215289,5647010.46939679
0.0106995243437933,288.617036576586,486737.787215289,5647510.46939679
0.0077640670984952,288.617036576586,487237.787215289,5647510.46939679
0.00699685792332313,288.617036576586,487737.787215289,5647510.46939679
0.007025684411432,288.617036576586,488237.787215289,5647510.46939679
0.00586970753948236,288.617036576586,488737.787215289,5647510.46939679
0.00560216635338162,288.617036576586,489237.787215289,5647510.46939679
0.00543287487918152,288.617036576586,489737.787215289,5647510.46939679
0.00544572906339144,288.617036576586,490237.787215289,5647510.46939679
0.00594372200752803,288.617036576586,490737.787215289,5647510.46939679
0.00715301351863977,288.617036576586,491237.787215289,5647510.46939679
0.00699036742353454,288.617036576586,491737.787215289,5647510.46939679
0.00662941639648038,288.617036576586,492237.787215289,5647510.46939679
0.00678131827085315,288.617036576586,492737.787215289,5647510.46939679
0.00606177810887717,288.617036576586,493237.787215289,5647510.46939679
0.00545978451738797,288.617036576586,493737.787215289,5647510.46939679
0.00514359978957963,288.617036576586,494237.787215289,5647510.46939679
0.00439535012991539,288.617036576586,494737.787215289,5647510.46939679
0.00250462842982132,288.617036576586,495237.787215289,5647510.46939679
0.002733335747292,288.617036576586,495737.787215289,5647510.46939679
0.00248852998129975,288.617036576586,496237.787215289,5647510.46939679
0.00242078606836509,288.617036576586,496737.787215289,5647510.46939679
0.00239206350608595,288.617036576586,497237.787215289,5647510.46939679
0.00355407988900225,288.617036576586,497737.787215289,5647510.46939679
0.00370248175211707,288.617036576586,498237.787215289,5647510.46939679
0.00387268505052303,288.617036576586,498737.787215289,5647510.46939679
0.00394820962109591,288.617036576586,499237.787215289,5647510.46939679
0.00363165766443732,288.617036576586,499737.787215289,5647510.46939679
0.00325822506466253,288.617036576586,500237.787215289,5647510.46939679
0.00325822506466253,288.617036576586,500737.787215289,5647510.46939679
0.00161803663568588,288.617036576586,501237.787215289,5647510.46939679
0.00105791758285723,288.617036576586,501737.787215289,5647510.46939679
0.00351664293216388,288.617036576586,502237.787215289,5647510.46939679
0.00394820962109591,288.617036576586,502737.787215289,5647510.46939679
0.00386970093966352,288.617036576586,503237.787215289,5647510.46939679
0.00362904313542781,288.617036576586,503737.787215289,5647510.46939679
0.00261206075381751,288.617036576586,504237.787215289,5647510.46939679
0.00208239141999315,288.617036576586,504737.787215289,5647510.46939679
0.000915254050521544,288.617036576586,505237.787215289,5647510.46939679
0.00101783126812533,288.617036576586,505737.787215289,5647510.46939679
0.00138638599726374,288.617036576586,506237.787215289,5647510.46939679
0.00121106652300044,288.617036576586,506737.787215289,5647510.46939679
0.00309397532632336,288.617036576586,507237.787215289,5647510.46939679
0.00200851738115987,288.617036576586,507737.787215289,5647510.46939679
0.00200268111138539,288.617036576586,508237.787215289,5647510.46939679
0.00102770814886265,288.617036576586,508737.787215289,5647510.46939679
0.00106818345513196,288.617036576586,509237.787215289,5647510.46939679
0.000979263892727472,288.617036576586,509737.787215289,5647510.46939679
0.00194627535649418,288.617036576586,510237.787215289,5647510.46939679
0.00200268111138539,288.617036576586,510737.787215289,5647510.46939679
0.00207170060471182,288.617036576586,511237.787215289,5647510.46939679
0.00272656926505597,288.617036576586,511737.787215289,5647510.46939679
0.00353879048723547,288.617036576586,512237.787215289,5647510.46939679
0.00248395573374233,288.617036576586,512737.787215289,5647510.46939679
0.00207905481630665,288.617036576586,513237.787215289,5647510.46939679
0.00207132788229789,288.617036576586,513737.787215289,5647510.46939679
0.00174539018459053,288.617036576586,514237.787215289,5647510.46939679
0.00194722996764305,288.617036576586,514737.787215289,5647510.46939679
0.00163238156821921,288.617036576586,515237.787215289,5647510.46939679
0.00127471207290275,288.617036576586,515737.787215289,5647510.46939679
0.00143784219583947,288.617036576586,516237.787215289,5647510.46939679
0.000757302426327545,288.617036576586,516737.787215289,5647510.46939679
0.000551094984339847,288.617036576586,517237.787215289,5647510.46939679
0.000396853358600399,288.617036576586,517737.787215289,5647510.46939679
0.00105342557669096,288.617036576586,518237.787215289,5647510.46939679
0.000601135760084495,288.617036576586,518737.787215289,5647510.46939679
0.00108871620606069,288.617036576586,519237.787215289,5647510.46939679
0.000932946710828521,288.617036576586,519737.787215289,5647510.46939679
0.00118035763634218,288.617036576586,520237.787215289,5647510.46939679
0.00122393586128199,288.617036576586,520737.787215289,5647510.46939679
0.00153909569899974,288.617036576586,521237.787215289,5647510.46939679
0.00158621585976565,288.617036576586,521737.787215289,5647510.46939679
0.00181588209272025,288.617036576586,522237.787215289,5647510.46939679
0.00169892136949263,288.617036576586,522737.787215289,5647510.46939679
0.00149447024078388,288.617036576586,523237.787215289,5647510.46939679
0.000600638362748479,288.617036576586,523737.787215289,5647510.46939679
0.000636468826694727,288.617036576586,524237.787215289,5647510.46939679
0.0141764128347057,288.617036576586,486737.787215289,5648010.46939679
0.00891537154122374,288.617036576586,487237.787215289,5648010.46939679
0.0077640670984952,288.617036576586,487737.787215289,5648010.46939679
0.00699685792332313,288.617036576586,488237.787215289,5648010.46939679
0.00693495775248553,288.617036576586,488737.787215289,5648010.46939679
0.00637894004912848,288.617036576586,489237.787215289,5648010.46939679
0.00564705308185343,288.617036576586,489737.787215289,5648010.46939679
0.00549500355081505,288.617036576586,490237.787215289,5648010.46939679
0.00532895042186954,288.617036576586,490737.787215289,5648010.46939679
0.00536115499109274,288.617036576586,491237.787215289,5648010.46939679
0.00544572906339144,288.617036576586,491737.787215289,5648010.46939679
0.00551125783874509,288.617036576586,492237.787215289,5648010.46939679
0.00559806238618807,288.617036576586,492737.787215289,5648010.46939679
0.00512492823259376,288.617036576586,493237.787215289,5648010.46939679
0.0057315766321345,288.617036576586,493737.787215289,5648010.46939679
0.0038492361956264,288.617036576586,494237.787215289,5648010.46939679
0.00329039643060209,288.617036576586,494737.787215289,5648010.46939679
0.0031017102990905,288.617036576586,495237.787215289,5648010.46939679
0.00258418042275851,288.617036576586,495737.787215289,5648010.46939679
0.0025111498616868,288.617036576586,496237.787215289,5648010.46939679
0.00232440255317733,288.617036576586,496737.787215289,5648010.46939679
0.00283780295085855,288.617036576586,497237.787215289,5648010.46939679
0.00397898815198059,288.617036576586,497737.787215289,5648010.46939679
0.00399186641789395,288.617036576586,498237.787215289,5648010.46939679
0.00413569680926972,288.617036576586,498737.787215289,5648010.46939679
0.00388861044935066,288.617036576586,499237.787215289,5648010.46939679
0.0035578828893365,288.617036576586,499737.787215289,5648010.46939679
0.00365514256348105,288.617036576586,500237.787215289,5648010.46939679
0.00337355996622682,288.617036576586,500737.787215289,5648010.46939679
0.00123468457556385,288.617036576586,501237.787215289,5648010.46939679
0.00148334525012997,288.617036576586,501737.787215289,5648010.46939679
0.00270950500449232,288.617036576586,502237.787215289,5648010.46939679
0.00233083654100652,288.617036576586,502737.787215289,5648010.46939679
0.00272029501350081,288.617036576586,503237.787215289,5648010.46939679
0.0030545282493884,288.617036576586,503737.787215289,5648010.46939679
0.00212214899390453,288.617036576586,504237.787215289,5648010.46939679
0.000924135537448159,288.617036576586,504737.787215289,5648010.46939679
0.00212300193071319,288.617036576586,505237.787215289,5648010.46939679
0.00252605382352575,288.617036576586,505737.787215289,5648010.46939679
0.00127097807214739,288.617036576586,506237.787215289,5648010.46939679
0.00104775037166272,288.617036576586,506737.787215289,5648010.46939679
0.00130833841440174,288.617036576586,507237.787215289,5648010.46939679
0.00104775037166272,288.617036576586,507737.787215289,5648010.46939679
0.00103768087335734,288.617036576586,508237.787215289,5648010.46939679
0.00116517713181445,288.617036576586,508737.787215289,5648010.46939679
0.0010890150217813,288.617036576586,509237.787215289,5648010.46939679
0.000979263892727472,288.617036576586,509737.787215289,5648010.46939679
0.00224964742799403,288.617036576586,510237.787215289,5648010.46939679
0.00241271267105144,288.617036576586,510737.787215289,5648010.46939679
0.00249384754228275,288.617036576586,511237.787215289,5648010.46939679
0.00256715407663738,288.617036576586,511737.787215289,5648010.46939679
0.00404175966693124,288.617036576586,512237.787215289,5648010.46939679
0.0037695141779258,288.617036576586,512737.787215289,5648010.46939679
0.00229255548167689,288.617036576586,513237.787215289,5648010.46939679
0.0026213331590282,288.617036576586,513737.787215289,5648010.46939679
0.0014597537028877,288.617036576586,514237.787215289,5648010.46939679
0.00133723569728008,288.617036576586,514737.787215289,5648010.46939679
0.00196937918070657,288.617036576586,515237.787215289,5648010.46939679
0.0010619375547308,288.617036576586,515737.787215289,5648010.46939679
0.000956170939758132,288.617036576586,516237.787215289,5648010.46939679
0.00113449191814667,288.617036576586,516737.787215289,5648010.46939679
0.000370912934316857,288.617036576586,517237.787215289,5648010.46939679
0.000572799335229075,288.617036576586,517737.787215289,5648010.46939679
0.000880331880845895,288.617036576586,518237.787215289,5648010.46939679
0.00044561335762976,288.617036576586,518737.787215289,5648010.46939679
0.0012059242336792,288.617036576586,519237.787215289,5648010.46939679
0.00112678845505491,288.617036576586,519737.787215289,5648010.46939679
0.0013733374707383,288.617036576586,520237.787215289,5648010.46939679
0.00128108929442093,288.617036576586,520737.787215289,5648010.46939679
0.00165435926469505,288.617036576586,521237.787215289,5648010.46939679
0.00157637583715564,288.617036576586,521737.787215289,5648010.46939679
0.00164993894826846,288.617036576586,522237.787215289,5648010.46939679
0.00148097850841857,288.617036576586,522737.787215289,5648010.46939679
0.000787128060850362,288.617036576586,523237.787215289,5648010.46939679
0.00119680942864939,288.617036576586,523737.787215289,5648010.46939679
0.00143599135861832,288.617036576586,524237.787215289,5648010.46939679
0.0109815546208144,288.617036576586,486737.787215289,5648510.46939679
0.00943718174415885,288.617036576586,487237.787215289,5648510.46939679
0.010569180183104,288.617036576586,487737.787215289,5648510.46939679
0.0077640670984952,288.617036576586,488237.787215289,5648510.46939679
0.00699685792332313,288.617036576586,488737.787215289,5648510.46939679
0.00667218028888787,288.617036576586,489237.787215289,5648510.46939679
0.00666771078504043,288.617036576586,489737.787215289,5648510.46939679
0.00889079139852461,288.617036576586,490237.787215289,5648510.46939679
0.00625030703998536,288.617036576586,490737.787215289,5648510.46939679
0.00551874589666,288.617036576586,491237.787215289,5648510.46939679
0.00453551033535371,288.617036576586,491737.787215289,5648510.46939679
0.00397061611731952,288.617036576586,492237.787215289,5648510.46939679
0.00501012957937275,288.617036576586,492737.787215289,5648510.46939679
0.00419979014227769,288.617036576586,493237.787215289,5648510.46939679
0.00471560244791541,288.617036576586,493737.787215289,5648510.46939679
0.0033412181554104,288.617036576586,494237.787215289,5648510.46939679
0.00276690173412913,288.617036576586,494737.787215289,5648510.46939679
0.00276690173412913,288.617036576586,495237.787215289,5648510.46939679
0.00274031017847188,288.617036576586,495737.787215289,5648510.46939679
0.00293195841211731,288.617036576586,496237.787215289,5648510.46939679
0.00456984382053518,288.617036576586,496737.787215289,5648510.46939679
0.00434312144597223,288.617036576586,497237.787215289,5648510.46939679
0.00398158386870495,288.617036576586,497737.787215289,5648510.46939679
0.00397358942992618,288.617036576586,498237.787215289,5648510.46939679
0.00383546626577411,288.617036576586,498737.787215289,5648510.46939679
0.00362001449018769,288.617036576586,499237.787215289,5648510.46939679
0.00347272560701624,288.617036576586,499737.787215289,5648510.46939679
0.0033424809420139,288.617036576586,500237.787215289,5648510.46939679
0.00312399879510381,288.617036576586,500737.787215289,5648510.46939679
0.000988766521485039,288.617036576586,501237.787215289,5648510.46939679
0.00104775037166272,288.617036576586,501737.787215289,5648510.46939679
0.00335087490635786,288.617036576586,502237.787215289,5648510.46939679
0.00351664293216388,288.617036576586,502737.787215289,5648510.46939679
0.0031929208778526,288.617036576586,503237.787215289,5648510.46939679
0.00362001449018769,288.617036576586,503737.787215289,5648510.46939679
0.00176711236815176,288.617036576586,504237.787215289,5648510.46939679
0.000915254050521544,288.617036576586,504737.787215289,5648510.46939679
0.000924135537448159,288.617036576586,505237.787215289,5648510.46939679
0.000951300459271034,288.617036576586,505737.787215289,5648510.46939679
0.000979263892727472,288.617036576586,506237.787215289,5648510.46939679
0.00113190484082892,288.617036576586,506737.787215289,5648510.46939679
0.00127097807214739,288.617036576586,507237.787215289,5648510.46939679
0.0016337378185634,288.617036576586,507737.787215289,5648510.46939679
0.000942157901442742,288.617036576586,508237.787215289,5648510.46939679
0.00176711236815176,288.617036576586,508737.787215289,5648510.46939679
0.000942157901442742,288.617036576586,509237.787215289,5648510.46939679
0.00157183268583324,288.617036576586,509737.787215289,5648510.46939679
0.00291979779125678,288.617036576586,510237.787215289,5648510.46939679
0.00195116303311204,288.617036576586,510737.787215289,5648510.46939679
0.00335087490635786,288.617036576586,511237.787215289,5648510.46939679
0.00362001449018769,288.617036576586,511737.787215289,5648510.46939679
0.00358522401837277,288.617036576586,512237.787215289,5648510.46939679
0.00316223502725467,288.617036576586,512737.787215289,5648510.46939679
0.00312555003886807,288.617036576586,513237.787215289,5648510.46939679
0.00298294600686339,288.617036576586,513737.787215289,5648510.46939679
0.00296505411748606,288.617036576586,514237.787215289,5648510.46939679
0.00160073884759188,288.617036576586,514737.787215289,5648510.46939679
0.00186607124799975,288.617036576586,515237.787215289,5648510.46939679
0.00166642301728194,288.617036576586,515737.787215289,5648510.46939679
0.0014086998084759,288.617036576586,516237.787215289,5648510.46939679
0.00130461001096475,288.617036576586,516737.787215289,5648510.46939679
0.000535358155853459,288.617036576586,517237.787215289,5648510.46939679
0.000545798636888202,288.617036576586,517737.787215289,5648510.46939679
0.000412483050017298,288.617036576586,518237.787215289,5648510.46939679
0.000408518844911307,288.617036576586,518737.787215289,5648510.46939679
0.00112471776647314,288.617036576586,519237.787215289,5648510.46939679
0.00119966808585476,288.617036576586,519737.787215289,5648510.46939679
0.00150752026076199,288.617036576586,520237.787215289,5648510.46939679
0.00166126619142491,288.617036576586,520737.787215289,5648510.46939679
0.00163853756954437,288.617036576586,521237.787215289,5648510.46939679
0.00159174820394833,288.617036576586,521737.787215289,5648510.46939679
0.00171951462810451,288.617036576586,522237.787215289,5648510.46939679
0.00139678379997415,288.617036576586,522737.787215289,5648510.46939679
0.000589148862754915,288.617036576586,523237.787215289,5648510.46939679
0.00135689784978883,288.617036576586,523737.787215289,5648510.46939679
0.00160857562444913,288.617036576586,524237.787215289,5648510.46939679
0.0118715366815117,288.617036576586,486737.787215289,5649010.46939679
0.0116366479703539,288.617036576586,487237.787215289,5649010.46939679
0.0131872312838187,288.617036576586,487737.787215289,5649010.46939679
0.0123383401594402,288.617036576586,488237.787215289,5649010.46939679
0.0077640670984952,288.617036576586,488737.787215289,5649010.46939679
0.00699685792332313,288.617036576586,489237.787215289,5649010.46939679
0.00564705308185343,288.617036576586,489737.787215289,5649010.46939679
0.00490308332241707,288.617036576586,490237.787215289,5649010.46939679
0.00778916344372477,288.617036576586,490737.787215289,5649010.46939679
0.00472222354329287,288.617036576586,491237.787215289,5649010.46939679
0.00397367804868305,288.617036576586,491737.787215289,5649010.46939679
0.00352881146290637,288.617036576586,492237.787215289,5649010.46939679
0.00367085963886571,288.617036576586,492737.787215289,5649010.46939679
0.0028534245056197,288.617036576586,493237.787215289,5649010.46939679
0.00276690173412913,288.617036576586,493737.787215289,5649010.46939679
0.004312581221985,288.617036576586,494237.787215289,5649010.46939679
0.00244614319454529,288.617036576586,494737.787215289,5649010.46939679
0.00230843582874283,288.617036576586,495237.787215289,5649010.46939679
0.00381422594029542,288.617036576586,495737.787215289,5649010.46939679
0.00385123861213729,288.617036576586,496237.787215289,5649010.46939679
0.00383546626577411,288.617036576586,496737.787215289,5649010.46939679
0.00355076790348719,288.617036576586,497237.787215289,5649010.46939679
0.00348284592191814,288.617036576586,497737.787215289,5649010.46939679
0.00334113806757445,288.617036576586,498237.787215289,5649010.46939679
0.00327854324315293,288.617036576586,498737.787215289,5649010.46939679
0.00164959136334566,288.617036576586,499237.787215289,5649010.46939679
0.00166559874852955,288.617036576586,499737.787215289,5649010.46939679
0.00111025284277486,288.617036576586,500237.787215289,5649010.46939679
0.000960531735098204,288.617036576586,500737.787215289,5649010.46939679
0.00145497061357856,288.617036576586,501237.787215289,5649010.46939679
0.00324703451118402,288.617036576586,501737.787215289,5649010.46939679
0.00135986607630207,288.617036576586,502237.787215289,5649010.46939679
0.00168176146695906,288.617036576586,502737.787215289,5649010.46939679
0.0016337378185634,288.617036576586,503237.787215289,5649010.46939679
0.00164959136334566,288.617036576586,503737.787215289,5649010.46939679
0.00158708551256709,288.617036576586,504237.787215289,5649010.46939679
0.00100804931003039,288.617036576586,504737.787215289,5649010.46939679
0.000942157901442742,288.617036576586,505237.787215289,5649010.46939679
0.000960531735098204,288.617036576586,505737.787215289,5649010.46939679
0.00105791758285723,288.617036576586,506237.787215289,5649010.46939679
0.00189069836460934,288.617036576586,506737.787215289,5649010.46939679
0.0009698525898303,288.617036576586,507237.787215289,5649010.46939679
0.00190904541567989,288.617036576586,507737.787215289,5649010.46939679
0.00181905655532763,288.617036576586,508237.787215289,5649010.46939679
0.00207170060471182,288.617036576586,508737.787215289,5649010.46939679
0.0022121558042912,288.617036576586,509237.787215289,5649010.46939679
0.0014977394081664,288.617036576586,509737.787215289,5649010.46939679
0.00145497061357856,288.617036576586,510237.787215289,5649010.46939679
0.00161803663568588,288.617036576586,510737.787215289,5649010.46939679
0.00146908942843193,288.617036576586,511237.787215289,5649010.46939679
0.00161803663568588,288.617036576586,511737.787215289,5649010.46939679
0.00164959136334566,288.617036576586,512237.787215289,5649010.46939679
0.00168176146695906,288.617036576586,512737.787215289,5649010.46939679
0.00168176146695906,288.617036576586,513237.787215289,5649010.46939679
0.00161803663568588,288.617036576586,513737.787215289,5649010.46939679
0.00164959136334566,288.617036576586,514237.787215289,5649010.46939679
0.00239427915387045,288.617036576586,514737.787215289,5649010.46939679
0.00205526742322724,288.617036576586,515237.787215289,5649010.46939679
0.00132168808384841,288.617036576586,515737.787215289,5649010.46939679
0.00147838829065746,288.617036576586,516237.787215289,5649010.46939679
0.00118451506786949,288.617036576586,516737.787215289,5649010.46939679
0.000561842362836714,288.617036576586,517237.787215289,5649010.46939679
0.000556442726746393,288.617036576586,517737.787215289,5649010.46939679
0.000437089302246098,288.617036576586,518237.787215289,5649010.46939679
0.00108871620606069,288.617036576586,518737.787215289,5649010.46939679
0.00133198459908853,288.617036576586,519237.787215289,5649010.46939679
0.00129169200129134,288.617036576586,519737.787215289,5649010.46939679
0.00166468607394065,288.617036576586,520237.787215289,5649010.46939679
0.00149534969995127,288.617036576586,520737.787215289,5649010.46939679
0.00152361519362581,288.617036576586,521237.787215289,5649010.46939679
0.00146588279634678,288.617036576586,521737.787215289,5649010.46939679
0.000958999165035784,288.617036576586,522237.787215289,5649010.46939679
0.000524682891337725,288.617036576586,522737.787215289,5649010.46939679
0.000787128060850362,288.617036576586,523237.787215289,5649010.46939679
0.00165040771038976,288.617036576586,523737.787215289,5649010.46939679
0.00164065626713341,288.617036576586,524237.787215289,5649010.46939679
0.0127017927063744,288.617036576586,486737.787215289,5649510.46939679
0.0134504889504092,288.617036576586,487237.787215289,5649510.46939679
0.00952875872897207,288.617036576586,487737.787215289,5649510.46939679
0.00830215828061619,288.617036576586,488237.787215289,5649510.46939679
0.0073585064624368,288.617036576586,488737.787215289,5649510.46939679
0.0012530239508173,288.617036576586,489237.787215289,5649510.46939679
0.0012530239508173,288.617036576586,489737.787215289,5649510.46939679
0.00485270893253436,288.617036576586,490237.787215289,5649510.46939679
0.00397061611731952,288.617036576586,490737.787215289,5649510.46939679
0.00397061611731952,288.617036576586,491237.787215289,5649510.46939679
0.00378382985603523,288.617036576586,491737.787215289,5649510.46939679
0.00448184259974184,288.617036576586,492237.787215289,5649510.46939679
0.00499672139294861,288.617036576586,492737.787215289,5649510.46939679
0.00271284340370067,288.617036576586,493237.787215289,5649510.46939679
0.00442782040234839,288.617036576586,493737.787215289,5649510.46939679
0.00417582898582009,288.617036576586,494237.787215289,5649510.46939679
0.00344937372085081,288.617036576586,494737.787215289,5649510.46939679
0.00331867102449469,288.617036576586,495237.787215289,5649510.46939679
0.00358522401837277,288.617036576586,495737.787215289,5649510.46939679
0.00358522401837277,288.617036576586,496237.787215289,5649510.46939679
0.00365514256348105,288.617036576586,496737.787215289,5649510.46939679
0.00321582859669123,288.617036576586,497237.787215289,5649510.46939679
0.00327854324315293,288.617036576586,497737.787215289,5649510.46939679
0.00327854324315293,288.617036576586,498237.787215289,5649510.46939679
0.00113190484082892,288.617036576586,498737.787215289,5649510.46939679
0.00100804931003039,288.617036576586,499237.787215289,5649510.46939679
0.00161803663568588,288.617036576586,499737.787215289,5649510.46939679
0.00151227324493612,288.617036576586,500237.787215289,5649510.46939679
0.00125876322413606,288.617036576586,500737.787215289,5649510.46939679
0.00160248635042544,288.617036576586,501237.787215289,5649510.46939679
0.00164959136334566,288.617036576586,501737.787215289,5649510.46939679
0.00116517713181445,288.617036576586,502237.787215289,5649510.46939679
0.0014977394081664,288.617036576586,502737.787215289,5649510.46939679
0.00160248635042544,288.617036576586,503237.787215289,5649510.46939679
0.00105791758285723,288.617036576586,503737.787215289,5649510.46939679
0.00119942746027054,288.617036576586,504237.787215289,5649510.46939679
0.00123468457556385,288.617036576586,504737.787215289,5649510.46939679
0.00107854894587912,288.617036576586,505237.787215289,5649510.46939679
0.000960531735098204,288.617036576586,505737.787215289,5649510.46939679
0.00180157435021784,288.617036576586,506237.787215289,5649510.46939679
0.00187177533319773,288.617036576586,506737.787215289,5649510.46939679
0.00185453154577911,288.617036576586,507237.787215289,5649510.46939679
0.00192679608344039,288.617036576586,507737.787215289,5649510.46939679
0.00195116303311204,288.617036576586,508237.787215289,5649510.46939679
0.002107606071683,288.617036576586,508737.787215289,5649510.46939679
0.00224251714005748,288.617036576586,509237.787215289,5649510.46939679
0.00208239141999315,288.617036576586,509737.787215289,5649510.46939679
0.00139983927736988,288.617036576586,510237.787215289,5649510.46939679
0.00145497061357856,288.617036576586,510737.787215289,5649510.46939679
0.0014977394081664,288.617036576586,511237.787215289,5649510.46939679
0.00164959136334566,288.617036576586,511737.787215289,5649510.46939679
0.00157183268583324,288.617036576586,512237.787215289,5649510.46939679
0.00112102656849913,288.617036576586,512737.787215289,5649510.46939679
0.00135986607630207,288.617036576586,513237.787215289,5649510.46939679
0.00161803663568588,288.617036576586,513737.787215289,5649510.46939679
0.00164959136334566,288.617036576586,514237.787215289,5649510.46939679
0.00252969448608724,288.617036576586,514737.787215289,5649510.46939679
0.00203872649136691,288.617036576586,515237.787215289,5649510.46939679
0.00115836408834326,288.617036576586,515737.787215289,5649510.46939679
0.00149093970047001,288.617036576586,516237.787215289,5649510.46939679
0.00116784025615154,288.617036576586,516737.787215289,5649510.46939679
0.000530213048594194,288.617036576586,517237.787215289,5649510.46939679
0.000486076143050829,288.617036576586,517737.787215289,5649510.46939679
0.000540553190455666,288.617036576586,518237.787215289,5649510.46939679
0.00105762729998826,288.617036576586,518737.787215289,5649510.46939679
0.0013876527863982,288.617036576586,519237.787215289,5649510.46939679
0.00146654558217775,288.617036576586,519737.787215289,5649510.46939679
0.00173620053807773,288.617036576586,520237.787215289,5649510.46939679
0.00142402368529918,288.617036576586,520737.787215289,5649510.46939679
0.000707801153819295,288.617036576586,521237.787215289,5649510.46939679
0.0007646511745741,288.617036576586,521737.787215289,5649510.46939679
0.00152361519362581,288.617036576586,522237.787215289,5649510.46939679
0.000735677227887901,288.617036576586,522737.787215289,5649510.46939679
0.000779563296485474,288.617036576586,523237.787215289,5649510.46939679
0.00156264183911507,288.617036576586,523737.787215289,5649510.46939679
0.00193710808407428,288.617036576586,524237.787215289,5649510.46939679
0.00943718174415885,288.617036576586,486737.787215289,5650010.46939679
0.00963144702996866,288.617036576586,487237.787215289,5650010.46939679
0.00838767073817482,288.617036576586,487737.787215289,5650010.46939679
0.00667218028888787,288.617036576586,488237.787215289,5650010.46939679
0.00617198213239341,288.617036576586,488737.787215289,5650010.46939679
0.00695081102023618,288.617036576586,489237.787215289,5650010.46939679
0.00467684019316208,288.617036576586,489737.787215289,5650010.46939679
0.00343551210021281,288.617036576586,490237.787215289,5650010.46939679
0.00300448959093969,288.617036576586,490737.787215289,5650010.46939679
0.00298750133645684,288.617036576586,491237.787215289,5650010.46939679
0.00280726463799613,288.617036576586,491737.787215289,5650010.46939679
0.00229152354555048,288.617036576586,492237.787215289,5650010.46939679
0.00388861044935066,288.617036576586,492737.787215289,5650010.46939679
0.00341622320735433,288.617036576586,493237.787215289,5650010.46939679
0.0033749158717168,288.617036576586,493737.787215289,5650010.46939679
0.00312662619289569,288.617036576586,494237.787215289,5650010.46939679
0.00213122850730867,288.617036576586,494737.787215289,5650010.46939679
0.0012530239508173,288.617036576586,495237.787215289,5650010.46939679
0.0016337378185634,288.617036576586,495737.787215289,5650010.46939679
0.00164959136334566,288.617036576586,496237.787215289,5650010.46939679
0.00118790025579009,288.617036576586,496737.787215289,5650010.46939679
0.00122281852943533,288.617036576586,497237.787215289,5650010.46939679
0.00122281852943533,288.617036576586,497737.787215289,5650010.46939679
0.00100804931003039,288.617036576586,498237.787215289,5650010.46939679
0.00161803663568588,288.617036576586,498737.787215289,5650010.46939679
0.00119942746027054,288.617036576586,499237.787215289,5650010.46939679
0.00324703451118402,288.617036576586,499737.787215289,5650010.46939679
0.000988766521485039,288.617036576586,500237.787215289,5650010.46939679
0.00303479124535788,288.617036576586,500737.787215289,5650010.46939679
0.00163606946026582,288.617036576586,501237.787215289,5650010.46939679
0.0025753165773456,288.617036576586,501737.787215289,5650010.46939679
0.00327722605630991,288.617036576586,502237.787215289,5650010.46939679
0.00362001449018769,288.617036576586,502737.787215289,5650010.46939679
0.00365514256348105,288.617036576586,503237.787215289,5650010.46939679
0.00202800773015367,288.617036576586,503737.787215289,5650010.46939679
0.00214360322046663,288.617036576586,504237.787215289,5650010.46939679
0.00208239141999315,288.617036576586,504737.787215289,5650010.46939679
0.00107854894587912,288.617036576586,505237.787215289,5650010.46939679
0.00185453154577911,288.617036576586,505737.787215289,5650010.46939679
0.00218350537550551,288.617036576586,506237.787215289,5650010.46939679
0.00384552997224642,288.617036576586,506737.787215289,5650010.46939679
0.00250462842982132,288.617036576586,507237.787215289,5650010.46939679
0.00258822316758692,288.617036576586,507737.787215289,5650010.46939679
0.00279375133022203,288.617036576586,508237.787215289,5650010.46939679
0.00282600141515753,288.617036576586,508737.787215289,5650010.46939679
0.00266205907384647,288.617036576586,509237.787215289,5650010.46939679
0.00233621252218491,288.617036576586,509737.787215289,5650010.46939679
0.00206755765764329,288.617036576586,510237.787215289,5650010.46939679
0.00243644060457833,288.617036576586,510737.787215289,5650010.46939679
0.00310174521911282,288.617036576586,511237.787215289,5650010.46939679
0.00250805966462682,288.617036576586,511737.787215289,5650010.46939679
0.00248395573374233,288.617036576586,512237.787215289,5650010.46939679
0.00206755765764329,288.617036576586,512737.787215289,5650010.46939679
0.00287113773959002,288.617036576586,513237.787215289,5650010.46939679
0.00287113773959002,288.617036576586,513737.787215289,5650010.46939679
0.00357801881675189,288.617036576586,514237.787215289,5650010.46939679
0.00160248635042544,288.617036576586,514737.787215289,5650010.46939679
0.0016337378185634,288.617036576586,515237.787215289,5650010.46939679
0.0015567264477498,288.617036576586,515737.787215289,5650010.46939679
0.00160248635042544,288.617036576586,516237.787215289,5650010.46939679
0.00126543497213543,288.617036576586,516737.787215289,5650010.46939679
0.00113159425653585,288.617036576586,517237.787215289,5650010.46939679
0.000540553190455666,288.617036576586,517737.787215289,5650010.46939679
0.00117616101817588,288.617036576586,518237.787215289,5650010.46939679
0.001215054195034,288.617036576586,518737.787215289,5650010.46939679
0.00152773262470583,288.617036576586,519237.787215289,5650010.46939679
0.00161718425846,288.617036576586,519737.787215289,5650010.46939679
0.00166594970636388,288.617036576586,520237.787215289,5650010.46939679
0.00142486168839247,288.617036576586,520737.787215289,5650010.46939679
0.000714669549201657,288.617036576586,521237.787215289,5650010.46939679
0.000540105920912311,288.617036576586,521737.787215289,5650010.46939679
0.000694261756643532,288.617036576586,522237.787215289,5650010.46939679
0.000757302426327545,288.617036576586,522737.787215289,5650010.46939679
0.00141116792817561,288.617036576586,523237.787215289,5650010.46939679
0.00178060581686267,288.617036576586,523737.787215289,5650010.46939679
0.00205842248902481,288.617036576586,524237.787215289,5650010.46939679
0.0112407613607717,288.617036576586,486737.787215289,5650510.46939679
0.00888802861175777,288.617036576586,487237.787215289,5650510.46939679
0.00713330968305169,288.617036576586,487737.787215289,5650510.46939679
0.00629234727803557,288.617036576586,488237.787215289,5650510.46939679
0.00544219332956435,288.617036576586,488737.787215289,5650510.46939679
0.00496256569619875,288.617036576586,489237.787215289,5650510.46939679
0.00397061611731952,288.617036576586,489737.787215289,5650510.46939679
0.00329814977243397,288.617036576586,490237.787215289,5650510.46939679
0.0035631052913616,288.617036576586,490737.787215289,5650510.46939679
0.00457174864345749,288.617036576586,491237.787215289,5650510.46939679
0.00279375133022203,288.617036576586,491737.787215289,5650510.46939679
0.00293299562071633,288.617036576586,492237.787215289,5650510.46939679
0.00365514256348105,288.617036576586,492737.787215289,5650510.46939679
0.003005625113683,288.617036576586,493237.787215289,5650510.46939679
0.00142713875019433,288.617036576586,493737.787215289,5650510.46939679
0.00167483755181882,288.617036576586,494237.787215289,5650510.46939679
0.00107735079867145,288.617036576586,494737.787215289,5650510.46939679
0.00148546225422022,288.617036576586,495237.787215289,5650510.46939679
0.00146908942843193,288.617036576586,495737.787215289,5650510.46939679
0.00138638599726374,288.617036576586,496237.787215289,5650510.46939679
0.00145497061357856,288.617036576586,496737.787215289,5650510.46939679
0.00117648383453541,288.617036576586,497237.787215289,5650510.46939679
0.00245392093010843,288.617036576586,497737.787215289,5650510.46939679
0.00198423135048753,288.617036576586,498237.787215289,5650510.46939679
0.00181905655532763,288.617036576586,498737.787215289,5650510.46939679
0.00289173681441888,288.617036576586,499237.787215289,5650510.46939679
0.00337355996622682,288.617036576586,499737.787215289,5650510.46939679
0.00148334525012997,288.617036576586,500237.787215289,5650510.46939679
0.00158708551256709,288.617036576586,500737.787215289,5650510.46939679
0.0012530239508173,288.617036576586,501237.787215289,5650510.46939679
0.00161803663568588,288.617036576586,501737.787215289,5650510.46939679
0.00312274369800569,288.617036576586,502237.787215289,5650510.46939679
0.00385123861213729,288.617036576586,502737.787215289,5650510.46939679
0.00308416892969838,288.617036576586,503237.787215289,5650510.46939679
0.00229898187038944,288.617036576586,503737.787215289,5650510.46939679
0.00258178396366722,288.617036576586,504237.787215289,5650510.46939679
0.00301317313279612,288.617036576586,504737.787215289,5650510.46939679
0.00190904541567989,288.617036576586,505237.787215289,5650510.46939679
0.00198343416611796,288.617036576586,505737.787215289,5650510.46939679
0.00243152113326303,288.617036576586,506237.787215289,5650510.46939679
0.00316745095925668,288.617036576586,506737.787215289,5650510.46939679
0.00448429651041487,288.617036576586,507237.787215289,5650510.46939679
0.00508412797153859,288.617036576586,507737.787215289,5650510.46939679
0.00329039643060209,288.617036576586,508237.787215289,5650510.46939679
0.00300448959093969,288.617036576586,508737.787215289,5650510.46939679
0.00283450590960558,288.617036576586,509237.787215289,5650510.46939679
0.00261333889388498,288.617036576586,509737.787215289,5650510.46939679
0.00233083654100652,288.617036576586,510237.787215289,5650510.46939679
0.00217848079675244,288.617036576586,510737.787215289,5650510.46939679
0.00228625040052034,288.617036576586,511237.787215289,5650510.46939679
0.00215754431294438,288.617036576586,511737.787215289,5650510.46939679
0.0022209652292662,288.617036576586,512237.787215289,5650510.46939679
0.00228625040052034,288.617036576586,512737.787215289,5650510.46939679
0.0029960987442514,288.617036576586,513237.787215289,5650510.46939679
0.0026426154532139,288.617036576586,513737.787215289,5650510.46939679
0.00365514256348105,288.617036576586,514237.787215289,5650510.46939679
0.00245357846163933,288.617036576586,514737.787215289,5650510.46939679
0.00164959136334566,288.617036576586,515237.787215289,5650510.46939679
0.00169808102596453,288.617036576586,515737.787215289,5650510.46939679
0.00144304404069634,288.617036576586,516237.787215289,5650510.46939679
0.00129602446393031,288.617036576586,516737.787215289,5650510.46939679
0.00115366245190228,288.617036576586,517237.787215289,5650510.46939679
0.000424607970391988,288.617036576586,517737.787215289,5650510.46939679
0.000988495213032236,288.617036576586,518237.787215289,5650510.46939679
0.00115354622112162,288.617036576586,518737.787215289,5650510.46939679
0.00161586263132188,288.617036576586,519237.787215289,5650510.46939679
0.00184190502727371,288.617036576586,519737.787215289,5650510.46939679
0.00102792469695178,288.617036576586,520237.787215289,5650510.46939679
0.00106102563416045,288.617036576586,520737.787215289,5650510.46939679
0.000931066492474412,288.617036576586,521237.787215289,5650510.46939679
0.000700998767762756,288.617036576586,521737.787215289,5650510.46939679
0.00123198958702304,288.617036576586,522237.787215289,5650510.46939679
0.00137006498137026,288.617036576586,522737.787215289,5650510.46939679
0.0015764505660035,288.617036576586,523237.787215289,5650510.46939679
0.00184579640157933,288.617036576586,523737.787215289,5650510.46939679
0.00221499961680699,288.617036576586,524237.787215289,5650510.46939679
0.0123694316874912,288.617036576586,486737.787215289,5651010.46939679
0.0119099098922511,288.617036576586,487237.787215289,5651010.46939679
0.0061126657481631,288.617036576586,487737.787215289,5651010.46939679
0.00522701391625307,288.617036576586,488237.787215289,5651010.46939679
0.00652023347677274,288.617036576586,488737.787215289,5651010.46939679
0.00535388075890017,288.617036576586,489237.787215289,5651010.46939679
0.00530544735733663,288.617036576586,489737.787215289,5651010.46939679
0.00393616925751707,288.617036576586,490237.787215289,5651010.46939679
0.00275676788506255,288.617036576586,490737.787215289,5651010.46939679
0.00388861044935066,288.617036576586,491237.787215289,5651010.46939679
0.00392634493722201,288.617036576586,491737.787215289,5651010.46939679
0.00324703451118402,288.617036576586,492237.787215289,5651010.46939679
0.00164959136334566,288.617036576586,492737.787215289,5651010.46939679
0.00122281852943533,288.617036576586,493237.787215289,5651010.46939679
0.00142713875019433,288.617036576586,493737.787215289,5651010.46939679
0.00109958265890165,288.617036576586,494237.787215289,5651010.46939679
0.00218540747529043,288.617036576586,494737.787215289,5651010.46939679
0.00204768721054731,288.617036576586,495237.787215289,5651010.46939679
0.00229927945295858,288.617036576586,495737.787215289,5651010.46939679
0.00284354441451447,288.617036576586,496237.787215289,5651010.46939679
0.00250805966462682,288.617036576586,496737.787215289,5651010.46939679
0.00243644060457833,288.617036576586,497237.787215289,5651010.46939679
0.00215754431294438,288.617036576586,497737.787215289,5651010.46939679
0.00272029501350081,288.617036576586,498237.787215289,5651010.46939679
0.00254248221364072,288.617036576586,498737.787215289,5651010.46939679
0.00290480780496244,288.617036576586,499237.787215289,5651010.46939679
0.00303479124535788,288.617036576586,499737.787215289,5651010.46939679
0.00208239141999315,288.617036576586,500237.787215289,5651010.46939679
0.000988766521485039,288.617036576586,500737.787215289,5651010.46939679
0.00246342980911543,288.617036576586,501237.787215289,5651010.46939679
0.00225836475255766,288.617036576586,501737.787215289,5651010.46939679
0.00166797586158737,288.617036576586,502237.787215289,5651010.46939679
0.00366246669401374,288.617036576586,502737.787215289,5651010.46939679
0.00409595032657801,288.617036576586,503237.787215289,5651010.46939679
0.0026867713804448,288.617036576586,503737.787215289,5651010.46939679
0.00430138149032717,288.617036576586,504237.787215289,5651010.46939679
0.004557975980401,288.617036576586,504737.787215289,5651010.46939679
0.0028548682060549,288.617036576586,505237.787215289,5651010.46939679
0.00374989339512501,288.617036576586,505737.787215289,5651010.46939679
0.00322922215169491,288.617036576586,506237.787215289,5651010.46939679
0.00382490802651202,288.617036576586,506737.787215289,5651010.46939679
0.00606151925457936,288.617036576586,507237.787215289,5651010.46939679
0.00514274407362956,288.617036576586,507737.787215289,5651010.46939679
0.0038271706595556,288.617036576586,508237.787215289,5651010.46939679
0.00376252516422369,288.617036576586,508737.787215289,5651010.46939679
0.00333015451916981,288.617036576586,509237.787215289,5651010.46939679
0.00373994127839697,288.617036576586,509737.787215289,5651010.46939679
0.00282086147073596,288.617036576586,510237.787215289,5651010.46939679
0.00263647511791774,288.617036576586,510737.787215289,5651010.46939679
0.00326055803522044,288.617036576586,511237.787215289,5651010.46939679
0.00279375133022203,288.617036576586,511737.787215289,5651010.46939679
0.00290378056454908,288.617036576586,512237.787215289,5651010.46939679
0.00287587352269565,288.617036576586,512737.787215289,5651010.46939679
0.00263457675351237,288.617036576586,513237.787215289,5651010.46939679
0.00275985962412356,288.617036576586,513737.787215289,5651010.46939679
0.00306742612621554,288.617036576586,514237.787215289,5651010.46939679
0.00171562682943045,288.617036576586,514737.787215289,5651010.46939679
0.00218266648295697,288.617036576586,515237.787215289,5651010.46939679
0.00183350313800006,288.617036576586,515737.787215289,5651010.46939679
0.00161886794359979,288.617036576586,516237.787215289,5651010.46939679
0.00138585359990254,288.617036576586,516737.787215289,5651010.46939679
0.000567294396179271,288.617036576586,517237.787215289,5651010.46939679
0.000449937522278753,288.617036576586,517737.787215289,5651010.46939679
0.00101350947179003,288.617036576586,518237.787215289,5651010.46939679
0.00125699958151517,288.617036576586,518737.787215289,5651010.46939679
0.00173246568363418,288.617036576586,519237.787215289,5651010.46939679
0.00204532950212089,288.617036576586,519737.787215289,5651010.46939679
0.0019000535023162,288.617036576586,520237.787215289,5651010.46939679
0.00169843882813023,288.617036576586,520737.787215289,5651010.46939679
0.00170453354936904,288.617036576586,521237.787215289,5651010.46939679
0.00106447989510936,288.617036576586,521737.787215289,5651010.46939679
0.00149848060696621,288.617036576586,522237.787215289,5651010.46939679
0.00170453354936904,288.617036576586,522737.787215289,5651010.46939679
0.00116542264595353,288.617036576586,523237.787215289,5651010.46939679
0.00209030464262718,288.617036576586,523737.787215289,5651010.46939679
0.00217321696437506,288.617036576586,524237.787215289,5651010.46939679
0.0100095894475351,288.617036576586,486737.787215289,5651510.46939679
0.0105791598048405,288.617036576586,487237.787215289,5651510.46939679
0.0100969618515187,288.617036576586,487737.787215289,5651510.46939679
0.00611482695078641,288.617036576586,488237.787215289,5651510.46939679
0.00463189300376155,288.617036576586,488737.787215289,5651510.46939679
0.00414716101978897,288.617036576586,489237.787215289,5651510.46939679
0.00419875627969006,288.617036576586,489737.787215289,5651510.46939679
0.00338897200686254,288.617036576586,490237.787215289,5651510.46939679
0.00379860517547234,288.617036576586,490737.787215289,5651510.46939679
0.00358522401837277,288.617036576586,491237.787215289,5651510.46939679
0.00344937372085081,288.617036576586,491737.787215289,5651510.46939679
0.00154396576979281,288.617036576586,492237.787215289,5651510.46939679
0.00157183268583324,288.617036576586,492737.787215289,5651510.46939679
0.0014977394081664,288.617036576586,493237.787215289,5651510.46939679
0.00106818345513196,288.617036576586,493737.787215289,5651510.46939679
0.00286394552009923,288.617036576586,494237.787215289,5651510.46939679
0.00204768721054731,288.617036576586,494737.787215289,5651510.46939679
0.00376209834196338,288.617036576586,495237.787215289,5651510.46939679
0.0022209652292662,288.617036576586,495737.787215289,5651510.46939679
0.00249384754228275,288.617036576586,496237.787215289,5651510.46939679
0.00353064719082173,288.617036576586,496737.787215289,5651510.46939679
0.00366969836652325,288.617036576586,497237.787215289,5651510.46939679
0.00361506200843843,288.617036576586,497737.787215289,5651510.46939679
0.00252893296542301,288.617036576586,498237.787215289,5651510.46939679
0.00238656489075919,288.617036576586,498737.787215289,5651510.46939679
0.00183597048953053,288.617036576586,499237.787215289,5651510.46939679
0.00105791758285723,288.617036576586,499737.787215289,5651510.46939679
0.00265101789025683,288.617036576586,500237.787215289,5651510.46939679
0.00148334525012997,288.617036576586,500737.787215289,5651510.46939679
0.00172660037756624,288.617036576586,501237.787215289,5651510.46939679
0.0012530239508173,288.617036576586,501737.787215289,5651510.46939679
0.00165194563094663,288.617036576586,502237.787215289,5651510.46939679
0.00351664293216388,288.617036576586,502737.787215289,5651510.46939679
0.00394820962109591,288.617036576586,503237.787215289,5651510.46939679
0.00504444135988871,288.617036576586,503737.787215289,5651510.46939679
0.00479791338200663,288.617036576586,504237.787215289,5651510.46939679
0.00444119977923376,288.617036576586,504737.787215289,5651510.46939679
0.00421910116048063,288.617036576586,505237.787215289,5651510.46939679
0.00419471352214031,288.617036576586,505737.787215289,5651510.46939679
0.0030621711499364,288.617036576586,506237.787215289,5651510.46939679
0.00352881146290637,288.617036576586,506737.787215289,5651510.46939679
0.00670085943808912,288.617036576586,507237.787215289,5651510.46939679
0.00591028407687976,288.617036576586,507737.787215289,5651510.46939679
0.00399001796386759,288.617036576586,508237.787215289,5651510.46939679
0.00393245615732711,288.617036576586,508737.787215289,5651510.46939679
0.0036117173732643,288.617036576586,509237.787215289,5651510.46939679
0.00311508269161523,288.617036576586,509737.787215289,5651510.46939679
0.00341998555901704,288.617036576586,510237.787215289,5651510.46939679
0.00316571765689874,288.617036576586,510737.787215289,5651510.46939679
0.00293035397672289,288.617036576586,511237.787215289,5651510.46939679
0.00570567319820684,288.617036576586,511737.787215289,5651510.46939679
0.00391507815616808,288.617036576586,512237.787215289,5651510.46939679
0.00285385862600934,288.617036576586,512737.787215289,5651510.46939679
0.0026353766283396,288.617036576586,513237.787215289,5651510.46939679
0.00256715407663738,288.617036576586,513737.787215289,5651510.46939679
0.00337517721292158,288.617036576586,514237.787215289,5651510.46939679
0.00259332056278657,288.617036576586,514737.787215289,5651510.46939679
0.00224976578739864,288.617036576586,515237.787215289,5651510.46939679
0.00182647125955602,288.617036576586,515737.787215289,5651510.46939679
0.00137047250357579,288.617036576586,516237.787215289,5651510.46939679
0.00103622698736826,288.617036576586,516737.787215289,5651510.46939679
0.000595358491298735,288.617036576586,517237.787215289,5651510.46939679
0.000578357693375114,288.617036576586,517737.787215289,5651510.46939679
0.00124137232132948,288.617036576586,518237.787215289,5651510.46939679
0.00102731349029886,288.617036576586,518737.787215289,5651510.46939679
0.00158624944030728,288.617036576586,519237.787215289,5651510.46939679
0.00182022601607251,288.617036576586,519737.787215289,5651510.46939679
0.00197457086184904,288.617036576586,520237.787215289,5651510.46939679
0.00170527195103976,288.617036576586,520737.787215289,5651510.46939679
0.00172992066716619,288.617036576586,521237.787215289,5651510.46939679
0.00125140296247986,288.617036576586,521737.787215289,5651510.46939679
0.00168211583043516,288.617036576586,522237.787215289,5651510.46939679
0.00143992530701269,288.617036576586,522737.787215289,5651510.46939679
0.00184223802588449,288.617036576586,523237.787215289,5651510.46939679
0.00131526867645564,288.617036576586,523737.787215289,5651510.46939679
0.00207144022434276,288.617036576586,524237.787215289,5651510.46939679
0.00755736440862684,288.617036576586,486737.787215289,5652010.46939679
0.00759001762855776,288.617036576586,487237.787215289,5652010.46939679
0.00857382433168224,288.617036576586,487737.787215289,5652010.46939679
0.00722581149149798,288.617036576586,488237.787215289,5652010.46939679
0.00608401660678848,288.617036576586,488737.787215289,5652010.46939679
0.00583065123692845,288.617036576586,489237.787215289,5652010.46939679
0.00321365697987352,288.617036576586,489737.787215289,5652010.46939679
0.00405658583099978,288.617036576586,490237.787215289,5652010.46939679
0.00318364301559135,288.617036576586,490737.787215289,5652010.46939679
0.00164959136334566,288.617036576586,491237.787215289,5652010.46939679
0.00144304404069634,288.617036576586,491737.787215289,5652010.46939679
0.00225836475255766,288.617036576586,492237.787215289,5652010.46939679
0.00270271767609808,288.617036576586,492737.787215289,5652010.46939679
0.0022066143390132,288.617036576586,493237.787215289,5652010.46939679
0.00331867102449469,288.617036576586,493737.787215289,5652010.46939679
0.00214870831506816,288.617036576586,494237.787215289,5652010.46939679
0.00252728427640637,288.617036576586,494737.787215289,5652010.46939679
0.00284704796457493,288.617036576586,495237.787215289,5652010.46939679
0.00407149779684199,288.617036576586,495737.787215289,5652010.46939679
0.00448429651041487,288.617036576586,496237.787215289,5652010.46939679
0.00391722175042856,288.617036576586,496737.787215289,5652010.46939679
0.00274031017847188,288.617036576586,497237.787215289,5652010.46939679
0.00299503922020742,288.617036576586,497737.787215289,5652010.46939679
0.00319643730240818,288.617036576586,498237.787215289,5652010.46939679
0.00266205907384647,288.617036576586,498737.787215289,5652010.46939679
0.00183597048953053,288.617036576586,499237.787215289,5652010.46939679
0.0016337378185634,288.617036576586,499737.787215289,5652010.46939679
0.00139983927736988,288.617036576586,500237.787215289,5652010.46939679
0.00124666576800994,288.617036576586,500737.787215289,5652010.46939679
0.00111025284277486,288.617036576586,501237.787215289,5652010.46939679
0.00155259328209688,288.617036576586,501737.787215289,5652010.46939679
0.0015567264477498,288.617036576586,502237.787215289,5652010.46939679
0.0016337378185634,288.617036576586,502737.787215289,5652010.46939679
0.00337355996622682,288.617036576586,503237.787215289,5652010.46939679
0.00489148162809288,288.617036576586,503737.787215289,5652010.46939679
0.00541508674848458,288.617036576586,504237.787215289,5652010.46939679
0.00589215757705968,288.617036576586,504737.787215289,5652010.46939679
0.00403016169936395,288.617036576586,505237.787215289,5652010.46939679
0.00548947543829913,288.617036576586,505737.787215289,5652010.46939679
0.00392430346986007,288.617036576586,506237.787215289,5652010.46939679
0.0074182244800921,288.617036576586,506737.787215289,5652010.46939679
0.00750687361866883,288.617036576586,507237.787215289,5652010.46939679
0.00817449392690597,288.617036576586,507737.787215289,5652010.46939679
0.00629457200911107,288.617036576586,508237.787215289,5652010.46939679
0.00462123263144938,288.617036576586,508737.787215289,5652010.46939679
0.00736327602360562,288.617036576586,509237.787215289,5652010.46939679
0.00695737410872009,288.617036576586,509737.787215289,5652010.46939679
0.00585348276513025,288.617036576586,510237.787215289,5652010.46939679
0.00632362980415374,288.617036576586,510737.787215289,5652010.46939679
0.00650951261279562,288.617036576586,511237.787215289,5652010.46939679
0.00631268647881664,288.617036576586,511737.787215289,5652010.46939679
0.00390657633676272,288.617036576586,512237.787215289,5652010.46939679
0.00257180549344669,288.617036576586,512737.787215289,5652010.46939679
0.00248832608967996,288.617036576586,513237.787215289,5652010.46939679
0.00259008784218631,288.617036576586,513737.787215289,5652010.46939679
0.00337349696147535,288.617036576586,514237.787215289,5652010.46939679
0.00252969448608724,288.617036576586,514737.787215289,5652010.46939679
0.0021640866260203,288.617036576586,515237.787215289,5652010.46939679
0.00166905416745087,288.617036576586,515737.787215289,5652010.46939679
0.00150752026076199,288.617036576586,516237.787215289,5652010.46939679
0.00127388301470369,288.617036576586,516737.787215289,5652010.46939679
0.000540553190455666,288.617036576586,517237.787215289,5652010.46939679
0.000463163415151167,288.617036576586,517737.787215289,5652010.46939679
0.00116022969267012,288.617036576586,518237.787215289,5652010.46939679
0.00139930171370517,288.617036576586,518737.787215289,5652010.46939679
0.00190513550050995,288.617036576586,519237.787215289,5652010.46939679
0.00210626361325748,288.617036576586,519737.787215289,5652010.46939679
0.00237752535356764,288.617036576586,520237.787215289,5652010.46939679
0.00222339320359054,288.617036576586,520737.787215289,5652010.46939679
0.00206680451229081,288.617036576586,521237.787215289,5652010.46939679
0.00186370773078948,288.617036576586,521737.787215289,5652010.46939679
0.00199964307244001,288.617036576586,522237.787215289,5652010.46939679
0.00211059686264516,288.617036576586,522737.787215289,5652010.46939679
0.00128220541324001,288.617036576586,523237.787215289,5652010.46939679
0.00156547474456304,288.617036576586,523737.787215289,5652010.46939679
0.00184425197409459,288.617036576586,524237.787215289,5652010.46939679
0.00555082479848851,288.617036576586,486737.787215289,5652510.46939679
0.00685664997981317,288.617036576586,487237.787215289,5652510.46939679
0.00587131416662327,288.617036576586,487737.787215289,5652510.46939679
0.0054547845112951,288.617036576586,488237.787215289,5652510.46939679
0.00515982960205822,288.617036576586,488737.787215289,5652510.46939679
0.00329819677294039,288.617036576586,489237.787215289,5652510.46939679
0.00345797677249896,288.617036576586,489737.787215289,5652510.46939679
0.00290480780496244,288.617036576586,490237.787215289,5652510.46939679
0.00151227324493612,288.617036576586,490737.787215289,5652510.46939679
0.00130833841440174,288.617036576586,491237.787215289,5652510.46939679
0.00106818345513196,288.617036576586,491737.787215289,5652510.46939679
0.00297673928571539,288.617036576586,492237.787215289,5652510.46939679
0.00246501294135652,288.617036576586,492737.787215289,5652510.46939679
0.00377756898203426,288.617036576586,493237.787215289,5652510.46939679
0.00252728427640637,288.617036576586,493737.787215289,5652510.46939679
0.00256012196049519,288.617036576586,494237.787215289,5652510.46939679
0.00282600141515753,288.617036576586,494737.787215289,5652510.46939679
0.00315312190994982,288.617036576586,495237.787215289,5652510.46939679
0.00346201391892993,288.617036576586,495737.787215289,5652510.46939679
0.00317382300824833,288.617036576586,496237.787215289,5652510.46939679
0.00317382300824833,288.617036576586,496737.787215289,5652510.46939679
0.00317382300824833,288.617036576586,497237.787215289,5652510.46939679
0.00356649059602422,288.617036576586,497737.787215289,5652510.46939679
0.00381591915648823,288.617036576586,498237.787215289,5652510.46939679
0.00534617556660386,288.617036576586,498737.787215289,5652510.46939679
0.00365466949931601,288.617036576586,499237.787215289,5652510.46939679
0.00334113806757445,288.617036576586,499737.787215289,5652510.46939679
0.00327854324315293,288.617036576586,500237.787215289,5652510.46939679
0.00327722605630991,288.617036576586,500737.787215289,5652510.46939679
0.00318492258942025,288.617036576586,501237.787215289,5652510.46939679
0.00210259863149057,288.617036576586,501737.787215289,5652510.46939679
0.0033424809420139,288.617036576586,502237.787215289,5652510.46939679
0.00144098748885339,288.617036576586,502737.787215289,5652510.46939679
0.00318492258942025,288.617036576586,503237.787215289,5652510.46939679
0.00429857728771824,288.617036576586,503737.787215289,5652510.46939679
0.00504444135988871,288.617036576586,504237.787215289,5652510.46939679
0.00594435979444973,288.617036576586,504737.787215289,5652510.46939679
0.00482540877540441,288.617036576586,505237.787215289,5652510.46939679
0.00657267993900001,288.617036576586,505737.787215289,5652510.46939679
0.00705377401925037,288.617036576586,506237.787215289,5652510.46939679
0.00729592967372221,288.617036576586,506737.787215289,5652510.46939679
0.00736672827218538,288.617036576586,507237.787215289,5652510.46939679
0.00589946163787445,288.617036576586,507737.787215289,5652510.46939679
0.0053563909088914,288.617036576586,508237.787215289,5652510.46939679
0.0040480505260716,288.617036576586,508737.787215289,5652510.46939679
0.00780618287270491,288.617036576586,509237.787215289,5652510.46939679
0.00787823920363319,288.617036576586,509737.787215289,5652510.46939679
0.00736327602360562,288.617036576586,510237.787215289,5652510.46939679
0.00662941639648038,288.617036576586,510737.787215289,5652510.46939679
0.00613242415158012,288.617036576586,511237.787215289,5652510.46939679
0.00561441219655666,288.617036576586,511737.787215289,5652510.46939679
0.00338897200686254,288.617036576586,512237.787215289,5652510.46939679
0.00254407734397573,288.617036576586,512737.787215289,5652510.46939679
0.00221421919682488,288.617036576586,513237.787215289,5652510.46939679
0.00340607362772984,288.617036576586,513737.787215289,5652510.46939679
0.00288710340130417,288.617036576586,514237.787215289,5652510.46939679
0.00242375616987627,288.617036576586,514737.787215289,5652510.46939679
0.00147603271317888,288.617036576586,515237.787215289,5652510.46939679
0.00167950184150452,288.617036576586,515737.787215289,5652510.46939679
0.00146268230795774,288.617036576586,516237.787215289,5652510.46939679
0.00117604252067854,288.617036576586,516737.787215289,5652510.46939679
0.000595358491298735,288.617036576586,517237.787215289,5652510.46939679
0.000572799335229075,288.617036576586,517737.787215289,5652510.46939679
0.000822705860187401,288.617036576586,518237.787215289,5652510.46939679
0.00140725876240023,288.617036576586,518737.787215289,5652510.46939679
0.00200010648881096,288.617036576586,519237.787215289,5652510.46939679
0.0020426652041251,288.617036576586,519737.787215289,5652510.46939679
0.00265649077357882,288.617036576586,520237.787215289,5652510.46939679
0.00232192621504975,288.617036576586,520737.787215289,5652510.46939679
0.00175139466531448,288.617036576586,521237.787215289,5652510.46939679
0.00183273829782859,288.617036576586,521737.787215289,5652510.46939679
0.00225801847915383,288.617036576586,522237.787215289,5652510.46939679
0.00245041243103151,288.617036576586,522737.787215289,5652510.46939679
0.00146061532343223,288.617036576586,523237.787215289,5652510.46939679
0.00160854128705417,288.617036576586,523737.787215289,5652510.46939679
0.000304596141867871,288.617036576586,524237.787215289,5652510.46939679
0.0042306918544301,288.617036576586,486737.787215289,5653010.46939679
0.00401223801967673,288.617036576586,487237.787215289,5653010.46939679
0.00506412209916594,288.617036576586,487737.787215289,5653010.46939679
0.00555580515122867,288.617036576586,488237.787215289,5653010.46939679
0.00409119153344449,288.617036576586,488737.787215289,5653010.46939679
0.00427113477588383,288.617036576586,489237.787215289,5653010.46939679
0.00357313037508465,288.617036576586,489737.787215289,5653010.46939679
0.00289057503084522,288.617036576586,490237.787215289,5653010.46939679
0.00138638599726374,288.617036576586,490737.787215289,5653010.46939679
0.00158708551256709,288.617036576586,491237.787215289,5653010.46939679
0.00122281852943533,288.617036576586,491737.787215289,5653010.46939679
0.00309273229144774,288.617036576586,492237.787215289,5653010.46939679
0.00232129084287064,288.617036576586,492737.787215289,5653010.46939679
0.00300905086063726,288.617036576586,493237.787215289,5653010.46939679
0.00281968615642864,288.617036576586,493737.787215289,5653010.46939679
0.00279884187674975,288.617036576586,494237.787215289,5653010.46939679
0.00306308273321336,288.617036576586,494737.787215289,5653010.46939679
0.00352881146290637,288.617036576586,495237.787215289,5653010.46939679
0.00368215258813145,288.617036576586,495737.787215289,5653010.46939679
0.00350858274409969,288.617036576586,496237.787215289,5653010.46939679
0.00371788364013243,288.617036576586,496737.787215289,5653010.46939679
0.00371788364013243,288.617036576586,497237.787215289,5653010.46939679
0.00401223801967673,288.617036576586,497737.787215289,5653010.46939679
0.00357700664163087,288.617036576586,498237.787215289,5653010.46939679
0.00330910708061266,288.617036576586,498737.787215289,5653010.46939679
0.00417582898582009,288.617036576586,499237.787215289,5653010.46939679
0.0035578828893365,288.617036576586,499737.787215289,5653010.46939679
0.00351664293216388,288.617036576586,500237.787215289,5653010.46939679
0.0034562855342613,288.617036576586,500737.787215289,5653010.46939679
0.00327722605630991,288.617036576586,501237.787215289,5653010.46939679
0.00355076790348719,288.617036576586,501737.787215289,5653010.46939679
0.00358522401837277,288.617036576586,502237.787215289,5653010.46939679
0.00141342310607213,288.617036576586,502737.787215289,5653010.46939679
0.00161803663568588,288.617036576586,503237.787215289,5653010.46939679
0.00386012133983101,288.617036576586,503737.787215289,5653010.46939679
0.00345506327226694,288.617036576586,504237.787215289,5653010.46939679
0.00400418269423448,288.617036576586,504737.787215289,5653010.46939679
0.00577579047869865,288.617036576586,505237.787215289,5653010.46939679
0.00336571247876889,288.617036576586,505737.787215289,5653010.46939679
0.00541829005536832,288.617036576586,506237.787215289,5653010.46939679
0.00644695236180816,288.617036576586,506737.787215289,5653010.46939679
0.00657267993900001,288.617036576586,507237.787215289,5653010.46939679
0.00663646023138745,288.617036576586,507737.787215289,5653010.46939679
0.00473310442467952,288.617036576586,508237.787215289,5653010.46939679
0.0048722338125948,288.617036576586,508737.787215289,5653010.46939679
0.00632362980415374,288.617036576586,509237.787215289,5653010.46939679
0.00705377401925037,288.617036576586,509737.787215289,5653010.46939679
0.00695201308003828,288.617036576586,510237.787215289,5653010.46939679
0.0062628559964616,288.617036576586,510737.787215289,5653010.46939679
0.00611909397851666,288.617036576586,511237.787215289,5653010.46939679
0.00552069102457693,288.617036576586,511737.787215289,5653010.46939679
0.00477149935409151,288.617036576586,512237.787215289,5653010.46939679
0.00223773548382329,288.617036576586,512737.787215289,5653010.46939679
0.00236041578358535,288.617036576586,513237.787215289,5653010.46939679
0.00273280218443953,288.617036576586,513737.787215289,5653010.46939679
0.00277596447834887,288.617036576586,514237.787215289,5653010.46939679
0.00202558496703062,288.617036576586,514737.787215289,5653010.46939679
0.00206517707037077,288.617036576586,515237.787215289,5653010.46939679
0.00158935057292399,288.617036576586,515737.787215289,5653010.46939679
0.00128356890533903,288.617036576586,516237.787215289,5653010.46939679
0.000863584311819235,288.617036576586,516737.787215289,5653010.46939679
0.000490792952451875,288.617036576586,517237.787215289,5653010.46939679
0.000601135760084495,288.617036576586,517737.787215289,5653010.46939679
0.00115661662331082,288.617036576586,518237.787215289,5653010.46939679
0.00105459261129822,288.617036576586,518737.787215289,5653010.46939679
0.00194462354286908,288.617036576586,519237.787215289,5653010.46939679
0.00231287120775412,288.617036576586,519737.787215289,5653010.46939679
0.00267552957259827,288.617036576586,520237.787215289,5653010.46939679
0.00178020793965826,288.617036576586,520737.787215289,5653010.46939679
0.00255532206394496,288.617036576586,521237.787215289,5653010.46939679
0.00238043952029227,288.617036576586,521737.787215289,5653010.46939679
0.0021912117321956,288.617036576586,522237.787215289,5653010.46939679
0.00153196782494626,288.617036576586,522737.787215289,5653010.46939679
0.00163201681179263,288.617036576586,523237.787215289,5653010.46939679
0.00169007186981626,288.617036576586,523737.787215289,5653010.46939679
0.00187177533319773,288.617036576586,524237.787215289,5653010.46939679
0.00343135014005933,288.617036576586,486737.787215289,5653510.46939679
0.00320665040474872,288.617036576586,487237.787215289,5653510.46939679
0.003694676055016,288.617036576586,487737.787215289,5653510.46939679
0.00320401490156609,288.617036576586,488237.787215289,5653510.46939679
0.00299165766683945,288.617036576586,488737.787215289,5653510.46939679
0.00295515218409787,288.617036576586,489237.787215289,5653510.46939679
0.00289057503084522,288.617036576586,489737.787215289,5653510.46939679
0.00129576451149223,288.617036576586,490237.787215289,5653510.46939679
0.00160248635042544,288.617036576586,490737.787215289,5653510.46939679
0.0015567264477498,288.617036576586,491237.787215289,5653510.46939679
0.00160248635042544,288.617036576586,491737.787215289,5653510.46939679
0.00229152354555048,288.617036576586,492237.787215289,5653510.46939679
0.00249015094516286,288.617036576586,492737.787215289,5653510.46939679
0.00290219154872398,288.617036576586,493237.787215289,5653510.46939679
0.003092806424941,288.617036576586,493737.787215289,5653510.46939679
0.00323506007630508,288.617036576586,494237.787215289,5653510.46939679
0.00361995662167954,288.617036576586,494737.787215289,5653510.46939679
0.00395167154070015,288.617036576586,495237.787215289,5653510.46939679
0.00432912809790994,288.617036576586,495737.787215289,5653510.46939679
0.00424631700834604,288.617036576586,496237.787215289,5653510.46939679
0.00554426170881709,288.617036576586,496737.787215289,5653510.46939679
0.00374997702502612,288.617036576586,497237.787215289,5653510.46939679
0.00423950037580727,288.617036576586,497737.787215289,5653510.46939679
0.00463982105008712,288.617036576586,498237.787215289,5653510.46939679
0.00411912432738642,288.617036576586,498737.787215289,5653510.46939679
0.00489148162809288,288.617036576586,499237.787215289,5653510.46939679
0.00435991831759565,288.617036576586,499737.787215289,5653510.46939679
0.00417855311283996,288.617036576586,500237.787215289,5653510.46939679
0.00421635059894402,288.617036576586,500737.787215289,5653510.46939679
0.00382302329974315,288.617036576586,501237.787215289,5653510.46939679
0.00374989339512501,288.617036576586,501737.787215289,5653510.46939679
0.00330902776246799,288.617036576586,502237.787215289,5653510.46939679
0.0016337378185634,288.617036576586,502737.787215289,5653510.46939679
0.00158708551256709,288.617036576586,503237.787215289,5653510.46939679
0.00366246669401374,288.617036576586,503737.787215289,5653510.46939679
0.00444494484424923,288.617036576586,504237.787215289,5653510.46939679
0.00484447160805659,288.617036576586,504737.787215289,5653510.46939679
0.00498687462922963,288.617036576586,505237.787215289,5653510.46939679
0.00509416676548769,288.617036576586,505737.787215289,5653510.46939679
0.00503251109246639,288.617036576586,506237.787215289,5653510.46939679
0.00543671834546635,288.617036576586,506737.787215289,5653510.46939679
0.00528146978294515,288.617036576586,507237.787215289,5653510.46939679
0.00493624511987695,288.617036576586,507737.787215289,5653510.46939679
0.00523071174699723,288.617036576586,508237.787215289,5653510.46939679
0.00523071174699723,288.617036576586,508737.787215289,5653510.46939679
0.00533272036719967,288.617036576586,509237.787215289,5653510.46939679
0.00588842914926745,288.617036576586,509737.787215289,5653510.46939679
0.00454037136568881,288.617036576586,510237.787215289,5653510.46939679
0.00566889360365442,288.617036576586,510737.787215289,5653510.46939679
0.00524390956438413,288.617036576586,511237.787215289,5653510.46939679
0.00448429651041487,288.617036576586,511737.787215289,5653510.46939679
0.00281052999274035,288.617036576586,512237.787215289,5653510.46939679
0.00253037358119062,288.617036576586,512737.787215289,5653510.46939679
0.00224077412974752,288.617036576586,513237.787215289,5653510.46939679
0.00286795345794016,288.617036576586,513737.787215289,5653510.46939679
0.00256177311215965,288.617036576586,514237.787215289,5653510.46939679
0.00195309029745984,288.617036576586,514737.787215289,5653510.46939679
0.00184187062777596,288.617036576586,515237.787215289,5653510.46939679
0.00150942119388379,288.617036576586,515737.787215289,5653510.46939679
0.00142513919803272,288.617036576586,516237.787215289,5653510.46939679
0.00113159425653585,288.617036576586,516737.787215289,5653510.46939679
0.000578357693375114,288.617036576586,517237.787215289,5653510.46939679
0.00117628651708449,288.617036576586,517737.787215289,5653510.46939679
0.00109804204283879,288.617036576586,518237.787215289,5653510.46939679
0.00149491476700484,288.617036576586,518737.787215289,5653510.46939679
0.00186102524306673,288.617036576586,519237.787215289,5653510.46939679
0.0023095047991611,288.617036576586,519737.787215289,5653510.46939679
0.0029472435600257,288.617036576586,520237.787215289,5653510.46939679
0.00252962475390632,288.617036576586,520737.787215289,5653510.46939679
0.00293982538524938,288.617036576586,521237.787215289,5653510.46939679
0.00284366808427001,288.617036576586,521737.787215289,5653510.46939679
0.00297584316593076,288.617036576586,522237.787215289,5653510.46939679
0.00191302591629373,288.617036576586,522737.787215289,5653510.46939679
0.00176961042863747,288.617036576586,523237.787215289,5653510.46939679
0.00202503068570758,288.617036576586,523737.787215289,5653510.46939679
0.00206014535820613,288.617036576586,524237.787215289,5653510.46939679
0.00343091293196789,288.617036576586,486737.787215289,5654010.46939679
0.00356364738268183,288.617036576586,487237.787215289,5654010.46939679
0.00274031017847188,288.617036576586,487737.787215289,5654010.46939679
0.00258496499692833,288.617036576586,488237.787215289,5654010.46939679
0.00229152354555048,288.617036576586,488737.787215289,5654010.46939679
0.00225981609898478,288.617036576586,489237.787215289,5654010.46939679
0.00306424040076484,288.617036576586,489737.787215289,5654010.46939679
0.00109958265890165,288.617036576586,490237.787215289,5654010.46939679
0.00202292755704906,288.617036576586,490737.787215289,5654010.46939679
0.00154176538951349,288.617036576586,491237.787215289,5654010.46939679
0.00141342310607213,288.617036576586,491737.787215289,5654010.46939679
0.00233083654100652,288.617036576586,492237.787215289,5654010.46939679
0.00268789129261543,288.617036576586,492737.787215289,5654010.46939679
0.00342874192568352,288.617036576586,493237.787215289,5654010.46939679
0.00349575805687921,288.617036576586,493737.787215289,5654010.46939679
0.0012530239508173,288.617036576586,494237.787215289,5654010.46939679
0.00412699505000018,288.617036576586,494737.787215289,5654010.46939679
0.00424631700834604,288.617036576586,495237.787215289,5654010.46939679
0.00495066210166785,288.617036576586,495737.787215289,5654010.46939679
0.0047630730093278,288.617036576586,496237.787215289,5654010.46939679
0.003897666297276,288.617036576586,496737.787215289,5654010.46939679
0.00404355389019504,288.617036576586,497237.787215289,5654010.46939679
0.00572390369008949,288.617036576586,497737.787215289,5654010.46939679
0.00494794717542343,288.617036576586,498237.787215289,5654010.46939679
0.00489148162809288,288.617036576586,498737.787215289,5654010.46939679
0.00438526643983609,288.617036576586,499237.787215289,5654010.46939679
0.00390542088833099,288.617036576586,499737.787215289,5654010.46939679
0.00388861044935066,288.617036576586,500237.787215289,5654010.46939679
0.00388861044935066,288.617036576586,500737.787215289,5654010.46939679
0.00388861044935066,288.617036576586,501237.787215289,5654010.46939679
0.00342306859416617,288.617036576586,501737.787215289,5654010.46939679
0.00306424040076484,288.617036576586,502237.787215289,5654010.46939679
0.00144098748885339,288.617036576586,502737.787215289,5654010.46939679
0.00135986607630207,288.617036576586,503237.787215289,5654010.46939679
0.00341622320735433,288.617036576586,503737.787215289,5654010.46939679
0.00378628179367514,288.617036576586,504237.787215289,5654010.46939679
0.00426004268024503,288.617036576586,504737.787215289,5654010.46939679
0.00447078730207908,288.617036576586,505237.787215289,5654010.46939679
0.00452781144575946,288.617036576586,505737.787215289,5654010.46939679
0.00479791338200663,288.617036576586,506237.787215289,5654010.46939679
0.00427291508955425,288.617036576586,506737.787215289,5654010.46939679
0.00419117928821567,288.617036576586,507237.787215289,5654010.46939679
0.00484447160805659,288.617036576586,507737.787215289,5654010.46939679
0.00493894782625604,288.617036576586,508237.787215289,5654010.46939679
0.00484447160805659,288.617036576586,508737.787215289,5654010.46939679
0.00484447160805659,288.617036576586,509237.787215289,5654010.46939679
0.00523071174699723,288.617036576586,509737.787215289,5654010.46939679
0.00540167247278917,288.617036576586,510237.787215289,5654010.46939679
0.00507031138191582,288.617036576586,510737.787215289,5654010.46939679
0.00491893190669484,288.617036576586,511237.787215289,5654010.46939679
0.00474982276537839,288.617036576586,511737.787215289,5654010.46939679
0.00294556512070192,288.617036576586,512237.787215289,5654010.46939679
0.00262448521019052,288.617036576586,512737.787215289,5654010.46939679
0.00268773665290778,288.617036576586,513237.787215289,5654010.46939679
0.00221072880091107,288.617036576586,513737.787215289,5654010.46939679
0.00243209436114724,288.617036576586,514237.787215289,5654010.46939679
0.00187951316591879,288.617036576586,514737.787215289,5654010.46939679
0.00175944738904976,288.617036576586,515237.787215289,5654010.46939679
0.00158209739791949,288.617036576586,515737.787215289,5654010.46939679
0.00131506305209739,288.617036576586,516237.787215289,5654010.46939679
0.000799293558093067,288.617036576586,516737.787215289,5654010.46939679
0.000490792952451875,288.617036576586,517237.787215289,5654010.46939679
0.00111626659632374,288.617036576586,517737.787215289,5654010.46939679
0.00140111835923457,288.617036576586,518237.787215289,5654010.46939679
0.00130901060689354,288.617036576586,518737.787215289,5654010.46939679
0.00187373147649784,288.617036576586,519237.787215289,5654010.46939679
0.00245569503711313,288.617036576586,519737.787215289,5654010.46939679
0.00311167678735906,288.617036576586,520237.787215289,5654010.46939679
0.00337355996622682,288.617036576586,520737.787215289,5654010.46939679
0.0030067344239795,288.617036576586,521237.787215289,5654010.46939679
0.00313051256319931,288.617036576586,521737.787215289,5654010.46939679
0.0030098739851564,288.617036576586,522237.787215289,5654010.46939679
0.00245293504335225,288.617036576586,522737.787215289,5654010.46939679
0.00216392599752784,288.617036576586,523237.787215289,5654010.46939679
0.00209717154331494,288.617036576586,523737.787215289,5654010.46939679
0.00309128244187537,288.617036576586,524237.787215289,5654010.46939679
0.00252893296542301,288.617036576586,486737.787215289,5654510.46939679
0.00215754431294438,288.617036576586,487237.787215289,5654510.46939679
0.00195116303311204,288.617036576586,487737.787215289,5654510.46939679
0.00195116303311204,288.617036576586,488237.787215289,5654510.46939679
0.00179089136945813,288.617036576586,488737.787215289,5654510.46939679
0.00132777180622917,288.617036576586,489237.787215289,5654510.46939679
0.00130833841440174,288.617036576586,489737.787215289,5654510.46939679
0.0025753165773456,288.617036576586,490237.787215289,5654510.46939679
0.0031929208778526,288.617036576586,490737.787215289,5654510.46939679
0.00125876322413606,288.617036576586,491237.787215289,5654510.46939679
0.00115397909316746,288.617036576586,491737.787215289,5654510.46939679
0.00233621252218491,288.617036576586,492237.787215289,5654510.46939679
0.00284823468395458,288.617036576586,492737.787215289,5654510.46939679
0.00385762158484088,288.617036576586,493237.787215289,5654510.46939679
0.00399001796386759,288.617036576586,493737.787215289,5654510.46939679
0.00445638262019101,288.617036576586,494237.787215289,5654510.46939679
0.00573000824278996,288.617036576586,494737.787215289,5654510.46939679
0.00538066175106546,288.617036576586,495237.787215289,5654510.46939679
0.00424631700834604,288.617036576586,495737.787215289,5654510.46939679
0.00399001796386759,288.617036576586,496237.787215289,5654510.46939679
0.00501248775396674,288.617036576586,496737.787215289,5654510.46939679
0.00457174864345749,288.617036576586,497237.787215289,5654510.46939679
0.00475580959041705,288.617036576586,497737.787215289,5654510.46939679
0.00387268505052303,288.617036576586,498237.787215289,5654510.46939679
0.00369061151428654,288.617036576586,498737.787215289,5654510.46939679
0.00315431360708598,288.617036576586,499237.787215289,5654510.46939679
0.003005625113683,288.617036576586,499737.787215289,5654510.46939679
0.00161803663568588,288.617036576586,500237.787215289,5654510.46939679
0.00158708551256709,288.617036576586,500737.787215289,5654510.46939679
0.00168176146695906,288.617036576586,501237.787215289,5654510.46939679
0.0016337378185634,288.617036576586,501737.787215289,5654510.46939679
0.00164959136334566,288.617036576586,502237.787215289,5654510.46939679
0.00160248635042544,288.617036576586,502737.787215289,5654510.46939679
0.00109958265890165,288.617036576586,503237.787215289,5654510.46939679
0.00164959136334566,288.617036576586,503737.787215289,5654510.46939679
0.00327854324315293,288.617036576586,504237.787215289,5654510.46939679
0.00297673928571539,288.617036576586,504737.787215289,5654510.46939679
0.00318492258942025,288.617036576586,505237.787215289,5654510.46939679
0.00362001449018769,288.617036576586,505737.787215289,5654510.46939679
0.00355076790348719,288.617036576586,506237.787215289,5654510.46939679
0.00351664293216388,288.617036576586,506737.787215289,5654510.46939679
0.00338339128982165,288.617036576586,507237.787215289,5654510.46939679
0.00261206075381751,288.617036576586,507737.787215289,5654510.46939679
0.00310174521911282,288.617036576586,508237.787215289,5654510.46939679
0.00358522401837277,288.617036576586,508737.787215289,5654510.46939679
0.00366246669401374,288.617036576586,509237.787215289,5654510.46939679
0.00400291597551613,288.617036576586,509737.787215289,5654510.46939679
0.00394331850216059,288.617036576586,510237.787215289,5654510.46939679
0.00434312144597223,288.617036576586,510737.787215289,5654510.46939679
0.00348897375912069,288.617036576586,511237.787215289,5654510.46939679
0.00389675083581952,288.617036576586,511737.787215289,5654510.46939679
0.00327722605630991,288.617036576586,512237.787215289,5654510.46939679
0.00288710340130417,288.617036576586,512737.787215289,5654510.46939679
0.0024175128767823,288.617036576586,513237.787215289,5654510.46939679
0.00219371216562483,288.617036576586,513737.787215289,5654510.46939679
0.0019000535023162,288.617036576586,514237.787215289,5654510.46939679
0.00173024814889312,288.617036576586,514737.787215289,5654510.46939679
0.00155183374982343,288.617036576586,515237.787215289,5654510.46939679
0.00130784764023655,288.617036576586,515737.787215289,5654510.46939679
0.00116498171070048,288.617036576586,516237.787215289,5654510.46939679
0.000561842362836714,288.617036576586,516737.787215289,5654510.46939679
0.00113171500007521,288.617036576586,517237.787215289,5654510.46939679
0.00129527845395589,288.617036576586,517737.787215289,5654510.46939679
0.00133133788731737,288.617036576586,518237.787215289,5654510.46939679
0.00156497950837792,288.617036576586,518737.787215289,5654510.46939679
0.00244023261329695,288.617036576586,519237.787215289,5654510.46939679
0.00237672132872343,288.617036576586,519737.787215289,5654510.46939679
0.00331035773109299,288.617036576586,520237.787215289,5654510.46939679
0.00377468704140203,288.617036576586,520737.787215289,5654510.46939679
0.00337197846675855,288.617036576586,521237.787215289,5654510.46939679
0.00355730670415455,288.617036576586,521737.787215289,5654510.46939679
0.00380609297358572,288.617036576586,522237.787215289,5654510.46939679
0.00374361155411723,288.617036576586,522737.787215289,5654510.46939679
0.0029781892696369,288.617036576586,523237.787215289,5654510.46939679
0.00423008665454594,288.617036576586,523737.787215289,5654510.46939679
0.00484447160805659,288.617036576586,524237.787215289,5654510.46939679
0.00256715407663738,288.617036576586,486737.787215289,5655010.46939679
0.00216983988563615,288.617036576586,487237.787215289,5655010.46939679
0.00175077531164265,288.617036576586,487737.787215289,5655010.46939679
0.00165582428455944,288.617036576586,488237.787215289,5655010.46939679
0.0012530239508173,288.617036576586,488737.787215289,5655010.46939679
0.00209046063192862,288.617036576586,489237.787215289,5655010.46939679
0.0025753165773456,288.617036576586,489737.787215289,5655010.46939679
0.003726424650428,288.617036576586,490237.787215289,5655010.46939679
0.00340629648208176,288.617036576586,490737.787215289,5655010.46939679
0.00101783126812533,288.617036576586,491237.787215289,5655010.46939679
0.000897746325308226,288.617036576586,491737.787215289,5655010.46939679
0.0023850090158599,288.617036576586,492237.787215289,5655010.46939679
0.00287587352269565,288.617036576586,492737.787215289,5655010.46939679
0.00329814977243397,288.617036576586,493237.787215289,5655010.46939679
0.0036467649325895,288.617036576586,493737.787215289,5655010.46939679
0.00393245615732711,288.617036576586,494237.787215289,5655010.46939679
0.00522701391625307,288.617036576586,494737.787215289,5655010.46939679
0.00475707355312335,288.617036576586,495237.787215289,5655010.46939679
0.00505484908422778,288.617036576586,495737.787215289,5655010.46939679
0.00638499335168718,288.617036576586,496237.787215289,5655010.46939679
0.00546600674612049,288.617036576586,496737.787215289,5655010.46939679
0.00411447362410067,288.617036576586,497237.787215289,5655010.46939679
0.00401214854097684,288.617036576586,497737.787215289,5655010.46939679
0.00351664293216388,288.617036576586,498237.787215289,5655010.46939679
0.00324703451118402,288.617036576586,498737.787215289,5655010.46939679
0.0016337378185634,288.617036576586,499237.787215289,5655010.46939679
0.00160248635042544,288.617036576586,499737.787215289,5655010.46939679
0.0015567264477498,288.617036576586,500237.787215289,5655010.46939679
0.00164959136334566,288.617036576586,500737.787215289,5655010.46939679
0.0016337378185634,288.617036576586,501237.787215289,5655010.46939679
0.00146908942843193,288.617036576586,501737.787215289,5655010.46939679
0.00151227324493612,288.617036576586,502237.787215289,5655010.46939679
0.00145497061357856,288.617036576586,502737.787215289,5655010.46939679
0.00164959136334566,288.617036576586,503237.787215289,5655010.46939679
0.00151227324493612,288.617036576586,503737.787215289,5655010.46939679
0.00124666576800994,288.617036576586,504237.787215289,5655010.46939679
0.00160248635042544,288.617036576586,504737.787215289,5655010.46939679
0.00166559874852955,288.617036576586,505237.787215289,5655010.46939679
0.00321582859669123,288.617036576586,505737.787215289,5655010.46939679
0.0033424809420139,288.617036576586,506237.787215289,5655010.46939679
0.0033424809420139,288.617036576586,506737.787215289,5655010.46939679
0.00318492258942025,288.617036576586,507237.787215289,5655010.46939679
0.00334113806757445,288.617036576586,507737.787215289,5655010.46939679
0.00321582859669123,288.617036576586,508237.787215289,5655010.46939679
0.00321582859669123,288.617036576586,508737.787215289,5655010.46939679
0.00330902776246799,288.617036576586,509237.787215289,5655010.46939679
0.00341622320735433,288.617036576586,509737.787215289,5655010.46939679
0.00385123861213729,288.617036576586,510237.787215289,5655010.46939679
0.00386012133983101,288.617036576586,510737.787215289,5655010.46939679
0.00365466949931601,288.617036576586,511237.787215289,5655010.46939679
0.00276234539798151,288.617036576586,511737.787215289,5655010.46939679
0.00312841500433198,288.617036576586,512237.787215289,5655010.46939679
0.00274460930065558,288.617036576586,512737.787215289,5655010.46939679
0.00233204611143347,288.617036576586,513237.787215289,5655010.46939679
0.00213316680913202,288.617036576586,513737.787215289,5655010.46939679
0.00186869251638105,288.617036576586,514237.787215289,5655010.46939679
0.00138452324017792,288.617036576586,514737.787215289,5655010.46939679
0.00113790420886929,288.617036576586,515237.787215289,5655010.46939679
0.00120337680842671,288.617036576586,515737.787215289,5655010.46939679
0.000735677227887901,288.617036576586,516237.787215289,5655010.46939679
0.000437089302246098,288.617036576586,516737.787215289,5655010.46939679
0.0011918116483839,288.617036576586,517237.787215289,5655010.46939679
0.00126919731540515,288.617036576586,517737.787215289,5655010.46939679
0.00125940994609951,288.617036576586,518237.787215289,5655010.46939679
0.0017984303960662,288.617036576586,518737.787215289,5655010.46939679
0.00245569503711313,288.617036576586,519237.787215289,5655010.46939679
0.00256416595618686,288.617036576586,519737.787215289,5655010.46939679
0.0035061950061109,288.617036576586,520237.787215289,5655010.46939679
0.00368346400882267,288.617036576586,520737.787215289,5655010.46939679
0.0043124899256166,288.617036576586,521237.787215289,5655010.46939679
0.00344240901379266,288.617036576586,521737.787215289,5655010.46939679
0.00413569680926972,288.617036576586,522237.787215289,5655010.46939679
0.00431801693411919,288.617036576586,522737.787215289,5655010.46939679
0.00461418889404306,288.617036576586,523237.787215289,5655010.46939679
0.00487165807331012,288.617036576586,523737.787215289,5655010.46939679
0.00519351250426345,288.617036576586,524237.787215289,5655010.46939679
0.00312399879510381,288.617036576586,486737.787215289,5655510.46939679
0.00152694811586045,288.617036576586,487237.787215289,5655510.46939679
0.00111025284277486,288.617036576586,487737.787215289,5655510.46939679
0.0012530239508173,288.617036576586,488237.787215289,5655510.46939679
0.00145335430401323,288.617036576586,488737.787215289,5655510.46939679
0.00318492258942025,288.617036576586,489237.787215289,5655510.46939679
0.00352368953880772,288.617036576586,489737.787215289,5655510.46939679
0.00250299558567739,288.617036576586,490237.787215289,5655510.46939679
0.00194627535649418,288.617036576586,490737.787215289,5655510.46939679
0.0009698525898303,288.617036576586,491237.787215289,5655510.46939679
0.00190904541567989,288.617036576586,491737.787215289,5655510.46939679
0.00199320030958821,288.617036576586,492237.787215289,5655510.46939679
0.00233938662013583,288.617036576586,492737.787215289,5655510.46939679
0.00290907159740165,288.617036576586,493237.787215289,5655510.46939679
0.00303364470367356,288.617036576586,493737.787215289,5655510.46939679
0.00343551210021281,288.617036576586,494237.787215289,5655510.46939679
0.00472222354329287,288.617036576586,494737.787215289,5655510.46939679
0.00470189633852578,288.617036576586,495237.787215289,5655510.46939679
0.00389505536145631,288.617036576586,495737.787215289,5655510.46939679
0.00306308273321336,288.617036576586,496237.787215289,5655510.46939679
0.00423541838794949,288.617036576586,496737.787215289,5655510.46939679
0.00383546626577411,288.617036576586,497237.787215289,5655510.46939679
0.00324572998328251,288.617036576586,497737.787215289,5655510.46939679
0.00152694811586045,288.617036576586,498237.787215289,5655510.46939679
0.00168176146695906,288.617036576586,498737.787215289,5655510.46939679
0.00141342310607213,288.617036576586,499237.787215289,5655510.46939679
0.00139983927736988,288.617036576586,499737.787215289,5655510.46939679
0.0029481310675713,288.617036576586,500237.787215289,5655510.46939679
0.00260030706004334,288.617036576586,500737.787215289,5655510.46939679
0.00141342310607213,288.617036576586,501237.787215289,5655510.46939679
0.00306424040076484,288.617036576586,501737.787215289,5655510.46939679
0.00280916163669195,288.617036576586,502237.787215289,5655510.46939679
0.00318492258942025,288.617036576586,502737.787215289,5655510.46939679
0.000988766521485039,288.617036576586,503237.787215289,5655510.46939679
0.003005625113683,288.617036576586,503737.787215289,5655510.46939679
0.00146908942843193,288.617036576586,504237.787215289,5655510.46939679
0.00160248635042544,288.617036576586,504737.787215289,5655510.46939679
0.0016337378185634,288.617036576586,505237.787215289,5655510.46939679
0.00141342310607213,288.617036576586,505737.787215289,5655510.46939679
0.000979263892727472,288.617036576586,506237.787215289,5655510.46939679
0.000942157901442742,288.617036576586,506737.787215289,5655510.46939679
0.00148334525012997,288.617036576586,507237.787215289,5655510.46939679
0.000988766521485039,288.617036576586,507737.787215289,5655510.46939679
0.00113190484082892,288.617036576586,508237.787215289,5655510.46939679
0.00123468457556385,288.617036576586,508737.787215289,5655510.46939679
0.00122281852943533,288.617036576586,509237.787215289,5655510.46939679
0.00158708551256709,288.617036576586,509737.787215289,5655510.46939679
0.00331035773109299,288.617036576586,510237.787215289,5655510.46939679
0.00337355996622682,288.617036576586,510737.787215289,5655510.46939679
0.00294694662705436,288.617036576586,511237.787215289,5655510.46939679
0.00262925161467812,288.617036576586,511737.787215289,5655510.46939679
0.00273276345088029,288.617036576586,512237.787215289,5655510.46939679
0.00198139439116412,288.617036576586,512737.787215289,5655510.46939679
0.00196107463068517,288.617036576586,513237.787215289,5655510.46939679
0.00195213484110756,288.617036576586,513737.787215289,5655510.46939679
0.00165040771038976,288.617036576586,514237.787215289,5655510.46939679
0.00139678379997415,288.617036576586,514737.787215289,5655510.46939679
0.000818128349571769,288.617036576586,515237.787215289,5655510.46939679
0.000772071233962563,288.617036576586,515737.787215289,5655510.46939679
0.000441330750750424,288.617036576586,516237.787215289,5655510.46939679
0.00113159425653585,288.617036576586,516737.787215289,5655510.46939679
0.00103299039455833,288.617036576586,517237.787215289,5655510.46939679
0.00156911093138272,288.617036576586,517737.787215289,5655510.46939679
0.00172579124582131,288.617036576586,518237.787215289,5655510.46939679
0.00197356352661465,288.617036576586,518737.787215289,5655510.46939679
0.00256839722444324,288.617036576586,519237.787215289,5655510.46939679
0.00208176453534801,288.617036576586,519737.787215289,5655510.46939679
0.00325518878113598,288.617036576586,520237.787215289,5655510.46939679
0.00306917125301862,288.617036576586,520737.787215289,5655510.46939679
0.00454657972383047,288.617036576586,521237.787215289,5655510.46939679
0.00479791338200663,288.617036576586,521737.787215289,5655510.46939679
0.00487165807331012,288.617036576586,522237.787215289,5655510.46939679
0.00397436524887233,288.617036576586,522737.787215289,5655510.46939679
0.00523071174699723,288.617036576586,523237.787215289,5655510.46939679
0.00424747858646734,288.617036576586,523737.787215289,5655510.46939679
0.00550241059077954,288.617036576586,524237.787215289,5655510.46939679
0.00173119676830113,288.617036576586,486737.787215289,5656010.46939679
0.00129576451149223,288.617036576586,487237.787215289,5656010.46939679
0.00142713875019433,288.617036576586,487737.787215289,5656010.46939679
0.0016337378185634,288.617036576586,488237.787215289,5656010.46939679
0.00216440442202109,288.617036576586,488737.787215289,5656010.46939679
0.00225529696216481,288.617036576586,489237.787215289,5656010.46939679
0.00240488538233918,288.617036576586,489737.787215289,5656010.46939679
0.00255347334856351,288.617036576586,490237.787215289,5656010.46939679
0.00200348603151155,288.617036576586,490737.787215289,5656010.46939679
0.000998361362315342,288.617036576586,491237.787215289,5656010.46939679
0.000906457919916411,288.617036576586,491737.787215289,5656010.46939679
0.00185378646957577,288.617036576586,492237.787215289,5656010.46939679
0.00212805796234816,288.617036576586,492737.787215289,5656010.46939679
0.00418943302983572,288.617036576586,493237.787215289,5656010.46939679
0.00297472912351288,288.617036576586,493737.787215289,5656010.46939679
0.00333015451916981,288.617036576586,494237.787215289,5656010.46939679
0.00408733219634129,288.617036576586,494737.787215289,5656010.46939679
0.00397790012955333,288.617036576586,495237.787215289,5656010.46939679
0.0045359970151095,288.617036576586,495737.787215289,5656010.46939679
0.00375062553879342,288.617036576586,496237.787215289,5656010.46939679
0.00397898815198059,288.617036576586,496737.787215289,5656010.46939679
0.00335758934903325,288.617036576586,497237.787215289,5656010.46939679
0.00321582859669123,288.617036576586,497737.787215289,5656010.46939679
0.00128331145119702,288.617036576586,498237.787215289,5656010.46939679
0.00145497061357856,288.617036576586,498737.787215289,5656010.46939679
0.00318492258942025,288.617036576586,499237.787215289,5656010.46939679
0.00315431360708598,288.617036576586,499737.787215289,5656010.46939679
0.00330902776246799,288.617036576586,500237.787215289,5656010.46939679
0.00318364301559135,288.617036576586,500737.787215289,5656010.46939679
0.00275542570404356,288.617036576586,501237.787215289,5656010.46939679
0.00258178396366722,288.617036576586,501737.787215289,5656010.46939679
0.00327722605630991,288.617036576586,502237.787215289,5656010.46939679
0.00298421476391826,288.617036576586,502737.787215289,5656010.46939679
0.00306424040076484,288.617036576586,503237.787215289,5656010.46939679
0.00327722605630991,288.617036576586,503737.787215289,5656010.46939679
0.0029481310675713,288.617036576586,504237.787215289,5656010.46939679
0.00291979779125678,288.617036576586,504737.787215289,5656010.46939679
0.00125876322413606,288.617036576586,505237.787215289,5656010.46939679
0.00144098748885339,288.617036576586,505737.787215289,5656010.46939679
0.00138638599726374,288.617036576586,506237.787215289,5656010.46939679
0.0014977394081664,288.617036576586,506737.787215289,5656010.46939679
0.00123468457556385,288.617036576586,507237.787215289,5656010.46939679
0.0016337378185634,288.617036576586,507737.787215289,5656010.46939679
0.00103768087335734,288.617036576586,508237.787215289,5656010.46939679
0.00130833841440174,288.617036576586,508737.787215289,5656010.46939679
0.00101783126812533,288.617036576586,509237.787215289,5656010.46939679
0.00100804931003039,288.617036576586,509737.787215289,5656010.46939679
0.00100804931003039,288.617036576586,510237.787215289,5656010.46939679
0.00231577571116691,288.617036576586,510737.787215289,5656010.46939679
0.00238721773451926,288.617036576586,511237.787215289,5656010.46939679
0.0026213331590282,288.617036576586,511737.787215289,5656010.46939679
0.00255532206394496,288.617036576586,512237.787215289,5656010.46939679
0.00235467593431068,288.617036576586,512737.787215289,5656010.46939679
0.00209236185633539,288.617036576586,513237.787215289,5656010.46939679
0.00176347702789367,288.617036576586,513737.787215289,5656010.46939679
0.00165443769038446,288.617036576586,514237.787215289,5656010.46939679
0.000779563296485474,288.617036576586,514737.787215289,5656010.46939679
0.00068098135208864,288.617036576586,515237.787215289,5656010.46939679
0.000772071233962563,288.617036576586,515737.787215289,5656010.46939679
0.000595358491298735,288.617036576586,516237.787215289,5656010.46939679
0.00109928094351846,288.617036576586,516737.787215289,5656010.46939679
0.00131918344241412,288.617036576586,517237.787215289,5656010.46939679
0.00143905136885452,288.617036576586,517737.787215289,5656010.46939679
0.00187779053512675,288.617036576586,518237.787215289,5656010.46939679
0.00206959989096412,288.617036576586,518737.787215289,5656010.46939679
0.00261769100523394,288.617036576586,519237.787215289,5656010.46939679
0.002420751309914,288.617036576586,519737.787215289,5656010.46939679
0.00336165243792001,288.617036576586,520237.787215289,5656010.46939679
0.0033441090804428,288.617036576586,520737.787215289,5656010.46939679
0.00431437881155011,288.617036576586,521237.787215289,5656010.46939679
0.0044499690882913,288.617036576586,521737.787215289,5656010.46939679
0.00470355967975663,288.617036576586,522237.787215289,5656010.46939679
0.00515982960205822,288.617036576586,522737.787215289,5656010.46939679
0.00467323985386318,288.617036576586,523237.787215289,5656010.46939679
0.00440755406666771,288.617036576586,523737.787215289,5656010.46939679
0.0038205475688711,288.617036576586,524237.787215289,5656010.46939679
0.000915254050521544,288.617036576586,486737.787215289,5656510.46939679
0.000988766521485039,288.617036576586,487237.787215289,5656510.46939679
0.00183597048953053,288.617036576586,487737.787215289,5656510.46939679
0.00208762092455363,288.617036576586,488237.787215289,5656510.46939679
0.00212805796234816,288.617036576586,488737.787215289,5656510.46939679
0.00229463692676959,288.617036576586,489237.787215289,5656510.46939679
0.00268789129261543,288.617036576586,489737.787215289,5656510.46939679
0.00261004910643092,288.617036576586,490237.787215289,5656510.46939679
0.00199320030958821,288.617036576586,490737.787215289,5656510.46939679
0.0019275705037601,288.617036576586,491237.787215289,5656510.46939679
0.000942157901442742,288.617036576586,491737.787215289,5656510.46939679
0.000933103208981096,288.617036576586,492237.787215289,5656510.46939679
0.00190827843799567,288.617036576586,492737.787215289,5656510.46939679
0.00241271267105144,288.617036576586,493237.787215289,5656510.46939679
0.00256334881821436,288.617036576586,493737.787215289,5656510.46939679
0.00378702104195502,288.617036576586,494237.787215289,5656510.46939679
0.00607348794284918,288.617036576586,494737.787215289,5656510.46939679
0.00347280884903531,288.617036576586,495237.787215289,5656510.46939679
0.00411100699588218,288.617036576586,495737.787215289,5656510.46939679
0.00444494484424923,288.617036576586,496237.787215289,5656510.46939679
0.00355076790348719,288.617036576586,496737.787215289,5656510.46939679
0.00270271767609808,288.617036576586,497237.787215289,5656510.46939679
0.00134679696220656,288.617036576586,497737.787215289,5656510.46939679
0.00125876322413606,288.617036576586,498237.787215289,5656510.46939679
0.00312399879510381,288.617036576586,498737.787215289,5656510.46939679
0.0035578828893365,288.617036576586,499237.787215289,5656510.46939679
0.0034631100946386,288.617036576586,499737.787215289,5656510.46939679
0.00360780349201357,288.617036576586,500237.787215289,5656510.46939679
0.00397358942992618,288.617036576586,500737.787215289,5656510.46939679
0.00381422594029542,288.617036576586,501237.787215289,5656510.46939679
0.00347581363039571,288.617036576586,501737.787215289,5656510.46939679
0.00386012133983101,288.617036576586,502237.787215289,5656510.46939679
0.00413569680926972,288.617036576586,502737.787215289,5656510.46939679
0.00302517243347764,288.617036576586,503237.787215289,5656510.46939679
0.00309128244187537,288.617036576586,503737.787215289,5656510.46939679
0.00353064719082173,288.617036576586,504237.787215289,5656510.46939679
0.00377756898203426,288.617036576586,504737.787215289,5656510.46939679
0.0028989988261202,288.617036576586,505237.787215289,5656510.46939679
0.00348284592191814,288.617036576586,505737.787215289,5656510.46939679
0.00338339128982165,288.617036576586,506237.787215289,5656510.46939679
0.00325518878113598,288.617036576586,506737.787215289,5656510.46939679
0.00343935066813703,288.617036576586,507237.787215289,5656510.46939679
0.00157183268583324,288.617036576586,507737.787215289,5656510.46939679
0.00138638599726374,288.617036576586,508237.787215289,5656510.46939679
0.00306424040076484,288.617036576586,508737.787215289,5656510.46939679
0.00265101789025683,288.617036576586,509237.787215289,5656510.46939679
0.00106818345513196,288.617036576586,509737.787215289,5656510.46939679
0.00138638599726374,288.617036576586,510237.787215289,5656510.46939679
0.00138638599726374,288.617036576586,510737.787215289,5656510.46939679
0.00152694811586045,288.617036576586,511237.787215289,5656510.46939679
0.001321034332564,288.617036576586,511737.787215289,5656510.46939679
0.00101783126812533,288.617036576586,512237.787215289,5656510.46939679
0.00127097807214739,288.617036576586,512737.787215289,5656510.46939679
0.00155541991205764,288.617036576586,513237.787215289,5656510.46939679
0.00125876322413606,288.617036576586,513737.787215289,5656510.46939679
0.00129369706298877,288.617036576586,514237.787215289,5656510.46939679
0.000642645023959592,288.617036576586,514737.787215289,5656510.46939679
0.000757302426327545,288.617036576586,515237.787215289,5656510.46939679
0.000714669549201657,288.617036576586,515737.787215289,5656510.46939679
0.000589636745469416,288.617036576586,516237.787215289,5656510.46939679
0.00109928094351846,288.617036576586,516737.787215289,5656510.46939679
0.00134070923065056,288.617036576586,517237.787215289,5656510.46939679
0.00118851057008198,288.617036576586,517737.787215289,5656510.46939679
0.00188739887881672,288.617036576586,518237.787215289,5656510.46939679
0.00222945937636424,288.617036576586,518737.787215289,5656510.46939679
0.00222701700393928,288.617036576586,519237.787215289,5656510.46939679
0.00318492258942025,288.617036576586,519737.787215289,5656510.46939679
0.00339686490305944,288.617036576586,520237.787215289,5656510.46939679
0.00389873314710068,288.617036576586,520737.787215289,5656510.46939679
0.00515829402016674,288.617036576586,521237.787215289,5656510.46939679
0.00594582347816688,288.617036576586,521737.787215289,5656510.46939679
0.00595009231888126,288.617036576586,522237.787215289,5656510.46939679
0.0057315766321345,288.617036576586,522737.787215289,5656510.46939679
0.00633805561643576,288.617036576586,523237.787215289,5656510.46939679
0.00573541862598143,288.617036576586,523737.787215289,5656510.46939679
0.00450173631904606,288.617036576586,524237.787215289,5656510.46939679
0.00195116303311204,288.617036576586,486737.787215289,5657010.46939679
0.00195116303311204,288.617036576586,487237.787215289,5657010.46939679
0.00229152354555048,288.617036576586,487737.787215289,5657010.46939679
0.00238656489075919,288.617036576586,488237.787215289,5657010.46939679
0.00256012196049519,288.617036576586,488737.787215289,5657010.46939679
0.00271891936642662,288.617036576586,489237.787215289,5657010.46939679
0.00317583260530921,288.617036576586,489737.787215289,5657010.46939679
0.00291782608107473,288.617036576586,490237.787215289,5657010.46939679
0.00231690373657482,288.617036576586,490737.787215289,5657010.46939679
0.00216955905568877,288.617036576586,491237.787215289,5657010.46939679
0.00195116303311204,288.617036576586,491737.787215289,5657010.46939679
0.000924135537448159,288.617036576586,492237.787215289,5657010.46939679
0.0010890150217813,288.617036576586,492737.787215289,5657010.46939679
0.00204173712264336,288.617036576586,493237.787215289,5657010.46939679
0.00227688730027609,288.617036576586,493737.787215289,5657010.46939679
0.00269015787105048,288.617036576586,494237.787215289,5657010.46939679
0.00442110849086438,288.617036576586,494737.787215289,5657010.46939679
0.00461611220107901,288.617036576586,495237.787215289,5657010.46939679
0.00405108182381128,288.617036576586,495737.787215289,5657010.46939679
0.00383546626577411,288.617036576586,496237.787215289,5657010.46939679
0.00158708551256709,288.617036576586,496737.787215289,5657010.46939679
0.0016337378185634,288.617036576586,497237.787215289,5657010.46939679
0.000998361362315342,288.617036576586,497737.787215289,5657010.46939679
0.00334113806757445,288.617036576586,498237.787215289,5657010.46939679
0.00284317639084895,288.617036576586,498737.787215289,5657010.46939679
0.00427651824762221,288.617036576586,499237.787215289,5657010.46939679
0.00419117928821567,288.617036576586,499737.787215289,5657010.46939679
0.00380536327125281,288.617036576586,500237.787215289,5657010.46939679
0.00475180260793663,288.617036576586,500737.787215289,5657010.46939679
0.00479791338200663,288.617036576586,501237.787215289,5657010.46939679
0.00485329881034057,288.617036576586,501737.787215289,5657010.46939679
0.00448429651041487,288.617036576586,502237.787215289,5657010.46939679
0.00490039448821322,288.617036576586,502737.787215289,5657010.46939679
0.00452781144575946,288.617036576586,503237.787215289,5657010.46939679
0.00453162954651716,288.617036576586,503737.787215289,5657010.46939679
0.00324420840954614,288.617036576586,504237.787215289,5657010.46939679
0.00335044122181281,288.617036576586,504737.787215289,5657010.46939679
0.00328677664090765,288.617036576586,505237.787215289,5657010.46939679
0.00348284592191814,288.617036576586,505737.787215289,5657010.46939679
0.00313184408575815,288.617036576586,506237.787215289,5657010.46939679
0.00306300931218664,288.617036576586,506737.787215289,5657010.46939679
0.00289173681441888,288.617036576586,507237.787215289,5657010.46939679
0.00157183268583324,288.617036576586,507737.787215289,5657010.46939679
0.003005625113683,288.617036576586,508237.787215289,5657010.46939679
0.0034272109208529,288.617036576586,508737.787215289,5657010.46939679
0.00191103014721916,288.617036576586,509237.787215289,5657010.46939679
0.0029190271588099,288.617036576586,509737.787215289,5657010.46939679
0.00267245403732872,288.617036576586,510237.787215289,5657010.46939679
0.00200722173955705,288.617036576586,510737.787215289,5657010.46939679
0.00250358566356902,288.617036576586,511237.787215289,5657010.46939679
0.00148334525012997,288.617036576586,511737.787215289,5657010.46939679
0.00127008834969439,288.617036576586,512237.787215289,5657010.46939679
0.00118790025579009,288.617036576586,512737.787215289,5657010.46939679
0.0013638612207246,288.617036576586,513237.787215289,5657010.46939679
0.00149534969995127,288.617036576586,513737.787215289,5657010.46939679
0.000757302426327545,288.617036576586,514237.787215289,5657010.46939679
0.000630351986323999,288.617036576586,514737.787215289,5657010.46939679
0.000700998767762756,288.617036576586,515237.787215289,5657010.46939679
0.00064888115410892,288.617036576586,515737.787215289,5657010.46939679
0.000998087421126333,288.617036576586,516237.787215289,5657010.46939679
0.000545798636888202,288.617036576586,516737.787215289,5657010.46939679
0.0012387500146283,288.617036576586,517237.787215289,5657010.46939679
0.00124001419237942,288.617036576586,517737.787215289,5657010.46939679
0.00138205711864571,288.617036576586,518237.787215289,5657010.46939679
0.00208521723642215,288.617036576586,518737.787215289,5657010.46939679
0.0026687408547527,288.617036576586,519237.787215289,5657010.46939679
0.00299377000798108,288.617036576586,519737.787215289,5657010.46939679
0.00299381299414325,288.617036576586,520237.787215289,5657010.46939679
0.00429857728771824,288.617036576586,520737.787215289,5657010.46939679
0.00479791338200663,288.617036576586,521237.787215289,5657010.46939679
0.00445892121459306,288.617036576586,521737.787215289,5657010.46939679
0.00705377401925037,288.617036576586,522237.787215289,5657010.46939679
0.00726567638426981,288.617036576586,522737.787215289,5657010.46939679
0.00759929401729005,288.617036576586,523237.787215289,5657010.46939679
0.00743821388954381,288.617036576586,523737.787215289,5657010.46939679
0.00417025619132545,288.617036576586,524237.787215289,5657010.46939679
0.00219962044503394,288.617036576586,486737.787215289,5657510.46939679
0.00215754431294438,288.617036576586,487237.787215289,5657510.46939679
0.00249015094516286,288.617036576586,487737.787215289,5657510.46939679
0.00369669897411746,288.617036576586,488237.787215289,5657510.46939679
0.0012530239508173,288.617036576586,488737.787215289,5657510.46939679
0.00128985653249697,288.617036576586,489237.787215289,5657510.46939679
0.00127746025136031,288.617036576586,489737.787215289,5657510.46939679
0.00303364470367356,288.617036576586,490237.787215289,5657510.46939679
0.00345362371724494,288.617036576586,490737.787215289,5657510.46939679
0.00292122003870441,288.617036576586,491237.787215289,5657510.46939679
0.00219061212874388,288.617036576586,491737.787215289,5657510.46939679
0.000951300459271034,288.617036576586,492237.787215289,5657510.46939679
0.0009698525898303,288.617036576586,492737.787215289,5657510.46939679
0.00208239141999315,288.617036576586,493237.787215289,5657510.46939679
0.00203207142755506,288.617036576586,493737.787215289,5657510.46939679
0.0029781892696369,288.617036576586,494237.787215289,5657510.46939679
0.00525889035983271,288.617036576586,494737.787215289,5657510.46939679
0.00335923229300798,288.617036576586,495237.787215289,5657510.46939679
0.00373389161514578,288.617036576586,495737.787215289,5657510.46939679
0.00369061151428654,288.617036576586,496237.787215289,5657510.46939679
0.00166559874852955,288.617036576586,496737.787215289,5657510.46939679
0.00158708551256709,288.617036576586,497237.787215289,5657510.46939679
0.00309397532632336,288.617036576586,497737.787215289,5657510.46939679
0.00352368953880772,288.617036576586,498237.787215289,5657510.46939679
0.00413569680926972,288.617036576586,498737.787215289,5657510.46939679
0.00384228994109425,288.617036576586,499237.787215289,5657510.46939679
0.00415909568707823,288.617036576586,499737.787215289,5657510.46939679
0.00484182060124725,288.617036576586,500237.787215289,5657510.46939679
0.00518044152567653,288.617036576586,500737.787215289,5657510.46939679
0.00448184259974184,288.617036576586,501237.787215289,5657510.46939679
0.00382490802651202,288.617036576586,501737.787215289,5657510.46939679
0.00329819677294039,288.617036576586,502237.787215289,5657510.46939679
0.00466090625595625,288.617036576586,502737.787215289,5657510.46939679
0.00489148162809288,288.617036576586,503237.787215289,5657510.46939679
0.0031515682063763,288.617036576586,503737.787215289,5657510.46939679
0.00369800671707456,288.617036576586,504237.787215289,5657510.46939679
0.00341622320735433,288.617036576586,504737.787215289,5657510.46939679
0.0025753165773456,288.617036576586,505237.787215289,5657510.46939679
0.0025753165773456,288.617036576586,505737.787215289,5657510.46939679
0.00324703451118402,288.617036576586,506237.787215289,5657510.46939679
0.00315431360708598,288.617036576586,506737.787215289,5657510.46939679
0.00157183268583324,288.617036576586,507237.787215289,5657510.46939679
0.000979263892727472,288.617036576586,507737.787215289,5657510.46939679
0.00117648383453541,288.617036576586,508237.787215289,5657510.46939679
0.00324728594972155,288.617036576586,508737.787215289,5657510.46939679
0.00220603193957017,288.617036576586,509237.787215289,5657510.46939679
0.00284696288772308,288.617036576586,509737.787215289,5657510.46939679
0.00281309290743226,288.617036576586,510237.787215289,5657510.46939679
0.00261168557130036,288.617036576586,510737.787215289,5657510.46939679
0.0022468258643164,288.617036576586,511237.787215289,5657510.46939679
0.00202726899157914,288.617036576586,511737.787215289,5657510.46939679
0.00177243246209261,288.617036576586,512237.787215289,5657510.46939679
0.00168176146695906,288.617036576586,512737.787215289,5657510.46939679
0.00156932475857856,288.617036576586,513237.787215289,5657510.46939679
0.00148010750137188,288.617036576586,513737.787215289,5657510.46939679
0.000700998767762756,288.617036576586,514237.787215289,5657510.46939679
0.00108663799119183,288.617036576586,514737.787215289,5657510.46939679
0.00141033797878572,288.617036576586,515237.787215289,5657510.46939679
0.000583486795114018,288.617036576586,515737.787215289,5657510.46939679
0.000754296760426717,288.617036576586,516237.787215289,5657510.46939679
0.000601135760084495,288.617036576586,516737.787215289,5657510.46939679
0.000773384535558777,288.617036576586,517237.787215289,5657510.46939679
0.00126698346423984,288.617036576586,517737.787215289,5657510.46939679
0.00139907222723963,288.617036576586,518237.787215289,5657510.46939679
0.00198254732342057,288.617036576586,518737.787215289,5657510.46939679
0.00261848575343695,288.617036576586,519237.787215289,5657510.46939679
0.00283949950333042,288.617036576586,519737.787215289,5657510.46939679
0.00341622320735433,288.617036576586,520237.787215289,5657510.46939679
0.00274061108650998,288.617036576586,520737.787215289,5657510.46939679
0.00461278842114489,288.617036576586,521237.787215289,5657510.46939679
0.00612499501024146,288.617036576586,521737.787215289,5657510.46939679
0.00729592967372221,288.617036576586,522237.787215289,5657510.46939679
0.00787823920363319,288.617036576586,522737.787215289,5657510.46939679
0.00787823920363319,288.617036576586,523237.787215289,5657510.46939679
0.00637821641978614,288.617036576586,523737.787215289,5657510.46939679
0.00552395680191041,288.617036576586,524237.787215289,5657510.46939679
0.00371988053739984,288.617036576586,486737.787215289,5658010.46939679
0.00263647511791774,288.617036576586,487237.787215289,5658010.46939679
0.00402659334322382,288.617036576586,487737.787215289,5658010.46939679
0.00176792846473834,288.617036576586,488237.787215289,5658010.46939679
0.00349575805687921,288.617036576586,488737.787215289,5658010.46939679
0.0036467649325895,288.617036576586,489237.787215289,5658010.46939679
0.00419003241339246,288.617036576586,489737.787215289,5658010.46939679
0.00385762158484088,288.617036576586,490237.787215289,5658010.46939679
0.00303364470367356,288.617036576586,490737.787215289,5658010.46939679
0.00339514711611276,288.617036576586,491237.787215289,5658010.46939679
0.00127746025136031,288.617036576586,491737.787215289,5658010.46939679
0.00183597048953053,288.617036576586,492237.787215289,5658010.46939679
0.00181905655532763,288.617036576586,492737.787215289,5658010.46939679
0.0015567264477498,288.617036576586,493237.787215289,5658010.46939679
0.0025753165773456,288.617036576586,493737.787215289,5658010.46939679
0.00328635125223394,288.617036576586,494237.787215289,5658010.46939679
0.00434312144597223,288.617036576586,494737.787215289,5658010.46939679
0.00383546626577411,288.617036576586,495237.787215289,5658010.46939679
0.00315431360708598,288.617036576586,495737.787215289,5658010.46939679
0.00151227324493612,288.617036576586,496237.787215289,5658010.46939679
0.00119942746027054,288.617036576586,496737.787215289,5658010.46939679
0.00312399879510381,288.617036576586,497237.787215289,5658010.46939679
0.00352368953880772,288.617036576586,497737.787215289,5658010.46939679
0.00417582898582009,288.617036576586,498237.787215289,5658010.46939679
0.00466090625595625,288.617036576586,498737.787215289,5658010.46939679
0.00419875627969006,288.617036576586,499237.787215289,5658010.46939679
0.0039280879254273,288.617036576586,499737.787215289,5658010.46939679
0.00670085943808912,288.617036576586,500237.787215289,5658010.46939679
0.00632362980415374,288.617036576586,500737.787215289,5658010.46939679
0.00337364083122302,288.617036576586,501237.787215289,5658010.46939679
0.00263647511791774,288.617036576586,501737.787215289,5658010.46939679
0.00250299558567739,288.617036576586,502237.787215289,5658010.46939679
0.00244614319454529,288.617036576586,502737.787215289,5658010.46939679
0.00366969836652325,288.617036576586,503237.787215289,5658010.46939679
0.00254954155294184,288.617036576586,503737.787215289,5658010.46939679
0.00278216393847561,288.617036576586,504237.787215289,5658010.46939679
0.00154176538951349,288.617036576586,504737.787215289,5658010.46939679
0.00106818345513196,288.617036576586,505237.787215289,5658010.46939679
0.00146908942843193,288.617036576586,505737.787215289,5658010.46939679
0.00151227324493612,288.617036576586,506237.787215289,5658010.46939679
0.00128331145119702,288.617036576586,506737.787215289,5658010.46939679
0.00116517713181445,288.617036576586,507237.787215289,5658010.46939679
0.00152694811586045,288.617036576586,507737.787215289,5658010.46939679
0.00257463686503079,288.617036576586,508237.787215289,5658010.46939679
0.00266920185838372,288.617036576586,508737.787215289,5658010.46939679
0.00186517704599548,288.617036576586,509237.787215289,5658010.46939679
0.0027817756605107,288.617036576586,509737.787215289,5658010.46939679
0.0021451529776092,288.617036576586,510237.787215289,5658010.46939679
0.00196107463068517,288.617036576586,510737.787215289,5658010.46939679
0.00199404928753848,288.617036576586,511237.787215289,5658010.46939679
0.00181531435440905,288.617036576586,511737.787215289,5658010.46939679
0.00178296713344702,288.617036576586,512237.787215289,5658010.46939679
0.00146674543250263,288.617036576586,512737.787215289,5658010.46939679
0.00079476623254491,288.617036576586,513237.787215289,5658010.46939679
0.000750024303880816,288.617036576586,513737.787215289,5658010.46939679
0.000534915184833904,288.617036576586,514237.787215289,5658010.46939679
0.000750024303880816,288.617036576586,514737.787215289,5658010.46939679
0.000687589492169962,288.617036576586,515237.787215289,5658010.46939679
0.00135796077932096,288.617036576586,515737.787215289,5658010.46939679
0.00107396933722716,288.617036576586,516237.787215289,5658010.46939679
0.000583969988988219,288.617036576586,516737.787215289,5658010.46939679
0.00111006663344977,288.617036576586,517237.787215289,5658010.46939679
0.00138666412991587,288.617036576586,517737.787215289,5658010.46939679
0.00158790091854588,288.617036576586,518237.787215289,5658010.46939679
0.00148256382795359,288.617036576586,518737.787215289,5658010.46939679
0.00169554958223116,288.617036576586,519237.787215289,5658010.46939679
0.00279699851179306,288.617036576586,519737.787215289,5658010.46939679
0.00327722605630991,288.617036576586,520237.787215289,5658010.46939679
0.00355030834793652,288.617036576586,520737.787215289,5658010.46939679
0.00357418810410595,288.617036576586,521237.787215289,5658010.46939679
0.00572028172965834,288.617036576586,521737.787215289,5658010.46939679
0.00673534512203343,288.617036576586,522237.787215289,5658010.46939679
0.00719584895397955,288.617036576586,522737.787215289,5658010.46939679
0.00650260351810186,288.617036576586,523237.787215289,5658010.46939679
0.00588723099498024,288.617036576586,523737.787215289,5658010.46939679
0.00510290426474944,288.617036576586,524237.787215289,5658010.46939679
0.00409478769002419,288.617036576586,486737.787215289,5658510.46939679
0.00290219154872398,288.617036576586,487237.787215289,5658510.46939679
0.00311508269161523,288.617036576586,487737.787215289,5658510.46939679
0.00127746025136031,288.617036576586,488237.787215289,5658510.46939679
0.00383590141186335,288.617036576586,488737.787215289,5658510.46939679
0.00439455564626416,288.617036576586,489237.787215289,5658510.46939679
0.00480607154094353,288.617036576586,489737.787215289,5658510.46939679
0.00386020742802923,288.617036576586,490237.787215289,5658510.46939679
0.0038492361956264,288.617036576586,490737.787215289,5658510.46939679
0.00306308273321336,288.617036576586,491237.787215289,5658510.46939679
0.00287587352269565,288.617036576586,491737.787215289,5658510.46939679
0.00211210262462441,288.617036576586,492237.787215289,5658510.46939679
0.00198343416611796,288.617036576586,492737.787215289,5658510.46939679
0.0016337378185634,288.617036576586,493237.787215289,5658510.46939679
0.00340766554507361,288.617036576586,493737.787215289,5658510.46939679
0.00379909687081879,288.617036576586,494237.787215289,5658510.46939679
0.00374126431873674,288.617036576586,494737.787215289,5658510.46939679
0.0035578828893365,288.617036576586,495237.787215289,5658510.46939679
0.00161803663568588,288.617036576586,495737.787215289,5658510.46939679
0.000998361362315342,288.617036576586,496237.787215289,5658510.46939679
0.00321582859669123,288.617036576586,496737.787215289,5658510.46939679
0.00258178396366722,288.617036576586,497237.787215289,5658510.46939679
0.00391026500073196,288.617036576586,497737.787215289,5658510.46939679
0.00304616108607524,288.617036576586,498237.787215289,5658510.46939679
0.00520834932544252,288.617036576586,498737.787215289,5658510.46939679
0.00409483032178131,288.617036576586,499237.787215289,5658510.46939679
0.00386020742802923,288.617036576586,499737.787215289,5658510.46939679
0.00529065644723217,288.617036576586,500237.787215289,5658510.46939679
0.0033950987340286,288.617036576586,500737.787215289,5658510.46939679
0.00271891936642662,288.617036576586,501237.787215289,5658510.46939679
0.00244251730894705,288.617036576586,501737.787215289,5658510.46939679
0.002107606071683,288.617036576586,502237.787215289,5658510.46939679
0.00198921434590174,288.617036576586,502737.787215289,5658510.46939679
0.00268346506521951,288.617036576586,503237.787215289,5658510.46939679
0.00306424040076484,288.617036576586,503737.787215289,5658510.46939679
0.000960531735098204,288.617036576586,504237.787215289,5658510.46939679
0.000979263892727472,288.617036576586,504737.787215289,5658510.46939679
0.000988766521485039,288.617036576586,505237.787215289,5658510.46939679
0.000942157901442742,288.617036576586,505737.787215289,5658510.46939679
0.00101783126812533,288.617036576586,506237.787215289,5658510.46939679
0.000979263892727472,288.617036576586,506737.787215289,5658510.46939679
0.00198423135048753,288.617036576586,507237.787215289,5658510.46939679
0.00312399879510381,288.617036576586,507737.787215289,5658510.46939679
0.0019810520281107,288.617036576586,508237.787215289,5658510.46939679
0.00159124621855635,288.617036576586,508737.787215289,5658510.46939679
0.00216887271810723,288.617036576586,509237.787215289,5658510.46939679
0.00257163451256368,288.617036576586,509737.787215289,5658510.46939679
0.0022468258643164,288.617036576586,510237.787215289,5658510.46939679
0.00176372280595926,288.617036576586,510737.787215289,5658510.46939679
0.0018507332804448,288.617036576586,511237.787215289,5658510.46939679
0.00177005968189037,288.617036576586,511737.787215289,5658510.46939679
0.00167593053547754,288.617036576586,512237.787215289,5658510.46939679
0.00143784219583947,288.617036576586,512737.787215289,5658510.46939679
0.000750024303880816,288.617036576586,513237.787215289,5658510.46939679
0.000674436720126379,288.617036576586,513737.787215289,5658510.46939679
0.000687589492169962,288.617036576586,514237.787215289,5658510.46939679
0.000687589492169962,288.617036576586,514737.787215289,5658510.46939679
0.000624293932392687,288.617036576586,515237.787215289,5658510.46939679
0.00125827983623382,288.617036576586,515737.787215289,5658510.46939679
0.00118285633236884,288.617036576586,516237.787215289,5658510.46939679
0.000578357693375114,288.617036576586,516737.787215289,5658510.46939679
0.00106789035540192,288.617036576586,517237.787215289,5658510.46939679
0.00137113822540986,288.617036576586,517737.787215289,5658510.46939679
0.00156886830946757,288.617036576586,518237.787215289,5658510.46939679
0.00176625199082977,288.617036576586,518737.787215289,5658510.46939679
0.00239355385560576,288.617036576586,519237.787215289,5658510.46939679
0.00203170583487916,288.617036576586,519737.787215289,5658510.46939679
0.00297548778019076,288.617036576586,520237.787215289,5658510.46939679
0.00368346400882267,288.617036576586,520737.787215289,5658510.46939679
0.00368556244992017,288.617036576586,521237.787215289,5658510.46939679
0.0052983448805299,288.617036576586,521737.787215289,5658510.46939679
0.00516288191099636,288.617036576586,522237.787215289,5658510.46939679
0.00705377401925037,288.617036576586,522737.787215289,5658510.46939679
0.0062628559964616,288.617036576586,523237.787215289,5658510.46939679
0.00531150255703007,288.617036576586,523737.787215289,5658510.46939679
0.00529479566995656,288.617036576586,524237.787215289,5658510.46939679
0.0040480505260716,288.617036576586,486737.787215289,5659010.46939679
0.00400914637579419,288.617036576586,487237.787215289,5659010.46939679
0.0012530239508173,288.617036576586,487737.787215289,5659010.46939679
0.00127746025136031,288.617036576586,488237.787215289,5659010.46939679
0.0048092931496689,288.617036576586,488737.787215289,5659010.46939679
0.00507775358213015,288.617036576586,489237.787215289,5659010.46939679
0.00649646942762488,288.617036576586,489737.787215289,5659010.46939679
0.00692318587454249,288.617036576586,490237.787215289,5659010.46939679
0.00370338202313162,288.617036576586,490737.787215289,5659010.46939679
0.00280726463799613,288.617036576586,491237.787215289,5659010.46939679
0.00261004910643092,288.617036576586,491737.787215289,5659010.46939679
0.00281236345879449,288.617036576586,492237.787215289,5659010.46939679
0.00212805796234816,288.617036576586,492737.787215289,5659010.46939679
0.00214360322046663,288.617036576586,493237.787215289,5659010.46939679
0.00176495832928462,288.617036576586,493737.787215289,5659010.46939679
0.0015567264477498,288.617036576586,494237.787215289,5659010.46939679
0.00164959136334566,288.617036576586,494737.787215289,5659010.46939679
0.00303479124535788,288.617036576586,495237.787215289,5659010.46939679
0.00161803663568588,288.617036576586,495737.787215289,5659010.46939679
0.00286394552009923,288.617036576586,496237.787215289,5659010.46939679
0.00383546626577411,288.617036576586,496737.787215289,5659010.46939679
0.00440222630576219,288.617036576586,497237.787215289,5659010.46939679
0.0049959613067207,288.617036576586,497737.787215289,5659010.46939679
0.00326645261016838,288.617036576586,498237.787215289,5659010.46939679
0.00568633325925474,288.617036576586,498737.787215289,5659010.46939679
0.00435232137765422,288.617036576586,499237.787215289,5659010.46939679
0.00361995662167954,288.617036576586,499737.787215289,5659010.46939679
0.00347280884903531,288.617036576586,500237.787215289,5659010.46939679
0.00319818742447014,288.617036576586,500737.787215289,5659010.46939679
0.00216955905568877,288.617036576586,501237.787215289,5659010.46939679
0.00198921434590174,288.617036576586,501737.787215289,5659010.46939679
0.00181905655532763,288.617036576586,502237.787215289,5659010.46939679
0.000915254050521544,288.617036576586,502737.787215289,5659010.46939679
0.000960531735098204,288.617036576586,503237.787215289,5659010.46939679
0.000924135537448159,288.617036576586,503737.787215289,5659010.46939679
0.00208239141999315,288.617036576586,504237.787215289,5659010.46939679
0.00234411968423126,288.617036576586,504737.787215289,5659010.46939679
0.00209180407415413,288.617036576586,505237.787215289,5659010.46939679
0.0022209652292662,288.617036576586,505737.787215289,5659010.46939679
0.00242263431741351,288.617036576586,506237.787215289,5659010.46939679
0.00330181325520945,288.617036576586,506737.787215289,5659010.46939679
0.00341053151702681,288.617036576586,507237.787215289,5659010.46939679
0.00298434455162563,288.617036576586,507737.787215289,5659010.46939679
0.00207140303665315,288.617036576586,508237.787215289,5659010.46939679
0.00231287120775412,288.617036576586,508737.787215289,5659010.46939679
0.00214328847867264,288.617036576586,509237.787215289,5659010.46939679
0.00201500965446943,288.617036576586,509737.787215289,5659010.46939679
0.00192362264736449,288.617036576586,510237.787215289,5659010.46939679
0.00140053202751497,288.617036576586,510737.787215289,5659010.46939679
0.00155132903234302,288.617036576586,511237.787215289,5659010.46939679
0.00149447024078388,288.617036576586,511737.787215289,5659010.46939679
0.000700998767762756,288.617036576586,512237.787215289,5659010.46939679
0.000802478523902748,288.617036576586,512737.787215289,5659010.46939679
0.000742816128478368,288.617036576586,513237.787215289,5659010.46939679
0.00064888115410892,288.617036576586,513737.787215289,5659010.46939679
0.00119680942864939,288.617036576586,514237.787215289,5659010.46939679
0.00135515120676156,288.617036576586,514737.787215289,5659010.46939679
0.00144170060235728,288.617036576586,515237.787215289,5659010.46939679
0.00130422638517759,288.617036576586,515737.787215289,5659010.46939679
0.00120936970782841,288.617036576586,516237.787215289,5659010.46939679
0.000923881963143815,288.617036576586,516737.787215289,5659010.46939679
0.000578357693375114,288.617036576586,517237.787215289,5659010.46939679
0.00118035763634218,288.617036576586,517737.787215289,5659010.46939679
0.00123493227432611,288.617036576586,518237.787215289,5659010.46939679
0.00147118608686574,288.617036576586,518737.787215289,5659010.46939679
0.00218921679887233,288.617036576586,519237.787215289,5659010.46939679
0.00214669267799077,288.617036576586,519737.787215289,5659010.46939679
0.00296499811456315,288.617036576586,520237.787215289,5659010.46939679
0.00257659536906213,288.617036576586,520737.787215289,5659010.46939679
0.00388031887464413,288.617036576586,521237.787215289,5659010.46939679
0.00490039448821322,288.617036576586,521737.787215289,5659010.46939679
0.00441015650229422,288.617036576586,522237.787215289,5659010.46939679
0.0044492287683438,288.617036576586,522737.787215289,5659010.46939679
0.00532114005546827,288.617036576586,523237.787215289,5659010.46939679
0.0046589642854396,288.617036576586,523737.787215289,5659010.46939679
0.00290250925516667,288.617036576586,524237.787215289,5659010.46939679
0.0042875226265833,288.617036576586,486737.787215289,5659510.46939679
0.00490820381833344,288.617036576586,487237.787215289,5659510.46939679
0.00457590801375885,288.617036576586,487737.787215289,5659510.46939679
0.0012530239508173,288.617036576586,488237.787215289,5659510.46939679
0.00530399557406,288.617036576586,488737.787215289,5659510.46939679
0.00586945688711663,288.617036576586,489237.787215289,5659510.46939679
0.00517677923326422,288.617036576586,489737.787215289,5659510.46939679
0.00402873649492774,288.617036576586,490237.787215289,5659510.46939679
0.00482255598144374,288.617036576586,490737.787215289,5659510.46939679
0.00431437881155011,288.617036576586,491237.787215289,5659510.46939679
0.00394074773180309,288.617036576586,491737.787215289,5659510.46939679
0.00266825899402797,288.617036576586,492237.787215289,5659510.46939679
0.00215754431294438,288.617036576586,492737.787215289,5659510.46939679
0.00218452946644333,288.617036576586,493237.787215289,5659510.46939679
0.00148334525012997,288.617036576586,493737.787215289,5659510.46939679
0.00148334525012997,288.617036576586,494237.787215289,5659510.46939679
0.00160248635042544,288.617036576586,494737.787215289,5659510.46939679
0.00160248635042544,288.617036576586,495237.787215289,5659510.46939679
0.00151227324493612,288.617036576586,495737.787215289,5659510.46939679
0.00334113806757445,288.617036576586,496237.787215289,5659510.46939679
0.00289314539323069,288.617036576586,496737.787215289,5659510.46939679
0.00263647511791774,288.617036576586,497237.787215289,5659510.46939679
0.00386202435570347,288.617036576586,497737.787215289,5659510.46939679
0.00407986276310363,288.617036576586,498237.787215289,5659510.46939679
0.00317382300824833,288.617036576586,498737.787215289,5659510.46939679
0.0036467649325895,288.617036576586,499237.787215289,5659510.46939679
0.00329896187807454,288.617036576586,499737.787215289,5659510.46939679
0.00283450590960558,288.617036576586,500237.787215289,5659510.46939679
0.00241904327871189,288.617036576586,500737.787215289,5659510.46939679
0.00210787888237265,288.617036576586,501237.787215289,5659510.46939679
0.00194627535649418,288.617036576586,501737.787215289,5659510.46939679
0.000998361362315342,288.617036576586,502237.787215289,5659510.46939679
0.000915254050521544,288.617036576586,502737.787215289,5659510.46939679
0.000924135537448159,288.617036576586,503237.787215289,5659510.46939679
0.00208239141999315,288.617036576586,503737.787215289,5659510.46939679
0.00218452946644333,288.617036576586,504237.787215289,5659510.46939679
0.00250773506083079,288.617036576586,504737.787215289,5659510.46939679
0.00233621252218491,288.617036576586,505237.787215289,5659510.46939679
0.00250462842982132,288.617036576586,505737.787215289,5659510.46939679
0.00396444559485849,288.617036576586,506237.787215289,5659510.46939679
0.00365222134014149,288.617036576586,506737.787215289,5659510.46939679
0.00302282109950264,288.617036576586,507237.787215289,5659510.46939679
0.00280278177096647,288.617036576586,507737.787215289,5659510.46939679
0.00234776800722482,288.617036576586,508237.787215289,5659510.46939679
0.00214820363880969,288.617036576586,508737.787215289,5659510.46939679
0.00199564422464018,288.617036576586,509237.787215289,5659510.46939679
0.00188680878067305,288.617036576586,509737.787215289,5659510.46939679
0.00114312949201326,288.617036576586,510237.787215289,5659510.46939679
0.00156638289472339,288.617036576586,510737.787215289,5659510.46939679
0.00152361519362581,288.617036576586,511237.787215289,5659510.46939679
0.000787128060850362,288.617036576586,511737.787215289,5659510.46939679
0.000772071233962563,288.617036576586,512237.787215289,5659510.46939679
0.000714669549201657,288.617036576586,512737.787215289,5659510.46939679
0.000594865874244136,288.617036576586,513237.787215289,5659510.46939679
0.00126820386454178,288.617036576586,513737.787215289,5659510.46939679
0.001226411042487,288.617036576586,514237.787215289,5659510.46939679
0.00153275035279991,288.617036576586,514737.787215289,5659510.46939679
0.00168211583043516,288.617036576586,515237.787215289,5659510.46939679
0.00114090967080114,288.617036576586,515737.787215289,5659510.46939679
0.00116472968266859,288.617036576586,516237.787215289,5659510.46939679
0.00085519350685658,288.617036576586,516737.787215289,5659510.46939679
0.000578357693375114,288.617036576586,517237.787215289,5659510.46939679
0.00119433459137901,288.617036576586,517737.787215289,5659510.46939679
0.00135934386307138,288.617036576586,518237.787215289,5659510.46939679
0.00153767194601736,288.617036576586,518737.787215289,5659510.46939679
0.00182022601607251,288.617036576586,519237.787215289,5659510.46939679
0.00199806077182518,288.617036576586,519737.787215289,5659510.46939679
0.00289086628384075,288.617036576586,520237.787215289,5659510.46939679
0.0024765759154538,288.617036576586,520737.787215289,5659510.46939679
0.00363657562822744,288.617036576586,521237.787215289,5659510.46939679
0.00448429651041487,288.617036576586,521737.787215289,5659510.46939679
0.00433653792539983,288.617036576586,522237.787215289,5659510.46939679
0.00363558051521892,288.617036576586,522737.787215289,5659510.46939679
0.0034384095237912,288.617036576586,523237.787215289,5659510.46939679
0.00298782838186587,288.617036576586,523737.787215289,5659510.46939679
0.00277974244340486,288.617036576586,524237.787215289,5659510.46939679
0.00525302105198943,288.617036576586,486737.787215289,5660010.46939679
0.0061902379072516,288.617036576586,487237.787215289,5660010.46939679
0.00560216635338162,288.617036576586,487737.787215289,5660010.46939679
0.00604198930365104,288.617036576586,488237.787215289,5660010.46939679
0.00544219332956435,288.617036576586,488737.787215289,5660010.46939679
0.00564705308185343,288.617036576586,489237.787215289,5660010.46939679
0.0047630730093278,288.617036576586,489737.787215289,5660010.46939679
0.00361995662167954,288.617036576586,490237.787215289,5660010.46939679
0.00290907159740165,288.617036576586,490737.787215289,5660010.46939679
0.00289314539323069,288.617036576586,491237.787215289,5660010.46939679
0.00391860750544713,288.617036576586,491737.787215289,5660010.46939679
0.00176711236815176,288.617036576586,492237.787215289,5660010.46939679
0.00187252763950789,288.617036576586,492737.787215289,5660010.46939679
0.00236686666723348,288.617036576586,493237.787215289,5660010.46939679
0.00355076790348719,288.617036576586,493737.787215289,5660010.46939679
0.00327722605630991,288.617036576586,494237.787215289,5660010.46939679
0.00160248635042544,288.617036576586,494737.787215289,5660010.46939679
0.00157183268583324,288.617036576586,495237.787215289,5660010.46939679
0.00334113806757445,288.617036576586,495737.787215289,5660010.46939679
0.00351618779321278,288.617036576586,496237.787215289,5660010.46939679
0.00453606165564179,288.617036576586,496737.787215289,5660010.46939679
0.00306308273321336,288.617036576586,497237.787215289,5660010.46939679
0.00290219154872398,288.617036576586,497737.787215289,5660010.46939679
0.00271891936642662,288.617036576586,498237.787215289,5660010.46939679
0.00271397418332967,288.617036576586,498737.787215289,5660010.46939679
0.00325877378251903,288.617036576586,499237.787215289,5660010.46939679
0.00279884187674975,288.617036576586,499737.787215289,5660010.46939679
0.00271626275629917,288.617036576586,500237.787215289,5660010.46939679
0.00245976506132322,288.617036576586,500737.787215289,5660010.46939679
0.00111025284277486,288.617036576586,501237.787215289,5660010.46939679
0.00122281852943533,288.617036576586,501737.787215289,5660010.46939679
0.000924135537448159,288.617036576586,502237.787215289,5660010.46939679
0.00198423135048753,288.617036576586,502737.787215289,5660010.46939679
0.00192679608344039,288.617036576586,503237.787215289,5660010.46939679
0.00209180407415413,288.617036576586,503737.787215289,5660010.46939679
0.00252385523745485,288.617036576586,504237.787215289,5660010.46939679
0.00326330751789081,288.617036576586,504737.787215289,5660010.46939679
0.00484447160805659,288.617036576586,505237.787215289,5660010.46939679
0.00426004268024503,288.617036576586,505737.787215289,5660010.46939679
0.00328984238807047,288.617036576586,506237.787215289,5660010.46939679
0.00315547779504369,288.617036576586,506737.787215289,5660010.46939679
0.00269657955444563,288.617036576586,507237.787215289,5660010.46939679
0.0024175128767823,288.617036576586,507737.787215289,5660010.46939679
0.00198042532451657,288.617036576586,508237.787215289,5660010.46939679
0.0018507332804448,288.617036576586,508737.787215289,5660010.46939679
0.00180457914206312,288.617036576586,509237.787215289,5660010.46939679
0.00163853756954437,288.617036576586,509737.787215289,5660010.46939679
0.00112798034874121,288.617036576586,510237.787215289,5660010.46939679
0.000589148862754915,288.617036576586,510737.787215289,5660010.46939679
0.000742816128478368,288.617036576586,511237.787215289,5660010.46939679
0.00079476623254491,288.617036576586,511737.787215289,5660010.46939679
0.000787128060850362,288.617036576586,512237.787215289,5660010.46939679
0.000583486795114018,288.617036576586,512737.787215289,5660010.46939679
0.00119751372171252,288.617036576586,513237.787215289,5660010.46939679
0.00151671614569315,288.617036576586,513737.787215289,5660010.46939679
0.00166420083805085,288.617036576586,514237.787215289,5660010.46939679
0.00197488529918326,288.617036576586,514737.787215289,5660010.46939679
0.00158427926657607,288.617036576586,515237.787215289,5660010.46939679
0.00138270509173672,288.617036576586,515737.787215289,5660010.46939679
0.00142659070303706,288.617036576586,516237.787215289,5660010.46939679
0.000897499991961339,288.617036576586,516737.787215289,5660010.46939679
0.000561842362836714,288.617036576586,517237.787215289,5660010.46939679
0.000902609024093419,288.617036576586,517737.787215289,5660010.46939679
0.00126919731540515,288.617036576586,518237.787215289,5660010.46939679
0.00126698346423984,288.617036576586,518737.787215289,5660010.46939679
0.00196349387571638,288.617036576586,519237.787215289,5660010.46939679
0.00220384674850455,288.617036576586,519737.787215289,5660010.46939679
0.00229319965942293,288.617036576586,520237.787215289,5660010.46939679
0.00290524985982584,288.617036576586,520737.787215289,5660010.46939679
0.00324728594972155,288.617036576586,521237.787215289,5660010.46939679
0.00421187626524076,288.617036576586,521737.787215289,5660010.46939679
0.00459386208133456,288.617036576586,522237.787215289,5660010.46939679
0.00382376972157657,288.617036576586,522737.787215289,5660010.46939679
0.00283255425280447,288.617036576586,523237.787215289,5660010.46939679
0.00312061626530616,288.617036576586,523737.787215289,5660010.46939679
0.00250437792072416,288.617036576586,524237.787215289,5660010.46939679
0.00564705308185343,288.617036576586,486737.787215289,5660510.46939679
0.00564705308185343,288.617036576586,487237.787215289,5660510.46939679
0.00593635782697849,288.617036576586,487737.787215289,5660510.46939679
0.00540743336536637,288.617036576586,488237.787215289,5660510.46939679
0.00135366582915538,288.617036576586,488737.787215289,5660510.46939679
0.00512702733517234,288.617036576586,489237.787215289,5660510.46939679
0.00462123263144938,288.617036576586,489737.787215289,5660510.46939679
0.00354262950057667,288.617036576586,490237.787215289,5660510.46939679
0.00263647511791774,288.617036576586,490737.787215289,5660510.46939679
0.00226950065433256,288.617036576586,491237.787215289,5660510.46939679
0.00337355996622682,288.617036576586,491737.787215289,5660510.46939679
0.00157183268583324,288.617036576586,492237.787215289,5660510.46939679
0.00137306201110481,288.617036576586,492737.787215289,5660510.46939679
0.00315431360708598,288.617036576586,493237.787215289,5660510.46939679
0.00297673928571539,288.617036576586,493737.787215289,5660510.46939679
0.00309397532632336,288.617036576586,494237.787215289,5660510.46939679
0.0010890150217813,288.617036576586,494737.787215289,5660510.46939679
0.00164959136334566,288.617036576586,495237.787215289,5660510.46939679
0.00344937372085081,288.617036576586,495737.787215289,5660510.46939679
0.00257657102634887,288.617036576586,496237.787215289,5660510.46939679
0.00327730461216048,288.617036576586,496737.787215289,5660510.46939679
0.00288155203863381,288.617036576586,497237.787215289,5660510.46939679
0.00263647511791774,288.617036576586,497737.787215289,5660510.46939679
0.00248701623218811,288.617036576586,498237.787215289,5660510.46939679
0.00243310735062035,288.617036576586,498737.787215289,5660510.46939679
0.00279375133022203,288.617036576586,499237.787215289,5660510.46939679
0.00273916842592831,288.617036576586,499737.787215289,5660510.46939679
0.00312552050983558,288.617036576586,500237.787215289,5660510.46939679
0.00237160936608126,288.617036576586,500737.787215289,5660510.46939679
0.00106818345513196,288.617036576586,501237.787215289,5660510.46939679
0.000942157901442742,288.617036576586,501737.787215289,5660510.46939679
0.00187252763950789,288.617036576586,502237.787215289,5660510.46939679
0.00212833342035149,288.617036576586,502737.787215289,5660510.46939679
0.00209180407415413,288.617036576586,503237.787215289,5660510.46939679
0.00222608779666221,288.617036576586,503737.787215289,5660510.46939679
0.00251431499344231,288.617036576586,504237.787215289,5660510.46939679
0.00266205907384647,288.617036576586,504737.787215289,5660510.46939679
0.00424020579844545,288.617036576586,505237.787215289,5660510.46939679
0.004149082273416,288.617036576586,505737.787215289,5660510.46939679
0.00347773322586956,288.617036576586,506237.787215289,5660510.46939679
0.00301679553150908,288.617036576586,506737.787215289,5660510.46939679
0.00253715296340157,288.617036576586,507237.787215289,5660510.46939679
0.00234776800722482,288.617036576586,507737.787215289,5660510.46939679
0.00184223802588449,288.617036576586,508237.787215289,5660510.46939679
0.00176533022314771,288.617036576586,508737.787215289,5660510.46939679
0.00153143412985469,288.617036576586,509237.787215289,5660510.46939679
0.00149534969995127,288.617036576586,509737.787215289,5660510.46939679
0.00128051032310024,288.617036576586,510237.787215289,5660510.46939679
0.000534915184833904,288.617036576586,510737.787215289,5660510.46939679
0.000772071233962563,288.617036576586,511237.787215289,5660510.46939679
0.00079476623254491,288.617036576586,511737.787215289,5660510.46939679
0.000572325384280999,288.617036576586,512237.787215289,5660510.46939679
0.000600638362748479,288.617036576586,512737.787215289,5660510.46939679
0.00128708168613116,288.617036576586,513237.787215289,5660510.46939679
0.00148763264152694,288.617036576586,513737.787215289,5660510.46939679
0.00186370773078948,288.617036576586,514237.787215289,5660510.46939679
0.00162617384594234,288.617036576586,514737.787215289,5660510.46939679
0.00163959098893879,288.617036576586,515237.787215289,5660510.46939679
0.00144304404069634,288.617036576586,515737.787215289,5660510.46939679
0.00142742505854303,288.617036576586,516237.787215289,5660510.46939679
0.000855284757841869,288.617036576586,516737.787215289,5660510.46939679
0.000463163415151167,288.617036576586,517237.787215289,5660510.46939679
0.0011208385522269,288.617036576586,517737.787215289,5660510.46939679
0.00110983637299452,288.617036576586,518237.787215289,5660510.46939679
0.00113790420886929,288.617036576586,518737.787215289,5660510.46939679
0.00134616606536482,288.617036576586,519237.787215289,5660510.46939679
0.00211441863640094,288.617036576586,519737.787215289,5660510.46939679
0.00228145823307533,288.617036576586,520237.787215289,5660510.46939679
0.00273190598884873,288.617036576586,520737.787215289,5660510.46939679
0.00309252995179408,288.617036576586,521237.787215289,5660510.46939679
0.00383071481550204,288.617036576586,521737.787215289,5660510.46939679
0.00363259248010154,288.617036576586,522237.787215289,5660510.46939679
0.00376879148846218,288.617036576586,522737.787215289,5660510.46939679
0.00281236345879449,288.617036576586,523237.787215289,5660510.46939679
0.00322390449930525,288.617036576586,523737.787215289,5660510.46939679
0.00300483182853062,288.617036576586,524237.787215289,5660510.46939679
0.00617198213239341,288.617036576586,486737.787215289,5661010.46939679
0.00556638462162711,288.617036576586,487237.787215289,5661010.46939679
0.00588195354441822,288.617036576586,487737.787215289,5661010.46939679
0.00436365205667594,288.617036576586,488237.787215289,5661010.46939679
0.00458737778332973,288.617036576586,488737.787215289,5661010.46939679
0.0058352010704087,288.617036576586,489237.787215289,5661010.46939679
0.00722242528034189,288.617036576586,489737.787215289,5661010.46939679
0.00343551210021281,288.617036576586,490237.787215289,5661010.46939679
0.00266205907384647,288.617036576586,490737.787215289,5661010.46939679
0.002247689416073,288.617036576586,491237.787215289,5661010.46939679
0.00206154983098593,288.617036576586,491737.787215289,5661010.46939679
0.00119942746027054,288.617036576586,492237.787215289,5661010.46939679
0.00168176146695906,288.617036576586,492737.787215289,5661010.46939679
0.00158708551256709,288.617036576586,493237.787215289,5661010.46939679
0.00166559874852955,288.617036576586,493737.787215289,5661010.46939679
0.00144098748885339,288.617036576586,494237.787215289,5661010.46939679
0.00157183268583324,288.617036576586,494737.787215289,5661010.46939679
0.00158708551256709,288.617036576586,495237.787215289,5661010.46939679
0.00276198788343959,288.617036576586,495737.787215289,5661010.46939679
0.00298789163485553,288.617036576586,496237.787215289,5661010.46939679
0.00256012196049519,288.617036576586,496737.787215289,5661010.46939679
0.00238656489075919,288.617036576586,497237.787215289,5661010.46939679
0.00218350537550551,288.617036576586,497737.787215289,5661010.46939679
0.002107606071683,288.617036576586,498237.787215289,5661010.46939679
0.00206755765764329,288.617036576586,498737.787215289,5661010.46939679
0.00215754431294438,288.617036576586,499237.787215289,5661010.46939679
0.002107606071683,288.617036576586,499737.787215289,5661010.46939679
0.00219089568382261,288.617036576586,500237.787215289,5661010.46939679
0.00238384783219676,288.617036576586,500737.787215289,5661010.46939679
0.00119942746027054,288.617036576586,501237.787215289,5661010.46939679
0.00218452946644333,288.617036576586,501737.787215289,5661010.46939679
0.00284924227447634,288.617036576586,502237.787215289,5661010.46939679
0.00267804682133163,288.617036576586,502737.787215289,5661010.46939679
0.00246621912762251,288.617036576586,503237.787215289,5661010.46939679
0.00266205907384647,288.617036576586,503737.787215289,5661010.46939679
0.00308307826099362,288.617036576586,504237.787215289,5661010.46939679
0.00317583260530921,288.617036576586,504737.787215289,5661010.46939679
0.00372638269764892,288.617036576586,505237.787215289,5661010.46939679
0.00394516731451734,288.617036576586,505737.787215289,5661010.46939679
0.00327767792576375,288.617036576586,506237.787215289,5661010.46939679
0.00274460930065558,288.617036576586,506737.787215289,5661010.46939679
0.00203714043651952,288.617036576586,507237.787215289,5661010.46939679
0.00153613158659577,288.617036576586,507737.787215289,5661010.46939679
0.00141412257855988,288.617036576586,508237.787215289,5661010.46939679
0.00158158283750828,288.617036576586,508737.787215289,5661010.46939679
0.00134385726209871,288.617036576586,509237.787215289,5661010.46939679
0.000707801153819295,288.617036576586,509737.787215289,5661010.46939679
0.000742816128478368,288.617036576586,510237.787215289,5661010.46939679
0.000667954985932743,288.617036576586,510737.787215289,5661010.46939679
0.00149447024078388,288.617036576586,511237.787215289,5661010.46939679
0.00148010750137188,288.617036576586,511737.787215289,5661010.46939679
0.00079476623254491,288.617036576586,512237.787215289,5661010.46939679
0.00139760577306148,288.617036576586,512737.787215289,5661010.46939679
0.00151259189559759,288.617036576586,513237.787215289,5661010.46939679
0.00182805721079451,288.617036576586,513737.787215289,5661010.46939679
0.00201109940854495,288.617036576586,514237.787215289,5661010.46939679
0.00238557127857409,288.617036576586,514737.787215289,5661010.46939679
0.00212436679614962,288.617036576586,515237.787215289,5661010.46939679
0.00108841828962226,288.617036576586,515737.787215289,5661010.46939679
0.00106482621855165,288.617036576586,516237.787215289,5661010.46939679
0.000992022227534681,288.617036576586,516737.787215289,5661010.46939679
0.000495555533058202,288.617036576586,517237.787215289,5661010.46939679
0.000601135760084495,288.617036576586,517737.787215289,5661010.46939679
0.000893934419641494,288.617036576586,518237.787215289,5661010.46939679
0.00129526691442473,288.617036576586,518737.787215289,5661010.46939679
0.00139546839196823,288.617036576586,519237.787215289,5661010.46939679
0.00188053340216913,288.617036576586,519737.787215289,5661010.46939679
0.00164713220641762,288.617036576586,520237.787215289,5661010.46939679
0.00269101543289803,288.617036576586,520737.787215289,5661010.46939679
0.00216891736501326,288.617036576586,521237.787215289,5661010.46939679
0.00399405340053631,288.617036576586,521737.787215289,5661010.46939679
0.00319588460540424,288.617036576586,522237.787215289,5661010.46939679
0.0037213265907044,288.617036576586,522737.787215289,5661010.46939679
0.00248852998129975,288.617036576586,523237.787215289,5661010.46939679
0.00289416887134951,288.617036576586,523737.787215289,5661010.46939679
0.00298434455162563,288.617036576586,524237.787215289,5661010.46939679
0.00525302105198943,288.617036576586,486737.787215289,5661510.46939679
0.00462123263144938,288.617036576586,487237.787215289,5661510.46939679
0.00441902853651193,288.617036576586,487737.787215289,5661510.46939679
0.00368215258813145,288.617036576586,488237.787215289,5661510.46939679
0.00375396142085976,288.617036576586,488737.787215289,5661510.46939679
0.00474878304717109,288.617036576586,489237.787215289,5661510.46939679
0.0012530239508173,288.617036576586,489737.787215289,5661510.46939679
0.00203076634808096,288.617036576586,490237.787215289,5661510.46939679
0.0012530239508173,288.617036576586,490737.787215289,5661510.46939679
0.00241904327871189,288.617036576586,491237.787215289,5661510.46939679
0.002107606071683,288.617036576586,491737.787215289,5661510.46939679
0.00223362222975444,288.617036576586,492237.787215289,5661510.46939679
0.0030044175743702,288.617036576586,492737.787215289,5661510.46939679
0.00309397532632336,288.617036576586,493237.787215289,5661510.46939679
0.00134679696220656,288.617036576586,493737.787215289,5661510.46939679
0.00134679696220656,288.617036576586,494237.787215289,5661510.46939679
0.000960531735098204,288.617036576586,494737.787215289,5661510.46939679
0.00183670840511263,288.617036576586,495237.787215289,5661510.46939679
0.002247689416073,288.617036576586,495737.787215289,5661510.46939679
0.00263647511791774,288.617036576586,496237.787215289,5661510.46939679
0.002107606071683,288.617036576586,496737.787215289,5661510.46939679
0.00208762092455363,288.617036576586,497237.787215289,5661510.46939679
0.00187177533319773,288.617036576586,497737.787215289,5661510.46939679
0.00185453154577911,288.617036576586,498237.787215289,5661510.46939679
0.000924135537448159,288.617036576586,498737.787215289,5661510.46939679
0.00180157435021784,288.617036576586,499237.787215289,5661510.46939679
0.00200348603151155,288.617036576586,499737.787215289,5661510.46939679
0.000924135537448159,288.617036576586,500237.787215289,5661510.46939679
0.00109958265890165,288.617036576586,500737.787215289,5661510.46939679
0.00102770814886265,288.617036576586,501237.787215289,5661510.46939679
0.00169808102596453,288.617036576586,501737.787215289,5661510.46939679
0.00189069836460934,288.617036576586,502237.787215289,5661510.46939679
0.00213259814915947,288.617036576586,502737.787215289,5661510.46939679
0.00220469378153955,288.617036576586,503237.787215289,5661510.46939679
0.00271397418332967,288.617036576586,503737.787215289,5661510.46939679
0.003488590683881,288.617036576586,504237.787215289,5661510.46939679
0.00333070863314037,288.617036576586,504737.787215289,5661510.46939679
0.00312429662760255,288.617036576586,505237.787215289,5661510.46939679
0.00271449460494303,288.617036576586,505737.787215289,5661510.46939679
0.00303908134723767,288.617036576586,506237.787215289,5661510.46939679
0.00269657955444563,288.617036576586,506737.787215289,5661510.46939679
0.00126988266386672,288.617036576586,507237.787215289,5661510.46939679
0.00191479281529737,288.617036576586,507737.787215289,5661510.46939679
0.00111923792196588,288.617036576586,508237.787215289,5661510.46939679
0.000534915184833904,288.617036576586,508737.787215289,5661510.46939679
0.000674436720126379,288.617036576586,509237.787215289,5661510.46939679
0.00079476623254491,288.617036576586,509737.787215289,5661510.46939679
0.000878651444021199,288.617036576586,510237.787215289,5661510.46939679
0.0010360252084972,288.617036576586,510737.787215289,5661510.46939679
0.00156638289472339,288.617036576586,511237.787215289,5661510.46939679
0.000485673949412206,288.617036576586,511737.787215289,5661510.46939679
0.0007646511745741,288.617036576586,512237.787215289,5661510.46939679
0.00151801971896048,288.617036576586,512737.787215289,5661510.46939679
0.00184579640157933,288.617036576586,513237.787215289,5661510.46939679
0.00207021558360516,288.617036576586,513737.787215289,5661510.46939679
0.00231246472553355,288.617036576586,514237.787215289,5661510.46939679
0.00211729785545494,288.617036576586,514737.787215289,5661510.46939679
0.00221991922971937,288.617036576586,515237.787215289,5661510.46939679
0.00123403414714329,288.617036576586,515737.787215289,5661510.46939679
0.00097976701472476,288.617036576586,516237.787215289,5661510.46939679
0.00114128738251004,288.617036576586,516737.787215289,5661510.46939679
0.00106789035540192,288.617036576586,517237.787215289,5661510.46939679
0.000535358155853459,288.617036576586,517737.787215289,5661510.46939679
0.0011208385522269,288.617036576586,518237.787215289,5661510.46939679
0.0012461981280287,288.617036576586,518737.787215289,5661510.46939679
0.00141414928852552,288.617036576586,519237.787215289,5661510.46939679
0.00185129517523909,288.617036576586,519737.787215289,5661510.46939679
0.00162977930329688,288.617036576586,520237.787215289,5661510.46939679
0.00251926682964349,288.617036576586,520737.787215289,5661510.46939679
0.00259952426169288,288.617036576586,521237.787215289,5661510.46939679
0.00365466949931601,288.617036576586,521737.787215289,5661510.46939679
0.00321398078645595,288.617036576586,522237.787215289,5661510.46939679
0.00259804384663552,288.617036576586,522737.787215289,5661510.46939679
0.00355076790348719,288.617036576586,523237.787215289,5661510.46939679
0.0019168860809389,288.617036576586,523737.787215289,5661510.46939679
0.00169121241995295,288.617036576586,524237.787215289,5661510.46939679
0.00491487251639207,288.617036576586,486737.787215289,5662010.46939679
0.00432912809790994,288.617036576586,487237.787215289,5662010.46939679
0.00356649059602422,288.617036576586,487737.787215289,5662010.46939679
0.00323506007630508,288.617036576586,488237.787215289,5662010.46939679
0.00317382300824833,288.617036576586,488737.787215289,5662010.46939679
0.00326645261016838,288.617036576586,489237.787215289,5662010.46939679
0.00317583260530921,288.617036576586,489737.787215289,5662010.46939679
0.00311508269161523,288.617036576586,490237.787215289,5662010.46939679
0.00278911937930111,288.617036576586,490737.787215289,5662010.46939679
0.00241904327871189,288.617036576586,491237.787215289,5662010.46939679
0.00277974244340486,288.617036576586,491737.787215289,5662010.46939679
0.00214870831506816,288.617036576586,492237.787215289,5662010.46939679
0.00234411968423126,288.617036576586,492737.787215289,5662010.46939679
0.00278104617687751,288.617036576586,493237.787215289,5662010.46939679
0.0016337378185634,288.617036576586,493737.787215289,5662010.46939679
0.000207101163908635,288.617036576586,494237.787215289,5662010.46939679
0.00181905655532763,288.617036576586,494737.787215289,5662010.46939679
0.00183597048953053,288.617036576586,495237.787215289,5662010.46939679
0.00240815278275408,288.617036576586,495737.787215289,5662010.46939679
0.00248701623218811,288.617036576586,496237.787215289,5662010.46939679
0.0020125420240353,288.617036576586,496737.787215289,5662010.46939679
0.00183670840511263,288.617036576586,497237.787215289,5662010.46939679
0.00185453154577911,288.617036576586,497737.787215289,5662010.46939679
0.000979263892727472,288.617036576586,498237.787215289,5662010.46939679
0.000960531735098204,288.617036576586,498737.787215289,5662010.46939679
0.000979263892727472,288.617036576586,499237.787215289,5662010.46939679
0.00104775037166272,288.617036576586,499737.787215289,5662010.46939679
0.00106818345513196,288.617036576586,500237.787215289,5662010.46939679
0.00109958265890165,288.617036576586,500737.787215289,5662010.46939679
0.000988766521485039,288.617036576586,501237.787215289,5662010.46939679
0.00100804931003039,288.617036576586,501737.787215289,5662010.46939679
0.00168176146695906,288.617036576586,502237.787215289,5662010.46939679
0.00187177533319773,288.617036576586,502737.787215289,5662010.46939679
0.00209180407415413,288.617036576586,503237.787215289,5662010.46939679
0.00257825186787167,288.617036576586,503737.787215289,5662010.46939679
0.00241904327871189,288.617036576586,504237.787215289,5662010.46939679
0.00448429651041487,288.617036576586,504737.787215289,5662010.46939679
0.00493894782625604,288.617036576586,505237.787215289,5662010.46939679
0.00369740783938819,288.617036576586,505737.787215289,5662010.46939679
0.00295427813847267,288.617036576586,506237.787215289,5662010.46939679
0.00208210080207106,288.617036576586,506737.787215289,5662010.46939679
0.00212269021377325,288.617036576586,507237.787215289,5662010.46939679
0.00196111894679743,288.617036576586,507737.787215289,5662010.46939679
0.00145179479911679,288.617036576586,508237.787215289,5662010.46939679
0.000750024303880816,288.617036576586,508737.787215289,5662010.46939679
0.00079476623254491,288.617036576586,509237.787215289,5662010.46939679
0.00117391588275625,288.617036576586,509737.787215289,5662010.46939679
0.00107480944707001,288.617036576586,510237.787215289,5662010.46939679
0.00159174820394833,288.617036576586,510737.787215289,5662010.46939679
0.00150986034735378,288.617036576586,511237.787215289,5662010.46939679
0.000694261756643532,288.617036576586,511737.787215289,5662010.46939679
0.00143784219583947,288.617036576586,512237.787215289,5662010.46939679
0.00173620053807773,288.617036576586,512737.787215289,5662010.46939679
0.00181020024168195,288.617036576586,513237.787215289,5662010.46939679
0.0021316458995767,288.617036576586,513737.787215289,5662010.46939679
0.00248284855466204,288.617036576586,514237.787215289,5662010.46939679
0.0026687408547527,288.617036576586,514737.787215289,5662010.46939679
0.00210228991033406,288.617036576586,515237.787215289,5662010.46939679
0.00157820365854665,288.617036576586,515737.787215289,5662010.46939679
0.00142342647547215,288.617036576586,516237.787215289,5662010.46939679
0.00127048999352203,288.617036576586,516737.787215289,5662010.46939679
0.00109928094351846,288.617036576586,517237.787215289,5662010.46939679
0.000578357693375114,288.617036576586,517737.787215289,5662010.46939679
0.00110994819959121,288.617036576586,518237.787215289,5662010.46939679
0.0012387500146283,288.617036576586,518737.787215289,5662010.46939679
0.00119716541644895,288.617036576586,519237.787215289,5662010.46939679
0.00176625199082977,288.617036576586,519737.787215289,5662010.46939679
0.00158878915341228,288.617036576586,520237.787215289,5662010.46939679
0.00250538263182336,288.617036576586,520737.787215289,5662010.46939679
0.00213089207592913,288.617036576586,521237.787215289,5662010.46939679
0.00379173926475898,288.617036576586,521737.787215289,5662010.46939679
0.00440222630576219,288.617036576586,522237.787215289,5662010.46939679
0.00387268505052303,288.617036576586,522737.787215289,5662010.46939679
0.00337416987323369,288.617036576586,523237.787215289,5662010.46939679
0.00274916787758789,288.617036576586,523737.787215289,5662010.46939679
0.00195479193378362,288.617036576586,524237.787215289,5662010.46939679
0.0042875226265833,288.617036576586,486737.787215289,5662510.46939679
0.00366553285095078,288.617036576586,487237.787215289,5662510.46939679
0.0012530239508173,288.617036576586,487737.787215289,5662510.46939679
0.00287587352269565,288.617036576586,488237.787215289,5662510.46939679
0.00307700260842552,288.617036576586,488737.787215289,5662510.46939679
0.003488590683881,288.617036576586,489237.787215289,5662510.46939679
0.0012530239508173,288.617036576586,489737.787215289,5662510.46939679
0.00143441737233833,288.617036576586,490237.787215289,5662510.46939679
0.00238656489075919,288.617036576586,490737.787215289,5662510.46939679
0.00263179289703641,288.617036576586,491237.787215289,5662510.46939679
0.00303357198826617,288.617036576586,491737.787215289,5662510.46939679
0.00315431360708598,288.617036576586,492237.787215289,5662510.46939679
0.00164959136334566,288.617036576586,492737.787215289,5662510.46939679
0.00144098748885339,288.617036576586,493237.787215289,5662510.46939679
0.00146908942843193,288.617036576586,493737.787215289,5662510.46939679
0.00166559874852955,288.617036576586,494237.787215289,5662510.46939679
0.00286394552009923,288.617036576586,494737.787215289,5662510.46939679
0.00198921434590174,288.617036576586,495237.787215289,5662510.46939679
0.00200851738115987,288.617036576586,495737.787215289,5662510.46939679
0.00219061212874388,288.617036576586,496237.787215289,5662510.46939679
0.00185453154577911,288.617036576586,496737.787215289,5662510.46939679
0.000897746325308226,288.617036576586,497237.787215289,5662510.46939679
0.0009698525898303,288.617036576586,497737.787215289,5662510.46939679
0.000960531735098204,288.617036576586,498237.787215289,5662510.46939679
0.00102770814886265,288.617036576586,498737.787215289,5662510.46939679
0.000906457919916411,288.617036576586,499237.787215289,5662510.46939679
0.000897746325308226,288.617036576586,499737.787215289,5662510.46939679
0.00194627535649418,288.617036576586,500237.787215289,5662510.46939679
0.00183670840511263,288.617036576586,500737.787215289,5662510.46939679
0.00192679608344039,288.617036576586,501237.787215289,5662510.46939679
0.00245392093010843,288.617036576586,501737.787215289,5662510.46939679
0.00129576451149223,288.617036576586,502237.787215289,5662510.46939679
0.00173119676830113,288.617036576586,502737.787215289,5662510.46939679
0.0029481310675713,288.617036576586,503237.787215289,5662510.46939679
0.00241302497505196,288.617036576586,503737.787215289,5662510.46939679
0.00326171148910907,288.617036576586,504237.787215289,5662510.46939679
0.00396444559485849,288.617036576586,504737.787215289,5662510.46939679
0.0041605670073374,288.617036576586,505237.787215289,5662510.46939679
0.00380609297358572,288.617036576586,505737.787215289,5662510.46939679
0.00276117097003683,288.617036576586,506237.787215289,5662510.46939679
0.00220630638457779,288.617036576586,506737.787215289,5662510.46939679
0.00155839749996481,288.617036576586,507237.787215289,5662510.46939679
0.00137190962204657,288.617036576586,507737.787215289,5662510.46939679
0.0015089723540476,288.617036576586,508237.787215289,5662510.46939679
0.00146588279634678,288.617036576586,508737.787215289,5662510.46939679
0.00135769635097048,288.617036576586,509237.787215289,5662510.46939679
0.00148407932557267,288.617036576586,509737.787215289,5662510.46939679
0.00163853756954437,288.617036576586,510237.787215289,5662510.46939679
0.00148010750137188,288.617036576586,510737.787215289,5662510.46939679
0.000499950312924446,288.617036576586,511237.787215289,5662510.46939679
0.000655177798722359,288.617036576586,511737.787215289,5662510.46939679
0.0013446480892136,288.617036576586,512237.787215289,5662510.46939679
0.00176347702789367,288.617036576586,512737.787215289,5662510.46939679
0.00196269696365626,288.617036576586,513237.787215289,5662510.46939679
0.00251276942877688,288.617036576586,513737.787215289,5662510.46939679
0.00302282109950264,288.617036576586,514237.787215289,5662510.46939679
0.00235567680319024,288.617036576586,514737.787215289,5662510.46939679
0.00225880704393226,288.617036576586,515237.787215289,5662510.46939679
0.00197204279041358,288.617036576586,515737.787215289,5662510.46939679
0.00184419506050981,288.617036576586,516237.787215289,5662510.46939679
0.00103315524936149,288.617036576586,516737.787215289,5662510.46939679
0.00109260081551271,288.617036576586,517237.787215289,5662510.46939679
0.000428728301939086,288.617036576586,517737.787215289,5662510.46939679
0.000572799335229075,288.617036576586,518237.787215289,5662510.46939679
0.00107825300195361,288.617036576586,518737.787215289,5662510.46939679
0.001491207336911,288.617036576586,519237.787215289,5662510.46939679
0.00160033323952409,288.617036576586,519737.787215289,5662510.46939679
0.00203001089797156,288.617036576586,520237.787215289,5662510.46939679
0.00240046244523984,288.617036576586,520737.787215289,5662510.46939679
0.00297196967363425,288.617036576586,521237.787215289,5662510.46939679
0.00377468704140203,288.617036576586,521737.787215289,5662510.46939679
0.00439659151030086,288.617036576586,522237.787215289,5662510.46939679
0.00358856814289453,288.617036576586,522737.787215289,5662510.46939679
0.00312841500433198,288.617036576586,523237.787215289,5662510.46939679
0.00246465888000524,288.617036576586,523737.787215289,5662510.46939679
0.00221499961680699,288.617036576586,524237.787215289,5662510.46939679
0.00427174584853616,288.617036576586,486737.787215289,5663010.46939679
0.0048170581888348,288.617036576586,487237.787215289,5663010.46939679
0.0012530239508173,288.617036576586,487737.787215289,5663010.46939679
0.00241904327871189,288.617036576586,488237.787215289,5663010.46939679
0.00255347334856351,288.617036576586,488737.787215289,5663010.46939679
0.00244251730894705,288.617036576586,489237.787215289,5663010.46939679
0.00237788507185762,288.617036576586,489737.787215289,5663010.46939679
0.00237788507185762,288.617036576586,490237.787215289,5663010.46939679
0.00226427818733258,288.617036576586,490737.787215289,5663010.46939679
0.00201039082956709,288.617036576586,491237.787215289,5663010.46939679
0.00327854324315293,288.617036576586,491737.787215289,5663010.46939679
0.00112102656849913,288.617036576586,492237.787215289,5663010.46939679
0.00151227324493612,288.617036576586,492737.787215289,5663010.46939679
0.00100389910917435,288.617036576586,493237.787215289,5663010.46939679
0.00113190484082892,288.617036576586,493737.787215289,5663010.46939679
0.00114288867426868,288.617036576586,494237.787215289,5663010.46939679
0.00168176146695906,288.617036576586,494737.787215289,5663010.46939679
0.00315431360708598,288.617036576586,495237.787215289,5663010.46939679
0.00312399879510381,288.617036576586,495737.787215289,5663010.46939679
0.00278915078007732,288.617036576586,496237.787215289,5663010.46939679
0.00181905655532763,288.617036576586,496737.787215289,5663010.46939679
0.0009698525898303,288.617036576586,497237.787215289,5663010.46939679
0.00103768087335734,288.617036576586,497737.787215289,5663010.46939679
0.00183670840511263,288.617036576586,498237.787215289,5663010.46939679
0.00196516171829115,288.617036576586,498737.787215289,5663010.46939679
0.00187252763950789,288.617036576586,499237.787215289,5663010.46939679
0.00206237841170236,288.617036576586,499737.787215289,5663010.46939679
0.00185378646957577,288.617036576586,500237.787215289,5663010.46939679
0.00197009682418394,288.617036576586,500737.787215289,5663010.46939679
0.00217418778459807,288.617036576586,501237.787215289,5663010.46939679
0.00257428191869976,288.617036576586,501737.787215289,5663010.46939679
0.0029481310675713,288.617036576586,502237.787215289,5663010.46939679
0.00158708551256709,288.617036576586,502737.787215289,5663010.46939679
0.00166559874852955,288.617036576586,503237.787215289,5663010.46939679
0.00321582859669123,288.617036576586,503737.787215289,5663010.46939679
0.00324572998328251,288.617036576586,504237.787215289,5663010.46939679
0.00355076790348719,288.617036576586,504737.787215289,5663010.46939679
0.00335087490635786,288.617036576586,505237.787215289,5663010.46939679
0.0039559923190038,288.617036576586,505737.787215289,5663010.46939679
0.00312841500433198,288.617036576586,506237.787215289,5663010.46939679
0.00215948885952451,288.617036576586,506737.787215289,5663010.46939679
0.00209822570649049,288.617036576586,507237.787215289,5663010.46939679
0.00142713875019433,288.617036576586,507737.787215289,5663010.46939679
0.00131892656496451,288.617036576586,508237.787215289,5663010.46939679
0.00146674543250263,288.617036576586,508737.787215289,5663010.46939679
0.00145924516519294,288.617036576586,509237.787215289,5663010.46939679
0.00166594970636388,288.617036576586,509737.787215289,5663010.46939679
0.00163113111898328,288.617036576586,510237.787215289,5663010.46939679
0.000606466866608511,288.617036576586,510737.787215289,5663010.46939679
0.000687589492169962,288.617036576586,511237.787215289,5663010.46939679
0.000661535545023122,288.617036576586,511737.787215289,5663010.46939679
0.00168670230640042,288.617036576586,512237.787215289,5663010.46939679
0.00184223802588449,288.617036576586,512737.787215289,5663010.46939679
0.00226545321779293,288.617036576586,513237.787215289,5663010.46939679
0.00250694174164813,288.617036576586,513737.787215289,5663010.46939679
0.00312662619289569,288.617036576586,514237.787215289,5663010.46939679
0.00283949950333042,288.617036576586,514737.787215289,5663010.46939679
0.00178555012290421,288.617036576586,515237.787215289,5663010.46939679
0.00210395037976612,288.617036576586,515737.787215289,5663010.46939679
0.00158624944030728,288.617036576586,516237.787215289,5663010.46939679
0.0015221490094465,288.617036576586,516737.787215289,5663010.46939679
0.00123422142987832,288.617036576586,517237.787215289,5663010.46939679
0.000906209196187968,288.617036576586,517737.787215289,5663010.46939679
0.000583969988988219,288.617036576586,518237.787215289,5663010.46939679
0.00109928094351846,288.617036576586,518737.787215289,5663010.46939679
0.00121130948357895,288.617036576586,519237.787215289,5663010.46939679
0.00154396576979281,288.617036576586,519737.787215289,5663010.46939679
0.00200821297542991,288.617036576586,520237.787215289,5663010.46939679
0.00215157967579983,288.617036576586,520737.787215289,5663010.46939679
0.00286308335583279,288.617036576586,521237.787215289,5663010.46939679
0.00362339106558821,288.617036576586,521737.787215289,5663010.46939679
0.00428555371588041,288.617036576586,522237.787215289,5663010.46939679
0.00321917192021214,288.617036576586,522737.787215289,5663010.46939679
0.00271276233721383,288.617036576586,523237.787215289,5663010.46939679
0.00195994968554357,288.617036576586,523737.787215289,5663010.46939679
0.00213316680913202,288.617036576586,524237.787215289,5663010.46939679
0.00430720534583739,288.617036576586,486737.787215289,5663510.46939679
0.0033412181554104,288.617036576586,487237.787215289,5663510.46939679
0.00322348724781269,288.617036576586,487737.787215289,5663510.46939679
0.0012530239508173,288.617036576586,488237.787215289,5663510.46939679
0.0012530239508173,288.617036576586,488737.787215289,5663510.46939679
0.00183597048953053,288.617036576586,489237.787215289,5663510.46939679
0.00183597048953053,288.617036576586,489737.787215289,5663510.46939679
0.00175160130040381,288.617036576586,490237.787215289,5663510.46939679
0.00176776457056255,288.617036576586,490737.787215289,5663510.46939679
0.00119448934382837,288.617036576586,491237.787215289,5663510.46939679
0.0010334086775371,288.617036576586,491737.787215289,5663510.46939679
0.00189069836460934,288.617036576586,492237.787215289,5663510.46939679
0.0010334086775371,288.617036576586,492737.787215289,5663510.46939679
0.00196588701637257,288.617036576586,493237.787215289,5663510.46939679
0.0031651846079905,288.617036576586,493737.787215289,5663510.46939679
0.00200851738115987,288.617036576586,494237.787215289,5663510.46939679
0.00104775037166272,288.617036576586,494737.787215289,5663510.46939679
0.00122281852943533,288.617036576586,495237.787215289,5663510.46939679
0.00113190484082892,288.617036576586,495737.787215289,5663510.46939679
0.00101783126812533,288.617036576586,496237.787215289,5663510.46939679
0.000915254050521544,288.617036576586,496737.787215289,5663510.46939679
0.00204255774021098,288.617036576586,497237.787215289,5663510.46939679
0.00218452946644333,288.617036576586,497737.787215289,5663510.46939679
0.002247689416073,288.617036576586,498237.787215289,5663510.46939679
0.00267979386119635,288.617036576586,498737.787215289,5663510.46939679
0.00417855311283996,288.617036576586,499237.787215289,5663510.46939679
0.00267979386119635,288.617036576586,499737.787215289,5663510.46939679
0.00249015094516286,288.617036576586,500237.787215289,5663510.46939679
0.00263647511791774,288.617036576586,500737.787215289,5663510.46939679
0.00271397418332967,288.617036576586,501237.787215289,5663510.46939679
0.00253871352599284,288.617036576586,501737.787215289,5663510.46939679
0.00355030834793652,288.617036576586,502237.787215289,5663510.46939679
0.00283528175645908,288.617036576586,502737.787215289,5663510.46939679
0.00275542570404356,288.617036576586,503237.787215289,5663510.46939679
0.00151227324493612,288.617036576586,503737.787215289,5663510.46939679
0.00158708551256709,288.617036576586,504237.787215289,5663510.46939679
0.00151227324493612,288.617036576586,504737.787215289,5663510.46939679
0.00158708551256709,288.617036576586,505237.787215289,5663510.46939679
0.00158708551256709,288.617036576586,505737.787215289,5663510.46939679
0.00161803663568588,288.617036576586,506237.787215289,5663510.46939679
0.00160248635042544,288.617036576586,506737.787215289,5663510.46939679
0.00121106652300044,288.617036576586,507237.787215289,5663510.46939679
0.00201109940854495,288.617036576586,507737.787215289,5663510.46939679
0.00161667864333032,288.617036576586,508237.787215289,5663510.46939679
0.00185071636497353,288.617036576586,508737.787215289,5663510.46939679
0.00160327938621869,288.617036576586,509237.787215289,5663510.46939679
0.00149447024078388,288.617036576586,509737.787215289,5663510.46939679
0.000721604594454357,288.617036576586,510237.787215289,5663510.46939679
0.000707801153819295,288.617036576586,510737.787215289,5663510.46939679
0.00135689784978883,288.617036576586,511237.787215289,5663510.46939679
0.00131892656496451,288.617036576586,511737.787215289,5663510.46939679
0.00155705446513289,288.617036576586,512237.787215289,5663510.46939679
0.00220202508509469,288.617036576586,512737.787215289,5663510.46939679
0.00236533986395502,288.617036576586,513237.787215289,5663510.46939679
0.00249776837547351,288.617036576586,513737.787215289,5663510.46939679
0.00281884310863717,288.617036576586,514237.787215289,5663510.46939679
0.00324703451118402,288.617036576586,514737.787215289,5663510.46939679
0.00213719492729046,288.617036576586,515237.787215289,5663510.46939679
0.00177430730474963,288.617036576586,515737.787215289,5663510.46939679
0.00191572999490205,288.617036576586,516237.787215289,5663510.46939679
0.00155186569479421,288.617036576586,516737.787215289,5663510.46939679
0.00145039772814048,288.617036576586,517237.787215289,5663510.46939679
0.00117148838618964,288.617036576586,517737.787215289,5663510.46939679
0.000416485723170278,288.617036576586,518237.787215289,5663510.46939679
0.000583969988988219,288.617036576586,518737.787215289,5663510.46939679
0.00111945590755396,288.617036576586,519237.787215289,5663510.46939679
0.00152406838893591,288.617036576586,519737.787215289,5663510.46939679
0.00179853539843624,288.617036576586,520237.787215289,5663510.46939679
0.00202303398817166,288.617036576586,520737.787215289,5663510.46939679
0.00284586097228472,288.617036576586,521237.787215289,5663510.46939679
0.0033424809420139,288.617036576586,521737.787215289,5663510.46939679
0.00348284592191814,288.617036576586,522237.787215289,5663510.46939679
0.00330902776246799,288.617036576586,522737.787215289,5663510.46939679
0.00281633875876456,288.617036576586,523237.787215289,5663510.46939679
0.00210228991033406,288.617036576586,523737.787215289,5663510.46939679
0.00174652897478463,288.617036576586,524237.787215289,5663510.46939679
0.00350858274409969,288.617036576586,486737.787215289,5664010.46939679
0.00293035397672289,288.617036576586,487237.787215289,5664010.46939679
0.00342306859416617,288.617036576586,487737.787215289,5664010.46939679
0.00207037007375753,288.617036576586,488237.787215289,5664010.46939679
0.000924135537448159,288.617036576586,488737.787215289,5664010.46939679
0.00176711236815176,288.617036576586,489237.787215289,5664010.46939679
0.00181905655532763,288.617036576586,489737.787215289,5664010.46939679
0.000894050248607683,288.617036576586,490237.787215289,5664010.46939679
0.000938278979558478,288.617036576586,490737.787215289,5664010.46939679
0.00101364079434766,288.617036576586,491237.787215289,5664010.46939679
0.000965859647214798,288.617036576586,491737.787215289,5664010.46939679
0.00204255774021098,288.617036576586,492237.787215289,5664010.46939679
0.0010334086775371,288.617036576586,492737.787215289,5664010.46939679
0.00200422547425627,288.617036576586,493237.787215289,5664010.46939679
0.00253475959499334,288.617036576586,493737.787215289,5664010.46939679
0.00196852230479815,288.617036576586,494237.787215289,5664010.46939679
0.00183670840511263,288.617036576586,494737.787215289,5664010.46939679
0.00187252763950789,288.617036576586,495237.787215289,5664010.46939679
0.00111025284277486,288.617036576586,495737.787215289,5664010.46939679
0.00105791758285723,288.617036576586,496237.787215289,5664010.46939679
0.000924135537448159,288.617036576586,496737.787215289,5664010.46939679
0.00100804931003039,288.617036576586,497237.787215289,5664010.46939679
0.00194627535649418,288.617036576586,497737.787215289,5664010.46939679
0.00219528577413869,288.617036576586,498237.787215289,5664010.46939679
0.0029781892696369,288.617036576586,498737.787215289,5664010.46939679
0.00415089958621636,288.617036576586,499237.787215289,5664010.46939679
0.00271397418332967,288.617036576586,499737.787215289,5664010.46939679
0.00271397418332967,288.617036576586,500237.787215289,5664010.46939679
0.00285385862600934,288.617036576586,500737.787215289,5664010.46939679
0.00288155203863381,288.617036576586,501237.787215289,5664010.46939679
0.00266205907384647,288.617036576586,501737.787215289,5664010.46939679
0.0023850090158599,288.617036576586,502237.787215289,5664010.46939679
0.00335758934903325,288.617036576586,502737.787215289,5664010.46939679
0.00283528175645908,288.617036576586,503237.787215289,5664010.46939679
0.00283642131648994,288.617036576586,503737.787215289,5664010.46939679
0.00161803663568588,288.617036576586,504237.787215289,5664010.46939679
0.0014977394081664,288.617036576586,504737.787215289,5664010.46939679
0.0015567264477498,288.617036576586,505237.787215289,5664010.46939679
0.00160248635042544,288.617036576586,505737.787215289,5664010.46939679
0.00161803663568588,288.617036576586,506237.787215289,5664010.46939679
0.00157183268583324,288.617036576586,506737.787215289,5664010.46939679
0.00203963738859811,288.617036576586,507237.787215289,5664010.46939679
0.00225880704393226,288.617036576586,507737.787215289,5664010.46939679
0.00197646490799983,288.617036576586,508237.787215289,5664010.46939679
0.00183292989044213,288.617036576586,508737.787215289,5664010.46939679
0.00153143412985469,288.617036576586,509237.787215289,5664010.46939679
0.0007646511745741,288.617036576586,509737.787215289,5664010.46939679
0.000757302426327545,288.617036576586,510237.787215289,5664010.46939679
0.00123198958702304,288.617036576586,510737.787215289,5664010.46939679
0.00147820225887534,288.617036576586,511237.787215289,5664010.46939679
0.0015764505660035,288.617036576586,511737.787215289,5664010.46939679
0.00174654493798745,288.617036576586,512237.787215289,5664010.46939679
0.00203999591356315,288.617036576586,512737.787215289,5664010.46939679
0.00256946779536401,288.617036576586,513237.787215289,5664010.46939679
0.0028745893851458,288.617036576586,513737.787215289,5664010.46939679
0.00308598936235586,288.617036576586,514237.787215289,5664010.46939679
0.00337333925363651,288.617036576586,514737.787215289,5664010.46939679
0.00241981441532276,288.617036576586,515237.787215289,5664010.46939679
0.00238557127857409,288.617036576586,515737.787215289,5664010.46939679
0.00217657187543476,288.617036576586,516237.787215289,5664010.46939679
0.00162456454184646,288.617036576586,516737.787215289,5664010.46939679
0.00107515913118263,288.617036576586,517237.787215289,5664010.46939679
0.00104330153632197,288.617036576586,517737.787215289,5664010.46939679
0.000583969988988219,288.617036576586,518237.787215289,5664010.46939679
0.000578357693375114,288.617036576586,518737.787215289,5664010.46939679
0.0012652330537564,288.617036576586,519237.787215289,5664010.46939679
0.00157861763000398,288.617036576586,519737.787215289,5664010.46939679
0.00167234977506946,288.617036576586,520237.787215289,5664010.46939679
0.00207806052137842,288.617036576586,520737.787215289,5664010.46939679
0.00261417196756969,288.617036576586,521237.787215289,5664010.46939679
0.00299377000798108,288.617036576586,521737.787215289,5664010.46939679
0.00259926236122643,288.617036576586,522237.787215289,5664010.46939679
0.00334113806757445,288.617036576586,522737.787215289,5664010.46939679
0.00270962284468495,288.617036576586,523237.787215289,5664010.46939679
0.00221500824324586,288.617036576586,523737.787215289,5664010.46939679
0.00188700170513897,288.617036576586,524237.787215289,5664010.46939679
0.00357700664163087,288.617036576586,486737.787215289,5664510.46939679
0.00307531880149522,288.617036576586,487237.787215289,5664510.46939679
0.00316857147561815,288.617036576586,487737.787215289,5664510.46939679
0.00278216393847561,288.617036576586,488237.787215289,5664510.46939679
0.00144098748885339,288.617036576586,488737.787215289,5664510.46939679
0.000960531735098204,288.617036576586,489237.787215289,5664510.46939679
0.00103768087335734,288.617036576586,489737.787215289,5664510.46939679
0.000906457919916411,288.617036576586,490237.787215289,5664510.46939679
0.000924135537448159,288.617036576586,490737.787215289,5664510.46939679
0.00190975000246501,288.617036576586,491237.787215289,5664510.46939679
0.00176776457056255,288.617036576586,491737.787215289,5664510.46939679
0.00100389910917435,288.617036576586,492237.787215289,5664510.46939679
0.000994251047334426,288.617036576586,492737.787215289,5664510.46939679
0.00183585037256017,288.617036576586,493237.787215289,5664510.46939679
0.00180223927179023,288.617036576586,493737.787215289,5664510.46939679
0.000975232203200533,288.617036576586,494237.787215289,5664510.46939679
0.000942157901442742,288.617036576586,494737.787215289,5664510.46939679
0.000906457919916411,288.617036576586,495237.787215289,5664510.46939679
0.00106818345513196,288.617036576586,495737.787215289,5664510.46939679
0.00178426015939798,288.617036576586,496237.787215289,5664510.46939679
0.00202292755704906,288.617036576586,496737.787215289,5664510.46939679
0.00101783126812533,288.617036576586,497237.787215289,5664510.46939679
0.00104775037166272,288.617036576586,497737.787215289,5664510.46939679
0.00312399879510381,288.617036576586,498237.787215289,5664510.46939679
0.00348284592191814,288.617036576586,498737.787215289,5664510.46939679
0.0025730751147519,288.617036576586,499237.787215289,5664510.46939679
0.00253871352599284,288.617036576586,499737.787215289,5664510.46939679
0.00299503922020742,288.617036576586,500237.787215289,5664510.46939679
0.00320665040474872,288.617036576586,500737.787215289,5664510.46939679
0.00343135014005933,288.617036576586,501237.787215289,5664510.46939679
0.003092806424941,288.617036576586,501737.787215289,5664510.46939679
0.00299458362385047,288.617036576586,502237.787215289,5664510.46939679
0.00287829861813251,288.617036576586,502737.787215289,5664510.46939679
0.00306157339652277,288.617036576586,503237.787215289,5664510.46939679
0.00251308528429786,288.617036576586,503737.787215289,5664510.46939679
0.00335087490635786,288.617036576586,504237.787215289,5664510.46939679
0.00328677664090765,288.617036576586,504737.787215289,5664510.46939679
0.00312399879510381,288.617036576586,505237.787215289,5664510.46939679
0.00148334525012997,288.617036576586,505737.787215289,5664510.46939679
0.00258589369355933,288.617036576586,506237.787215289,5664510.46939679
0.00207144022434276,288.617036576586,506737.787215289,5664510.46939679
0.00191629991223982,288.617036576586,507237.787215289,5664510.46939679
0.00183318534824266,288.617036576586,507737.787215289,5664510.46939679
0.00168662235126402,288.617036576586,508237.787215289,5664510.46939679
0.00169892136949263,288.617036576586,508737.787215289,5664510.46939679
0.00152451180388478,288.617036576586,509237.787215289,5664510.46939679
0.000667954985932743,288.617036576586,509737.787215289,5664510.46939679
0.00137006498137026,288.617036576586,510237.787215289,5664510.46939679
0.00148407932557267,288.617036576586,510737.787215289,5664510.46939679
0.00134708074540798,288.617036576586,511237.787215289,5664510.46939679
0.00176347702789367,288.617036576586,511737.787215289,5664510.46939679
0.00211266581943963,288.617036576586,512237.787215289,5664510.46939679
0.0024175128767823,288.617036576586,512737.787215289,5664510.46939679
0.00220307869366452,288.617036576586,513237.787215289,5664510.46939679
0.00257428191869976,288.617036576586,513737.787215289,5664510.46939679
0.00318215054775716,288.617036576586,514237.787215289,5664510.46939679
0.00355076790348719,288.617036576586,514737.787215289,5664510.46939679
0.00293982538524938,288.617036576586,515237.787215289,5664510.46939679
0.00170366331960369,288.617036576586,515737.787215289,5664510.46939679
0.00226532670961372,288.617036576586,516237.787215289,5664510.46939679
0.00157109637271028,288.617036576586,516737.787215289,5664510.46939679
0.00116297968193159,288.617036576586,517237.787215289,5664510.46939679
0.000871783532360924,288.617036576586,517737.787215289,5664510.46939679
0.000871871372864127,288.617036576586,518237.787215289,5664510.46939679
0.000578357693375114,288.617036576586,518737.787215289,5664510.46939679
0.00128624458287668,288.617036576586,519237.787215289,5664510.46939679
0.00145039772814048,288.617036576586,519737.787215289,5664510.46939679
0.00129468883028761,288.617036576586,520237.787215289,5664510.46939679
0.00196858713755981,288.617036576586,520737.787215289,5664510.46939679
0.0023095047991611,288.617036576586,521237.787215289,5664510.46939679
0.0026430926829732,288.617036576586,521737.787215289,5664510.46939679
0.0029472435600257,288.617036576586,522237.787215289,5664510.46939679
0.00307062956819689,288.617036576586,522737.787215289,5664510.46939679
0.00297584316593076,288.617036576586,523237.787215289,5664510.46939679
0.00228874974503881,288.617036576586,523737.787215289,5664510.46939679
0.0019333736752745,288.617036576586,524237.787215289,5664510.46939679
0.0036467649325895,288.617036576586,486737.787215289,5665010.46939679
0.00340637813177966,288.617036576586,487237.787215289,5665010.46939679
0.00355030834793652,288.617036576586,487737.787215289,5665010.46939679
0.00306424040076484,288.617036576586,488237.787215289,5665010.46939679
0.0014977394081664,288.617036576586,488737.787215289,5665010.46939679
0.0016337378185634,288.617036576586,489237.787215289,5665010.46939679
0.000960531735098204,288.617036576586,489737.787215289,5665010.46939679
0.00183670840511263,288.617036576586,490237.787215289,5665010.46939679
0.00194627535649418,288.617036576586,490737.787215289,5665010.46939679
0.000960531735098204,288.617036576586,491237.787215289,5665010.46939679
0.00105791758285723,288.617036576586,491737.787215289,5665010.46939679
0.000929261565821227,288.617036576586,492237.787215289,5665010.46939679
0.000911485893442149,288.617036576586,492737.787215289,5665010.46939679
0.00198629424878747,288.617036576586,493237.787215289,5665010.46939679
0.00102917487574537,288.617036576586,493737.787215289,5665010.46939679
0.000980661480825154,288.617036576586,494237.787215289,5665010.46939679
0.000897746325308226,288.617036576586,494737.787215289,5665010.46939679
0.000897746325308226,288.617036576586,495237.787215289,5665010.46939679
0.000897746325308226,288.617036576586,495737.787215289,5665010.46939679
0.00185378646957577,288.617036576586,496237.787215289,5665010.46939679
0.00187177533319773,288.617036576586,496737.787215289,5665010.46939679
0.00189069836460934,288.617036576586,497237.787215289,5665010.46939679
0.00101783126812533,288.617036576586,497737.787215289,5665010.46939679
0.00106818345513196,288.617036576586,498237.787215289,5665010.46939679
0.00245392093010843,288.617036576586,498737.787215289,5665010.46939679
0.00342306859416617,288.617036576586,499237.787215289,5665010.46939679
0.0024551162467122,288.617036576586,499737.787215289,5665010.46939679
0.00271397418332967,288.617036576586,500237.787215289,5665010.46939679
0.00305344806265241,288.617036576586,500737.787215289,5665010.46939679
0.00329882100349201,288.617036576586,501237.787215289,5665010.46939679
0.00306864056825918,288.617036576586,501737.787215289,5665010.46939679
0.00278911937930111,288.617036576586,502237.787215289,5665010.46939679
0.00279173972083998,288.617036576586,502737.787215289,5665010.46939679
0.00302068826052194,288.617036576586,503237.787215289,5665010.46939679
0.00288921995107192,288.617036576586,503737.787215289,5665010.46939679
0.00400291597551613,288.617036576586,504237.787215289,5665010.46939679
0.00377756898203426,288.617036576586,504737.787215289,5665010.46939679
0.00255697149883769,288.617036576586,505237.787215289,5665010.46939679
0.00267899420625366,288.617036576586,505737.787215289,5665010.46939679
0.00197972497768966,288.617036576586,506237.787215289,5665010.46939679
0.00234847943139334,288.617036576586,506737.787215289,5665010.46939679
0.00207225302627773,288.617036576586,507237.787215289,5665010.46939679
0.00191479281529737,288.617036576586,507737.787215289,5665010.46939679
0.00165443769038446,288.617036576586,508237.787215289,5665010.46939679
0.00159693027823983,288.617036576586,508737.787215289,5665010.46939679
0.00145179479911679,288.617036576586,509237.787215289,5665010.46939679
0.00064888115410892,288.617036576586,509737.787215289,5665010.46939679
0.00153930543593476,288.617036576586,510237.787215289,5665010.46939679
0.00176533022314771,288.617036576586,510737.787215289,5665010.46939679
0.0019333736752745,288.617036576586,511237.787215289,5665010.46939679
0.00176019574697592,288.617036576586,511737.787215289,5665010.46939679
0.00201109940854495,288.617036576586,512237.787215289,5665010.46939679
0.00217391452319317,288.617036576586,512737.787215289,5665010.46939679
0.00304607005922966,288.617036576586,513237.787215289,5665010.46939679
0.00341120831112152,288.617036576586,513737.787215289,5665010.46939679
0.00405658583099978,288.617036576586,514237.787215289,5665010.46939679
0.00346515419755788,288.617036576586,514737.787215289,5665010.46939679
0.00281313277956269,288.617036576586,515237.787215289,5665010.46939679
0.00236879488869581,288.617036576586,515737.787215289,5665010.46939679
0.00237739258701959,288.617036576586,516237.787215289,5665010.46939679
0.00186936900150581,288.617036576586,516737.787215289,5665010.46939679
0.00145222663164047,288.617036576586,517237.787215289,5665010.46939679
0.00113148024911227,288.617036576586,517737.787215289,5665010.46939679
0.00230240707097722,288.617036576586,518237.787215289,5665010.46939679
0.000572799335229075,288.617036576586,518737.787215289,5665010.46939679
0.00129872610583825,288.617036576586,519237.787215289,5665010.46939679
0.0015369197132965,288.617036576586,519737.787215289,5665010.46939679
0.00181533094630741,288.617036576586,520237.787215289,5665010.46939679
0.00213043568502731,288.617036576586,520737.787215289,5665010.46939679
0.00230734863350045,288.617036576586,521237.787215289,5665010.46939679
0.00250538263182336,288.617036576586,521737.787215289,5665010.46939679
0.00282414016246601,288.617036576586,522237.787215289,5665010.46939679
0.00278518324325014,288.617036576586,522737.787215289,5665010.46939679
0.00299715745508816,288.617036576586,523237.787215289,5665010.46939679
0.00229064315292643,288.617036576586,523737.787215289,5665010.46939679
0.00193710808407428,288.617036576586,524237.787215289,5665010.46939679
0.00336315415644279,288.617036576586,487237.787215289,5665510.46939679
0.00219962044503394,288.617036576586,487737.787215289,5665510.46939679
0.00324703451118402,288.617036576586,488237.787215289,5665510.46939679
0.00139983927736988,288.617036576586,488737.787215289,5665510.46939679
0.003005625113683,288.617036576586,489237.787215289,5665510.46939679
0.00200851738115987,288.617036576586,489737.787215289,5665510.46939679
0.00183670840511263,288.617036576586,490237.787215289,5665510.46939679
0.000942157901442742,288.617036576586,490737.787215289,5665510.46939679
0.0009698525898303,288.617036576586,491237.787215289,5665510.46939679
0.000988766521485039,288.617036576586,491737.787215289,5665510.46939679
0.000963353676957787,288.617036576586,492237.787215289,5665510.46939679
0.00181905655532763,288.617036576586,492737.787215289,5665510.46939679
0.00210364269175748,288.617036576586,493237.787215289,5665510.46939679
0.00093443491736784,288.617036576586,493737.787215289,5665510.46939679
0.000925454447332793,288.617036576586,494237.787215289,5665510.46939679
0.00231480209345365,288.617036576586,494737.787215289,5665510.46939679
0.00175077531164265,288.617036576586,495237.787215289,5665510.46939679
0.00194960364578511,288.617036576586,495737.787215289,5665510.46939679
0.00185378646957577,288.617036576586,496237.787215289,5665510.46939679
0.00102770814886265,288.617036576586,496737.787215289,5665510.46939679
0.00103768087335734,288.617036576586,497237.787215289,5665510.46939679
0.00109958265890165,288.617036576586,497737.787215289,5665510.46939679
0.00105791758285723,288.617036576586,498237.787215289,5665510.46939679
0.00109958265890165,288.617036576586,498737.787215289,5665510.46939679
0.00224964742799403,288.617036576586,499237.787215289,5665510.46939679
0.00243644060457833,288.617036576586,499737.787215289,5665510.46939679
0.00272656926505597,288.617036576586,500237.787215289,5665510.46939679
0.00256334881821436,288.617036576586,500737.787215289,5665510.46939679
0.00312188919003066,288.617036576586,501237.787215289,5665510.46939679
0.00288837036439952,288.617036576586,501737.787215289,5665510.46939679
0.00252893296542301,288.617036576586,502237.787215289,5665510.46939679
0.00227513283689216,288.617036576586,502737.787215289,5665510.46939679
0.00213225278325203,288.617036576586,503237.787215289,5665510.46939679
0.00219794233523206,288.617036576586,503737.787215289,5665510.46939679
0.00210984501040909,288.617036576586,504237.787215289,5665510.46939679
0.00328195176770876,288.617036576586,504737.787215289,5665510.46939679
0.00309511724474526,288.617036576586,505237.787215289,5665510.46939679
0.00270962284468495,288.617036576586,505737.787215289,5665510.46939679
0.00244097205622852,288.617036576586,506237.787215289,5665510.46939679
0.00219371216562483,288.617036576586,506737.787215289,5665510.46939679
0.00186869251638105,288.617036576586,507237.787215289,5665510.46939679
0.00171540744559783,288.617036576586,507737.787215289,5665510.46939679
0.00135689784978883,288.617036576586,508237.787215289,5665510.46939679
0.00068098135208864,288.617036576586,508737.787215289,5665510.46939679
0.000606466866608511,288.617036576586,509237.787215289,5665510.46939679
0.00128051032310024,288.617036576586,509737.787215289,5665510.46939679
0.00152770376941719,288.617036576586,510237.787215289,5665510.46939679
0.00195590548804571,288.617036576586,510737.787215289,5665510.46939679
0.00196107463068517,288.617036576586,511237.787215289,5665510.46939679
0.00217321696437506,288.617036576586,511737.787215289,5665510.46939679
0.00196235202381811,288.617036576586,512237.787215289,5665510.46939679
0.00284807081937418,288.617036576586,512737.787215289,5665510.46939679
0.00343935066813703,288.617036576586,513237.787215289,5665510.46939679
0.003749096251977,288.617036576586,513737.787215289,5665510.46939679
0.00423231454941206,288.617036576586,514237.787215289,5665510.46939679
0.00371306522838872,288.617036576586,514737.787215289,5665510.46939679
0.00297924283284816,288.617036576586,515237.787215289,5665510.46939679
0.00274349524530806,288.617036576586,515737.787215289,5665510.46939679
0.00190398221547071,288.617036576586,516237.787215289,5665510.46939679
0.00164822195215318,288.617036576586,516737.787215289,5665510.46939679
0.00150752026076199,288.617036576586,517237.787215289,5665510.46939679
0.00119433459137901,288.617036576586,517737.787215289,5665510.46939679
0.000589636745469416,288.617036576586,518237.787215289,5665510.46939679
0.000567294396179271,288.617036576586,518737.787215289,5665510.46939679
0.00126164024848309,288.617036576586,519237.787215289,5665510.46939679
0.00150752026076199,288.617036576586,519737.787215289,5665510.46939679
0.00175162239874374,288.617036576586,520237.787215289,5665510.46939679
0.00184419506050981,288.617036576586,520737.787215289,5665510.46939679
0.00196349387571638,288.617036576586,521237.787215289,5665510.46939679
0.00223191060342105,288.617036576586,521737.787215289,5665510.46939679
0.00237739258701959,288.617036576586,522237.787215289,5665510.46939679
0.00256177311215965,288.617036576586,522737.787215289,5665510.46939679
0.00280290201794146,288.617036576586,523237.787215289,5665510.46939679
0.00246465888000524,288.617036576586,523737.787215289,5665510.46939679
0.00240488538233918,288.617036576586,487737.787215289,5666010.46939679
0.00229259829834161,288.617036576586,488237.787215289,5666010.46939679
0.00221516491148983,288.617036576586,488737.787215289,5666010.46939679
0.00324703451118402,288.617036576586,489237.787215289,5666010.46939679
0.000979263892727472,288.617036576586,489737.787215289,5666010.46939679
0.000942157901442742,288.617036576586,490237.787215289,5666010.46939679
0.000897746325308226,288.617036576586,490737.787215289,5666010.46939679
0.00181905655532763,288.617036576586,491237.787215289,5666010.46939679
0.00183597048953053,288.617036576586,491737.787215289,5666010.46939679
0.00090405124098715,288.617036576586,492237.787215289,5666010.46939679
0.000976663911277665,288.617036576586,492737.787215289,5666010.46939679
0.00183825314437932,288.617036576586,493237.787215289,5666010.46939679
0.00102917487574537,288.617036576586,493737.787215289,5666010.46939679
0.000916560284905211,288.617036576586,494237.787215289,5666010.46939679
0.00215294384187986,288.617036576586,494737.787215289,5666010.46939679
0.00210379661151575,288.617036576586,495237.787215289,5666010.46939679
0.00181972792919843,288.617036576586,495737.787215289,5666010.46939679
0.000947383896915269,288.617036576586,496237.787215289,5666010.46939679
0.00101783126812533,288.617036576586,496737.787215289,5666010.46939679
0.00101783126812533,288.617036576586,497237.787215289,5666010.46939679
0.00180157435021784,288.617036576586,497737.787215289,5666010.46939679
0.00194627535649418,288.617036576586,498237.787215289,5666010.46939679
0.0026255400466068,288.617036576586,498737.787215289,5666010.46939679
0.00105791758285723,288.617036576586,499237.787215289,5666010.46939679
0.0016337378185634,288.617036576586,499737.787215289,5666010.46939679
0.00231484532560481,288.617036576586,500237.787215289,5666010.46939679
0.00255664056466313,288.617036576586,500737.787215289,5666010.46939679
0.00337031464603387,288.617036576586,501237.787215289,5666010.46939679
0.00292122003870441,288.617036576586,501737.787215289,5666010.46939679
0.0025320697427101,288.617036576586,502237.787215289,5666010.46939679
0.00206452255528636,288.617036576586,502737.787215289,5666010.46939679
0.00189028044067712,288.617036576586,503237.787215289,5666010.46939679
0.00178491869068236,288.617036576586,503737.787215289,5666010.46939679
0.00216891736501326,288.617036576586,504237.787215289,5666010.46939679
0.00213089207592913,288.617036576586,504737.787215289,5666010.46939679
0.00273276345088029,288.617036576586,505237.787215289,5666010.46939679
0.00260515560295913,288.617036576586,505737.787215289,5666010.46939679
0.00223649363819692,288.617036576586,506237.787215289,5666010.46939679
0.00182805721079451,288.617036576586,506737.787215289,5666010.46939679
0.00157261055179169,288.617036576586,507237.787215289,5666010.46939679
0.00150986034735378,288.617036576586,507737.787215289,5666010.46939679
0.0007646511745741,288.617036576586,508237.787215289,5666010.46939679
0.000714669549201657,288.617036576586,508737.787215289,5666010.46939679
0.000642645023959592,288.617036576586,509237.787215289,5666010.46939679
0.0013638612207246,288.617036576586,509737.787215289,5666010.46939679
0.00178060581686267,288.617036576586,510237.787215289,5666010.46939679
0.00193489539685781,288.617036576586,510737.787215289,5666010.46939679
0.00239427915387045,288.617036576586,511237.787215289,5666010.46939679
0.00160775438488553,288.617036576586,511737.787215289,5666010.46939679
0.00193863526685974,288.617036576586,512237.787215289,5666010.46939679
0.00281019843662883,288.617036576586,512737.787215289,5666010.46939679
0.00381647728956422,288.617036576586,513237.787215289,5666010.46939679
0.00416317730943062,288.617036576586,513737.787215289,5666010.46939679
0.00369405393919555,288.617036576586,514237.787215289,5666010.46939679
0.00312317426717153,288.617036576586,514737.787215289,5666010.46939679
0.0032853792478308,288.617036576586,515237.787215289,5666010.46939679
0.00269101543289803,288.617036576586,515737.787215289,5666010.46939679
0.00233204611143347,288.617036576586,516237.787215289,5666010.46939679
0.00188682602602752,288.617036576586,516737.787215289,5666010.46939679
0.00130422638517759,288.617036576586,517237.787215289,5666010.46939679
0.000860061708689238,288.617036576586,517737.787215289,5666010.46939679
0.000540553190455666,288.617036576586,518237.787215289,5666010.46939679
0.000592549068627169,288.617036576586,518737.787215289,5666010.46939679
0.00126290794683332,288.617036576586,519237.787215289,5666010.46939679
0.00131918344241412,288.617036576586,519737.787215289,5666010.46939679
0.0015221490094465,288.617036576586,520237.787215289,5666010.46939679
0.00141075748008783,288.617036576586,520737.787215289,5666010.46939679
0.00174703821532925,288.617036576586,521237.787215289,5666010.46939679
0.00196184682223694,288.617036576586,521737.787215289,5666010.46939679
0.00216579590487531,288.617036576586,522237.787215289,5666010.46939679
0.0022309538288955,288.617036576586,522737.787215289,5666010.46939679
0.00216752385917393,288.617036576586,523237.787215289,5666010.46939679
