"D_mod","EN","x","y"
0.000282951669195947,262.622530425566,487737.787215289,5631510.46939679
0.00164345624618404,262.622530425566,488237.787215289,5631510.46939679
0.000335468838278352,262.622530425566,488737.787215289,5631510.46939679
0.000785871984689504,262.622530425566,489237.787215289,5631510.46939679
0.000397733442519092,262.622530425566,489737.787215289,5631510.46939679
0.000226098281344841,262.622530425566,490237.787215289,5631510.46939679
0.000335468838278352,262.622530425566,490737.787215289,5631510.46939679
0.000516093514714662,262.622530425566,491237.787215289,5631510.46939679
0.000212697510636498,262.622530425566,491737.787215289,5631510.46939679
0.000576498247146211,262.622530425566,492237.787215289,5631510.46939679
0.00134913539126238,262.622530425566,492737.787215289,5631510.46939679
0.000737240094280038,262.622530425566,493237.787215289,5631510.46939679
0.00184409634458069,262.622530425566,493737.787215289,5631510.46939679
0.00184616323776936,262.622530425566,494237.787215289,5631510.46939679
0.000929171103442561,262.622530425566,494737.787215289,5631510.46939679
0.000133019848347066,262.622530425566,495237.787215289,5631510.46939679
0.000133019848347066,262.622530425566,495737.787215289,5631510.46939679
0.000133019848347066,262.622530425566,496237.787215289,5631510.46939679
0.000133019848347066,262.622530425566,496737.787215289,5631510.46939679
0.000133019848347066,262.622530425566,497237.787215289,5631510.46939679
0.000251490039725887,262.622530425566,497737.787215289,5631510.46939679
0.00243853933791899,262.622530425566,498237.787215289,5631510.46939679
0.00410019010769274,262.622530425566,498737.787215289,5631510.46939679
0.00571254176414361,262.622530425566,499237.787215289,5631510.46939679
0.000316119053139012,262.622530425566,499737.787215289,5631510.46939679
8.0729685300375e-05,262.622530425566,500237.787215289,5631510.46939679
0.000133019848347066,262.622530425566,500737.787215289,5631510.46939679
0.000133019848347066,262.622530425566,501237.787215289,5631510.46939679
0.000133019848347066,262.622530425566,501737.787215289,5631510.46939679
0.000133019848347066,262.622530425566,502237.787215289,5631510.46939679
0.000133019848347066,262.622530425566,502737.787215289,5631510.46939679
0.000133019848347066,262.622530425566,503237.787215289,5631510.46939679
0.000133019848347066,262.622530425566,503737.787215289,5631510.46939679
0.00102611383179013,262.622530425566,504237.787215289,5631510.46939679
0.0016829036852129,262.622530425566,504737.787215289,5631510.46939679
0.00363756805391024,262.622530425566,505237.787215289,5631510.46939679
0.00537593163049525,262.622530425566,505737.787215289,5631510.46939679
0.00507685496246781,262.622530425566,506237.787215289,5631510.46939679
0.00335263831032444,262.622530425566,506737.787215289,5631510.46939679
0.00173109727009372,262.622530425566,507237.787215289,5631510.46939679
0.00305996410394878,262.622530425566,507737.787215289,5631510.46939679
0.00129004073543647,262.622530425566,508237.787215289,5631510.46939679
0.000526829937153696,262.622530425566,508737.787215289,5631510.46939679
0.000133019848347066,262.622530425566,509237.787215289,5631510.46939679
0.000133019848347066,262.622530425566,509737.787215289,5631510.46939679
0.00243126192399689,262.622530425566,510237.787215289,5631510.46939679
0.00205152330262377,262.622530425566,510737.787215289,5631510.46939679
0.000688931940885492,262.622530425566,511237.787215289,5631510.46939679
0.0013395907729175,262.622530425566,511737.787215289,5631510.46939679
0.00156134011488332,262.622530425566,512237.787215289,5631510.46939679
0.00348693367893409,262.622530425566,512737.787215289,5631510.46939679
0.00361340790146861,262.622530425566,513237.787215289,5631510.46939679
0.00550873466899831,262.622530425566,513737.787215289,5631510.46939679
0.00278071048137447,262.622530425566,514237.787215289,5631510.46939679
0.00106769055325551,262.622530425566,514737.787215289,5631510.46939679
0.000161886919641807,262.622530425566,515237.787215289,5631510.46939679
0.000179774576202703,262.622530425566,515737.787215289,5631510.46939679
0.000144587850473268,262.622530425566,516237.787215289,5631510.46939679
0.00039801907285068,262.622530425566,516737.787215289,5631510.46939679
0.000585318521160843,262.622530425566,517237.787215289,5631510.46939679
0.000182304276731382,262.622530425566,517737.787215289,5631510.46939679
0.000242119665057092,262.622530425566,518237.787215289,5631510.46939679
0.00100579223077195,262.622530425566,518737.787215289,5631510.46939679
0.000769959183242597,262.622530425566,519237.787215289,5631510.46939679
0.00047304118323278,262.622530425566,519737.787215289,5631510.46939679
0.00025824930218162,262.622530425566,520237.787215289,5631510.46939679
0.00026172549911865,262.622530425566,520737.787215289,5631510.46939679
0.00068681368800459,262.622530425566,521237.787215289,5631510.46939679
0.000636174135801309,262.622530425566,521737.787215289,5631510.46939679
0.00105352654813866,262.622530425566,522237.787215289,5631510.46939679
0.00546258348123278,262.622530425566,522737.787215289,5631510.46939679
0.000589992304876579,262.622530425566,523237.787215289,5631510.46939679
0.000512350225235875,262.622530425566,487237.787215289,5632010.46939679
0.00314407777928162,262.622530425566,487737.787215289,5632010.46939679
0.000343774978273525,262.622530425566,488237.787215289,5632010.46939679
0.000184145540949137,262.622530425566,488737.787215289,5632010.46939679
0.00051144713918335,262.622530425566,489237.787215289,5632010.46939679
0.000289957494798918,262.622530425566,489737.787215289,5632010.46939679
0.000244996901680303,262.622530425566,490237.787215289,5632010.46939679
0.000944949820878818,262.622530425566,490737.787215289,5632010.46939679
0.000393625001331013,262.622530425566,491237.787215289,5632010.46939679
0.000840909480923532,262.622530425566,491737.787215289,5632010.46939679
0.00059172320322884,262.622530425566,492237.787215289,5632010.46939679
0.000375790215135827,262.622530425566,492737.787215289,5632010.46939679
0.00132410486392713,262.622530425566,493237.787215289,5632010.46939679
0.00159708897843094,262.622530425566,493737.787215289,5632010.46939679
0.00057502875927054,262.622530425566,494237.787215289,5632010.46939679
0.00133922182042866,262.622530425566,494737.787215289,5632010.46939679
0.000347330439026631,262.622530425566,495237.787215289,5632010.46939679
0.000988910623474627,262.622530425566,495737.787215289,5632010.46939679
0.00103295557520424,262.622530425566,496237.787215289,5632010.46939679
0.000133019848347066,262.622530425566,496737.787215289,5632010.46939679
0.000133019848347066,262.622530425566,497237.787215289,5632010.46939679
0.000133019848347066,262.622530425566,497737.787215289,5632010.46939679
0.00502691455577783,262.622530425566,498237.787215289,5632010.46939679
0.000133019848347066,262.622530425566,498737.787215289,5632010.46939679
0.000133019848347066,262.622530425566,499237.787215289,5632010.46939679
0.000133019848347066,262.622530425566,499737.787215289,5632010.46939679
0.000133019848347066,262.622530425566,500237.787215289,5632010.46939679
0.000133019848347066,262.622530425566,500737.787215289,5632010.46939679
0.000133019848347066,262.622530425566,501237.787215289,5632010.46939679
0.000133019848347066,262.622530425566,501737.787215289,5632010.46939679
0.000133019848347066,262.622530425566,502237.787215289,5632010.46939679
0.00205675937598439,262.622530425566,502737.787215289,5632010.46939679
0.00184596301783619,262.622530425566,503237.787215289,5632010.46939679
0.00200704720025735,262.622530425566,503737.787215289,5632010.46939679
0.00153674592708946,262.622530425566,504237.787215289,5632010.46939679
0.00341752997401815,262.622530425566,504737.787215289,5632010.46939679
0.00428417468754236,262.622530425566,505237.787215289,5632010.46939679
0.00065289557674935,262.622530425566,505737.787215289,5632010.46939679
0.000294421437751551,262.622530425566,506237.787215289,5632010.46939679
0.00202747374824422,262.622530425566,506737.787215289,5632010.46939679
0.00097905817699754,262.622530425566,507237.787215289,5632010.46939679
0.0032386422211885,262.622530425566,507737.787215289,5632010.46939679
0.000370149623090704,262.622530425566,508237.787215289,5632010.46939679
0.00169813761996206,262.622530425566,508737.787215289,5632010.46939679
0.000937543257537445,262.622530425566,509237.787215289,5632010.46939679
8.08328627260001e-05,262.622530425566,509737.787215289,5632010.46939679
0.000923521205714557,262.622530425566,510237.787215289,5632010.46939679
0.00302537547248489,262.622530425566,510737.787215289,5632010.46939679
0.002783260426841,262.622530425566,511237.787215289,5632010.46939679
0.00253979969265753,262.622530425566,511737.787215289,5632010.46939679
0.00254495515924902,262.622530425566,512237.787215289,5632010.46939679
0.00276278051494311,262.622530425566,512737.787215289,5632010.46939679
0.00267127223334053,262.622530425566,513237.787215289,5632010.46939679
0.00351095061092674,262.622530425566,513737.787215289,5632010.46939679
0.00393108272761767,262.622530425566,514237.787215289,5632010.46939679
0.0041205007343249,262.622530425566,514737.787215289,5632010.46939679
0.0048563175907274,262.622530425566,515237.787215289,5632010.46939679
0.00319632581240602,262.622530425566,515737.787215289,5632010.46939679
0.000823913328727953,262.622530425566,516237.787215289,5632010.46939679
0.000626724995083363,262.622530425566,516737.787215289,5632010.46939679
0.000234092860649461,262.622530425566,517237.787215289,5632010.46939679
0.000552746099734229,262.622530425566,517737.787215289,5632010.46939679
0.000199015150824015,262.622530425566,518237.787215289,5632010.46939679
0.00130543767648053,262.622530425566,518737.787215289,5632010.46939679
0.00650464654326718,262.622530425566,519237.787215289,5632010.46939679
0.00102746848810688,262.622530425566,519737.787215289,5632010.46939679
0.00420170071150018,262.622530425566,520237.787215289,5632010.46939679
0.00115207970759051,262.622530425566,520737.787215289,5632010.46939679
0.000774383403686054,262.622530425566,521237.787215289,5632010.46939679
0.00492735937116759,262.622530425566,521737.787215289,5632010.46939679
0.00311264026587245,262.622530425566,522237.787215289,5632010.46939679
0.00490119591846051,262.622530425566,522737.787215289,5632010.46939679
0.000397328033973304,262.622530425566,523237.787215289,5632010.46939679
0.000176897878742505,262.622530425566,523737.787215289,5632010.46939679
0.000298076302451526,262.622530425566,486737.787215289,5632510.46939679
0.00047026287996193,262.622530425566,487237.787215289,5632510.46939679
0.00205264223559749,262.622530425566,487737.787215289,5632510.46939679
0.0010388517195289,262.622530425566,488237.787215289,5632510.46939679
0.000298076302451526,262.622530425566,488737.787215289,5632510.46939679
0.000374036527340922,262.622530425566,489237.787215289,5632510.46939679
0.000443459477222005,262.622530425566,489737.787215289,5632510.46939679
0.000419804815751363,262.622530425566,490237.787215289,5632510.46939679
0.00051887155801357,262.622530425566,490737.787215289,5632510.46939679
0.00118575595109718,262.622530425566,491237.787215289,5632510.46939679
0.000912230056029922,262.622530425566,491737.787215289,5632510.46939679
0.000721566117365836,262.622530425566,492237.787215289,5632510.46939679
0.000308018292864043,262.622530425566,492737.787215289,5632510.46939679
0.000293205118476936,262.622530425566,493237.787215289,5632510.46939679
0.000829728494002102,262.622530425566,493737.787215289,5632510.46939679
0.000497870313337721,262.622530425566,494237.787215289,5632510.46939679
0.000694303077012722,262.622530425566,494737.787215289,5632510.46939679
0.00087915038095878,262.622530425566,495237.787215289,5632510.46939679
0.00150779763875719,262.622530425566,495737.787215289,5632510.46939679
0.000452989719592093,262.622530425566,496237.787215289,5632510.46939679
0.00211687452815433,262.622530425566,496737.787215289,5632510.46939679
0.000133019848347066,262.622530425566,497237.787215289,5632510.46939679
0.000117797372330303,262.622530425566,497737.787215289,5632510.46939679
0.00010156696610174,262.622530425566,498237.787215289,5632510.46939679
0.000133019848347066,262.622530425566,498737.787215289,5632510.46939679
0.000133019848347066,262.622530425566,499237.787215289,5632510.46939679
0.000133019848347066,262.622530425566,499737.787215289,5632510.46939679
0.000133019848347066,262.622530425566,500237.787215289,5632510.46939679
0.000133019848347066,262.622530425566,500737.787215289,5632510.46939679
0.000133019848347066,262.622530425566,501237.787215289,5632510.46939679
0.0020123758918973,262.622530425566,501737.787215289,5632510.46939679
0.00322577419566123,262.622530425566,502237.787215289,5632510.46939679
0.00250014716537968,262.622530425566,502737.787215289,5632510.46939679
0.000856757596348433,262.622530425566,503237.787215289,5632510.46939679
0.0030655557576497,262.622530425566,503737.787215289,5632510.46939679
0.00221364701108201,262.622530425566,504237.787215289,5632510.46939679
0.000977487216100782,262.622530425566,504737.787215289,5632510.46939679
0.00269780008167944,262.622530425566,505237.787215289,5632510.46939679
0.00161878805138982,262.622530425566,505737.787215289,5632510.46939679
0.000266631065375163,262.622530425566,506237.787215289,5632510.46939679
0.000456569464709554,262.622530425566,506737.787215289,5632510.46939679
0.00139665713706649,262.622530425566,507237.787215289,5632510.46939679
0.0022754633192928,262.622530425566,507737.787215289,5632510.46939679
0.0031985245461885,262.622530425566,508237.787215289,5632510.46939679
0.00379218584136214,262.622530425566,508737.787215289,5632510.46939679
0.000271853379516762,262.622530425566,509237.787215289,5632510.46939679
0.000374792245670612,262.622530425566,509737.787215289,5632510.46939679
0.000150202960837086,262.622530425566,510237.787215289,5632510.46939679
0.00071908149271713,262.622530425566,510737.787215289,5632510.46939679
0.00113493032572137,262.622530425566,511237.787215289,5632510.46939679
0.00294822724202055,262.622530425566,511737.787215289,5632510.46939679
0.00272253862120587,262.622530425566,512237.787215289,5632510.46939679
0.00365556006753684,262.622530425566,512737.787215289,5632510.46939679
0.000248264005489449,262.622530425566,513237.787215289,5632510.46939679
0.00313050245885568,262.622530425566,513737.787215289,5632510.46939679
0.00444232743968564,262.622530425566,514237.787215289,5632510.46939679
0.00438805278926494,262.622530425566,514737.787215289,5632510.46939679
0.00517758447277382,262.622530425566,515237.787215289,5632510.46939679
0.00364085716456273,262.622530425566,515737.787215289,5632510.46939679
0.00106657222748055,262.622530425566,516237.787215289,5632510.46939679
0.000410259697344538,262.622530425566,516737.787215289,5632510.46939679
0.000241361624637878,262.622530425566,517237.787215289,5632510.46939679
0.000508419842160247,262.622530425566,517737.787215289,5632510.46939679
0.000193744590818823,262.622530425566,518237.787215289,5632510.46939679
0.000259231912769338,262.622530425566,518737.787215289,5632510.46939679
0.00451285543743858,262.622530425566,519237.787215289,5632510.46939679
0.000480159240889185,262.622530425566,519737.787215289,5632510.46939679
0.000391539521671065,262.622530425566,520237.787215289,5632510.46939679
0.00477879060951182,262.622530425566,520737.787215289,5632510.46939679
0.000870800675087401,262.622530425566,521237.787215289,5632510.46939679
0.000542723162610569,262.622530425566,521737.787215289,5632510.46939679
0.00617282774974106,262.622530425566,522237.787215289,5632510.46939679
0.0024896476906791,262.622530425566,522737.787215289,5632510.46939679
0.000666231843850653,262.622530425566,523237.787215289,5632510.46939679
0.000210636088600874,262.622530425566,523737.787215289,5632510.46939679
0.000222049177787617,262.622530425566,524237.787215289,5632510.46939679
0.00242338725449805,262.622530425566,486737.787215289,5633010.46939679
0.000780712268442639,262.622530425566,487237.787215289,5633010.46939679
0.000168279289474456,262.622530425566,487737.787215289,5633010.46939679
0.000141935406257904,262.622530425566,488237.787215289,5633010.46939679
0.000134104732343418,262.622530425566,488737.787215289,5633010.46939679
0.000134104732343418,262.622530425566,489237.787215289,5633010.46939679
0.000134104732343418,262.622530425566,489737.787215289,5633010.46939679
0.000134414189626598,262.622530425566,490237.787215289,5633010.46939679
0.000147568574932353,262.622530425566,490737.787215289,5633010.46939679
0.000202733028929983,262.622530425566,491237.787215289,5633010.46939679
0.00014779736720059,262.622530425566,491737.787215289,5633010.46939679
0.00236733693400737,262.622530425566,492237.787215289,5633010.46939679
0.00168414788755021,262.622530425566,492737.787215289,5633010.46939679
0.000858445214285545,262.622530425566,493237.787215289,5633010.46939679
0.0013770574928905,262.622530425566,493737.787215289,5633010.46939679
0.000212054552899123,262.622530425566,494237.787215289,5633010.46939679
0.000310203676455168,262.622530425566,494737.787215289,5633010.46939679
0.000465231266362162,262.622530425566,495237.787215289,5633010.46939679
0.000406698944821577,262.622530425566,495737.787215289,5633010.46939679
0.00045170138829669,262.622530425566,496237.787215289,5633010.46939679
0.000544107649817001,262.622530425566,496737.787215289,5633010.46939679
0.00132410486392713,262.622530425566,497237.787215289,5633010.46939679
0.00263729549166153,262.622530425566,497737.787215289,5633010.46939679
0.00323477562069894,262.622530425566,498237.787215289,5633010.46939679
0.000133019848347066,262.622530425566,498737.787215289,5633010.46939679
0.000133019848347066,262.622530425566,499237.787215289,5633010.46939679
0.000133019848347066,262.622530425566,499737.787215289,5633010.46939679
0.000111498514579874,262.622530425566,500237.787215289,5633010.46939679
0.000178506998543679,262.622530425566,500737.787215289,5633010.46939679
0.00281705630546374,262.622530425566,501237.787215289,5633010.46939679
0.000769421739345602,262.622530425566,501737.787215289,5633010.46939679
0.00069983567940976,262.622530425566,502237.787215289,5633010.46939679
0.0029399610502146,262.622530425566,502737.787215289,5633010.46939679
0.00297586220392497,262.622530425566,503237.787215289,5633010.46939679
0.000557545896352397,262.622530425566,503737.787215289,5633010.46939679
0.000879628499642719,262.622530425566,504237.787215289,5633010.46939679
0.00486678418629288,262.622530425566,504737.787215289,5633010.46939679
0.00409134164862791,262.622530425566,505237.787215289,5633010.46939679
0.00191924277584859,262.622530425566,505737.787215289,5633010.46939679
0.00109891322000414,262.622530425566,506237.787215289,5633010.46939679
0.000133019848347066,262.622530425566,506737.787215289,5633010.46939679
0.000133019848347066,262.622530425566,507237.787215289,5633010.46939679
0.0017348020113522,262.622530425566,507737.787215289,5633010.46939679
0.00302205974865114,262.622530425566,508237.787215289,5633010.46939679
0.00410475789503025,262.622530425566,508737.787215289,5633010.46939679
0.00194527687925166,262.622530425566,509237.787215289,5633010.46939679
0.000410966901629977,262.622530425566,509737.787215289,5633010.46939679
0.000266094434361833,262.622530425566,510237.787215289,5633010.46939679
0.000420005907396456,262.622530425566,510737.787215289,5633010.46939679
0.000226902432224142,262.622530425566,511237.787215289,5633010.46939679
0.00168065466297223,262.622530425566,511737.787215289,5633010.46939679
0.00289895279303786,262.622530425566,512237.787215289,5633010.46939679
0.00356383092349564,262.622530425566,512737.787215289,5633010.46939679
0.000532118616650732,262.622530425566,513237.787215289,5633010.46939679
0.00389165106178635,262.622530425566,513737.787215289,5633010.46939679
0.00479626099844424,262.622530425566,514237.787215289,5633010.46939679
0.00561344205883657,262.622530425566,514737.787215289,5633010.46939679
0.00509142058196037,262.622530425566,515237.787215289,5633010.46939679
0.00512758468469033,262.622530425566,515737.787215289,5633010.46939679
0.00333842794133728,262.622530425566,516237.787215289,5633010.46939679
0.000517160945987416,262.622530425566,516737.787215289,5633010.46939679
0.00071043576539307,262.622530425566,517237.787215289,5633010.46939679
0.000430173850744629,262.622530425566,517737.787215289,5633010.46939679
0.000306030109868867,262.622530425566,518237.787215289,5633010.46939679
0.000307934068651343,262.622530425566,518737.787215289,5633010.46939679
0.00537873685171343,262.622530425566,519237.787215289,5633010.46939679
0.000155549525622631,262.622530425566,519737.787215289,5633010.46939679
0.000382647363693779,262.622530425566,520237.787215289,5633010.46939679
0.00080378589357628,262.622530425566,520737.787215289,5633010.46939679
0.00491923525328828,262.622530425566,521237.787215289,5633010.46939679
0.0004995340834603,262.622530425566,521737.787215289,5633010.46939679
0.00426387810130028,262.622530425566,522237.787215289,5633010.46939679
0.000493437786488692,262.622530425566,522737.787215289,5633010.46939679
0.000348268871933876,262.622530425566,523237.787215289,5633010.46939679
0.00015439847990734,262.622530425566,523737.787215289,5633010.46939679
0.000228868528116447,262.622530425566,524237.787215289,5633010.46939679
0.00618471331764616,262.622530425566,486737.787215289,5633510.46939679
0.000848568920653922,262.622530425566,487237.787215289,5633510.46939679
0.00017321326970028,262.622530425566,487737.787215289,5633510.46939679
0.000138036708165507,262.622530425566,488237.787215289,5633510.46939679
0.000138036708165507,262.622530425566,488737.787215289,5633510.46939679
0.00017321326970028,262.622530425566,489237.787215289,5633510.46939679
0.00104371406171678,262.622530425566,489737.787215289,5633510.46939679
0.000138036708165507,262.622530425566,490237.787215289,5633510.46939679
0.000169456047262291,262.622530425566,490737.787215289,5633510.46939679
0.000131734825455887,262.622530425566,491237.787215289,5633510.46939679
0.000267652213051904,262.622530425566,491737.787215289,5633510.46939679
0.00026609343956861,262.622530425566,492237.787215289,5633510.46939679
0.000224436890396229,262.622530425566,492737.787215289,5633510.46939679
0.000786786730731616,262.622530425566,493237.787215289,5633510.46939679
0.000361259784260705,262.622530425566,493737.787215289,5633510.46939679
0.00030598070441986,262.622530425566,494237.787215289,5633510.46939679
0.00164214819861956,262.622530425566,494737.787215289,5633510.46939679
0.00148290748305104,262.622530425566,495237.787215289,5633510.46939679
0.000441629530240404,262.622530425566,495737.787215289,5633510.46939679
0.000438884830498392,262.622530425566,496237.787215289,5633510.46939679
0.00324456038399919,262.622530425566,496737.787215289,5633510.46939679
0.00446899983686484,262.622530425566,497237.787215289,5633510.46939679
0.00181463336377175,262.622530425566,497737.787215289,5633510.46939679
0.00223507689393087,262.622530425566,498237.787215289,5633510.46939679
0.00214586245470706,262.622530425566,498737.787215289,5633510.46939679
0.00229484900070414,262.622530425566,499237.787215289,5633510.46939679
0.00115689564785088,262.622530425566,499737.787215289,5633510.46939679
0.00387620449599577,262.622530425566,500237.787215289,5633510.46939679
0.000644143826486397,262.622530425566,500737.787215289,5633510.46939679
0.00258148041379673,262.622530425566,501237.787215289,5633510.46939679
0.00139410731015979,262.622530425566,501737.787215289,5633510.46939679
0.00265187687862521,262.622530425566,502237.787215289,5633510.46939679
0.000729356259252414,262.622530425566,502737.787215289,5633510.46939679
0.00074048084937527,262.622530425566,503237.787215289,5633510.46939679
0.00119709928272133,262.622530425566,503737.787215289,5633510.46939679
0.00118228963772938,262.622530425566,504237.787215289,5633510.46939679
0.000902125935252113,262.622530425566,504737.787215289,5633510.46939679
0.00352974474616978,262.622530425566,505237.787215289,5633510.46939679
0.00408623255508396,262.622530425566,505737.787215289,5633510.46939679
0.00025181283168543,262.622530425566,506237.787215289,5633510.46939679
0.000133019848347066,262.622530425566,506737.787215289,5633510.46939679
0.000133019848347066,262.622530425566,507237.787215289,5633510.46939679
0.000478419177616534,262.622530425566,507737.787215289,5633510.46939679
0.00269780008167944,262.622530425566,508237.787215289,5633510.46939679
0.00423664437214576,262.622530425566,508737.787215289,5633510.46939679
0.00439519922741508,262.622530425566,509237.787215289,5633510.46939679
0.00302033876863965,262.622530425566,509737.787215289,5633510.46939679
0.0009273889216296,262.622530425566,510237.787215289,5633510.46939679
0.000186980491604055,262.622530425566,510737.787215289,5633510.46939679
0.000695488494020669,262.622530425566,511237.787215289,5633510.46939679
0.000629483870842719,262.622530425566,511737.787215289,5633510.46939679
0.00147140759610776,262.622530425566,512237.787215289,5633510.46939679
0.00422780361863508,262.622530425566,512737.787215289,5633510.46939679
0.0031805705961456,262.622530425566,513237.787215289,5633510.46939679
0.00143162494472587,262.622530425566,513737.787215289,5633510.46939679
0.00606698771918233,262.622530425566,514237.787215289,5633510.46939679
0.00581576956442232,262.622530425566,514737.787215289,5633510.46939679
0.00468352431546604,262.622530425566,515237.787215289,5633510.46939679
0.00472424359359683,262.622530425566,515737.787215289,5633510.46939679
0.00385165086912944,262.622530425566,516237.787215289,5633510.46939679
0.00649701334954508,262.622530425566,516737.787215289,5633510.46939679
0.000551807214775558,262.622530425566,517237.787215289,5633510.46939679
0.000394734004785203,262.622530425566,517737.787215289,5633510.46939679
0.000237519899099671,262.622530425566,518237.787215289,5633510.46939679
0.000500980985399853,262.622530425566,518737.787215289,5633510.46939679
0.00265262837773734,262.622530425566,519237.787215289,5633510.46939679
0.00194988880258999,262.622530425566,519737.787215289,5633510.46939679
0.00492139417506585,262.622530425566,520237.787215289,5633510.46939679
0.00587832706331594,262.622530425566,520737.787215289,5633510.46939679
0.00100828906700886,262.622530425566,521237.787215289,5633510.46939679
0.00291102930859326,262.622530425566,521737.787215289,5633510.46939679
0.0042864102177838,262.622530425566,522237.787215289,5633510.46939679
0.000416986342504379,262.622530425566,522737.787215289,5633510.46939679
0.000278435218481577,262.622530425566,523237.787215289,5633510.46939679
0.00495210070373775,262.622530425566,523737.787215289,5633510.46939679
0.00466447693063475,262.622530425566,524237.787215289,5633510.46939679
0.000182517808280177,262.622530425566,486737.787215289,5634010.46939679
0.00110310924565552,262.622530425566,487237.787215289,5634010.46939679
0.000172448175354113,262.622530425566,487737.787215289,5634010.46939679
0.000153944905213554,262.622530425566,488237.787215289,5634010.46939679
0.00109977949925762,262.622530425566,488737.787215289,5634010.46939679
0.000145451658987637,262.622530425566,489237.787215289,5634010.46939679
0.000133019848347066,262.622530425566,489737.787215289,5634010.46939679
0.000154410996365422,262.622530425566,490237.787215289,5634010.46939679
0.00014172973454273,262.622530425566,490737.787215289,5634010.46939679
0.000138387529233899,262.622530425566,491237.787215289,5634010.46939679
0.000169456047262291,262.622530425566,491737.787215289,5634010.46939679
0.000134104732343418,262.622530425566,492237.787215289,5634010.46939679
0.000134104732343418,262.622530425566,492737.787215289,5634010.46939679
0.000142927944289204,262.622530425566,493237.787215289,5634010.46939679
0.000136670794259652,262.622530425566,493737.787215289,5634010.46939679
0.000205362472417534,262.622530425566,494237.787215289,5634010.46939679
0.000294807957748166,262.622530425566,494737.787215289,5634010.46939679
0.000752378545635719,262.622530425566,495237.787215289,5634010.46939679
0.00181849722967983,262.622530425566,495737.787215289,5634010.46939679
0.000413497891661733,262.622530425566,496237.787215289,5634010.46939679
0.00272089492428704,262.622530425566,496737.787215289,5634010.46939679
0.00249249778004861,262.622530425566,497237.787215289,5634010.46939679
0.00283816216936136,262.622530425566,497737.787215289,5634010.46939679
0.00107350141744395,262.622530425566,498237.787215289,5634010.46939679
0.000681756818743283,262.622530425566,498737.787215289,5634010.46939679
0.000466683664701708,262.622530425566,499237.787215289,5634010.46939679
0.000497870313337721,262.622530425566,499737.787215289,5634010.46939679
0.00195963890683713,262.622530425566,500237.787215289,5634010.46939679
0.000324808676447973,262.622530425566,500737.787215289,5634010.46939679
0.000658484767989509,262.622530425566,501237.787215289,5634010.46939679
0.000499670712918289,262.622530425566,501737.787215289,5634010.46939679
0.000257003932891631,262.622530425566,502237.787215289,5634010.46939679
0.00213441715105387,262.622530425566,502737.787215289,5634010.46939679
0.000826299796103916,262.622530425566,503237.787215289,5634010.46939679
0.000757519537617537,262.622530425566,503737.787215289,5634010.46939679
0.00339096553539497,262.622530425566,504237.787215289,5634010.46939679
0.000859313102433201,262.622530425566,504737.787215289,5634010.46939679
0.00397750517974312,262.622530425566,505237.787215289,5634010.46939679
0.00171331269004791,262.622530425566,505737.787215289,5634010.46939679
0.00144509602737351,262.622530425566,506237.787215289,5634010.46939679
0.000997032361027399,262.622530425566,506737.787215289,5634010.46939679
0.000133019848347066,262.622530425566,507237.787215289,5634010.46939679
0.000228771669157612,262.622530425566,507737.787215289,5634010.46939679
0.0021768899929767,262.622530425566,508237.787215289,5634010.46939679
0.00387397980141859,262.622530425566,508737.787215289,5634010.46939679
0.00301399246011533,262.622530425566,509237.787215289,5634010.46939679
0.000767219976931217,262.622530425566,509737.787215289,5634010.46939679
0.0013824943053169,262.622530425566,510237.787215289,5634010.46939679
7.78244486618059e-05,262.622530425566,510737.787215289,5634010.46939679
0.000782942670722789,262.622530425566,511237.787215289,5634010.46939679
0.00100960611283492,262.622530425566,511737.787215289,5634010.46939679
0.00339604045139767,262.622530425566,512237.787215289,5634010.46939679
0.00304301610591484,262.622530425566,512737.787215289,5634010.46939679
0.000650867045333867,262.622530425566,513237.787215289,5634010.46939679
0.00205675937598439,262.622530425566,513737.787215289,5634010.46939679
0.000653956322871519,262.622530425566,514237.787215289,5634010.46939679
0.00553602449751862,262.622530425566,514737.787215289,5634010.46939679
0.00444309199167687,262.622530425566,515237.787215289,5634010.46939679
0.00318971876244451,262.622530425566,515737.787215289,5634010.46939679
0.00458798331276648,262.622530425566,516237.787215289,5634010.46939679
0.00464428096191657,262.622530425566,516737.787215289,5634010.46939679
0.000250933228577609,262.622530425566,517237.787215289,5634010.46939679
0.00163646282544832,262.622530425566,517737.787215289,5634010.46939679
0.00104171663490578,262.622530425566,518237.787215289,5634010.46939679
0.00185060689312196,262.622530425566,518737.787215289,5634010.46939679
0.000245995698857555,262.622530425566,519237.787215289,5634010.46939679
0.000255791006157181,262.622530425566,519737.787215289,5634010.46939679
0.000952131619402408,262.622530425566,520237.787215289,5634010.46939679
0.00127240034263305,262.622530425566,520737.787215289,5634010.46939679
0.000218385694404042,262.622530425566,521237.787215289,5634010.46939679
0.00487779532805026,262.622530425566,521737.787215289,5634010.46939679
0.00429218780060493,262.622530425566,522237.787215289,5634010.46939679
0.0040553848496541,262.622530425566,522737.787215289,5634010.46939679
0.00403285698691082,262.622530425566,523237.787215289,5634010.46939679
0.00496670650243833,262.622530425566,523737.787215289,5634010.46939679
0.00442235756091307,262.622530425566,524237.787215289,5634010.46939679
0.000182389364732533,262.622530425566,486737.787215289,5634510.46939679
0.000321711011038404,262.622530425566,487237.787215289,5634510.46939679
0.000193039485841111,262.622530425566,487737.787215289,5634510.46939679
0.00015383656932045,262.622530425566,488237.787215289,5634510.46939679
0.00116317893073419,262.622530425566,488737.787215289,5634510.46939679
0.00015383656932045,262.622530425566,489237.787215289,5634510.46939679
0.00015383656932045,262.622530425566,489737.787215289,5634510.46939679
0.00015383656932045,262.622530425566,490237.787215289,5634510.46939679
0.000186545775271782,262.622530425566,490737.787215289,5634510.46939679
0.000145451658987637,262.622530425566,491237.787215289,5634510.46939679
0.00107461261574816,262.622530425566,491737.787215289,5634510.46939679
0.00107163752940465,262.622530425566,492237.787215289,5634510.46939679
0.00107163752940465,262.622530425566,492737.787215289,5634510.46939679
0.000142123205456297,262.622530425566,493237.787215289,5634510.46939679
0.00109004460741316,262.622530425566,493737.787215289,5634510.46939679
0.00016293409099737,262.622530425566,494237.787215289,5634510.46939679
0.000147607267383579,262.622530425566,494737.787215289,5634510.46939679
0.000705214559980524,262.622530425566,495237.787215289,5634510.46939679
0.000438597036224137,262.622530425566,495737.787215289,5634510.46939679
0.00336828996103998,262.622530425566,496237.787215289,5634510.46939679
0.00214387971415308,262.622530425566,496737.787215289,5634510.46939679
0.00232664483539337,262.622530425566,497237.787215289,5634510.46939679
0.000292029278599664,262.622530425566,497737.787215289,5634510.46939679
0.000679256747311204,262.622530425566,498237.787215289,5634510.46939679
0.000289957494798918,262.622530425566,498737.787215289,5634510.46939679
0.000549169623587432,262.622530425566,499237.787215289,5634510.46939679
0.00305379409646261,262.622530425566,499737.787215289,5634510.46939679
0.00110595352143168,262.622530425566,500237.787215289,5634510.46939679
0.000674423468769335,262.622530425566,500737.787215289,5634510.46939679
0.000295472993355073,262.622530425566,501237.787215289,5634510.46939679
0.000212639350842773,262.622530425566,501737.787215289,5634510.46939679
0.000669547942663424,262.622530425566,502237.787215289,5634510.46939679
0.00036597717804814,262.622530425566,502737.787215289,5634510.46939679
0.000168035444115451,262.622530425566,503237.787215289,5634510.46939679
0.00366197938100392,262.622530425566,503737.787215289,5634510.46939679
0.000270044549569824,262.622530425566,504237.787215289,5634510.46939679
0.00198252586844406,262.622530425566,504737.787215289,5634510.46939679
0.000525258589718696,262.622530425566,505237.787215289,5634510.46939679
0.000874502810006915,262.622530425566,505737.787215289,5634510.46939679
0.000187334434497213,262.622530425566,506237.787215289,5634510.46939679
0.00269780008167944,262.622530425566,506737.787215289,5634510.46939679
0.000133019848347066,262.622530425566,507237.787215289,5634510.46939679
0.000133019848347066,262.622530425566,507737.787215289,5634510.46939679
0.000133019848347066,262.622530425566,508237.787215289,5634510.46939679
0.00119793719869028,262.622530425566,508737.787215289,5634510.46939679
0.00433960933742228,262.622530425566,509237.787215289,5634510.46939679
0.00366024967321439,262.622530425566,509737.787215289,5634510.46939679
0.000374792245670612,262.622530425566,510237.787215289,5634510.46939679
0.000200760163433546,262.622530425566,510737.787215289,5634510.46939679
0.000488519354625299,262.622530425566,511237.787215289,5634510.46939679
0.000474727379634002,262.622530425566,511737.787215289,5634510.46939679
0.0016884791068208,262.622530425566,512237.787215289,5634510.46939679
0.00350172373803811,262.622530425566,512737.787215289,5634510.46939679
0.00195177723614184,262.622530425566,513237.787215289,5634510.46939679
0.000175785540007906,262.622530425566,513737.787215289,5634510.46939679
0.00755672444067979,262.622530425566,514237.787215289,5634510.46939679
0.00282122312451832,262.622530425566,514737.787215289,5634510.46939679
0.00499111204975306,262.622530425566,515237.787215289,5634510.46939679
0.00451034395622156,262.622530425566,515737.787215289,5634510.46939679
0.00219881710836856,262.622530425566,516237.787215289,5634510.46939679
0.000540363122193762,262.622530425566,516737.787215289,5634510.46939679
0.00407153912080674,262.622530425566,517237.787215289,5634510.46939679
0.00231282735381418,262.622530425566,517737.787215289,5634510.46939679
0.00344088141456326,262.622530425566,518237.787215289,5634510.46939679
0.00461576063328565,262.622530425566,518737.787215289,5634510.46939679
0.000277304709649275,262.622530425566,519237.787215289,5634510.46939679
0.000325018697344821,262.622530425566,519737.787215289,5634510.46939679
0.0005416616878852,262.622530425566,520237.787215289,5634510.46939679
0.000962914727185317,262.622530425566,520737.787215289,5634510.46939679
0.00556367534655827,262.622530425566,521237.787215289,5634510.46939679
0.000339694411317989,262.622530425566,521737.787215289,5634510.46939679
0.00324102535850563,262.622530425566,522237.787215289,5634510.46939679
0.0045557751145035,262.622530425566,522737.787215289,5634510.46939679
0.00509142058196037,262.622530425566,523237.787215289,5634510.46939679
0.004989176451684,262.622530425566,523737.787215289,5634510.46939679
0.00469356239026834,262.622530425566,524237.787215289,5634510.46939679
0.000149008050000168,262.622530425566,486737.787215289,5635010.46939679
0.000140787173469441,262.622530425566,487237.787215289,5635010.46939679
0.000187287695098708,262.622530425566,487737.787215289,5635010.46939679
0.000157968073040722,262.622530425566,488237.787215289,5635010.46939679
0.000157968073040722,262.622530425566,488737.787215289,5635010.46939679
0.00119441778441443,262.622530425566,489237.787215289,5635010.46939679
0.00119441778441443,262.622530425566,489737.787215289,5635010.46939679
0.000157968073040722,262.622530425566,490237.787215289,5635010.46939679
0.00115082201564849,262.622530425566,490737.787215289,5635010.46939679
0.00112771160978067,262.622530425566,491237.787215289,5635010.46939679
0.00110310924565552,262.622530425566,491737.787215289,5635010.46939679
0.00109977949925762,262.622530425566,492237.787215289,5635010.46939679
0.00109977949925762,262.622530425566,492737.787215289,5635010.46939679
0.00100578091184849,262.622530425566,493237.787215289,5635010.46939679
0.000147713200659934,262.622530425566,493737.787215289,5635010.46939679
0.000149145828425552,262.622530425566,494237.787215289,5635010.46939679
0.000151270219766868,262.622530425566,494737.787215289,5635010.46939679
0.000232423947080415,262.622530425566,495237.787215289,5635010.46939679
0.00148195378638699,262.622530425566,495737.787215289,5635010.46939679
0.000474017941370413,262.622530425566,496237.787215289,5635010.46939679
0.000988917901522183,262.622530425566,496737.787215289,5635010.46939679
0.0023805610093296,262.622530425566,497237.787215289,5635010.46939679
0.00244787849266471,262.622530425566,497737.787215289,5635010.46939679
0.0010388517195289,262.622530425566,498237.787215289,5635010.46939679
0.000298076302451526,262.622530425566,498737.787215289,5635010.46939679
0.00105118005511092,262.622530425566,499237.787215289,5635010.46939679
0.000194321524175354,262.622530425566,499737.787215289,5635010.46939679
0.000259731054917362,262.622530425566,500237.787215289,5635010.46939679
0.000235467637237708,262.622530425566,500737.787215289,5635010.46939679
0.00075002365855653,262.622530425566,501237.787215289,5635010.46939679
0.00393775601127648,262.622530425566,501737.787215289,5635010.46939679
0.0001662236794738,262.622530425566,502237.787215289,5635010.46939679
0.000160103224712091,262.622530425566,502737.787215289,5635010.46939679
0.000182517808280177,262.622530425566,503237.787215289,5635010.46939679
0.000242403257894299,262.622530425566,503737.787215289,5635010.46939679
0.000895860850276455,262.622530425566,504237.787215289,5635010.46939679
0.00188496505130871,262.622530425566,504737.787215289,5635010.46939679
0.00346228041676909,262.622530425566,505237.787215289,5635010.46939679
0.000447349265859445,262.622530425566,505737.787215289,5635010.46939679
0.000158007495452926,262.622530425566,506237.787215289,5635010.46939679
0.00171331269004791,262.622530425566,506737.787215289,5635010.46939679
0.0017296247841026,262.622530425566,507237.787215289,5635010.46939679
0.000133019848347066,262.622530425566,507737.787215289,5635010.46939679
0.000133019848347066,262.622530425566,508237.787215289,5635010.46939679
0.00118721705006599,262.622530425566,508737.787215289,5635010.46939679
0.000224890351648094,262.622530425566,509237.787215289,5635010.46939679
0.00029867854771086,262.622530425566,509737.787215289,5635010.46939679
0.00130622114431364,262.622530425566,510237.787215289,5635010.46939679
0.000815390135130707,262.622530425566,510737.787215289,5635010.46939679
0.000222104592239713,262.622530425566,511237.787215289,5635010.46939679
6.05714974968553e-05,262.622530425566,511737.787215289,5635010.46939679
0.0021138019758305,262.622530425566,512237.787215289,5635010.46939679
0.0024649222244833,262.622530425566,512737.787215289,5635010.46939679
0.00377417056455259,262.622530425566,513237.787215289,5635010.46939679
0.000631602951643303,262.622530425566,513737.787215289,5635010.46939679
0.00394713972995862,262.622530425566,514237.787215289,5635010.46939679
0.00513395801622617,262.622530425566,514737.787215289,5635010.46939679
0.00514801600428791,262.622530425566,515237.787215289,5635010.46939679
0.0058400308617201,262.622530425566,515737.787215289,5635010.46939679
0.00530650241683728,262.622530425566,516237.787215289,5635010.46939679
0.00289175914236383,262.622530425566,516737.787215289,5635010.46939679
0.00419047632568389,262.622530425566,517237.787215289,5635010.46939679
0.00353446322216828,262.622530425566,517737.787215289,5635010.46939679
0.00471098616040505,262.622530425566,518237.787215289,5635010.46939679
0.00181171484076141,262.622530425566,518737.787215289,5635010.46939679
0.000215878946639905,262.622530425566,519237.787215289,5635010.46939679
0.000830162350566202,262.622530425566,519737.787215289,5635010.46939679
0.00194474496469517,262.622530425566,520237.787215289,5635010.46939679
0.00365656984428212,262.622530425566,520737.787215289,5635010.46939679
0.00511540614993122,262.622530425566,521237.787215289,5635010.46939679
0.00533944979891843,262.622530425566,521737.787215289,5635010.46939679
0.0031480838320139,262.622530425566,522237.787215289,5635010.46939679
0.00496762994875965,262.622530425566,522737.787215289,5635010.46939679
0.00556470978568394,262.622530425566,523237.787215289,5635010.46939679
0.00386974105628634,262.622530425566,523737.787215289,5635010.46939679
0.00431773785675049,262.622530425566,524237.787215289,5635010.46939679
0.000166348428679539,262.622530425566,486737.787215289,5635510.46939679
0.00018634252922509,262.622530425566,487237.787215289,5635510.46939679
0.00017606188381579,262.622530425566,487737.787215289,5635510.46939679
0.0012577827772389,262.622530425566,488237.787215289,5635510.46939679
0.0012577827772389,262.622530425566,488737.787215289,5635510.46939679
0.0012577827772389,262.622530425566,489237.787215289,5635510.46939679
0.000164071979749174,262.622530425566,489737.787215289,5635510.46939679
0.000159240327565785,262.622530425566,490237.787215289,5635510.46939679
0.00100578091184849,262.622530425566,490737.787215289,5635510.46939679
0.00118512174231661,262.622530425566,491237.787215289,5635510.46939679
0.00015383656932045,262.622530425566,491737.787215289,5635510.46939679
0.00038142209742424,262.622530425566,492237.787215289,5635510.46939679
0.000256377176074209,262.622530425566,492737.787215289,5635510.46939679
0.00015383656932045,262.622530425566,493237.787215289,5635510.46939679
0.000195188963077259,262.622530425566,493737.787215289,5635510.46939679
0.000165256505806714,262.622530425566,494237.787215289,5635510.46939679
0.000149636939692465,262.622530425566,494737.787215289,5635510.46939679
0.000194953440104488,262.622530425566,495237.787215289,5635510.46939679
0.00022700240681443,262.622530425566,495737.787215289,5635510.46939679
0.00147267675154629,262.622530425566,496237.787215289,5635510.46939679
0.00137191319490709,262.622530425566,496737.787215289,5635510.46939679
0.000343117776812873,262.622530425566,497237.787215289,5635510.46939679
0.000661571011928727,262.622530425566,497737.787215289,5635510.46939679
0.00041723135030856,262.622530425566,498237.787215289,5635510.46939679
0.000695339189077446,262.622530425566,498737.787215289,5635510.46939679
0.000160867277188125,262.622530425566,499237.787215289,5635510.46939679
0.000362232571661602,262.622530425566,499737.787215289,5635510.46939679
0.000194525618316087,262.622530425566,500237.787215289,5635510.46939679
0.000220762904306709,262.622530425566,500737.787215289,5635510.46939679
0.00079114588686472,262.622530425566,501237.787215289,5635510.46939679
0.00106332013036125,262.622530425566,501737.787215289,5635510.46939679
0.000185355669547865,262.622530425566,502237.787215289,5635510.46939679
0.000150640546957035,262.622530425566,502737.787215289,5635510.46939679
0.000161657453319284,262.622530425566,503237.787215289,5635510.46939679
0.000175129469865219,262.622530425566,503737.787215289,5635510.46939679
0.000197603231458475,262.622530425566,504237.787215289,5635510.46939679
0.000977409499566114,262.622530425566,504737.787215289,5635510.46939679
0.00450877857305705,262.622530425566,505237.787215289,5635510.46939679
0.00400162719399003,262.622530425566,505737.787215289,5635510.46939679
0.00240833268897416,262.622530425566,506237.787215289,5635510.46939679
0.000294978759933086,262.622530425566,506737.787215289,5635510.46939679
0.00111155572375854,262.622530425566,507237.787215289,5635510.46939679
0.000133019848347066,262.622530425566,507737.787215289,5635510.46939679
0.000133019848347066,262.622530425566,508237.787215289,5635510.46939679
0.000133019848347066,262.622530425566,508737.787215289,5635510.46939679
0.000696851338046356,262.622530425566,509237.787215289,5635510.46939679
0.00243853933791899,262.622530425566,509737.787215289,5635510.46939679
0.000661084556442559,262.622530425566,510237.787215289,5635510.46939679
0.00269780008167944,262.622530425566,510737.787215289,5635510.46939679
0.000349728213983475,262.622530425566,511237.787215289,5635510.46939679
0.000197031430716002,262.622530425566,511737.787215289,5635510.46939679
0.0001463844960365,262.622530425566,512237.787215289,5635510.46939679
0.00261714702346344,262.622530425566,512737.787215289,5635510.46939679
0.00424994637799221,262.622530425566,513237.787215289,5635510.46939679
0.000426410248426148,262.622530425566,513737.787215289,5635510.46939679
0.00086299612277825,262.622530425566,514237.787215289,5635510.46939679
0.00545155947246131,262.622530425566,514737.787215289,5635510.46939679
0.00487776514672509,262.622530425566,515237.787215289,5635510.46939679
0.00524857467947474,262.622530425566,515737.787215289,5635510.46939679
0.00449919851127242,262.622530425566,516237.787215289,5635510.46939679
0.00260543468582582,262.622530425566,516737.787215289,5635510.46939679
0.00470871445576764,262.622530425566,517237.787215289,5635510.46939679
0.00316501566967891,262.622530425566,517737.787215289,5635510.46939679
0.00398347645144081,262.622530425566,518237.787215289,5635510.46939679
0.000871235686004216,262.622530425566,518737.787215289,5635510.46939679
0.000541311676410762,262.622530425566,519237.787215289,5635510.46939679
0.00290221632731248,262.622530425566,519737.787215289,5635510.46939679
0.00274209905786113,262.622530425566,520237.787215289,5635510.46939679
0.00347544221002416,262.622530425566,520737.787215289,5635510.46939679
0.00365624478256435,262.622530425566,521237.787215289,5635510.46939679
0.00229494269716638,262.622530425566,521737.787215289,5635510.46939679
0.00527721892681905,262.622530425566,522237.787215289,5635510.46939679
0.00396635901835004,262.622530425566,522737.787215289,5635510.46939679
0.00526775089557606,262.622530425566,523237.787215289,5635510.46939679
0.00515955712398062,262.622530425566,523737.787215289,5635510.46939679
0.00386562718476214,262.622530425566,524237.787215289,5635510.46939679
0.000171347700456556,262.622530425566,486737.787215289,5636010.46939679
0.000215013063163736,262.622530425566,487237.787215289,5636010.46939679
0.000181353074203073,262.622530425566,487737.787215289,5636010.46939679
0.00129558294156737,262.622530425566,488237.787215289,5636010.46939679
0.00129558294156737,262.622530425566,488737.787215289,5636010.46939679
0.00126985196324609,262.622530425566,489237.787215289,5636010.46939679
0.000179856268564153,262.622530425566,489737.787215289,5636010.46939679
0.000154969377706193,262.622530425566,490237.787215289,5636010.46939679
0.000140787173469441,262.622530425566,490737.787215289,5636010.46939679
0.00022723518684395,262.622530425566,491237.787215289,5636010.46939679
0.000182389364732533,262.622530425566,491737.787215289,5636010.46939679
0.000208975265582544,262.622530425566,492237.787215289,5636010.46939679
0.00119441778441443,262.622530425566,492737.787215289,5636010.46939679
0.000158598682089103,262.622530425566,493237.787215289,5636010.46939679
0.000159893352252001,262.622530425566,493737.787215289,5636010.46939679
0.000236907905238351,262.622530425566,494237.787215289,5636010.46939679
0.000162233945424815,262.622530425566,494737.787215289,5636010.46939679
0.000150640546957035,262.622530425566,495237.787215289,5636010.46939679
0.000148184120773229,262.622530425566,495737.787215289,5636010.46939679
0.000175129469865219,262.622530425566,496237.787215289,5636010.46939679
0.000153484843903799,262.622530425566,496737.787215289,5636010.46939679
0.000150005649313201,262.622530425566,497237.787215289,5636010.46939679
0.000138387529233899,262.622530425566,497737.787215289,5636010.46939679
0.000163656974562615,262.622530425566,498237.787215289,5636010.46939679
0.000138036708165507,262.622530425566,498737.787215289,5636010.46939679
0.000459240911261029,262.622530425566,499237.787215289,5636010.46939679
0.00028004038853048,262.622530425566,499737.787215289,5636010.46939679
0.000199776703663252,262.622530425566,500237.787215289,5636010.46939679
0.000170921719971938,262.622530425566,500737.787215289,5636010.46939679
0.000165467456647463,262.622530425566,501237.787215289,5636010.46939679
0.000188394773377666,262.622530425566,501737.787215289,5636010.46939679
0.000160530522759281,262.622530425566,502237.787215289,5636010.46939679
0.000154969377706193,262.622530425566,502737.787215289,5636010.46939679
0.000133019848347066,262.622530425566,503237.787215289,5636010.46939679
0.000187153380771525,262.622530425566,503737.787215289,5636010.46939679
0.000212034591135264,262.622530425566,504237.787215289,5636010.46939679
0.00047516459082902,262.622530425566,504737.787215289,5636010.46939679
0.00433486112011146,262.622530425566,505237.787215289,5636010.46939679
0.00205065480010038,262.622530425566,505737.787215289,5636010.46939679
0.000587806953012381,262.622530425566,506237.787215289,5636010.46939679
0.000414639425848207,262.622530425566,506737.787215289,5636010.46939679
0.000971337636586899,262.622530425566,507237.787215289,5636010.46939679
0.00161572957189642,262.622530425566,507737.787215289,5636010.46939679
0.000133019848347066,262.622530425566,508237.787215289,5636010.46939679
0.000133019848347066,262.622530425566,508737.787215289,5636010.46939679
0.000133019848347066,262.622530425566,509237.787215289,5636010.46939679
5.74174670518079e-05,262.622530425566,509737.787215289,5636010.46939679
0.00209228701035746,262.622530425566,510237.787215289,5636010.46939679
0.000753323840970794,262.622530425566,510737.787215289,5636010.46939679
0.00285533063527697,262.622530425566,511237.787215289,5636010.46939679
0.000233601396854971,262.622530425566,511737.787215289,5636010.46939679
6.2174043423605e-05,262.622530425566,512237.787215289,5636010.46939679
0.000248594571707198,262.622530425566,512737.787215289,5636010.46939679
0.00232716510205694,262.622530425566,513237.787215289,5636010.46939679
0.0028296538005677,262.622530425566,513737.787215289,5636010.46939679
0.000358285228735661,262.622530425566,514237.787215289,5636010.46939679
0.00399455278725435,262.622530425566,514737.787215289,5636010.46939679
0.00319333668319816,262.622530425566,515237.787215289,5636010.46939679
0.00364778973208158,262.622530425566,515737.787215289,5636010.46939679
0.00519869010559318,262.622530425566,516237.787215289,5636010.46939679
0.00447079635887907,262.622530425566,516737.787215289,5636010.46939679
0.00458309679737328,262.622530425566,517237.787215289,5636010.46939679
0.00458309679737328,262.622530425566,517737.787215289,5636010.46939679
0.00326939020004235,262.622530425566,518237.787215289,5636010.46939679
0.00416062740089598,262.622530425566,518737.787215289,5636010.46939679
0.00485072364455484,262.622530425566,519237.787215289,5636010.46939679
0.000124436243352082,262.622530425566,519737.787215289,5636010.46939679
0.00497712545817781,262.622530425566,520237.787215289,5636010.46939679
0.00424413768178145,262.622530425566,520737.787215289,5636010.46939679
0.00398791421476792,262.622530425566,521237.787215289,5636010.46939679
0.00490796537630935,262.622530425566,521737.787215289,5636010.46939679
0.00386562718476214,262.622530425566,522237.787215289,5636010.46939679
0.00155909903592776,262.622530425566,522737.787215289,5636010.46939679
0.00485072364455484,262.622530425566,523237.787215289,5636010.46939679
0.000221440936768204,262.622530425566,523737.787215289,5636010.46939679
0.00470172483002138,262.622530425566,524237.787215289,5636010.46939679
0.00018138426017135,262.622530425566,486737.787215289,5636510.46939679
0.000207168520280917,262.622530425566,487237.787215289,5636510.46939679
0.000205803421532735,262.622530425566,487737.787215289,5636510.46939679
0.000181353074203073,262.622530425566,488237.787215289,5636510.46939679
0.00124619448963886,262.622530425566,488737.787215289,5636510.46939679
0.00100578091184849,262.622530425566,489237.787215289,5636510.46939679
0.00113519174638558,262.622530425566,489737.787215289,5636510.46939679
0.000133019848347066,262.622530425566,490237.787215289,5636510.46939679
0.00106579260136545,262.622530425566,490737.787215289,5636510.46939679
0.000197603231458475,262.622530425566,491237.787215289,5636510.46939679
0.000521363631483049,262.622530425566,491737.787215289,5636510.46939679
0.000567855811449559,262.622530425566,492237.787215289,5636510.46939679
0.000147713200659934,262.622530425566,492737.787215289,5636510.46939679
0.000616278685960638,262.622530425566,493237.787215289,5636510.46939679
0.000266614893212104,262.622530425566,493737.787215289,5636510.46939679
0.000910378329032731,262.622530425566,494237.787215289,5636510.46939679
0.000250741485316159,262.622530425566,494737.787215289,5636510.46939679
0.000162626758553443,262.622530425566,495237.787215289,5636510.46939679
0.000179856268564153,262.622530425566,495737.787215289,5636510.46939679
0.000169229881102999,262.622530425566,496237.787215289,5636510.46939679
0.000207369619939815,262.622530425566,496737.787215289,5636510.46939679
0.000191661841819713,262.622530425566,497237.787215289,5636510.46939679
0.000823913328727953,262.622530425566,497737.787215289,5636510.46939679
0.00113142496792979,262.622530425566,498237.787215289,5636510.46939679
0.000149636939692465,262.622530425566,498737.787215289,5636510.46939679
0.000140787173469441,262.622530425566,499237.787215289,5636510.46939679
0.000149008050000168,262.622530425566,499737.787215289,5636510.46939679
0.00015383656932045,262.622530425566,500237.787215289,5636510.46939679
0.000155549525622631,262.622530425566,500737.787215289,5636510.46939679
0.000159893352252001,262.622530425566,501237.787215289,5636510.46939679
0.000133019848347066,262.622530425566,501737.787215289,5636510.46939679
0.000164071979749174,262.622530425566,502237.787215289,5636510.46939679
0.000160558128024934,262.622530425566,502737.787215289,5636510.46939679
0.000149008050000168,262.622530425566,503237.787215289,5636510.46939679
0.000235619890326795,262.622530425566,503737.787215289,5636510.46939679
0.000302369610588041,262.622530425566,504237.787215289,5636510.46939679
0.00046290691106898,262.622530425566,504737.787215289,5636510.46939679
0.000605857478100596,262.622530425566,505237.787215289,5636510.46939679
0.00327126402657418,262.622530425566,505737.787215289,5636510.46939679
0.00308058034004887,262.622530425566,506237.787215289,5636510.46939679
0.00404781382554656,262.622530425566,506737.787215289,5636510.46939679
0.00302205974865114,262.622530425566,507237.787215289,5636510.46939679
0.00144509602737351,262.622530425566,507737.787215289,5636510.46939679
0.0011645698693715,262.622530425566,508237.787215289,5636510.46939679
0.000133019848347066,262.622530425566,508737.787215289,5636510.46939679
0.000133019848347066,262.622530425566,509237.787215289,5636510.46939679
0.000133019848347066,262.622530425566,509737.787215289,5636510.46939679
0.000133019848347066,262.622530425566,510237.787215289,5636510.46939679
0.000133019848347066,262.622530425566,510737.787215289,5636510.46939679
0.000354114699884806,262.622530425566,511237.787215289,5636510.46939679
0.000929259181178468,262.622530425566,511737.787215289,5636510.46939679
0.000983520693823803,262.622530425566,512237.787215289,5636510.46939679
5.45256531417173e-05,262.622530425566,512737.787215289,5636510.46939679
7.34577848417439e-05,262.622530425566,513237.787215289,5636510.46939679
9.18503958122397e-05,262.622530425566,513737.787215289,5636510.46939679
0.00040653376157373,262.622530425566,514237.787215289,5636510.46939679
0.00311279416895642,262.622530425566,514737.787215289,5636510.46939679
0.00357484543787904,262.622530425566,515237.787215289,5636510.46939679
0.00298227566087368,262.622530425566,515737.787215289,5636510.46939679
0.00510231449231675,262.622530425566,516237.787215289,5636510.46939679
0.00368468198062478,262.622530425566,516737.787215289,5636510.46939679
0.00377810754023719,262.622530425566,517237.787215289,5636510.46939679
0.00423221379558949,262.622530425566,517737.787215289,5636510.46939679
0.00448874111872212,262.622530425566,518237.787215289,5636510.46939679
0.00386079229658017,262.622530425566,518737.787215289,5636510.46939679
0.00541174865052828,262.622530425566,519237.787215289,5636510.46939679
0.00365235063230413,262.622530425566,519737.787215289,5636510.46939679
0.002750041555834,262.622530425566,520237.787215289,5636510.46939679
0.00439725786868154,262.622530425566,520737.787215289,5636510.46939679
0.00356682560776368,262.622530425566,521237.787215289,5636510.46939679
0.00415465812986099,262.622530425566,521737.787215289,5636510.46939679
0.00434210142717363,262.622530425566,522237.787215289,5636510.46939679
0.00485071402393659,262.622530425566,522737.787215289,5636510.46939679
0.00345084793768419,262.622530425566,523237.787215289,5636510.46939679
0.00379485538907832,262.622530425566,523737.787215289,5636510.46939679
0.00369406719308939,262.622530425566,524237.787215289,5636510.46939679
0.000195738890631506,262.622530425566,486737.787215289,5637010.46939679
0.000201297257842223,262.622530425566,487237.787215289,5637010.46939679
0.00137147071551392,262.622530425566,487737.787215289,5637010.46939679
0.000157708961815844,262.622530425566,488237.787215289,5637010.46939679
0.00122433233472292,262.622530425566,488737.787215289,5637010.46939679
0.000155549525622631,262.622530425566,489237.787215289,5637010.46939679
0.000174035409747383,262.622530425566,489737.787215289,5637010.46939679
0.000140576974934675,262.622530425566,490237.787215289,5637010.46939679
0.000137006804816464,262.622530425566,490737.787215289,5637010.46939679
0.000426260380048703,262.622530425566,491237.787215289,5637010.46939679
0.000895860850276455,262.622530425566,491737.787215289,5637010.46939679
0.000415483868941814,262.622530425566,492237.787215289,5637010.46939679
0.000170425687421683,262.622530425566,492737.787215289,5637010.46939679
0.000153944905213554,262.622530425566,493237.787215289,5637010.46939679
0.000346034125742378,262.622530425566,493737.787215289,5637010.46939679
0.000475206006127113,262.622530425566,494237.787215289,5637010.46939679
0.000164018384719909,262.622530425566,494737.787215289,5637010.46939679
0.000264313501157168,262.622530425566,495237.787215289,5637010.46939679
0.000172880394436165,262.622530425566,495737.787215289,5637010.46939679
0.000183792464552383,262.622530425566,496237.787215289,5637010.46939679
0.000159893352252001,262.622530425566,496737.787215289,5637010.46939679
0.000165890939420681,262.622530425566,497237.787215289,5637010.46939679
0.00116317893073419,262.622530425566,497737.787215289,5637010.46939679
0.00116317893073419,262.622530425566,498237.787215289,5637010.46939679
0.000162819429130251,262.622530425566,498737.787215289,5637010.46939679
0.00117174424685295,262.622530425566,499237.787215289,5637010.46939679
0.00118512174231661,262.622530425566,499737.787215289,5637010.46939679
0.00119918590399644,262.622530425566,500237.787215289,5637010.46939679
0.000159893352252001,262.622530425566,500737.787215289,5637010.46939679
0.000164071979749174,262.622530425566,501237.787215289,5637010.46939679
0.000140787173469441,262.622530425566,501737.787215289,5637010.46939679
0.000245202772380381,262.622530425566,502237.787215289,5637010.46939679
0.000156738622277129,262.622530425566,502737.787215289,5637010.46939679
0.000157708961815844,262.622530425566,503237.787215289,5637010.46939679
0.000146790414096116,262.622530425566,503737.787215289,5637010.46939679
0.00037090345949249,262.622530425566,504237.787215289,5637010.46939679
0.00030324602649195,262.622530425566,504737.787215289,5637010.46939679
0.00438805278926494,262.622530425566,505237.787215289,5637010.46939679
0.00382829693142408,262.622530425566,505737.787215289,5637010.46939679
0.000925566976220902,262.622530425566,506237.787215289,5637010.46939679
0.00254896059699356,262.622530425566,506737.787215289,5637010.46939679
0.000691019603190434,262.622530425566,507237.787215289,5637010.46939679
0.00358296834215068,262.622530425566,507737.787215289,5637010.46939679
0.00358296834215068,262.622530425566,508237.787215289,5637010.46939679
0.00116606678984213,262.622530425566,508737.787215289,5637010.46939679
0.00227116414134046,262.622530425566,509237.787215289,5637010.46939679
0.00144236571529719,262.622530425566,509737.787215289,5637010.46939679
0.000133019848347066,262.622530425566,510237.787215289,5637010.46939679
0.000133019848347066,262.622530425566,510737.787215289,5637010.46939679
0.00230695284884008,262.622530425566,511237.787215289,5637010.46939679
0.00243853933791899,262.622530425566,511737.787215289,5637010.46939679
0.00163768770115402,262.622530425566,512237.787215289,5637010.46939679
0.00180199893036239,262.622530425566,512737.787215289,5637010.46939679
0.000139958943032101,262.622530425566,513237.787215289,5637010.46939679
7.23972331934767e-05,262.622530425566,513737.787215289,5637010.46939679
7.33441571929698e-05,262.622530425566,514237.787215289,5637010.46939679
9.05150685362141e-05,262.622530425566,514737.787215289,5637010.46939679
0.000133019848347066,262.622530425566,515237.787215289,5637010.46939679
0.00373076942059196,262.622530425566,515737.787215289,5637010.46939679
0.00393139257652045,262.622530425566,516237.787215289,5637010.46939679
0.00358462332244515,262.622530425566,516737.787215289,5637010.46939679
0.00367063502654878,262.622530425566,517237.787215289,5637010.46939679
0.00292797509191961,262.622530425566,517737.787215289,5637010.46939679
0.0010572407590493,262.622530425566,518237.787215289,5637010.46939679
0.00170695210199112,262.622530425566,518737.787215289,5637010.46939679
0.00421885958019492,262.622530425566,519237.787215289,5637010.46939679
0.0037661861997017,262.622530425566,519737.787215289,5637010.46939679
0.00472594163262883,262.622530425566,520237.787215289,5637010.46939679
0.00382953103628216,262.622530425566,520737.787215289,5637010.46939679
0.00669362912555372,262.622530425566,521237.787215289,5637010.46939679
0.00352788882402286,262.622530425566,521737.787215289,5637010.46939679
0.00220377831534639,262.622530425566,522237.787215289,5637010.46939679
0.00410475789503025,262.622530425566,522737.787215289,5637010.46939679
0.00459812559750781,262.622530425566,523237.787215289,5637010.46939679
0.00403708978377644,262.622530425566,523737.787215289,5637010.46939679
0.00395388829848563,262.622530425566,524237.787215289,5637010.46939679
0.000191609433998146,262.622530425566,486737.787215289,5637510.46939679
0.000190191549776833,262.622530425566,487237.787215289,5637510.46939679
0.00269887114097144,262.622530425566,487737.787215289,5637510.46939679
0.00124057024159546,262.622530425566,488237.787215289,5637510.46939679
0.00118512174231661,262.622530425566,488737.787215289,5637510.46939679
0.000199395563668469,262.622530425566,489237.787215289,5637510.46939679
0.00106869781045907,262.622530425566,489737.787215289,5637510.46939679
0.0010139838652322,262.622530425566,490237.787215289,5637510.46939679
0.000130070877905542,262.622530425566,490737.787215289,5637510.46939679
0.000452385132463252,262.622530425566,491237.787215289,5637510.46939679
0.0015021618790518,262.622530425566,491737.787215289,5637510.46939679
0.00058783818902191,262.622530425566,492237.787215289,5637510.46939679
0.000181959755895262,262.622530425566,492737.787215289,5637510.46939679
0.000145729686459902,262.622530425566,493237.787215289,5637510.46939679
0.000293981859675695,262.622530425566,493737.787215289,5637510.46939679
0.00276539490615135,262.622530425566,494237.787215289,5637510.46939679
0.000156338503339566,262.622530425566,494737.787215289,5637510.46939679
0.00114289131253555,262.622530425566,495237.787215289,5637510.46939679
0.000164018384719909,262.622530425566,495737.787215289,5637510.46939679
0.000188035348171296,262.622530425566,496237.787215289,5637510.46939679
0.000233829096624049,262.622530425566,496737.787215289,5637510.46939679
0.000164815816317343,262.622530425566,497237.787215289,5637510.46939679
0.000133019848347066,262.622530425566,497737.787215289,5637510.46939679
0.000161924430631654,262.622530425566,498237.787215289,5637510.46939679
0.00122433233472292,262.622530425566,498737.787215289,5637510.46939679
0.00123505427711762,262.622530425566,499237.787215289,5637510.46939679
0.000307688980040402,262.622530425566,499737.787215289,5637510.46939679
0.000167138301191573,262.622530425566,500237.787215289,5637510.46939679
0.000168768089903823,262.622530425566,500737.787215289,5637510.46939679
0.000181353074203073,262.622530425566,501237.787215289,5637510.46939679
0.000206816627417819,262.622530425566,501737.787215289,5637510.46939679
0.000522250717513261,262.622530425566,502237.787215289,5637510.46939679
0.000178000904247976,262.622530425566,502737.787215289,5637510.46939679
0.000145892035570316,262.622530425566,503237.787215289,5637510.46939679
0.000140576974934675,262.622530425566,503737.787215289,5637510.46939679
0.000144299424306635,262.622530425566,504237.787215289,5637510.46939679
0.000184380171514677,262.622530425566,504737.787215289,5637510.46939679
0.000872869940615483,262.622530425566,505237.787215289,5637510.46939679
0.00123047497495113,262.622530425566,505737.787215289,5637510.46939679
0.00130103116472303,262.622530425566,506237.787215289,5637510.46939679
0.000464476640641077,262.622530425566,506737.787215289,5637510.46939679
0.00401362001618899,262.622530425566,507237.787215289,5637510.46939679
0.000464476640641077,262.622530425566,507737.787215289,5637510.46939679
0.00254896059699356,262.622530425566,508237.787215289,5637510.46939679
0.000731369776421051,262.622530425566,508737.787215289,5637510.46939679
0.00161878805138982,262.622530425566,509237.787215289,5637510.46939679
0.000438851145145276,262.622530425566,509737.787215289,5637510.46939679
0.000353962868292425,262.622530425566,510237.787215289,5637510.46939679
0.000672494023524577,262.622530425566,510737.787215289,5637510.46939679
0.00234266060872044,262.622530425566,511237.787215289,5637510.46939679
0.00258093107942735,262.622530425566,511737.787215289,5637510.46939679
0.00180944842978639,262.622530425566,512237.787215289,5637510.46939679
0.00172524007676635,262.622530425566,512737.787215289,5637510.46939679
0.000200502440633318,262.622530425566,513237.787215289,5637510.46939679
0.000292838228947483,262.622530425566,513737.787215289,5637510.46939679
0.000470138423262934,262.622530425566,514237.787215289,5637510.46939679
0.000158481235347267,262.622530425566,514737.787215289,5637510.46939679
0.000133019848347066,262.622530425566,515237.787215289,5637510.46939679
7.33895113564302e-05,262.622530425566,515737.787215289,5637510.46939679
7.60361997606591e-05,262.622530425566,516237.787215289,5637510.46939679
0.00532044728944363,262.622530425566,516737.787215289,5637510.46939679
0.00399877548253998,262.622530425566,517237.787215289,5637510.46939679
0.00420832054389742,262.622530425566,517737.787215289,5637510.46939679
0.00405484696511009,262.622530425566,518237.787215289,5637510.46939679
0.00429962736121469,262.622530425566,518737.787215289,5637510.46939679
0.00399455278725435,262.622530425566,519237.787215289,5637510.46939679
0.0035659469805445,262.622530425566,519737.787215289,5637510.46939679
0.00394991941303229,262.622530425566,520237.787215289,5637510.46939679
0.00344268005364093,262.622530425566,520737.787215289,5637510.46939679
0.00228630741475222,262.622530425566,521237.787215289,5637510.46939679
0.00364778973208158,262.622530425566,521737.787215289,5637510.46939679
0.00563262871409332,262.622530425566,522237.787215289,5637510.46939679
0.00423221379558949,262.622530425566,522737.787215289,5637510.46939679
0.00422780361863508,262.622530425566,523237.787215289,5637510.46939679
0.00372084663701001,262.622530425566,523737.787215289,5637510.46939679
0.00283690682246227,262.622530425566,524237.787215289,5637510.46939679
0.000196155861617654,262.622530425566,486737.787215289,5638010.46939679
0.000297314702722514,262.622530425566,487237.787215289,5638010.46939679
0.000434069683621092,262.622530425566,487737.787215289,5638010.46939679
0.000162626758553443,262.622530425566,488237.787215289,5638010.46939679
0.000173595783401362,262.622530425566,488737.787215289,5638010.46939679
0.00179420281583104,262.622530425566,489237.787215289,5638010.46939679
0.00178364158781951,262.622530425566,489737.787215289,5638010.46939679
0.000719836079144173,262.622530425566,490237.787215289,5638010.46939679
0.000352049128862813,262.622530425566,490737.787215289,5638010.46939679
0.000584493672570645,262.622530425566,491237.787215289,5638010.46939679
0.00324468130170245,262.622530425566,491737.787215289,5638010.46939679
0.000343482059232443,262.622530425566,492237.787215289,5638010.46939679
0.000157916004033464,262.622530425566,492737.787215289,5638010.46939679
0.00029750762353012,262.622530425566,493237.787215289,5638010.46939679
0.000534886373002989,262.622530425566,493737.787215289,5638010.46939679
0.000464157349522249,262.622530425566,494237.787215289,5638010.46939679
0.000143745788661956,262.622530425566,494737.787215289,5638010.46939679
0.000156338503339566,262.622530425566,495237.787215289,5638010.46939679
0.000238007763084633,262.622530425566,495737.787215289,5638010.46939679
0.00018373242771653,262.622530425566,496237.787215289,5638010.46939679
0.000505970079368997,262.622530425566,496737.787215289,5638010.46939679
0.00016557444770455,262.622530425566,497237.787215289,5638010.46939679
0.000176664649371841,262.622530425566,497737.787215289,5638010.46939679
0.000247482898211699,262.622530425566,498237.787215289,5638010.46939679
0.000166348428679539,262.622530425566,498737.787215289,5638010.46939679
0.00126985196324609,262.622530425566,499237.787215289,5638010.46939679
0.00126985196324609,262.622530425566,499737.787215289,5638010.46939679
0.00016557444770455,262.622530425566,500237.787215289,5638010.46939679
0.00016557444770455,262.622530425566,500737.787215289,5638010.46939679
0.000167944642401072,262.622530425566,501237.787215289,5638010.46939679
0.000202323307287412,262.622530425566,501737.787215289,5638010.46939679
0.000290390060577939,262.622530425566,502237.787215289,5638010.46939679
0.000805558232230891,262.622530425566,502737.787215289,5638010.46939679
0.000168974103590192,262.622530425566,503237.787215289,5638010.46939679
0.000228329439982683,262.622530425566,503737.787215289,5638010.46939679
0.000210202531983786,262.622530425566,504237.787215289,5638010.46939679
0.00017065405941827,262.622530425566,504737.787215289,5638010.46939679
0.000205558511709554,262.622530425566,505237.787215289,5638010.46939679
0.00366445067929795,262.622530425566,505737.787215289,5638010.46939679
0.00308058034004887,262.622530425566,506237.787215289,5638010.46939679
0.00401362001618899,262.622530425566,506737.787215289,5638010.46939679
0.00214992444405697,262.622530425566,507237.787215289,5638010.46939679
0.00130103116472303,262.622530425566,507737.787215289,5638010.46939679
0.00171331269004791,262.622530425566,508237.787215289,5638010.46939679
0.000248800254976777,262.622530425566,508737.787215289,5638010.46939679
0.00203131163484991,262.622530425566,509237.787215289,5638010.46939679
0.000414639425848207,262.622530425566,509737.787215289,5638010.46939679
0.000917748271582656,262.622530425566,510237.787215289,5638010.46939679
0.000497764367434298,262.622530425566,510737.787215289,5638010.46939679
0.00071176244691009,262.622530425566,511237.787215289,5638010.46939679
0.00430749680789907,262.622530425566,511737.787215289,5638010.46939679
0.00246960475934098,262.622530425566,512237.787215289,5638010.46939679
0.00423995823803621,262.622530425566,512737.787215289,5638010.46939679
0.00240401182045252,262.622530425566,513237.787215289,5638010.46939679
0.000142700502906882,262.622530425566,513737.787215289,5638010.46939679
0.000174732717581053,262.622530425566,514237.787215289,5638010.46939679
0.000284510483337609,262.622530425566,514737.787215289,5638010.46939679
0.000133739798590898,262.622530425566,515237.787215289,5638010.46939679
0.000293702583963233,262.622530425566,515737.787215289,5638010.46939679
0.000110008570593214,262.622530425566,516237.787215289,5638010.46939679
9.50081662677635e-05,262.622530425566,516737.787215289,5638010.46939679
9.14938211589953e-05,262.622530425566,517237.787215289,5638010.46939679
9.50081662677635e-05,262.622530425566,517737.787215289,5638010.46939679
0.000716586232146554,262.622530425566,518237.787215289,5638010.46939679
0.00265562898914944,262.622530425566,518737.787215289,5638010.46939679
0.00174862547848966,262.622530425566,519237.787215289,5638010.46939679
0.00342644884140456,262.622530425566,519737.787215289,5638010.46939679
0.00315114708191432,262.622530425566,520237.787215289,5638010.46939679
0.00356224385999611,262.622530425566,520737.787215289,5638010.46939679
0.000716900258439249,262.622530425566,521237.787215289,5638010.46939679
0.00299743322846848,262.622530425566,521737.787215289,5638010.46939679
0.000885436534620143,262.622530425566,522237.787215289,5638010.46939679
0.000171436609521344,262.622530425566,522737.787215289,5638010.46939679
0.00344614487135863,262.622530425566,523237.787215289,5638010.46939679
0.000133019848347066,262.622530425566,523737.787215289,5638010.46939679
0.000133019848347066,262.622530425566,524237.787215289,5638010.46939679
0.000201208952573785,262.622530425566,486737.787215289,5638510.46939679
0.000517137146259334,262.622530425566,487237.787215289,5638510.46939679
0.00413392067442662,262.622530425566,487737.787215289,5638510.46939679
0.000199820309918878,262.622530425566,488237.787215289,5638510.46939679
0.000783737439727542,262.622530425566,488737.787215289,5638510.46939679
0.00245429749570857,262.622530425566,489237.787215289,5638510.46939679
0.00452413833356691,262.622530425566,489737.787215289,5638510.46939679
0.00402499758917637,262.622530425566,490237.787215289,5638510.46939679
0.00205065480010038,262.622530425566,490737.787215289,5638510.46939679
0.00256509817395809,262.622530425566,491237.787215289,5638510.46939679
0.00246310196332617,262.622530425566,491737.787215289,5638510.46939679
0.000185128542492433,262.622530425566,492237.787215289,5638510.46939679
0.000187865479088615,262.622530425566,492737.787215289,5638510.46939679
0.000879628499642719,262.622530425566,493237.787215289,5638510.46939679
0.000183988636756908,262.622530425566,493737.787215289,5638510.46939679
0.000263769459211775,262.622530425566,494237.787215289,5638510.46939679
0.000145006937204307,262.622530425566,494737.787215289,5638510.46939679
0.000140576974934675,262.622530425566,495237.787215289,5638510.46939679
0.000377214201820243,262.622530425566,495737.787215289,5638510.46939679
0.000610358990008116,262.622530425566,496237.787215289,5638510.46939679
0.000717307231534813,262.622530425566,496737.787215289,5638510.46939679
0.000156738622277129,262.622530425566,497237.787215289,5638510.46939679
0.000156738622277129,262.622530425566,497737.787215289,5638510.46939679
0.000157968073040722,262.622530425566,498237.787215289,5638510.46939679
0.000317242960334998,262.622530425566,498737.787215289,5638510.46939679
0.000161235010293599,262.622530425566,499237.787215289,5638510.46939679
0.000159240327565785,262.622530425566,499737.787215289,5638510.46939679
0.000156738622277129,262.622530425566,500237.787215289,5638510.46939679
0.000133019848347066,262.622530425566,500737.787215289,5638510.46939679
0.000160558128024934,262.622530425566,501237.787215289,5638510.46939679
0.000164632408764926,262.622530425566,501737.787215289,5638510.46939679
0.000371009543710992,262.622530425566,502237.787215289,5638510.46939679
0.00476825805328737,262.622530425566,502737.787215289,5638510.46939679
0.00327212495583966,262.622530425566,503237.787215289,5638510.46939679
0.00263300734267451,262.622530425566,503737.787215289,5638510.46939679
0.000625776778210663,262.622530425566,504237.787215289,5638510.46939679
0.00332766748130862,262.622530425566,504737.787215289,5638510.46939679
0.00127087768392579,262.622530425566,505237.787215289,5638510.46939679
0.00371420219172861,262.622530425566,505737.787215289,5638510.46939679
0.00304780601623396,262.622530425566,506237.787215289,5638510.46939679
0.0031985245461885,262.622530425566,506737.787215289,5638510.46939679
0.000149290113331312,262.622530425566,507237.787215289,5638510.46939679
0.00240833268897416,262.622530425566,507737.787215289,5638510.46939679
0.00338529351616448,262.622530425566,508237.787215289,5638510.46939679
0.000295186413225368,262.622530425566,508737.787215289,5638510.46939679
0.000867115468677302,262.622530425566,509237.787215289,5638510.46939679
0.00191924277584859,262.622530425566,509737.787215289,5638510.46939679
0.00136536908633865,262.622530425566,510237.787215289,5638510.46939679
0.00152947840201264,262.622530425566,510737.787215289,5638510.46939679
0.000867115468677302,262.622530425566,511237.787215289,5638510.46939679
0.00269780008167944,262.622530425566,511737.787215289,5638510.46939679
0.0022754633192928,262.622530425566,512237.787215289,5638510.46939679
0.000330433468052186,262.622530425566,512737.787215289,5638510.46939679
0.000221442139266857,262.622530425566,513237.787215289,5638510.46939679
0.000815381404070142,262.622530425566,513737.787215289,5638510.46939679
0.00319469386443829,262.622530425566,514237.787215289,5638510.46939679
0.00221094311764952,262.622530425566,514737.787215289,5638510.46939679
0.00255054808707347,262.622530425566,515237.787215289,5638510.46939679
0.00061576812363356,262.622530425566,515737.787215289,5638510.46939679
0.000206692652725067,262.622530425566,516237.787215289,5638510.46939679
0.000470740953351933,262.622530425566,516737.787215289,5638510.46939679
0.00015636729241,262.622530425566,517237.787215289,5638510.46939679
6.49899240679181e-05,262.622530425566,517737.787215289,5638510.46939679
0.000133019848347066,262.622530425566,518237.787215289,5638510.46939679
9.76574260981382e-05,262.622530425566,518737.787215289,5638510.46939679
9.76574260981382e-05,262.622530425566,519237.787215289,5638510.46939679
0.000133019848347066,262.622530425566,519737.787215289,5638510.46939679
0.000133019848347066,262.622530425566,520237.787215289,5638510.46939679
0.000133019848347066,262.622530425566,520737.787215289,5638510.46939679
0.000133019848347066,262.622530425566,521237.787215289,5638510.46939679
0.000133019848347066,262.622530425566,521737.787215289,5638510.46939679
0.000133019848347066,262.622530425566,522237.787215289,5638510.46939679
0.000133019848347066,262.622530425566,522737.787215289,5638510.46939679
0.000133019848347066,262.622530425566,523237.787215289,5638510.46939679
0.000133019848347066,262.622530425566,523737.787215289,5638510.46939679
0.000133019848347066,262.622530425566,524237.787215289,5638510.46939679
0.000372369070630759,262.622530425566,486737.787215289,5639010.46939679
0.000644549971859932,262.622530425566,487237.787215289,5639010.46939679
0.00365227770976434,262.622530425566,487737.787215289,5639010.46939679
0.00399687202667445,262.622530425566,488237.787215289,5639010.46939679
0.00449168818662958,262.622530425566,488737.787215289,5639010.46939679
0.00359026531557512,262.622530425566,489237.787215289,5639010.46939679
0.00351897643689885,262.622530425566,489737.787215289,5639010.46939679
0.00366445067929795,262.622530425566,490237.787215289,5639010.46939679
0.00345084793768419,262.622530425566,490737.787215289,5639010.46939679
0.00229484900070414,262.622530425566,491237.787215289,5639010.46939679
0.00416062740089598,262.622530425566,491737.787215289,5639010.46939679
0.0032037211237575,262.622530425566,492237.787215289,5639010.46939679
0.00452449806032811,262.622530425566,492737.787215289,5639010.46939679
0.00410489604994369,262.622530425566,493237.787215289,5639010.46939679
0.000124436243352082,262.622530425566,493737.787215289,5639010.46939679
0.000126754599465801,262.622530425566,494237.787215289,5639010.46939679
0.000164247103152881,262.622530425566,494737.787215289,5639010.46939679
0.000158272235141963,262.622530425566,495237.787215289,5639010.46939679
0.00032095323717592,262.622530425566,495737.787215289,5639010.46939679
0.000166668726867847,262.622530425566,496237.787215289,5639010.46939679
0.000459570494588653,262.622530425566,496737.787215289,5639010.46939679
0.00112405042143664,262.622530425566,497237.787215289,5639010.46939679
0.00112405042143664,262.622530425566,497737.787215289,5639010.46939679
0.000178000904247976,262.622530425566,498237.787215289,5639010.46939679
0.000214698465408572,262.622530425566,498737.787215289,5639010.46939679
0.00025454751680889,262.622530425566,499237.787215289,5639010.46939679
0.00114289131253555,262.622530425566,499737.787215289,5639010.46939679
0.000148661616891454,262.622530425566,500237.787215289,5639010.46939679
0.00112405042143664,262.622530425566,500737.787215289,5639010.46939679
0.000152738700513592,262.622530425566,501237.787215289,5639010.46939679
0.000187769644296345,262.622530425566,501737.787215289,5639010.46939679
0.000502439115800128,262.622530425566,502237.787215289,5639010.46939679
0.00309159957311679,262.622530425566,502737.787215289,5639010.46939679
0.00495700572841921,262.622530425566,503237.787215289,5639010.46939679
0.00331604867998425,262.622530425566,503737.787215289,5639010.46939679
0.00684103696547296,262.622530425566,504237.787215289,5639010.46939679
0.00403903041366396,262.622530425566,504737.787215289,5639010.46939679
0.00361349323886027,262.622530425566,505237.787215289,5639010.46939679
0.000774076086108903,262.622530425566,505737.787215289,5639010.46939679
0.00285533063527697,262.622530425566,506237.787215289,5639010.46939679
0.00121886830142623,262.622530425566,506737.787215289,5639010.46939679
0.00161878805138982,262.622530425566,507237.787215289,5639010.46939679
0.00338529351616448,262.622530425566,507737.787215289,5639010.46939679
0.00161878805138982,262.622530425566,508237.787215289,5639010.46939679
0.00285533063527697,262.622530425566,508737.787215289,5639010.46939679
0.000971337636586899,262.622530425566,509237.787215289,5639010.46939679
0.0031985245461885,262.622530425566,509737.787215289,5639010.46939679
0.0020327415972944,262.622530425566,510237.787215289,5639010.46939679
0.00392360503130693,262.622530425566,510737.787215289,5639010.46939679
0.00307673344226358,262.622530425566,511237.787215289,5639010.46939679
0.00152947840201264,262.622530425566,511737.787215289,5639010.46939679
0.00181231711277416,262.622530425566,512237.787215289,5639010.46939679
0.000192248028292399,262.622530425566,512737.787215289,5639010.46939679
0.00214734960799951,262.622530425566,513237.787215289,5639010.46939679
0.00141932132292359,262.622530425566,513737.787215289,5639010.46939679
0.00302205974865114,262.622530425566,514237.787215289,5639010.46939679
0.000160368329968966,262.622530425566,514737.787215289,5639010.46939679
0.000438286686359795,262.622530425566,515237.787215289,5639010.46939679
0.000970174323533007,262.622530425566,515737.787215289,5639010.46939679
0.00161684932565663,262.622530425566,516237.787215289,5639010.46939679
0.0022713808360572,262.622530425566,516737.787215289,5639010.46939679
0.000490716472974067,262.622530425566,517237.787215289,5639010.46939679
0.000464428798549973,262.622530425566,517737.787215289,5639010.46939679
0.000133019848347066,262.622530425566,518237.787215289,5639010.46939679
0.000133019848347066,262.622530425566,518737.787215289,5639010.46939679
7.50831709484837e-05,262.622530425566,519237.787215289,5639010.46939679
7.50831709484837e-05,262.622530425566,519737.787215289,5639010.46939679
0.000133019848347066,262.622530425566,520237.787215289,5639010.46939679
0.000133019848347066,262.622530425566,520737.787215289,5639010.46939679
0.000133019848347066,262.622530425566,521237.787215289,5639010.46939679
0.000133019848347066,262.622530425566,521737.787215289,5639010.46939679
0.000133019848347066,262.622530425566,522237.787215289,5639010.46939679
0.000133019848347066,262.622530425566,522737.787215289,5639010.46939679
0.000133019848347066,262.622530425566,523237.787215289,5639010.46939679
0.000133019848347066,262.622530425566,523737.787215289,5639010.46939679
6.90258410525881e-05,262.622530425566,524237.787215289,5639010.46939679
0.000656810392249172,262.622530425566,486737.787215289,5639510.46939679
0.00694295519826356,262.622530425566,487237.787215289,5639510.46939679
0.00482615686464428,262.622530425566,487737.787215289,5639510.46939679
0.00398138879347524,262.622530425566,488237.787215289,5639510.46939679
0.00399672307750479,262.622530425566,488737.787215289,5639510.46939679
0.0028533678202861,262.622530425566,489237.787215289,5639510.46939679
0.00278675450397628,262.622530425566,489737.787215289,5639510.46939679
0.00130232514847151,262.622530425566,490237.787215289,5639510.46939679
0.00272078383731791,262.622530425566,490737.787215289,5639510.46939679
0.0031985245461885,262.622530425566,491237.787215289,5639510.46939679
0.00404781382554656,262.622530425566,491737.787215289,5639510.46939679
0.0026423217097979,262.622530425566,492237.787215289,5639510.46939679
0.00416062740089598,262.622530425566,492737.787215289,5639510.46939679
0.00402014086273727,262.622530425566,493237.787215289,5639510.46939679
0.000191594714268994,262.622530425566,493737.787215289,5639510.46939679
0.000406158140848951,262.622530425566,494237.787215289,5639510.46939679
0.000965829402001014,262.622530425566,494737.787215289,5639510.46939679
0.000145704630695004,262.622530425566,495237.787215289,5639510.46939679
0.000211162714180069,262.622530425566,495737.787215289,5639510.46939679
0.000162435916277205,262.622530425566,496237.787215289,5639510.46939679
0.000262830732969073,262.622530425566,496737.787215289,5639510.46939679
0.000133019848347066,262.622530425566,497237.787215289,5639510.46939679
0.000153030656996705,262.622530425566,497737.787215289,5639510.46939679
0.000146338237099901,262.622530425566,498237.787215289,5639510.46939679
0.000348255893194765,262.622530425566,498737.787215289,5639510.46939679
0.000176253916638397,262.622530425566,499237.787215289,5639510.46939679
0.000366239828812081,262.622530425566,499737.787215289,5639510.46939679
0.00435441974312488,262.622530425566,500237.787215289,5639510.46939679
0.00411418341313364,262.622530425566,500737.787215289,5639510.46939679
0.000262219670225228,262.622530425566,501237.787215289,5639510.46939679
0.00280752125496394,262.622530425566,501737.787215289,5639510.46939679
0.00504668725785713,262.622530425566,502237.787215289,5639510.46939679
0.000415334149300073,262.622530425566,502737.787215289,5639510.46939679
0.00207285464381865,262.622530425566,503237.787215289,5639510.46939679
0.00480388034232489,262.622530425566,503737.787215289,5639510.46939679
0.00402014086273727,262.622530425566,504237.787215289,5639510.46939679
0.00249654300501863,262.622530425566,504737.787215289,5639510.46939679
0.000774076086108903,262.622530425566,505237.787215289,5639510.46939679
0.00152947840201264,262.622530425566,505737.787215289,5639510.46939679
0.00338529351616448,262.622530425566,506237.787215289,5639510.46939679
0.00379218584136214,262.622530425566,506737.787215289,5639510.46939679
0.00424798422552166,262.622530425566,507237.787215289,5639510.46939679
0.00302205974865114,262.622530425566,507737.787215289,5639510.46939679
0.00065289557674935,262.622530425566,508237.787215289,5639510.46939679
0.000373303091927985,262.622530425566,508737.787215289,5639510.46939679
0.00240833268897416,262.622530425566,509237.787215289,5639510.46939679
0.00382449315475628,262.622530425566,509737.787215289,5639510.46939679
0.00233554799162522,262.622530425566,510237.787215289,5639510.46939679
0.00171451879390731,262.622530425566,510737.787215289,5639510.46939679
0.00266606990876021,262.622530425566,511237.787215289,5639510.46939679
0.00152947840201264,262.622530425566,511737.787215289,5639510.46939679
0.00229484900070414,262.622530425566,512237.787215289,5639510.46939679
0.0035673342524697,262.622530425566,512737.787215289,5639510.46939679
0.00263418040943013,262.622530425566,513237.787215289,5639510.46939679
0.00163001347496203,262.622530425566,513737.787215289,5639510.46939679
0.00136172427872613,262.622530425566,514237.787215289,5639510.46939679
0.00188689254161124,262.622530425566,514737.787215289,5639510.46939679
0.00011234075540798,262.622530425566,515237.787215289,5639510.46939679
0.000263012883315678,262.622530425566,515737.787215289,5639510.46939679
0.000311829319363542,262.622530425566,516237.787215289,5639510.46939679
0.00061576812363356,262.622530425566,516737.787215289,5639510.46939679
0.00170416151172163,262.622530425566,517237.787215289,5639510.46939679
0.000525929012221857,262.622530425566,517737.787215289,5639510.46939679
0.000221684955870288,262.622530425566,518237.787215289,5639510.46939679
0.000234629634039602,262.622530425566,518737.787215289,5639510.46939679
0.000349067450167104,262.622530425566,519237.787215289,5639510.46939679
0.000197898698833106,262.622530425566,519737.787215289,5639510.46939679
0.000133019848347066,262.622530425566,520237.787215289,5639510.46939679
0.000133019848347066,262.622530425566,520737.787215289,5639510.46939679
0.000133019848347066,262.622530425566,521237.787215289,5639510.46939679
0.000311613361050445,262.622530425566,521737.787215289,5639510.46939679
0.000278178004676949,262.622530425566,522237.787215289,5639510.46939679
8.3882593643237e-05,262.622530425566,522737.787215289,5639510.46939679
0.000272152106088464,262.622530425566,523237.787215289,5639510.46939679
0.000124266082823762,262.622530425566,523737.787215289,5639510.46939679
0.000149059010272432,262.622530425566,524237.787215289,5639510.46939679
0.00478709964652189,262.622530425566,486737.787215289,5640010.46939679
0.00371904391410539,262.622530425566,487237.787215289,5640010.46939679
0.00273611923260203,262.622530425566,487737.787215289,5640010.46939679
0.00169955399772814,262.622530425566,488237.787215289,5640010.46939679
0.00170609981504882,262.622530425566,488737.787215289,5640010.46939679
0.00301998232052262,262.622530425566,489237.787215289,5640010.46939679
0.000537459951535865,262.622530425566,489737.787215289,5640010.46939679
0.000659112774945674,262.622530425566,490237.787215289,5640010.46939679
0.00341413433334305,262.622530425566,490737.787215289,5640010.46939679
0.00203131163484991,262.622530425566,491237.787215289,5640010.46939679
0.000370149623090704,262.622530425566,491737.787215289,5640010.46939679
0.0022754633192928,262.622530425566,492237.787215289,5640010.46939679
0.0022754633192928,262.622530425566,492737.787215289,5640010.46939679
0.00361349323886027,262.622530425566,493237.787215289,5640010.46939679
0.00416062740089598,262.622530425566,493737.787215289,5640010.46939679
0.000138958377893476,262.622530425566,494237.787215289,5640010.46939679
0.000161600834491072,262.622530425566,494737.787215289,5640010.46939679
0.0001547755148032,262.622530425566,495237.787215289,5640010.46939679
0.000785246499260272,262.622530425566,495737.787215289,5640010.46939679
0.000307279783381957,262.622530425566,496237.787215289,5640010.46939679
0.000153474215135093,262.622530425566,496737.787215289,5640010.46939679
0.000137006804816464,262.622530425566,497237.787215289,5640010.46939679
0.00032095323717592,262.622530425566,497737.787215289,5640010.46939679
0.000763359874778257,262.622530425566,498237.787215289,5640010.46939679
0.000221353975058931,262.622530425566,498737.787215289,5640010.46939679
0.000140576974934675,262.622530425566,499237.787215289,5640010.46939679
0.000518545593060822,262.622530425566,499737.787215289,5640010.46939679
0.00186417915069614,262.622530425566,500237.787215289,5640010.46939679
0.00310675796049725,262.622530425566,500737.787215289,5640010.46939679
0.000157473498656266,262.622530425566,501237.787215289,5640010.46939679
0.000650689072902569,262.622530425566,501737.787215289,5640010.46939679
0.00246375020099419,262.622530425566,502237.787215289,5640010.46939679
0.00365624478256435,262.622530425566,502737.787215289,5640010.46939679
0.00417567306967115,262.622530425566,503237.787215289,5640010.46939679
0.000377317375104403,262.622530425566,503737.787215289,5640010.46939679
0.00428417468754236,262.622530425566,504237.787215289,5640010.46939679
0.00424798422552166,262.622530425566,504737.787215289,5640010.46939679
0.00358296834215068,262.622530425566,505237.787215289,5640010.46939679
0.00424798422552166,262.622530425566,505737.787215289,5640010.46939679
0.00285533063527697,262.622530425566,506237.787215289,5640010.46939679
0.00269780008167944,262.622530425566,506737.787215289,5640010.46939679
0.00182880562408545,262.622530425566,507237.787215289,5640010.46939679
0.000696906705725934,262.622530425566,507737.787215289,5640010.46939679
0.00100691494710612,262.622530425566,508237.787215289,5640010.46939679
0.000762577488038452,262.622530425566,508737.787215289,5640010.46939679
0.00279661275773505,262.622530425566,509237.787215289,5640010.46939679
0.000859313102433201,262.622530425566,509737.787215289,5640010.46939679
0.00107829601376962,262.622530425566,510237.787215289,5640010.46939679
0.000577597019294748,262.622530425566,510737.787215289,5640010.46939679
0.00124247104252598,262.622530425566,511237.787215289,5640010.46939679
0.0022754633192928,262.622530425566,511737.787215289,5640010.46939679
0.000391763483745308,262.622530425566,512237.787215289,5640010.46939679
0.00191924277584859,262.622530425566,512737.787215289,5640010.46939679
0.000971337636586899,262.622530425566,513237.787215289,5640010.46939679
0.00171331269004791,262.622530425566,513737.787215289,5640010.46939679
0.00171331269004791,262.622530425566,514237.787215289,5640010.46939679
0.00214863525352608,262.622530425566,514737.787215289,5640010.46939679
0.000519320951357735,262.622530425566,515237.787215289,5640010.46939679
0.000311643092485428,262.622530425566,515737.787215289,5640010.46939679
0.000263170352474685,262.622530425566,516237.787215289,5640010.46939679
0.000936663820825611,262.622530425566,516737.787215289,5640010.46939679
0.000865477172127559,262.622530425566,517237.787215289,5640010.46939679
0.000188479907345082,262.622530425566,517737.787215289,5640010.46939679
0.000413402715172635,262.622530425566,518237.787215289,5640010.46939679
0.000277708357649061,262.622530425566,518737.787215289,5640010.46939679
0.00043754222017974,262.622530425566,519237.787215289,5640010.46939679
0.00121698147726523,262.622530425566,519737.787215289,5640010.46939679
0.00057803571435234,262.622530425566,520237.787215289,5640010.46939679
0.000722241047381522,262.622530425566,520737.787215289,5640010.46939679
0.000261157012374963,262.622530425566,521237.787215289,5640010.46939679
0.000234709876617314,262.622530425566,521737.787215289,5640010.46939679
0.000414296643270221,262.622530425566,522237.787215289,5640010.46939679
0.000251355871941539,262.622530425566,522737.787215289,5640010.46939679
0.00047727984557579,262.622530425566,523237.787215289,5640010.46939679
0.000303109789966369,262.622530425566,523737.787215289,5640010.46939679
0.000208318546182808,262.622530425566,524237.787215289,5640010.46939679
0.00271397631253669,262.622530425566,486737.787215289,5640510.46939679
0.00200534649598937,262.622530425566,487237.787215289,5640510.46939679
0.00485061717496944,262.622530425566,487737.787215289,5640510.46939679
0.00253832432221437,262.622530425566,488237.787215289,5640510.46939679
0.000550153480606724,262.622530425566,488737.787215289,5640510.46939679
0.000235552518604551,262.622530425566,489237.787215289,5640510.46939679
0.000384766578012697,262.622530425566,489737.787215289,5640510.46939679
0.000227155600102086,262.622530425566,490237.787215289,5640510.46939679
0.000152181037551417,262.622530425566,490737.787215289,5640510.46939679
0.000297491814841373,262.622530425566,491237.787215289,5640510.46939679
0.000330433468052186,262.622530425566,491737.787215289,5640510.46939679
0.000731369776421051,262.622530425566,492237.787215289,5640510.46939679
0.00102805620393396,262.622530425566,492737.787215289,5640510.46939679
0.00240833268897416,262.622530425566,493237.787215289,5640510.46939679
0.00428417468754236,262.622530425566,493737.787215289,5640510.46939679
0.00433024419713098,262.622530425566,494237.787215289,5640510.46939679
0.000295458005905741,262.622530425566,494737.787215289,5640510.46939679
0.000265835799178007,262.622530425566,495237.787215289,5640510.46939679
0.000809629009089998,262.622530425566,495737.787215289,5640510.46939679
0.00124379576991956,262.622530425566,496237.787215289,5640510.46939679
0.000134104732343418,262.622530425566,496737.787215289,5640510.46939679
0.000158272235141963,262.622530425566,497237.787215289,5640510.46939679
0.000187648311125613,262.622530425566,497737.787215289,5640510.46939679
0.000201861862977252,262.622530425566,498237.787215289,5640510.46939679
0.000137006804816464,262.622530425566,498737.787215289,5640510.46939679
0.000137006804816464,262.622530425566,499237.787215289,5640510.46939679
0.000228329439982683,262.622530425566,499737.787215289,5640510.46939679
0.000775373041432068,262.622530425566,500237.787215289,5640510.46939679
0.00450356653376655,262.622530425566,500737.787215289,5640510.46939679
0.000710386567978922,262.622530425566,501237.787215289,5640510.46939679
0.0038984681079172,262.622530425566,501737.787215289,5640510.46939679
0.00227927583116028,262.622530425566,502237.787215289,5640510.46939679
0.00450877857305705,262.622530425566,502737.787215289,5640510.46939679
0.00486678418629288,262.622530425566,503237.787215289,5640510.46939679
0.00382449315475628,262.622530425566,503737.787215289,5640510.46939679
0.00171331269004791,262.622530425566,504237.787215289,5640510.46939679
0.00401362001618899,262.622530425566,504737.787215289,5640510.46939679
0.00121886830142623,262.622530425566,505237.787215289,5640510.46939679
0.0006584578837918,262.622530425566,505737.787215289,5640510.46939679
0.0021682406041012,262.622530425566,506237.787215289,5640510.46939679
0.00507933778759963,262.622530425566,506737.787215289,5640510.46939679
0.00106571095282961,262.622530425566,507237.787215289,5640510.46939679
0.00210571275148768,262.622530425566,507737.787215289,5640510.46939679
0.00450333809672913,262.622530425566,508237.787215289,5640510.46939679
0.00193751876537776,262.622530425566,508737.787215289,5640510.46939679
0.00335483240595364,262.622530425566,509237.787215289,5640510.46939679
0.00252602486947175,262.622530425566,509737.787215289,5640510.46939679
0.00316974399636372,262.622530425566,510237.787215289,5640510.46939679
0.000767110894801872,262.622530425566,510737.787215289,5640510.46939679
0.00142362969003256,262.622530425566,511237.787215289,5640510.46939679
0.000925566976220902,262.622530425566,511737.787215289,5640510.46939679
0.000582841467998345,262.622530425566,512237.787215289,5640510.46939679
0.000731369776421051,262.622530425566,512737.787215289,5640510.46939679
0.000278704579010685,262.622530425566,513237.787215289,5640510.46939679
0.000266094434361833,262.622530425566,513737.787215289,5640510.46939679
0.00203131163484991,262.622530425566,514237.787215289,5640510.46939679
0.000582491970273609,262.622530425566,514737.787215289,5640510.46939679
0.000651662019501937,262.622530425566,515237.787215289,5640510.46939679
0.000159783929557265,262.622530425566,515737.787215289,5640510.46939679
0.000353962868292425,262.622530425566,516237.787215289,5640510.46939679
0.000266516743605276,262.622530425566,516737.787215289,5640510.46939679
0.000353358473335428,262.622530425566,517237.787215289,5640510.46939679
0.00020016102821122,262.622530425566,517737.787215289,5640510.46939679
0.000277873309944825,262.622530425566,518237.787215289,5640510.46939679
0.000157442702284383,262.622530425566,518737.787215289,5640510.46939679
0.000278038719130124,262.622530425566,519237.787215289,5640510.46939679
0.00068936867146883,262.622530425566,519737.787215289,5640510.46939679
0.00029452212893319,262.622530425566,520237.787215289,5640510.46939679
0.000369576626606003,262.622530425566,520737.787215289,5640510.46939679
0.000349186830108651,262.622530425566,521237.787215289,5640510.46939679
0.000504749058586205,262.622530425566,521737.787215289,5640510.46939679
0.000504749058586205,262.622530425566,522237.787215289,5640510.46939679
0.00126052933442861,262.622530425566,522737.787215289,5640510.46939679
0.000519182562138932,262.622530425566,523237.787215289,5640510.46939679
0.000519182562138932,262.622530425566,523737.787215289,5640510.46939679
0.000498485566355346,262.622530425566,524237.787215289,5640510.46939679
0.00460375670664672,262.622530425566,486737.787215289,5641010.46939679
0.00749896079643047,262.622530425566,487237.787215289,5641010.46939679
0.000638756223723008,262.622530425566,487737.787215289,5641010.46939679
0.000299740448174389,262.622530425566,488237.787215289,5641010.46939679
0.00018108772627864,262.622530425566,488737.787215289,5641010.46939679
0.000163427398249379,262.622530425566,489237.787215289,5641010.46939679
0.000144299424306635,262.622530425566,489737.787215289,5641010.46939679
0.000143938409347572,262.622530425566,490237.787215289,5641010.46939679
0.000138168478192537,262.622530425566,490737.787215289,5641010.46939679
0.000150711728450767,262.622530425566,491237.787215289,5641010.46939679
0.000972915749026342,262.622530425566,491737.787215289,5641010.46939679
0.00141537863824761,262.622530425566,492237.787215289,5641010.46939679
0.00154250870699517,262.622530425566,492737.787215289,5641010.46939679
0.00254896059699356,262.622530425566,493237.787215289,5641010.46939679
0.00065289557674935,262.622530425566,493737.787215289,5641010.46939679
0.00254896059699356,262.622530425566,494237.787215289,5641010.46939679
8.95800446046824e-05,262.622530425566,494737.787215289,5641010.46939679
0.00272078383731791,262.622530425566,495237.787215289,5641010.46939679
0.00352974474616978,262.622530425566,495737.787215289,5641010.46939679
0.000332525456264416,262.622530425566,496237.787215289,5641010.46939679
0.000365791053902187,262.622530425566,496737.787215289,5641010.46939679
0.000138168478192537,262.622530425566,497237.787215289,5641010.46939679
0.000243711144441692,262.622530425566,497737.787215289,5641010.46939679
0.000618623559525423,262.622530425566,498237.787215289,5641010.46939679
0.000126275906235701,262.622530425566,498737.787215289,5641010.46939679
0.000158455405769502,262.622530425566,499237.787215289,5641010.46939679
0.000392874031732443,262.622530425566,499737.787215289,5641010.46939679
0.000716409897724085,262.622530425566,500237.787215289,5641010.46939679
0.000406158140848951,262.622530425566,500737.787215289,5641010.46939679
0.00215601892290174,262.622530425566,501237.787215289,5641010.46939679
0.000350719602870388,262.622530425566,501737.787215289,5641010.46939679
0.00200739262547741,262.622530425566,502237.787215289,5641010.46939679
0.00504461278992187,262.622530425566,502737.787215289,5641010.46939679
0.00409134164862791,262.622530425566,503237.787215289,5641010.46939679
0.0031985245461885,262.622530425566,503737.787215289,5641010.46939679
0.00428417468754236,262.622530425566,504237.787215289,5641010.46939679
0.00272078383731791,262.622530425566,504737.787215289,5641010.46939679
0.0026423217097979,262.622530425566,505237.787215289,5641010.46939679
0.00069759983743244,262.622530425566,505737.787215289,5641010.46939679
0.00125929207601815,262.622530425566,506237.787215289,5641010.46939679
0.0024882050571763,262.622530425566,506737.787215289,5641010.46939679
0.00179200427502892,262.622530425566,507237.787215289,5641010.46939679
0.000733443020270352,262.622530425566,507737.787215289,5641010.46939679
0.00230829971075795,262.622530425566,508237.787215289,5641010.46939679
0.0023866623413033,262.622530425566,508737.787215289,5641010.46939679
0.00160422208214493,262.622530425566,509237.787215289,5641010.46939679
0.00267352508595973,262.622530425566,509737.787215289,5641010.46939679
0.00213057927202899,262.622530425566,510237.787215289,5641010.46939679
0.00375806348526446,262.622530425566,510737.787215289,5641010.46939679
0.00204861727975594,262.622530425566,511237.787215289,5641010.46939679
0.00424798422552166,262.622530425566,511737.787215289,5641010.46939679
0.0031985245461885,262.622530425566,512237.787215289,5641010.46939679
0.00245496877990656,262.622530425566,512737.787215289,5641010.46939679
0.000696906705725934,262.622530425566,513237.787215289,5641010.46939679
0.00184616323776936,262.622530425566,513737.787215289,5641010.46939679
0.00410019010769274,262.622530425566,514237.787215289,5641010.46939679
0.00305996410394878,262.622530425566,514737.787215289,5641010.46939679
0.000396507118539983,262.622530425566,515237.787215289,5641010.46939679
0.00144422948337943,262.622530425566,515737.787215289,5641010.46939679
0.000234932813197589,262.622530425566,516237.787215289,5641010.46939679
0.00037777871228611,262.622530425566,516737.787215289,5641010.46939679
0.000486745158048939,262.622530425566,517237.787215289,5641010.46939679
0.000311829319363542,262.622530425566,517737.787215289,5641010.46939679
0.000209599603314664,262.622530425566,518237.787215289,5641010.46939679
0.000438325559348296,262.622530425566,518737.787215289,5641010.46939679
0.000294801877519767,262.622530425566,519237.787215289,5641010.46939679
0.000718325079408689,262.622530425566,519737.787215289,5641010.46939679
0.00037992890142937,262.622530425566,520237.787215289,5641010.46939679
0.000255130155658694,262.622530425566,520737.787215289,5641010.46939679
0.000670144946120047,262.622530425566,521237.787215289,5641010.46939679
0.000273733609596357,262.622530425566,521737.787215289,5641010.46939679
0.000227972550741662,262.622530425566,522237.787215289,5641010.46939679
0.000403272889144218,262.622530425566,522737.787215289,5641010.46939679
0.000462752294238765,262.622530425566,523237.787215289,5641010.46939679
0.000967731593973503,262.622530425566,523737.787215289,5641010.46939679
0.000695060361762456,262.622530425566,524237.787215289,5641010.46939679
0.0017543629996202,262.622530425566,486737.787215289,5641510.46939679
0.000250770509247805,262.622530425566,487237.787215289,5641510.46939679
0.000232512549637713,262.622530425566,487737.787215289,5641510.46939679
0.000204069721483251,262.622530425566,488237.787215289,5641510.46939679
0.00117174424685295,262.622530425566,488737.787215289,5641510.46939679
0.00111687931912368,262.622530425566,489237.787215289,5641510.46939679
0.00104904873360152,262.622530425566,489737.787215289,5641510.46939679
0.000991793611418605,262.622530425566,490237.787215289,5641510.46939679
0.000141453525800842,262.622530425566,490737.787215289,5641510.46939679
0.000163813201730362,262.622530425566,491237.787215289,5641510.46939679
0.000144261457664451,262.622530425566,491737.787215289,5641510.46939679
0.000583788398639376,262.622530425566,492237.787215289,5641510.46939679
0.000406112656047817,262.622530425566,492737.787215289,5641510.46939679
0.000622130309789387,262.622530425566,493237.787215289,5641510.46939679
0.00453433718654302,262.622530425566,493737.787215289,5641510.46939679
0.00449603348286449,262.622530425566,494237.787215289,5641510.46939679
0.00152947840201264,262.622530425566,494737.787215289,5641510.46939679
0.00214992444405697,262.622530425566,495237.787215289,5641510.46939679
0.000883906701894898,262.622530425566,495737.787215289,5641510.46939679
0.000509604307112024,262.622530425566,496237.787215289,5641510.46939679
0.00012878255383404,262.622530425566,496737.787215289,5641510.46939679
0.000468899619499053,262.622530425566,497237.787215289,5641510.46939679
0.000525258589718696,262.622530425566,497737.787215289,5641510.46939679
0.000304761732291121,262.622530425566,498237.787215289,5641510.46939679
0.000163247814995692,262.622530425566,498737.787215289,5641510.46939679
0.000130095061632455,262.622530425566,499237.787215289,5641510.46939679
0.000799748324188476,262.622530425566,499737.787215289,5641510.46939679
0.000443030105219774,262.622530425566,500237.787215289,5641510.46939679
0.00428843565574334,262.622530425566,500737.787215289,5641510.46939679
0.000382425637580205,262.622530425566,501237.787215289,5641510.46939679
0.0037017975088979,262.622530425566,501737.787215289,5641510.46939679
0.00410489604994369,262.622530425566,502237.787215289,5641510.46939679
0.0044292466606664,262.622530425566,502737.787215289,5641510.46939679
0.00322577419566123,262.622530425566,503237.787215289,5641510.46939679
0.00269780008167944,262.622530425566,503737.787215289,5641510.46939679
0.00386561951792185,262.622530425566,504237.787215289,5641510.46939679
0.000243683851740095,262.622530425566,504737.787215289,5641510.46939679
0.00193139358274824,262.622530425566,505237.787215289,5641510.46939679
0.000288945086394681,262.622530425566,505737.787215289,5641510.46939679
0.00477205619302814,262.622530425566,506237.787215289,5641510.46939679
0.000584493672570645,262.622530425566,506737.787215289,5641510.46939679
0.000471179335722644,262.622530425566,507237.787215289,5641510.46939679
0.00311525881800499,262.622530425566,507737.787215289,5641510.46939679
0.00351897643689885,262.622530425566,508237.787215289,5641510.46939679
0.000684801759984188,262.622530425566,508737.787215289,5641510.46939679
0.000410908471002428,262.622530425566,509237.787215289,5641510.46939679
0.00316974399636372,262.622530425566,509737.787215289,5641510.46939679
0.00160422208214493,262.622530425566,510237.787215289,5641510.46939679
0.00302696962746408,262.622530425566,510737.787215289,5641510.46939679
0.00361349323886027,262.622530425566,511237.787215289,5641510.46939679
0.00285533063527697,262.622530425566,511737.787215289,5641510.46939679
0.00121886830142623,262.622530425566,512237.787215289,5641510.46939679
0.00287965646358201,262.622530425566,512737.787215289,5641510.46939679
0.0031985245461885,262.622530425566,513237.787215289,5641510.46939679
0.00184616323776936,262.622530425566,513737.787215289,5641510.46939679
0.00136536908633865,262.622530425566,514237.787215289,5641510.46939679
0.000189684087235824,262.622530425566,514737.787215289,5641510.46939679
0.00171331269004791,262.622530425566,515237.787215289,5641510.46939679
0.00338529351616448,262.622530425566,515737.787215289,5641510.46939679
0.00285361845174991,262.622530425566,516237.787215289,5641510.46939679
0.000294801877519767,262.622530425566,516737.787215289,5641510.46939679
0.000627331967392207,262.622530425566,517237.787215289,5641510.46939679
0.000221971408425755,262.622530425566,517737.787215289,5641510.46939679
0.000176787083787149,262.622530425566,518237.787215289,5641510.46939679
0.000294801877519767,262.622530425566,518737.787215289,5641510.46939679
0.000400659316627342,262.622530425566,519237.787215289,5641510.46939679
0.000351773260566823,262.622530425566,519737.787215289,5641510.46939679
0.000817089081825896,262.622530425566,520237.787215289,5641510.46939679
0.0008638963456731,262.622530425566,520737.787215289,5641510.46939679
0.000277669902137674,262.622530425566,521237.787215289,5641510.46939679
0.00023644837509828,262.622530425566,521737.787215289,5641510.46939679
0.00220125453441867,262.622530425566,522237.787215289,5641510.46939679
0.00105380818170137,262.622530425566,522737.787215289,5641510.46939679
0.00117643389787966,262.622530425566,523237.787215289,5641510.46939679
0.000328167979987686,262.622530425566,523737.787215289,5641510.46939679
0.000263513628433554,262.622530425566,524237.787215289,5641510.46939679
0.000484634104926553,262.622530425566,486737.787215289,5642010.46939679
0.000227173051882641,262.622530425566,487237.787215289,5642010.46939679
0.00135473333352845,262.622530425566,487737.787215289,5642010.46939679
0.0012577827772389,262.622530425566,488237.787215289,5642010.46939679
0.00120403747149288,262.622530425566,488737.787215289,5642010.46939679
0.00115487779745693,262.622530425566,489237.787215289,5642010.46939679
0.000133019848347066,262.622530425566,489737.787215289,5642010.46939679
0.000137006804816464,262.622530425566,490237.787215289,5642010.46939679
0.000140036262362674,262.622530425566,490737.787215289,5642010.46939679
0.000130070877905542,262.622530425566,491237.787215289,5642010.46939679
0.000151444465177664,262.622530425566,491737.787215289,5642010.46939679
0.00015614693270134,262.622530425566,492237.787215289,5642010.46939679
0.000137691601946335,262.622530425566,492737.787215289,5642010.46939679
0.000872605213253747,262.622530425566,493237.787215289,5642010.46939679
0.00115349351709446,262.622530425566,493737.787215289,5642010.46939679
0.00345084793768419,262.622530425566,494237.787215289,5642010.46939679
0.00116143368244916,262.622530425566,494737.787215289,5642010.46939679
0.00285533063527697,262.622530425566,495237.787215289,5642010.46939679
0.0022754633192928,262.622530425566,495737.787215289,5642010.46939679
8.95800446046824e-05,262.622530425566,496237.787215289,5642010.46939679
0.00100691494710612,262.622530425566,496737.787215289,5642010.46939679
0.00035650051619223,262.622530425566,497237.787215289,5642010.46939679
0.00386561951792185,262.622530425566,497737.787215289,5642010.46939679
0.000481489087241083,262.622530425566,498237.787215289,5642010.46939679
0.00020553549164154,262.622530425566,498737.787215289,5642010.46939679
0.000509604307112024,262.622530425566,499237.787215289,5642010.46939679
0.000898875420236011,262.622530425566,499737.787215289,5642010.46939679
0.00207064691213474,262.622530425566,500237.787215289,5642010.46939679
0.00386561951792185,262.622530425566,500737.787215289,5642010.46939679
0.0026423217097979,262.622530425566,501237.787215289,5642010.46939679
0.00466071028864207,262.622530425566,501737.787215289,5642010.46939679
0.00350928710406506,262.622530425566,502237.787215289,5642010.46939679
0.00257067632303688,262.622530425566,502737.787215289,5642010.46939679
0.00240833268897416,262.622530425566,503237.787215289,5642010.46939679
0.002750041555834,262.622530425566,503737.787215289,5642010.46939679
0.00450333809672913,262.622530425566,504237.787215289,5642010.46939679
0.00349756679611178,262.622530425566,504737.787215289,5642010.46939679
0.000222734201220845,262.622530425566,505237.787215289,5642010.46939679
0.00208540446013354,262.622530425566,505737.787215289,5642010.46939679
0.000730946289808572,262.622530425566,506237.787215289,5642010.46939679
0.000917216865829818,262.622530425566,506737.787215289,5642010.46939679
0.00130110030140413,262.622530425566,507237.787215289,5642010.46939679
0.00262039942434563,262.622530425566,507737.787215289,5642010.46939679
0.000276196775519799,262.622530425566,508237.787215289,5642010.46939679
0.000690544581622224,262.622530425566,508737.787215289,5642010.46939679
0.00114773051500074,262.622530425566,509237.787215289,5642010.46939679
0.000551608371006444,262.622530425566,509737.787215289,5642010.46939679
0.00205065480010038,262.622530425566,510237.787215289,5642010.46939679
0.00124247104252598,262.622530425566,510737.787215289,5642010.46939679
0.00108808669471602,262.622530425566,511237.787215289,5642010.46939679
0.0022754633192928,262.622530425566,511737.787215289,5642010.46939679
0.00115162249951666,262.622530425566,512237.787215289,5642010.46939679
0.00269780008167944,262.622530425566,512737.787215289,5642010.46939679
0.000917748271582656,262.622530425566,513237.787215289,5642010.46939679
0.000917748271582656,262.622530425566,513737.787215289,5642010.46939679
0.00240833268897416,262.622530425566,514237.787215289,5642010.46939679
0.00221094799383656,262.622530425566,514737.787215289,5642010.46939679
0.00326984190558661,262.622530425566,515237.787215289,5642010.46939679
0.00130811369697824,262.622530425566,515737.787215289,5642010.46939679
0.000781138536591335,262.622530425566,516237.787215289,5642010.46939679
0.00240833268897416,262.622530425566,516737.787215289,5642010.46939679
0.000470923228009006,262.622530425566,517237.787215289,5642010.46939679
0.000401549935307759,262.622530425566,517737.787215289,5642010.46939679
0.000561349441516871,262.622530425566,518237.787215289,5642010.46939679
0.00035650051619223,262.622530425566,518737.787215289,5642010.46939679
0.000377832448796899,262.622530425566,519237.787215289,5642010.46939679
0.00065419378227725,262.622530425566,519737.787215289,5642010.46939679
0.00114515821496107,262.622530425566,520237.787215289,5642010.46939679
0.000310450768138989,262.622530425566,520737.787215289,5642010.46939679
0.000247094453166152,262.622530425566,521237.787215289,5642010.46939679
0.000580298270595989,262.622530425566,521737.787215289,5642010.46939679
0.00183592693275595,262.622530425566,522237.787215289,5642010.46939679
0.00173463758205572,262.622530425566,522737.787215289,5642010.46939679
0.000197537229451251,262.622530425566,523237.787215289,5642010.46939679
0.000276106514697302,262.622530425566,523737.787215289,5642010.46939679
0.000269906329922149,262.622530425566,524237.787215289,5642010.46939679
0.000277479555732172,262.622530425566,486737.787215289,5642510.46939679
0.00147131091986866,262.622530425566,487237.787215289,5642510.46939679
0.00137147071551392,262.622530425566,487737.787215289,5642510.46939679
0.001276078160242,262.622530425566,488237.787215289,5642510.46939679
0.00122433233472292,262.622530425566,488737.787215289,5642510.46939679
0.00117613082304931,262.622530425566,489237.787215289,5642510.46939679
0.00110990200616527,262.622530425566,489737.787215289,5642510.46939679
0.000133019848347066,262.622530425566,490237.787215289,5642510.46939679
0.00102592290808297,262.622530425566,490737.787215289,5642510.46939679
0.000141290008936506,262.622530425566,491237.787215289,5642510.46939679
0.000130891411981166,262.622530425566,491737.787215289,5642510.46939679
0.000151444465177664,262.622530425566,492237.787215289,5642510.46939679
0.000141453525800842,262.622530425566,492737.787215289,5642510.46939679
0.000154241320843268,262.622530425566,493237.787215289,5642510.46939679
0.00066774344935844,262.622530425566,493737.787215289,5642510.46939679
0.000574183585524552,262.622530425566,494237.787215289,5642510.46939679
0.00207064691213474,262.622530425566,494737.787215289,5642510.46939679
0.000622130309789387,262.622530425566,495237.787215289,5642510.46939679
0.00136536908633865,262.622530425566,495737.787215289,5642510.46939679
0.00285533063527697,262.622530425566,496237.787215289,5642510.46939679
0.00382449315475628,262.622530425566,496737.787215289,5642510.46939679
0.00287965646358201,262.622530425566,497237.787215289,5642510.46939679
0.00382449315475628,262.622530425566,497737.787215289,5642510.46939679
0.00382449315475628,262.622530425566,498237.787215289,5642510.46939679
0.00382449315475628,262.622530425566,498737.787215289,5642510.46939679
0.00229484900070414,262.622530425566,499237.787215289,5642510.46939679
0.00272078383731791,262.622530425566,499737.787215289,5642510.46939679
0.00361349323886027,262.622530425566,500237.787215289,5642510.46939679
0.00154250870699517,262.622530425566,500737.787215289,5642510.46939679
0.00453433718654302,262.622530425566,501237.787215289,5642510.46939679
0.00404781382554656,262.622530425566,501737.787215289,5642510.46939679
0.00428417468754236,262.622530425566,502237.787215289,5642510.46939679
0.000294978759933086,262.622530425566,502737.787215289,5642510.46939679
0.000312203226515074,262.622530425566,503237.787215289,5642510.46939679
0.000639469235838216,262.622530425566,503737.787215289,5642510.46939679
0.000886835038658758,262.622530425566,504237.787215289,5642510.46939679
0.000974091127154287,262.622530425566,504737.787215289,5642510.46939679
0.000890206325217077,262.622530425566,505237.787215289,5642510.46939679
0.000175722379958249,262.622530425566,505737.787215289,5642510.46939679
0.0024758301871218,262.622530425566,506237.787215289,5642510.46939679
0.00517758447277382,262.622530425566,506737.787215289,5642510.46939679
0.000304757477213791,262.622530425566,507237.787215289,5642510.46939679
0.000518545593060822,262.622530425566,507737.787215289,5642510.46939679
0.000859313102433201,262.622530425566,508237.787215289,5642510.46939679
0.00220379195129399,262.622530425566,508737.787215289,5642510.46939679
0.00474248499665311,262.622530425566,509237.787215289,5642510.46939679
0.0026962379687038,262.622530425566,509737.787215289,5642510.46939679
0.00101880568158444,262.622530425566,510237.787215289,5642510.46939679
0.00341413433334305,262.622530425566,510737.787215289,5642510.46939679
0.00302205974865114,262.622530425566,511237.787215289,5642510.46939679
0.00302205974865114,262.622530425566,511737.787215289,5642510.46939679
0.00145740744147452,262.622530425566,512237.787215289,5642510.46939679
0.00191924277584859,262.622530425566,512737.787215289,5642510.46939679
0.000520303994874328,262.622530425566,513237.787215289,5642510.46939679
0.000971337636586899,262.622530425566,513737.787215289,5642510.46939679
0.000370149623090704,262.622530425566,514237.787215289,5642510.46939679
0.00257213648119981,262.622530425566,514737.787215289,5642510.46939679
0.000133019848347066,262.622530425566,515237.787215289,5642510.46939679
0.00300414766838375,262.622530425566,515737.787215289,5642510.46939679
0.00358296834215068,262.622530425566,516237.787215289,5642510.46939679
0.00102743973560784,262.622530425566,516737.787215289,5642510.46939679
0.000736634526845267,262.622530425566,517237.787215289,5642510.46939679
0.000860603155312111,262.622530425566,517737.787215289,5642510.46939679
0.000545730594761758,262.622530425566,518237.787215289,5642510.46939679
0.000434902331538837,262.622530425566,518737.787215289,5642510.46939679
0.000366271804480558,262.622530425566,519237.787215289,5642510.46939679
0.000505284167625817,262.622530425566,519737.787215289,5642510.46939679
0.000594938925711754,262.622530425566,520237.787215289,5642510.46939679
0.00131681682139191,262.622530425566,520737.787215289,5642510.46939679
0.000746550087755975,262.622530425566,521237.787215289,5642510.46939679
0.000304840832584942,262.622530425566,521737.787215289,5642510.46939679
0.000277669902137674,262.622530425566,522237.787215289,5642510.46939679
0.000356936401084549,262.622530425566,522737.787215289,5642510.46939679
0.00131662953959133,262.622530425566,523237.787215289,5642510.46939679
0.00136172427872613,262.622530425566,523737.787215289,5642510.46939679
0.000229801684844405,262.622530425566,524237.787215289,5642510.46939679
0.000213309676181778,262.622530425566,486737.787215289,5643010.46939679
0.00150816023333387,262.622530425566,487237.787215289,5643010.46939679
0.000208573664153019,262.622530425566,487737.787215289,5643010.46939679
0.000175070588267491,262.622530425566,488237.787215289,5643010.46939679
0.00126985196324609,262.622530425566,488737.787215289,5643010.46939679
0.000161235010293599,262.622530425566,489237.787215289,5643010.46939679
0.000241361624637878,262.622530425566,489737.787215289,5643010.46939679
0.000156338503339566,262.622530425566,490237.787215289,5643010.46939679
0.000142521448212911,262.622530425566,490737.787215289,5643010.46939679
0.000176400884928478,262.622530425566,491237.787215289,5643010.46939679
0.000172777806041203,262.622530425566,491737.787215289,5643010.46939679
0.000134414189626598,262.622530425566,492237.787215289,5643010.46939679
0.000132310365522156,262.622530425566,492737.787215289,5643010.46939679
0.000182457642752455,262.622530425566,493237.787215289,5643010.46939679
0.000143089169947062,262.622530425566,493737.787215289,5643010.46939679
0.000305817233344394,262.622530425566,494237.787215289,5643010.46939679
0.000588391575936928,262.622530425566,494737.787215289,5643010.46939679
0.000385943990133367,262.622530425566,495237.787215289,5643010.46939679
0.000265571666058634,262.622530425566,495737.787215289,5643010.46939679
0.0012292523811754,262.622530425566,496237.787215289,5643010.46939679
0.0022754633192928,262.622530425566,496737.787215289,5643010.46939679
0.000391763483745308,262.622530425566,497237.787215289,5643010.46939679
0.00115162249951666,262.622530425566,497737.787215289,5643010.46939679
0.00214992444405697,262.622530425566,498237.787215289,5643010.46939679
0.00144509602737351,262.622530425566,498737.787215289,5643010.46939679
0.000971337636586899,262.622530425566,499237.787215289,5643010.46939679
0.000464476640641077,262.622530425566,499737.787215289,5643010.46939679
0.00129004073543647,262.622530425566,500237.787215289,5643010.46939679
0.00108808669471602,262.622530425566,500737.787215289,5643010.46939679
0.00358296834215068,262.622530425566,501237.787215289,5643010.46939679
0.00338529351616448,262.622530425566,501737.787215289,5643010.46939679
0.000691019603190434,262.622530425566,502237.787215289,5643010.46939679
0.000731369776421051,262.622530425566,502737.787215289,5643010.46939679
0.000925566976220902,262.622530425566,503237.787215289,5643010.46939679
0.00225498853959682,262.622530425566,503737.787215289,5643010.46939679
0.00113806196607268,262.622530425566,504237.787215289,5643010.46939679
0.00394193666114192,262.622530425566,504737.787215289,5643010.46939679
0.00206807639651638,262.622530425566,505237.787215289,5643010.46939679
0.00224396209319596,262.622530425566,505737.787215289,5643010.46939679
0.000447226943125401,262.622530425566,506237.787215289,5643010.46939679
0.000564483428568002,262.622530425566,506737.787215289,5643010.46939679
0.000153756606696087,262.622530425566,507237.787215289,5643010.46939679
0.000220106079428271,262.622530425566,507737.787215289,5643010.46939679
0.00201303374925853,262.622530425566,508237.787215289,5643010.46939679
0.0066824557293042,262.622530425566,508737.787215289,5643010.46939679
0.00213057927202899,262.622530425566,509237.787215289,5643010.46939679
0.000909490307801081,262.622530425566,509737.787215289,5643010.46939679
0.00375806348526446,262.622530425566,510237.787215289,5643010.46939679
0.00352974474616978,262.622530425566,510737.787215289,5643010.46939679
0.00341413433334305,262.622530425566,511237.787215289,5643010.46939679
0.00187977489045094,262.622530425566,511737.787215289,5643010.46939679
0.00355072853989098,262.622530425566,512237.787215289,5643010.46939679
0.00126351194994607,262.622530425566,512737.787215289,5643010.46939679
0.000539361237271604,262.622530425566,513237.787215289,5643010.46939679
0.000416538012580085,262.622530425566,513737.787215289,5643010.46939679
0.000373526763182074,262.622530425566,514237.787215289,5643010.46939679
0.00351532151915888,262.622530425566,514737.787215289,5643010.46939679
0.000248330180789396,262.622530425566,515237.787215289,5643010.46939679
0.000133019848347066,262.622530425566,515737.787215289,5643010.46939679
0.00142983401691877,262.622530425566,516237.787215289,5643010.46939679
0.000616874879049404,262.622530425566,516737.787215289,5643010.46939679
0.000665538554866967,262.622530425566,517237.787215289,5643010.46939679
0.000281358543392798,262.622530425566,517737.787215289,5643010.46939679
0.000387150407997233,262.622530425566,518237.787215289,5643010.46939679
0.000809629009089998,262.622530425566,518737.787215289,5643010.46939679
0.00126808106427922,262.622530425566,519237.787215289,5643010.46939679
0.00026976591021086,262.622530425566,519737.787215289,5643010.46939679
0.00165013830007153,262.622530425566,520237.787215289,5643010.46939679
0.00130649916497615,262.622530425566,520737.787215289,5643010.46939679
0.00149802574836796,262.622530425566,521237.787215289,5643010.46939679
0.000267792121892582,262.622530425566,521737.787215289,5643010.46939679
0.000447896229405699,262.622530425566,522237.787215289,5643010.46939679
0.00029867854771086,262.622530425566,522737.787215289,5643010.46939679
0.000354114699884806,262.622530425566,523237.787215289,5643010.46939679
0.00165370382048823,262.622530425566,523737.787215289,5643010.46939679
0.00238700172145287,262.622530425566,524237.787215289,5643010.46939679
0.000218118024264853,262.622530425566,486737.787215289,5643510.46939679
0.000242944361724975,262.622530425566,487237.787215289,5643510.46939679
0.000191609433998146,262.622530425566,487737.787215289,5643510.46939679
0.00018138426017135,262.622530425566,488237.787215289,5643510.46939679
0.0013164462042392,262.622530425566,488737.787215289,5643510.46939679
0.000249857646209657,262.622530425566,489237.787215289,5643510.46939679
0.00174096980302692,262.622530425566,489737.787215289,5643510.46939679
0.000205815982472068,262.622530425566,490237.787215289,5643510.46939679
0.00113519174638558,262.622530425566,490737.787215289,5643510.46939679
0.000219758559149787,262.622530425566,491237.787215289,5643510.46939679
0.000153944905213554,262.622530425566,491737.787215289,5643510.46939679
0.00014134094115471,262.622530425566,492237.787215289,5643510.46939679
0.0001391009459524,262.622530425566,492737.787215289,5643510.46939679
0.0010359268243805,262.622530425566,493237.787215289,5643510.46939679
0.000735941592545846,262.622530425566,493737.787215289,5643510.46939679
0.000163217468412759,262.622530425566,494237.787215289,5643510.46939679
0.000920349850182987,262.622530425566,494737.787215289,5643510.46939679
0.000214623269521956,262.622530425566,495237.787215289,5643510.46939679
0.00016829266982654,262.622530425566,495737.787215289,5643510.46939679
0.000231581844769119,262.622530425566,496237.787215289,5643510.46939679
0.001727909160879,262.622530425566,496737.787215289,5643510.46939679
0.00163257922489311,262.622530425566,497237.787215289,5643510.46939679
0.00022399679978648,262.622530425566,497737.787215289,5643510.46939679
0.000265571666058634,262.622530425566,498237.787215289,5643510.46939679
0.000281078986952476,262.622530425566,498737.787215289,5643510.46939679
0.000142255374002875,262.622530425566,499237.787215289,5643510.46939679
0.00287965646358201,262.622530425566,499737.787215289,5643510.46939679
0.000278704579010685,262.622530425566,500237.787215289,5643510.46939679
0.000491598465875719,262.622530425566,500737.787215289,5643510.46939679
0.000867115468677302,262.622530425566,501237.787215289,5643510.46939679
0.00203131163484991,262.622530425566,501737.787215289,5643510.46939679
0.000874502810006915,262.622530425566,502237.787215289,5643510.46939679
0.00167807961284055,262.622530425566,502737.787215289,5643510.46939679
0.000962597471913222,262.622530425566,503237.787215289,5643510.46939679
0.00280672587414539,262.622530425566,503737.787215289,5643510.46939679
0.000594761346719561,262.622530425566,504237.787215289,5643510.46939679
0.00041723135030856,262.622530425566,504737.787215289,5643510.46939679
0.00454281820311902,262.622530425566,505237.787215289,5643510.46939679
0.00393425970716832,262.622530425566,505737.787215289,5643510.46939679
0.00383951665167714,262.622530425566,506237.787215289,5643510.46939679
0.00028514262783637,262.622530425566,506737.787215289,5643510.46939679
0.000171707146722657,262.622530425566,507237.787215289,5643510.46939679
0.000246561532706124,262.622530425566,507737.787215289,5643510.46939679
0.000123042712812237,262.622530425566,508237.787215289,5643510.46939679
0.000555667041470633,262.622530425566,508737.787215289,5643510.46939679
0.00445557785596561,262.622530425566,509237.787215289,5643510.46939679
0.00282963816850733,262.622530425566,509737.787215289,5643510.46939679
0.000187865479088615,262.622530425566,510237.787215289,5643510.46939679
0.00196288937609605,262.622530425566,510737.787215289,5643510.46939679
0.0042748783926831,262.622530425566,511237.787215289,5643510.46939679
0.000337948044983226,262.622530425566,511737.787215289,5643510.46939679
0.00397750517974312,262.622530425566,512237.787215289,5643510.46939679
0.00282963816850733,262.622530425566,512737.787215289,5643510.46939679
0.000252381196132603,262.622530425566,513237.787215289,5643510.46939679
0.000240282005535141,262.622530425566,513737.787215289,5643510.46939679
0.000713282350392983,262.622530425566,514237.787215289,5643510.46939679
0.000625517052632682,262.622530425566,514737.787215289,5643510.46939679
0.00304499486048579,262.622530425566,515237.787215289,5643510.46939679
0.00261580253271575,262.622530425566,515737.787215289,5643510.46939679
0.00337889746524884,262.622530425566,516237.787215289,5643510.46939679
0.000312203226515074,262.622530425566,516737.787215289,5643510.46939679
0.00128766238454183,262.622530425566,517237.787215289,5643510.46939679
0.00276903675359225,262.622530425566,517737.787215289,5643510.46939679
0.000700965334704168,262.622530425566,518237.787215289,5643510.46939679
0.00226502781194095,262.622530425566,518737.787215289,5643510.46939679
0.00125929207601815,262.622530425566,519237.787215289,5643510.46939679
0.000728074657147862,262.622530425566,519737.787215289,5643510.46939679
0.00070828162519074,262.622530425566,520237.787215289,5643510.46939679
0.000252253415890654,262.622530425566,520737.787215289,5643510.46939679
0.000233754258386798,262.622530425566,521237.787215289,5643510.46939679
0.000462752294238765,262.622530425566,521737.787215289,5643510.46939679
0.000885818351652007,262.622530425566,522237.787215289,5643510.46939679
0.00123415602602496,262.622530425566,522737.787215289,5643510.46939679
0.000595412822290301,262.622530425566,523237.787215289,5643510.46939679
0.000396677199394759,262.622530425566,523737.787215289,5643510.46939679
0.00258093107942735,262.622530425566,524237.787215289,5643510.46939679
0.000441476400343978,262.622530425566,486737.787215289,5644010.46939679
0.000390041519258887,262.622530425566,487237.787215289,5644010.46939679
0.00160150030386883,262.622530425566,487737.787215289,5644010.46939679
0.000365418204140584,262.622530425566,488237.787215289,5644010.46939679
0.000178106593905039,262.622530425566,488737.787215289,5644010.46939679
0.000191942684000267,262.622530425566,489237.787215289,5644010.46939679
0.000430553698012664,262.622530425566,489737.787215289,5644010.46939679
0.000199015150824015,262.622530425566,490237.787215289,5644010.46939679
0.000193039485841111,262.622530425566,490737.787215289,5644010.46939679
0.000238007763084633,262.622530425566,491237.787215289,5644010.46939679
0.000157854785430259,262.622530425566,491737.787215289,5644010.46939679
0.000153944905213554,262.622530425566,492237.787215289,5644010.46939679
0.000200336497012401,262.622530425566,492737.787215289,5644010.46939679
0.000140576974934675,262.622530425566,493237.787215289,5644010.46939679
0.000153474215135093,262.622530425566,493737.787215289,5644010.46939679
0.000210202531983786,262.622530425566,494237.787215289,5644010.46939679
0.000143938409347572,262.622530425566,494737.787215289,5644010.46939679
0.000147532199105484,262.622530425566,495237.787215289,5644010.46939679
0.000193547382150834,262.622530425566,495737.787215289,5644010.46939679
0.000126123536571161,262.622530425566,496237.787215289,5644010.46939679
0.00015475818181685,262.622530425566,496737.787215289,5644010.46939679
0.000161067227175075,262.622530425566,497237.787215289,5644010.46939679
0.00017047230119654,262.622530425566,497737.787215289,5644010.46939679
0.000272973214264852,262.622530425566,498237.787215289,5644010.46939679
0.000217537166636701,262.622530425566,498737.787215289,5644010.46939679
0.000146220066561769,262.622530425566,499237.787215289,5644010.46939679
0.000676809268338874,262.622530425566,499737.787215289,5644010.46939679
0.00193559365643109,262.622530425566,500237.787215289,5644010.46939679
0.000622130309789387,262.622530425566,500737.787215289,5644010.46939679
0.00116143368244916,262.622530425566,501237.787215289,5644010.46939679
0.00163257922489311,262.622530425566,501737.787215289,5644010.46939679
0.0026423217097979,262.622530425566,502237.787215289,5644010.46939679
0.00114126011891021,262.622530425566,502737.787215289,5644010.46939679
0.00213057927202899,262.622530425566,503237.787215289,5644010.46939679
0.00633780330228917,262.622530425566,503737.787215289,5644010.46939679
0.000719836079144173,262.622530425566,504237.787215289,5644010.46939679
0.000424180584954307,262.622530425566,504737.787215289,5644010.46939679
0.00050846105769324,262.622530425566,505237.787215289,5644010.46939679
0.00360324843988506,262.622530425566,505737.787215289,5644010.46939679
0.00416630533917259,262.622530425566,506237.787215289,5644010.46939679
0.00026121360830315,262.622530425566,506737.787215289,5644010.46939679
0.000548387808371013,262.622530425566,507237.787215289,5644010.46939679
0.000577597019294748,262.622530425566,507737.787215289,5644010.46939679
0.000240503955357769,262.622530425566,508237.787215289,5644010.46939679
0.000175406414901508,262.622530425566,508737.787215289,5644010.46939679
0.00282963816850733,262.622530425566,509237.787215289,5644010.46939679
0.00232782340908661,262.622530425566,509737.787215289,5644010.46939679
0.00308386486662929,262.622530425566,510237.787215289,5644010.46939679
0.00374753226525612,262.622530425566,510737.787215289,5644010.46939679
0.00438886864806474,262.622530425566,511237.787215289,5644010.46939679
0.00316974399636372,262.622530425566,511737.787215289,5644010.46939679
0.00299486704154086,262.622530425566,512237.787215289,5644010.46939679
0.00339488994629701,262.622530425566,512737.787215289,5644010.46939679
0.000425488615089362,262.622530425566,513237.787215289,5644010.46939679
0.00263853075883602,262.622530425566,513737.787215289,5644010.46939679
0.00143518829066218,262.622530425566,514237.787215289,5644010.46939679
0.000852499606173852,262.622530425566,514737.787215289,5644010.46939679
0.00129004073543647,262.622530425566,515237.787215289,5644010.46939679
0.000315100157837458,262.622530425566,515737.787215289,5644010.46939679
0.00325351787380152,262.622530425566,516237.787215289,5644010.46939679
0.00455484854668083,262.622530425566,516737.787215289,5644010.46939679
0.00465184469650229,262.622530425566,517237.787215289,5644010.46939679
0.00227706515479385,262.622530425566,517737.787215289,5644010.46939679
0.000688954814993338,262.622530425566,518237.787215289,5644010.46939679
0.00141308525696078,262.622530425566,518737.787215289,5644010.46939679
0.000374872017758896,262.622530425566,519237.787215289,5644010.46939679
0.000304474905670455,262.622530425566,519737.787215289,5644010.46939679
0.000278544778836154,262.622530425566,520237.787215289,5644010.46939679
0.000514184439967335,262.622530425566,520737.787215289,5644010.46939679
0.00075671558688187,262.622530425566,521237.787215289,5644010.46939679
0.000507020722301471,262.622530425566,521737.787215289,5644010.46939679
0.000661084556442559,262.622530425566,522237.787215289,5644010.46939679
0.00146322122601832,262.622530425566,522737.787215289,5644010.46939679
0.00112331297007195,262.622530425566,523237.787215289,5644010.46939679
0.000419840064295139,262.622530425566,523737.787215289,5644010.46939679
0.000189684087235824,262.622530425566,524237.787215289,5644010.46939679
0.000637021267005078,262.622530425566,486737.787215289,5644510.46939679
0.00148507093560586,262.622530425566,487237.787215289,5644510.46939679
0.00366881487821346,262.622530425566,487737.787215289,5644510.46939679
0.000214639758475784,262.622530425566,488237.787215289,5644510.46939679
0.00120328817863449,262.622530425566,488737.787215289,5644510.46939679
0.000316033623746992,262.622530425566,489237.787215289,5644510.46939679
0.000216140813383575,262.622530425566,489737.787215289,5644510.46939679
0.000368189741216327,262.622530425566,490237.787215289,5644510.46939679
0.000426761183707541,262.622530425566,490737.787215289,5644510.46939679
0.000178380076257913,262.622530425566,491237.787215289,5644510.46939679
0.000166536073125004,262.622530425566,491737.787215289,5644510.46939679
0.000748264347536256,262.622530425566,492237.787215289,5644510.46939679
0.000158901839791069,262.622530425566,492737.787215289,5644510.46939679
0.000156338503339566,262.622530425566,493237.787215289,5644510.46939679
0.000161023185114214,262.622530425566,493737.787215289,5644510.46939679
0.00501940925506061,262.622530425566,494237.787215289,5644510.46939679
0.000168279289474456,262.622530425566,494737.787215289,5644510.46939679
0.000130891411981166,262.622530425566,495237.787215289,5644510.46939679
0.000152343293557656,262.622530425566,495737.787215289,5644510.46939679
0.000131702352666842,262.622530425566,496237.787215289,5644510.46939679
0.000182869240053775,262.622530425566,496737.787215289,5644510.46939679
0.000265835799178007,262.622530425566,497237.787215289,5644510.46939679
0.000189118326668859,262.622530425566,497737.787215289,5644510.46939679
0.000204849044740522,262.622530425566,498237.787215289,5644510.46939679
0.00158020356246994,262.622530425566,498737.787215289,5644510.46939679
0.0037017975088979,262.622530425566,499237.787215289,5644510.46939679
0.0037017975088979,262.622530425566,499737.787215289,5644510.46939679
0.00242357994472631,262.622530425566,500237.787215289,5644510.46939679
0.00242357994472631,262.622530425566,500737.787215289,5644510.46939679
0.000695394477420989,262.622530425566,501237.787215289,5644510.46939679
0.00201303374925853,262.622530425566,501737.787215289,5644510.46939679
0.00151571604730208,262.622530425566,502237.787215289,5644510.46939679
0.00397750517974312,262.622530425566,502737.787215289,5644510.46939679
0.00244308647044934,262.622530425566,503237.787215289,5644510.46939679
0.00300026178913459,262.622530425566,503737.787215289,5644510.46939679
0.00040077825054595,262.622530425566,504237.787215289,5644510.46939679
0.00031283905090127,262.622530425566,504737.787215289,5644510.46939679
0.00115814084258114,262.622530425566,505237.787215289,5644510.46939679
0.00191876393033805,262.622530425566,505737.787215289,5644510.46939679
0.00462747257381743,262.622530425566,506237.787215289,5644510.46939679
0.00498645385266993,262.622530425566,506737.787215289,5644510.46939679
0.000379325466780403,262.622530425566,507237.787215289,5644510.46939679
0.000485785730867767,262.622530425566,507737.787215289,5644510.46939679
0.000338066449212782,262.622530425566,508237.787215289,5644510.46939679
0.000220106079428271,262.622530425566,508737.787215289,5644510.46939679
0.000165729122435757,262.622530425566,509237.787215289,5644510.46939679
0.00027927218098539,262.622530425566,509737.787215289,5644510.46939679
0.00182469218502819,262.622530425566,510237.787215289,5644510.46939679
0.00314139881686027,262.622530425566,510737.787215289,5644510.46939679
0.00132982505671764,262.622530425566,511237.787215289,5644510.46939679
0.00355072853989098,262.622530425566,511737.787215289,5644510.46939679
0.00479936225499755,262.622530425566,512237.787215289,5644510.46939679
0.000294807957748166,262.622530425566,512737.787215289,5644510.46939679
0.00378174566247532,262.622530425566,513237.787215289,5644510.46939679
0.00342848332659171,262.622530425566,513737.787215289,5644510.46939679
0.00414282905014383,262.622530425566,514237.787215289,5644510.46939679
0.000393630497192296,262.622530425566,514737.787215289,5644510.46939679
0.00145606319604528,262.622530425566,515237.787215289,5644510.46939679
0.000659937087815739,262.622530425566,515737.787215289,5644510.46939679
0.0016425498069196,262.622530425566,516237.787215289,5644510.46939679
0.000133019848347066,262.622530425566,516737.787215289,5644510.46939679
0.00269780008167944,262.622530425566,517237.787215289,5644510.46939679
0.0011672440037948,262.622530425566,517737.787215289,5644510.46939679
0.000701549830519141,262.622530425566,518237.787215289,5644510.46939679
0.000296380391712994,262.622530425566,518737.787215289,5644510.46939679
0.000602460917340604,262.622530425566,519237.787215289,5644510.46939679
0.000176005534280074,262.622530425566,519737.787215289,5644510.46939679
0.000497717187961244,262.622530425566,520237.787215289,5644510.46939679
0.0019022437517916,262.622530425566,520737.787215289,5644510.46939679
0.000605872310784805,262.622530425566,521237.787215289,5644510.46939679
0.000470302365172888,262.622530425566,521737.787215289,5644510.46939679
0.000282200246953919,262.622530425566,522237.787215289,5644510.46939679
0.000497764367434298,262.622530425566,522737.787215289,5644510.46939679
0.000747144749690187,262.622530425566,523237.787215289,5644510.46939679
0.000812019659649673,262.622530425566,523737.787215289,5644510.46939679
0.000502201792548973,262.622530425566,524237.787215289,5644510.46939679
0.00238288867033088,262.622530425566,486737.787215289,5645010.46939679
0.0017808087877604,262.622530425566,487237.787215289,5645010.46939679
0.00107267202397964,262.622530425566,487737.787215289,5645010.46939679
0.00316436609984545,262.622530425566,488237.787215289,5645010.46939679
0.00404540395459339,262.622530425566,488737.787215289,5645010.46939679
0.00141722368331265,262.622530425566,489237.787215289,5645010.46939679
0.000177069335763873,262.622530425566,489737.787215289,5645010.46939679
0.000213910310677714,262.622530425566,490237.787215289,5645010.46939679
0.000247482898211699,262.622530425566,490737.787215289,5645010.46939679
0.000229603736929868,262.622530425566,491237.787215289,5645010.46939679
0.000170649881544934,262.622530425566,491737.787215289,5645010.46939679
0.000175577680740477,262.622530425566,492237.787215289,5645010.46939679
0.00020431149123441,262.622530425566,492737.787215289,5645010.46939679
0.000133019848347066,262.622530425566,493237.787215289,5645010.46939679
0.00111687931912368,262.622530425566,493737.787215289,5645010.46939679
0.000149008050000168,262.622530425566,494237.787215289,5645010.46939679
0.000162435916277205,262.622530425566,494737.787215289,5645010.46939679
0.000188940459391949,262.622530425566,495237.787215289,5645010.46939679
0.000146935809080431,262.622530425566,495737.787215289,5645010.46939679
0.000160287644700391,262.622530425566,496237.787215289,5645010.46939679
0.000149713312127877,262.622530425566,496737.787215289,5645010.46939679
0.000123343336252608,262.622530425566,497237.787215289,5645010.46939679
0.00141553716129517,262.622530425566,497737.787215289,5645010.46939679
0.00380293570582808,262.622530425566,498237.787215289,5645010.46939679
0.00565777240976637,262.622530425566,498737.787215289,5645010.46939679
0.00339488994629701,262.622530425566,499237.787215289,5645010.46939679
0.00320759153467506,262.622530425566,499737.787215289,5645010.46939679
0.000204849044740522,262.622530425566,500237.787215289,5645010.46939679
0.00209868009751075,262.622530425566,500737.787215289,5645010.46939679
0.00114126011891021,262.622530425566,501237.787215289,5645010.46939679
0.00169789618142673,262.622530425566,501737.787215289,5645010.46939679
0.000387150407997233,262.622530425566,502237.787215289,5645010.46939679
0.000267128251035496,262.622530425566,502737.787215289,5645010.46939679
0.000230875350360788,262.622530425566,503237.787215289,5645010.46939679
0.00104666301968243,262.622530425566,503737.787215289,5645010.46939679
0.00134646708957618,262.622530425566,504237.787215289,5645010.46939679
0.00021447852801327,262.622530425566,504737.787215289,5645010.46939679
0.000631124629106458,262.622530425566,505237.787215289,5645010.46939679
0.00462747257381743,262.622530425566,505737.787215289,5645010.46939679
0.00561190712487682,262.622530425566,506237.787215289,5645010.46939679
0.00541656635877103,262.622530425566,506737.787215289,5645010.46939679
0.000809588866985141,262.622530425566,507237.787215289,5645010.46939679
0.00282156877169307,262.622530425566,507737.787215289,5645010.46939679
0.001301710057328,262.622530425566,508237.787215289,5645010.46939679
0.00267352508595973,262.622530425566,508737.787215289,5645010.46939679
0.000147946790345031,262.622530425566,509237.787215289,5645010.46939679
0.000319087881612385,262.622530425566,509737.787215289,5645010.46939679
0.000270708464782702,262.622530425566,510237.787215289,5645010.46939679
0.00287980948827197,262.622530425566,510737.787215289,5645010.46939679
0.00358089368829602,262.622530425566,511237.787215289,5645010.46939679
0.00375806348526446,262.622530425566,511737.787215289,5645010.46939679
0.0023866623413033,262.622530425566,512237.787215289,5645010.46939679
0.00327212495583966,262.622530425566,512737.787215289,5645010.46939679
0.00230829971075795,262.622530425566,513237.787215289,5645010.46939679
0.00125929207601815,262.622530425566,513737.787215289,5645010.46939679
0.00041214629151133,262.622530425566,514237.787215289,5645010.46939679
0.0025722165899392,262.622530425566,514737.787215289,5645010.46939679
0.000354627768228369,262.622530425566,515237.787215289,5645010.46939679
0.000796935525044372,262.622530425566,515737.787215289,5645010.46939679
0.000892387579186092,262.622530425566,516237.787215289,5645010.46939679
0.00256132330771786,262.622530425566,516737.787215289,5645010.46939679
0.000550685703625904,262.622530425566,517237.787215289,5645010.46939679
0.00226938904522936,262.622530425566,517737.787215289,5645010.46939679
0.00320077618000991,262.622530425566,518237.787215289,5645010.46939679
0.000461683846253301,262.622530425566,518737.787215289,5645010.46939679
0.00021904632617311,262.622530425566,519237.787215289,5645010.46939679
0.000183133013779472,262.622530425566,519737.787215289,5645010.46939679
0.000234446252247264,262.622530425566,520237.787215289,5645010.46939679
0.00175026726864621,262.622530425566,520737.787215289,5645010.46939679
0.000497574873727513,262.622530425566,521237.787215289,5645010.46939679
0.000396677199394759,262.622530425566,521737.787215289,5645010.46939679
0.000316119053139012,262.622530425566,522237.787215289,5645010.46939679
0.000189684087235824,262.622530425566,522737.787215289,5645010.46939679
0.000595412822290301,262.622530425566,523237.787215289,5645010.46939679
0.000784576256864367,262.622530425566,523737.787215289,5645010.46939679
0.00238700172145287,262.622530425566,524237.787215289,5645010.46939679
0.000243628835870209,262.622530425566,486737.787215289,5645510.46939679
0.000410258763105962,262.622530425566,487237.787215289,5645510.46939679
0.00106855656466655,262.622530425566,487737.787215289,5645510.46939679
0.00704838397556697,262.622530425566,488237.787215289,5645510.46939679
0.0030668044981579,262.622530425566,488737.787215289,5645510.46939679
0.00784572329032539,262.622530425566,489237.787215289,5645510.46939679
0.00511324289372213,262.622530425566,489737.787215289,5645510.46939679
0.000244001510687273,262.622530425566,490237.787215289,5645510.46939679
0.00163864883675171,262.622530425566,490737.787215289,5645510.46939679
0.000198352026143937,262.622530425566,491237.787215289,5645510.46939679
0.000175070588267491,262.622530425566,491737.787215289,5645510.46939679
0.000168768089903823,262.622530425566,492237.787215289,5645510.46939679
0.000412443977725535,262.622530425566,492737.787215289,5645510.46939679
0.000215985806895236,262.622530425566,493237.787215289,5645510.46939679
0.000373037665462372,262.622530425566,493737.787215289,5645510.46939679
0.000174906201135183,262.622530425566,494237.787215289,5645510.46939679
0.000544868953644158,262.622530425566,494737.787215289,5645510.46939679
0.00329825295927978,262.622530425566,495237.787215289,5645510.46939679
0.00020914172411985,262.622530425566,495737.787215289,5645510.46939679
0.000637324639707295,262.622530425566,496237.787215289,5645510.46939679
0.000703526384809902,262.622530425566,496737.787215289,5645510.46939679
0.000312726319327014,262.622530425566,497237.787215289,5645510.46939679
0.000198605513823472,262.622530425566,497737.787215289,5645510.46939679
0.00432486860157445,262.622530425566,498237.787215289,5645510.46939679
0.00277341038122381,262.622530425566,498737.787215289,5645510.46939679
0.0024758301871218,262.622530425566,499237.787215289,5645510.46939679
0.000283748860373961,262.622530425566,499737.787215289,5645510.46939679
0.00121816253749576,262.622530425566,500237.787215289,5645510.46939679
0.00203013544011113,262.622530425566,500737.787215289,5645510.46939679
0.00335483240595364,262.622530425566,501237.787215289,5645510.46939679
0.000410908471002428,262.622530425566,501737.787215289,5645510.46939679
0.00029750762353012,262.622530425566,502237.787215289,5645510.46939679
0.000229467488519944,262.622530425566,502737.787215289,5645510.46939679
0.000148785577504937,262.622530425566,503237.787215289,5645510.46939679
0.000183630317378017,262.622530425566,503737.787215289,5645510.46939679
0.000209648113918625,262.622530425566,504237.787215289,5645510.46939679
0.000171707146722657,262.622530425566,504737.787215289,5645510.46939679
0.000318580395800588,262.622530425566,505237.787215289,5645510.46939679
0.000210742787375476,262.622530425566,505737.787215289,5645510.46939679
0.00318517777809748,262.622530425566,506237.787215289,5645510.46939679
0.00361537880002476,262.622530425566,506737.787215289,5645510.46939679
0.00335483240595364,262.622530425566,507237.787215289,5645510.46939679
0.00420976056336366,262.622530425566,507737.787215289,5645510.46939679
0.00151571604730208,262.622530425566,508237.787215289,5645510.46939679
0.000724788859505558,262.622530425566,508737.787215289,5645510.46939679
0.000139784464238874,262.622530425566,509237.787215289,5645510.46939679
0.000185648786021458,262.622530425566,509737.787215289,5645510.46939679
0.000724788859505558,262.622530425566,510237.787215289,5645510.46939679
0.00190197329376754,262.622530425566,510737.787215289,5645510.46939679
0.000647020776226274,262.622530425566,511237.787215289,5645510.46939679
0.000292324520212579,262.622530425566,511737.787215289,5645510.46939679
0.000460297247015866,262.622530425566,512237.787215289,5645510.46939679
0.000220106079428271,262.622530425566,512737.787215289,5645510.46939679
0.000434902331538837,262.622530425566,513237.787215289,5645510.46939679
0.000962597471913222,262.622530425566,513737.787215289,5645510.46939679
0.00225498853959682,262.622530425566,514237.787215289,5645510.46939679
0.000347330439026631,262.622530425566,514737.787215289,5645510.46939679
0.00342366137163097,262.622530425566,515237.787215289,5645510.46939679
0.00141371481970864,262.622530425566,515737.787215289,5645510.46939679
0.00105023043051411,262.622530425566,516237.787215289,5645510.46939679
0.000992288495846418,262.622530425566,516737.787215289,5645510.46939679
0.00110173408361678,262.622530425566,517237.787215289,5645510.46939679
0.00207512515815115,262.622530425566,517737.787215289,5645510.46939679
0.00526782368927345,262.622530425566,518237.787215289,5645510.46939679
0.000714967067868126,262.622530425566,518737.787215289,5645510.46939679
0.0015159315800693,262.622530425566,519237.787215289,5645510.46939679
0.00157899451833121,262.622530425566,519737.787215289,5645510.46939679
0.0002519208462447,262.622530425566,520237.787215289,5645510.46939679
0.0017348020113522,262.622530425566,520737.787215289,5645510.46939679
0.000829551929277237,262.622530425566,521237.787215289,5645510.46939679
0.000568513884344134,262.622530425566,521737.787215289,5645510.46939679
0.000207992247759381,262.622530425566,522237.787215289,5645510.46939679
0.000388293575212298,262.622530425566,522737.787215289,5645510.46939679
0.000490286160032078,262.622530425566,523237.787215289,5645510.46939679
0.0006915060534544,262.622530425566,523737.787215289,5645510.46939679
0.00298651579598834,262.622530425566,524237.787215289,5645510.46939679
0.00746438422565688,262.622530425566,486737.787215289,5646010.46939679
0.000249811096998331,262.622530425566,487237.787215289,5646010.46939679
0.000351820326131407,262.622530425566,487737.787215289,5646010.46939679
0.00164546879209868,262.622530425566,488237.787215289,5646010.46939679
0.00189205331052697,262.622530425566,488737.787215289,5646010.46939679
0.00384833311165703,262.622530425566,489237.787215289,5646010.46939679
0.00620244109022177,262.622530425566,489737.787215289,5646010.46939679
0.000265413557639719,262.622530425566,490237.787215289,5646010.46939679
0.000306181595023806,262.622530425566,490737.787215289,5646010.46939679
0.000302286930945351,262.622530425566,491237.787215289,5646010.46939679
0.000200705909131145,262.622530425566,491737.787215289,5646010.46939679
0.000272668847458772,262.622530425566,492237.787215289,5646010.46939679
0.000254920505396481,262.622530425566,492737.787215289,5646010.46939679
0.00108232545315938,262.622530425566,493237.787215289,5646010.46939679
0.000480159240889185,262.622530425566,493737.787215289,5646010.46939679
0.000166917939245586,262.622530425566,494237.787215289,5646010.46939679
0.000526797982963975,262.622530425566,494737.787215289,5646010.46939679
0.000818484303834921,262.622530425566,495237.787215289,5646010.46939679
0.00325957074768463,262.622530425566,495737.787215289,5646010.46939679
0.00504668725785713,262.622530425566,496237.787215289,5646010.46939679
0.00315424457733491,262.622530425566,496737.787215289,5646010.46939679
0.00412610834093262,262.622530425566,497237.787215289,5646010.46939679
0.00489193357889233,262.622530425566,497737.787215289,5646010.46939679
0.00496670650243833,262.622530425566,498237.787215289,5646010.46939679
0.000614790109536365,262.622530425566,498737.787215289,5646010.46939679
0.000390439493103165,262.622530425566,499237.787215289,5646010.46939679
0.000174548712346343,262.622530425566,499737.787215289,5646010.46939679
0.00489193357889233,262.622530425566,500237.787215289,5646010.46939679
0.00579989960585602,262.622530425566,500737.787215289,5646010.46939679
0.00282963816850733,262.622530425566,501237.787215289,5646010.46939679
0.00375806348526446,262.622530425566,501737.787215289,5646010.46939679
0.00248817031690608,262.622530425566,502237.787215289,5646010.46939679
0.000618131189228223,262.622530425566,502737.787215289,5646010.46939679
0.000239560330372067,262.622530425566,503237.787215289,5646010.46939679
0.000188394773377666,262.622530425566,503737.787215289,5646010.46939679
0.000838201311281866,262.622530425566,504237.787215289,5646010.46939679
0.000346919734877651,262.622530425566,504737.787215289,5646010.46939679
0.000171379558671568,262.622530425566,505237.787215289,5646010.46939679
0.000533202098317548,262.622530425566,505737.787215289,5646010.46939679
0.00470230087021113,262.622530425566,506237.787215289,5646010.46939679
0.00335483240595364,262.622530425566,506737.787215289,5646010.46939679
0.00114126011891021,262.622530425566,507237.787215289,5646010.46939679
0.00201303374925853,262.622530425566,507737.787215289,5646010.46939679
0.00397750517974312,262.622530425566,508237.787215289,5646010.46939679
0.00038823836824263,262.622530425566,508737.787215289,5646010.46939679
0.000260958809586209,262.622530425566,509237.787215289,5646010.46939679
0.000327460204363343,262.622530425566,509737.787215289,5646010.46939679
0.000125130269242883,262.622530425566,510237.787215289,5646010.46939679
0.000346581334807674,262.622530425566,510737.787215289,5646010.46939679
0.00135308339884395,262.622530425566,511237.787215289,5646010.46939679
0.000260958809586209,262.622530425566,511737.787215289,5646010.46939679
0.000185648786021458,262.622530425566,512237.787215289,5646010.46939679
0.000185648786021458,262.622530425566,512737.787215289,5646010.46939679
0.000246561532706124,262.622530425566,513237.787215289,5646010.46939679
0.000156585732846479,262.622530425566,513737.787215289,5646010.46939679
0.000346581334807674,262.622530425566,514237.787215289,5646010.46939679
0.000135121357461022,262.622530425566,514737.787215289,5646010.46939679
0.00106117734155802,262.622530425566,515237.787215289,5646010.46939679
0.000694312770994017,262.622530425566,515737.787215289,5646010.46939679
0.00267390525760272,262.622530425566,516237.787215289,5646010.46939679
0.00335530945857396,262.622530425566,516737.787215289,5646010.46939679
0.000740543023201428,262.622530425566,517237.787215289,5646010.46939679
0.000937543257537445,262.622530425566,517737.787215289,5646010.46939679
0.000645216546086871,262.622530425566,518237.787215289,5646010.46939679
0.000420263917873584,262.622530425566,518737.787215289,5646010.46939679
0.00387397980141859,262.622530425566,519237.787215289,5646010.46939679
0.00433960933742228,262.622530425566,519737.787215289,5646010.46939679
0.0002519208462447,262.622530425566,520237.787215289,5646010.46939679
0.00326751377823431,262.622530425566,520737.787215289,5646010.46939679
0.00246027820958025,262.622530425566,521237.787215289,5646010.46939679
0.000549215666355567,262.622530425566,521737.787215289,5646010.46939679
0.000283746772093735,262.622530425566,522237.787215289,5646010.46939679
0.000143605552389185,262.622530425566,522737.787215289,5646010.46939679
0.00056976986039252,262.622530425566,523237.787215289,5646010.46939679
0.000204947530893855,262.622530425566,523737.787215289,5646010.46939679
0.00304780601623396,262.622530425566,524237.787215289,5646010.46939679
0.000257362922795058,262.622530425566,486737.787215289,5646510.46939679
0.000243628835870209,262.622530425566,487237.787215289,5646510.46939679
0.000232590221072411,262.622530425566,487737.787215289,5646510.46939679
0.000250288605115637,262.622530425566,488237.787215289,5646510.46939679
0.000450990846537112,262.622530425566,488737.787215289,5646510.46939679
0.0014534908024764,262.622530425566,489237.787215289,5646510.46939679
0.00653148645467002,262.622530425566,489737.787215289,5646510.46939679
0.00562771817439105,262.622530425566,490237.787215289,5646510.46939679
0.00437813889085813,262.622530425566,490737.787215289,5646510.46939679
0.000191609433998146,262.622530425566,491237.787215289,5646510.46939679
0.000314675570205106,262.622530425566,491737.787215289,5646510.46939679
0.00349120421372717,262.622530425566,492237.787215289,5646510.46939679
0.000180262772783365,262.622530425566,492737.787215289,5646510.46939679
0.000683490663864052,262.622530425566,493237.787215289,5646510.46939679
0.000254920505396481,262.622530425566,493737.787215289,5646510.46939679
0.000277228883727928,262.622530425566,494237.787215289,5646510.46939679
0.000188796086085515,262.622530425566,494737.787215289,5646510.46939679
0.00472035339843375,262.622530425566,495237.787215289,5646510.46939679
0.00481795923811994,262.622530425566,495737.787215289,5646510.46939679
0.00449168818662958,262.622530425566,496237.787215289,5646510.46939679
0.00466447693063475,262.622530425566,496737.787215289,5646510.46939679
0.00233247627021692,262.622530425566,497237.787215289,5646510.46939679
0.00546407757311754,262.622530425566,497737.787215289,5646510.46939679
0.000604677565693634,262.622530425566,498237.787215289,5646510.46939679
0.000548367371912661,262.622530425566,498737.787215289,5646510.46939679
0.000221169554129126,262.622530425566,499237.787215289,5646510.46939679
0.00141652250351367,262.622530425566,499737.787215289,5646510.46939679
0.00309777907257026,262.622530425566,500237.787215289,5646510.46939679
0.00261282616854189,262.622530425566,500737.787215289,5646510.46939679
0.00471574896761085,262.622530425566,501237.787215289,5646510.46939679
0.000647020776226274,262.622530425566,501737.787215289,5646510.46939679
0.00125687201211007,262.622530425566,502237.787215289,5646510.46939679
0.00214784659952407,262.622530425566,502737.787215289,5646510.46939679
0.00539704953789615,262.622530425566,503237.787215289,5646510.46939679
0.00564037181902047,262.622530425566,503737.787215289,5646510.46939679
0.000786571592558028,262.622530425566,504237.787215289,5646510.46939679
0.000160558128024934,262.622530425566,504737.787215289,5646510.46939679
0.000588113677251102,262.622530425566,505237.787215289,5646510.46939679
0.00216937201628551,262.622530425566,505737.787215289,5646510.46939679
0.00361537880002476,262.622530425566,506237.787215289,5646510.46939679
0.000366818990633097,262.622530425566,506737.787215289,5646510.46939679
0.00135308339884395,262.622530425566,507237.787215289,5646510.46939679
0.00444287169934221,262.622530425566,507737.787215289,5646510.46939679
0.000326526372483602,262.622530425566,508237.787215289,5646510.46939679
0.000195928895484007,262.622530425566,508737.787215289,5646510.46939679
0.00025454751680889,262.622530425566,509237.787215289,5646510.46939679
0.000220106079428271,262.622530425566,509737.787215289,5646510.46939679
0.000175406414901508,262.622530425566,510237.787215289,5646510.46939679
0.000260958809586209,262.622530425566,510737.787215289,5646510.46939679
0.000156585732846479,262.622530425566,511237.787215289,5646510.46939679
0.000525010508886525,262.622530425566,511737.787215289,5646510.46939679
0.000525010508886525,262.622530425566,512237.787215289,5646510.46939679
0.000220106079428271,262.622530425566,512737.787215289,5646510.46939679
0.000309393999827449,262.622530425566,513237.787215289,5646510.46939679
0.000647020776226274,262.622530425566,513737.787215289,5646510.46939679
0.00316974399636372,262.622530425566,514237.787215289,5646510.46939679
0.00375806348526446,262.622530425566,514737.787215289,5646510.46939679
0.00346029717333387,262.622530425566,515237.787215289,5646510.46939679
0.00192059384628221,262.622530425566,515737.787215289,5646510.46939679
0.00254896059699356,262.622530425566,516237.787215289,5646510.46939679
0.000550685703625904,262.622530425566,516737.787215289,5646510.46939679
0.00140635437452268,262.622530425566,517237.787215289,5646510.46939679
0.0011764619374203,262.622530425566,517737.787215289,5646510.46939679
0.00327115392848815,262.622530425566,518237.787215289,5646510.46939679
0.00330207521631791,262.622530425566,518737.787215289,5646510.46939679
0.00455242523707804,262.622530425566,519237.787215289,5646510.46939679
0.00154866197136325,262.622530425566,519737.787215289,5646510.46939679
0.000470302365172888,262.622530425566,520237.787215289,5646510.46939679
0.00136172427872613,262.622530425566,520737.787215289,5646510.46939679
0.000500492235734382,262.622530425566,521237.787215289,5646510.46939679
0.000860098469936236,262.622530425566,521737.787215289,5646510.46939679
0.000143203147138896,262.622530425566,522237.787215289,5646510.46939679
0.00110466770080586,262.622530425566,522737.787215289,5646510.46939679
0.000402108181615437,262.622530425566,523237.787215289,5646510.46939679
0.000239625853424803,262.622530425566,523737.787215289,5646510.46939679
0.000491598465875719,262.622530425566,524237.787215289,5646510.46939679
0.000262759697632737,262.622530425566,486737.787215289,5647010.46939679
0.00187405545562888,262.622530425566,487237.787215289,5647010.46939679
0.00178464576521518,262.622530425566,487737.787215289,5647010.46939679
0.00171117507452202,262.622530425566,488237.787215289,5647010.46939679
0.000233594016738308,262.622530425566,488737.787215289,5647010.46939679
0.000270612562664755,262.622530425566,489237.787215289,5647010.46939679
0.000221128349593381,262.622530425566,489737.787215289,5647010.46939679
0.00515710112480936,262.622530425566,490237.787215289,5647010.46939679
0.00474670690541771,262.622530425566,490737.787215289,5647010.46939679
0.00558152838993548,262.622530425566,491237.787215289,5647010.46939679
0.00519074219180641,262.622530425566,491737.787215289,5647010.46939679
0.00379525870750872,262.622530425566,492237.787215289,5647010.46939679
0.000575391326232489,262.622530425566,492737.787215289,5647010.46939679
0.00539591829814234,262.622530425566,493237.787215289,5647010.46939679
0.00527244041250473,262.622530425566,493737.787215289,5647010.46939679
0.00575091468180436,262.622530425566,494237.787215289,5647010.46939679
0.0052064803527267,262.622530425566,494737.787215289,5647010.46939679
0.00541656635877103,262.622530425566,495237.787215289,5647010.46939679
0.0052280250663653,262.622530425566,495737.787215289,5647010.46939679
0.00461629524976862,262.622530425566,496237.787215289,5647010.46939679
0.00506493709798395,262.622530425566,496737.787215289,5647010.46939679
0.0044771056317536,262.622530425566,497237.787215289,5647010.46939679
0.0044771056317536,262.622530425566,497737.787215289,5647010.46939679
0.000735509430788437,262.622530425566,498237.787215289,5647010.46939679
0.00018108772627864,262.622530425566,498737.787215289,5647010.46939679
0.00346349346904544,262.622530425566,499237.787215289,5647010.46939679
0.00452148165592727,262.622530425566,499737.787215289,5647010.46939679
0.00501522733729,262.622530425566,500237.787215289,5647010.46939679
0.00377622111839829,262.622530425566,500737.787215289,5647010.46939679
0.00420976056336366,262.622530425566,501237.787215289,5647010.46939679
0.00375806348526446,262.622530425566,501737.787215289,5647010.46939679
0.0047539678608843,262.622530425566,502237.787215289,5647010.46939679
0.00387978496761053,262.622530425566,502737.787215289,5647010.46939679
0.00416630533917259,262.622530425566,503237.787215289,5647010.46939679
0.00262347807223492,262.622530425566,503737.787215289,5647010.46939679
0.00468976124546689,262.622530425566,504237.787215289,5647010.46939679
0.00337116740056717,262.622530425566,504737.787215289,5647010.46939679
0.000220106079428271,262.622530425566,505237.787215289,5647010.46939679
0.000410908471002428,262.622530425566,505737.787215289,5647010.46939679
0.00204968627115242,262.622530425566,506237.787215289,5647010.46939679
0.00375806348526446,262.622530425566,506737.787215289,5647010.46939679
0.00154331360528099,262.622530425566,507237.787215289,5647010.46939679
0.000215053039961664,262.622530425566,507737.787215289,5647010.46939679
0.000179856268564153,262.622530425566,508237.787215289,5647010.46939679
0.000260214622498911,262.622530425566,508737.787215289,5647010.46939679
0.000189029005651026,262.622530425566,509237.787215289,5647010.46939679
0.000276196775519799,262.622530425566,509737.787215289,5647010.46939679
0.000139784464238874,262.622530425566,510237.787215289,5647010.46939679
0.000132072459273904,262.622530425566,510737.787215289,5647010.46939679
0.000183055333989745,262.622530425566,511237.787215289,5647010.46939679
0.000532322966844902,262.622530425566,511737.787215289,5647010.46939679
0.000938948167914143,262.622530425566,512237.787215289,5647010.46939679
0.000147946790345031,262.622530425566,512737.787215289,5647010.46939679
0.000366818990633097,262.622530425566,513237.787215289,5647010.46939679
0.000811904207971917,262.622530425566,513737.787215289,5647010.46939679
0.0023866623413033,262.622530425566,514237.787215289,5647010.46939679
0.00307053051677982,262.622530425566,514737.787215289,5647010.46939679
0.00316501566967891,262.622530425566,515237.787215289,5647010.46939679
0.00389232028069588,262.622530425566,515737.787215289,5647010.46939679
0.00269780008167944,262.622530425566,516237.787215289,5647010.46939679
0.00269780008167944,262.622530425566,516737.787215289,5647010.46939679
0.00230400344665452,262.622530425566,517237.787215289,5647010.46939679
0.00260393933220794,262.622530425566,517737.787215289,5647010.46939679
0.00384362600284667,262.622530425566,518237.787215289,5647010.46939679
0.00196063907695656,262.622530425566,518737.787215289,5647010.46939679
0.00243853933791899,262.622530425566,519237.787215289,5647010.46939679
0.0002519208462447,262.622530425566,519737.787215289,5647010.46939679
0.00291691749037845,262.622530425566,520237.787215289,5647010.46939679
0.00110284634986659,262.622530425566,520737.787215289,5647010.46939679
0.00179202903827598,262.622530425566,521237.787215289,5647010.46939679
0.00384997375186117,262.622530425566,521737.787215289,5647010.46939679
0.00351435332301287,262.622530425566,522237.787215289,5647010.46939679
0.00237605015100852,262.622530425566,522737.787215289,5647010.46939679
0.00101278483036358,262.622530425566,523237.787215289,5647010.46939679
0.00214992444405697,262.622530425566,523737.787215289,5647010.46939679
0.00115162249951666,262.622530425566,524237.787215289,5647010.46939679
0.000609184679691517,262.622530425566,486737.787215289,5647510.46939679
0.000257362922795058,262.622530425566,487237.787215289,5647510.46939679
0.000247853751811207,262.622530425566,487737.787215289,5647510.46939679
0.000422797226151689,262.622530425566,488237.787215289,5647510.46939679
0.000232590221072411,262.622530425566,488737.787215289,5647510.46939679
0.000268316530278983,262.622530425566,489237.787215289,5647510.46939679
0.000328353434680923,262.622530425566,489737.787215289,5647510.46939679
0.000559762063225854,262.622530425566,490237.787215289,5647510.46939679
0.00128437046644861,262.622530425566,490737.787215289,5647510.46939679
0.0044323392238549,262.622530425566,491237.787215289,5647510.46939679
0.00515710112480936,262.622530425566,491737.787215289,5647510.46939679
0.00562771817439105,262.622530425566,492237.787215289,5647510.46939679
0.00823750811679299,262.622530425566,492737.787215289,5647510.46939679
0.00674189008855011,262.622530425566,493237.787215289,5647510.46939679
0.00553296339343535,262.622530425566,493737.787215289,5647510.46939679
0.00571099798193576,262.622530425566,494237.787215289,5647510.46939679
0.00413392067442662,262.622530425566,494737.787215289,5647510.46939679
0.000223048527962925,262.622530425566,495237.787215289,5647510.46939679
0.000569279068709654,262.622530425566,495737.787215289,5647510.46939679
0.000399765777903551,262.622530425566,496237.787215289,5647510.46939679
0.000464360755065307,262.622530425566,496737.787215289,5647510.46939679
0.000487650703114055,262.622530425566,497237.787215289,5647510.46939679
0.00499598534354377,262.622530425566,497737.787215289,5647510.46939679
0.00564037181902047,262.622530425566,498237.787215289,5647510.46939679
0.00573285172879882,262.622530425566,498737.787215289,5647510.46939679
0.0064219067128958,262.622530425566,499237.787215289,5647510.46939679
0.00503517362978927,262.622530425566,499737.787215289,5647510.46939679
0.0029977912129103,262.622530425566,500237.787215289,5647510.46939679
0.0029977912129103,262.622530425566,500737.787215289,5647510.46939679
0.00375806348526446,262.622530425566,501237.787215289,5647510.46939679
0.000309393999827449,262.622530425566,501737.787215289,5647510.46939679
0.0049768786880031,262.622530425566,502237.787215289,5647510.46939679
0.0064219067128958,262.622530425566,502737.787215289,5647510.46939679
0.0043914132650901,262.622530425566,503237.787215289,5647510.46939679
0.00182999236383385,262.622530425566,503737.787215289,5647510.46939679
0.000770846029919897,262.622530425566,504237.787215289,5647510.46939679
0.000395307258815033,262.622530425566,504737.787215289,5647510.46939679
0.000132072459273904,262.622530425566,505237.787215289,5647510.46939679
0.000246561532706124,262.622530425566,505737.787215289,5647510.46939679
0.00151571604730208,262.622530425566,506237.787215289,5647510.46939679
0.000684801759984188,262.622530425566,506737.787215289,5647510.46939679
0.00404992602004812,262.622530425566,507237.787215289,5647510.46939679
0.000185119363659559,262.622530425566,507737.787215289,5647510.46939679
0.00025454751680889,262.622530425566,508237.787215289,5647510.46939679
0.000260958809586209,262.622530425566,508737.787215289,5647510.46939679
0.000327460204363343,262.622530425566,509237.787215289,5647510.46939679
0.000196489231996411,262.622530425566,509737.787215289,5647510.46939679
0.000265710244322604,262.622530425566,510237.787215289,5647510.46939679
0.00025454751680889,262.622530425566,510737.787215289,5647510.46939679
0.000197445956553078,262.622530425566,511237.787215289,5647510.46939679
0.000599880520980346,262.622530425566,511737.787215289,5647510.46939679
0.00277666879821818,262.622530425566,512237.787215289,5647510.46939679
0.000645175640177239,262.622530425566,512737.787215289,5647510.46939679
0.00063803464664421,262.622530425566,513237.787215289,5647510.46939679
0.00114466578603588,262.622530425566,513737.787215289,5647510.46939679
0.000741087947769502,262.622530425566,514237.787215289,5647510.46939679
0.00381011411761273,262.622530425566,514737.787215289,5647510.46939679
0.00188657253600976,262.622530425566,515237.787215289,5647510.46939679
0.00101278483036358,262.622530425566,515737.787215289,5647510.46939679
0.00341413433334305,262.622530425566,516237.787215289,5647510.46939679
0.00285533063527697,262.622530425566,516737.787215289,5647510.46939679
0.00205678947590251,262.622530425566,517237.787215289,5647510.46939679
0.00029867854771086,262.622530425566,517737.787215289,5647510.46939679
0.00169813761996206,262.622530425566,518237.787215289,5647510.46939679
0.00342775375153236,262.622530425566,518737.787215289,5647510.46939679
0.00308724279734915,262.622530425566,519237.787215289,5647510.46939679
0.00106133902146773,262.622530425566,519737.787215289,5647510.46939679
0.00301399246011533,262.622530425566,520237.787215289,5647510.46939679
0.00161172455678056,262.622530425566,520737.787215289,5647510.46939679
0.00349924833629278,262.622530425566,521237.787215289,5647510.46939679
0.00271061904644551,262.622530425566,521737.787215289,5647510.46939679
0.00413258148537068,262.622530425566,522237.787215289,5647510.46939679
0.00425488583881898,262.622530425566,522737.787215289,5647510.46939679
0.00428417468754236,262.622530425566,523237.787215289,5647510.46939679
0.000731369776421051,262.622530425566,523737.787215289,5647510.46939679
0.00102805620393396,262.622530425566,524237.787215289,5647510.46939679
0.00213623744133709,262.622530425566,486737.787215289,5648010.46939679
0.000300976810183288,262.622530425566,487237.787215289,5648010.46939679
0.000257362922795058,262.622530425566,487737.787215289,5648010.46939679
0.000247853751811207,262.622530425566,488237.787215289,5648010.46939679
0.000305713949681806,262.622530425566,488737.787215289,5648010.46939679
0.00023969871979072,262.622530425566,489237.787215289,5648010.46939679
0.000229358259772574,262.622530425566,489737.787215289,5648010.46939679
0.00023952681862947,262.622530425566,490237.787215289,5648010.46939679
0.000293121909087766,262.622530425566,490737.787215289,5648010.46939679
0.000363505786426006,262.622530425566,491237.787215289,5648010.46939679
0.000559762063225854,262.622530425566,491737.787215289,5648010.46939679
0.000957576922560565,262.622530425566,492237.787215289,5648010.46939679
0.00139808280170434,262.622530425566,492737.787215289,5648010.46939679
0.0015887049637529,262.622530425566,493237.787215289,5648010.46939679
0.00387872408310493,262.622530425566,493737.787215289,5648010.46939679
0.000520725605153641,262.622530425566,494237.787215289,5648010.46939679
0.000376974858064605,262.622530425566,494737.787215289,5648010.46939679
0.000349867060318236,262.622530425566,495237.787215289,5648010.46939679
0.000182304276731382,262.622530425566,495737.787215289,5648010.46939679
0.000180422956048936,262.622530425566,496237.787215289,5648010.46939679
0.000166348428679539,262.622530425566,496737.787215289,5648010.46939679
0.000577057948898475,262.622530425566,497237.787215289,5648010.46939679
0.00420583160040282,262.622530425566,497737.787215289,5648010.46939679
0.00399236855291669,262.622530425566,498237.787215289,5648010.46939679
0.00527762399579286,262.622530425566,498737.787215289,5648010.46939679
0.00516128105788166,262.622530425566,499237.787215289,5648010.46939679
0.00473871039300067,262.622530425566,499737.787215289,5648010.46939679
0.00624516073954068,262.622530425566,500237.787215289,5648010.46939679
0.00545365304183074,262.622530425566,500737.787215289,5648010.46939679
0.000767110894801872,262.622530425566,501237.787215289,5648010.46939679
0.00225498853959682,262.622530425566,501737.787215289,5648010.46939679
0.00107522099219436,262.622530425566,502237.787215289,5648010.46939679
0.000254967902077324,262.622530425566,502737.787215289,5648010.46939679
0.000632166931541572,262.622530425566,503237.787215289,5648010.46939679
0.00124908350175206,262.622530425566,503737.787215289,5648010.46939679
0.00035780690190937,262.622530425566,504237.787215289,5648010.46939679
0.000139784464238874,262.622530425566,504737.787215289,5648010.46939679
0.000442820861088729,262.622530425566,505237.787215289,5648010.46939679
0.00122989381880876,262.622530425566,505737.787215289,5648010.46939679
0.000909490307801081,262.622530425566,506237.787215289,5648010.46939679
0.000292324520212579,262.622530425566,506737.787215289,5648010.46939679
0.00107829601376962,262.622530425566,507237.787215289,5648010.46939679
0.000292324520212579,262.622530425566,507737.787215289,5648010.46939679
0.000276196775519799,262.622530425566,508237.787215289,5648010.46939679
0.000545730594761758,262.622530425566,508737.787215289,5648010.46939679
0.000366818990633097,262.622530425566,509237.787215289,5648010.46939679
0.000196489231996411,262.622530425566,509737.787215289,5648010.46939679
0.000622454944339349,262.622530425566,510237.787215289,5648010.46939679
0.000355373694100602,262.622530425566,510737.787215289,5648010.46939679
0.000379325466780403,262.622530425566,511237.787215289,5648010.46939679
0.000449730068855302,262.622530425566,511737.787215289,5648010.46939679
0.00647655525663428,262.622530425566,512237.787215289,5648010.46939679
0.00458787099189222,262.622530425566,512737.787215289,5648010.46939679
0.000626724995083363,262.622530425566,513237.787215289,5648010.46939679
0.00249094224517492,262.622530425566,513737.787215289,5648010.46939679
0.000140576974934675,262.622530425566,514237.787215289,5648010.46939679
0.000197715843788089,262.622530425566,514737.787215289,5648010.46939679
0.00293136667944232,262.622530425566,515237.787215289,5648010.46939679
0.000250375419876626,262.622530425566,515737.787215289,5648010.46939679
0.00029827779507474,262.622530425566,516237.787215289,5648010.46939679
0.0017443091430862,262.622530425566,516737.787215289,5648010.46939679
0.000200760163433546,262.622530425566,517237.787215289,5648010.46939679
0.00258093107942735,262.622530425566,517737.787215289,5648010.46939679
0.000885818351652007,262.622530425566,518237.787215289,5648010.46939679
0.000590151790070921,262.622530425566,518737.787215289,5648010.46939679
0.00375859787679764,262.622530425566,519237.787215289,5648010.46939679
0.00156420850021095,262.622530425566,519737.787215289,5648010.46939679
0.00335789854836705,262.622530425566,520237.787215289,5648010.46939679
0.00119038809965192,262.622530425566,520737.787215289,5648010.46939679
0.00322898249650649,262.622530425566,521237.787215289,5648010.46939679
0.00243126603725106,262.622530425566,521737.787215289,5648010.46939679
0.00260692797122235,262.622530425566,522237.787215289,5648010.46939679
0.00345084793768419,262.622530425566,522737.787215289,5648010.46939679
0.00358296834215068,262.622530425566,523237.787215289,5648010.46939679
0.00116143368244916,262.622530425566,523737.787215289,5648010.46939679
0.00222867000755417,262.622530425566,524237.787215289,5648010.46939679
0.000307722975757773,262.622530425566,486737.787215289,5648510.46939679
0.000291301441327207,262.622530425566,487237.787215289,5648510.46939679
0.00114913600441637,262.622530425566,487737.787215289,5648510.46939679
0.000257362922795058,262.622530425566,488237.787215289,5648510.46939679
0.000247853751811207,262.622530425566,488737.787215289,5648510.46939679
0.000243628835870209,262.622530425566,489237.787215289,5648510.46939679
0.000393355166165075,262.622530425566,489737.787215289,5648510.46939679
0.00330298449192752,262.622530425566,490237.787215289,5648510.46939679
0.00062056509155332,262.622530425566,490737.787215289,5648510.46939679
0.000430974180948701,262.622530425566,491237.787215289,5648510.46939679
0.000262170817932618,262.622530425566,491737.787215289,5648510.46939679
0.000212957991319457,262.622530425566,492237.787215289,5648510.46939679
0.00108537480892198,262.622530425566,492737.787215289,5648510.46939679
0.000780206010352345,262.622530425566,493237.787215289,5648510.46939679
0.00190756123700513,262.622530425566,493737.787215289,5648510.46939679
0.000340771253810602,262.622530425566,494237.787215289,5648510.46939679
0.000231232770824193,262.622530425566,494737.787215289,5648510.46939679
0.000231232770824193,262.622530425566,495237.787215289,5648510.46939679
0.000218475499933113,262.622530425566,495737.787215289,5648510.46939679
0.000325034329094009,262.622530425566,496237.787215289,5648510.46939679
0.00608672339486247,262.622530425566,496737.787215289,5648510.46939679
0.00566575676582506,262.622530425566,497237.787215289,5648510.46939679
0.00339968087957395,262.622530425566,497737.787215289,5648510.46939679
0.00548635338648042,262.622530425566,498237.787215289,5648510.46939679
0.00541656635877103,262.622530425566,498737.787215289,5648510.46939679
0.00590061092928377,262.622530425566,499237.787215289,5648510.46939679
0.00646587685987177,262.622530425566,499737.787215289,5648510.46939679
0.00637705587027198,262.622530425566,500237.787215289,5648510.46939679
0.0042864102177838,262.622530425566,500737.787215289,5648510.46939679
0.000207962675748804,262.622530425566,501237.787215289,5648510.46939679
0.000292324520212579,262.622530425566,501737.787215289,5648510.46939679
0.00374734645937286,262.622530425566,502237.787215289,5648510.46939679
0.0049768786880031,262.622530425566,502737.787215289,5648510.46939679
0.00282156877169307,262.622530425566,503237.787215289,5648510.46939679
0.00590061092928377,262.622530425566,503737.787215289,5648510.46939679
0.000150640546957035,262.622530425566,504237.787215289,5648510.46939679
0.000132072459273904,262.622530425566,504737.787215289,5648510.46939679
0.000139784464238874,262.622530425566,505237.787215289,5648510.46939679
0.000165729122435757,262.622530425566,505737.787215289,5648510.46939679
0.000196489231996411,262.622530425566,506237.787215289,5648510.46939679
0.000460297247015866,262.622530425566,506737.787215289,5648510.46939679
0.000909490307801081,262.622530425566,507237.787215289,5648510.46939679
0.00397750517974312,262.622530425566,507737.787215289,5648510.46939679
0.000156585732846479,262.622530425566,508237.787215289,5648510.46939679
0.000150640546957035,262.622530425566,508737.787215289,5648510.46939679
0.000156585732846479,262.622530425566,509237.787215289,5648510.46939679
0.00316974399636372,262.622530425566,509737.787215289,5648510.46939679
0.00288115910051417,262.622530425566,510237.787215289,5648510.46939679
0.000156139190801686,262.622530425566,510737.787215289,5648510.46939679
0.00374734645937286,262.622530425566,511237.787215289,5648510.46939679
0.00590061092928377,262.622530425566,511737.787215289,5648510.46939679
0.00557507016886547,262.622530425566,512237.787215289,5648510.46939679
0.00266590088331376,262.622530425566,512737.787215289,5648510.46939679
0.00295303352567793,262.622530425566,513237.787215289,5648510.46939679
0.00399672307750479,262.622530425566,513737.787215289,5648510.46939679
0.0064405077845467,262.622530425566,514237.787215289,5648510.46939679
0.000399811107427797,262.622530425566,514737.787215289,5648510.46939679
0.00220270971774689,262.622530425566,515237.787215289,5648510.46939679
0.00379834692832461,262.622530425566,515737.787215289,5648510.46939679
0.00321317022599225,262.622530425566,516237.787215289,5648510.46939679
0.00453705401612977,262.622530425566,516737.787215289,5648510.46939679
0.0017348020113522,262.622530425566,517237.787215289,5648510.46939679
0.00194331498689957,262.622530425566,517737.787215289,5648510.46939679
0.000374792245670612,262.622530425566,518237.787215289,5648510.46939679
0.000354114699884806,262.622530425566,518737.787215289,5648510.46939679
0.00226938904522936,262.622530425566,519237.787215289,5648510.46939679
0.00151710133297271,262.622530425566,519737.787215289,5648510.46939679
0.00407478229145062,262.622530425566,520237.787215289,5648510.46939679
0.00400162719399003,262.622530425566,520737.787215289,5648510.46939679
0.0044292466606664,262.622530425566,521237.787215289,5648510.46939679
0.00373585440110609,262.622530425566,521737.787215289,5648510.46939679
0.00405183971320336,262.622530425566,522237.787215289,5648510.46939679
0.00287965646358201,262.622530425566,522737.787215289,5648510.46939679
0.00065289557674935,262.622530425566,523237.787215289,5648510.46939679
0.0024288503434866,262.622530425566,523737.787215289,5648510.46939679
0.00287340785386572,262.622530425566,524237.787215289,5648510.46939679
0.000300107526267674,262.622530425566,486737.787215289,5649010.46939679
0.000432553442212073,262.622530425566,487237.787215289,5649010.46939679
0.00208105200254235,262.622530425566,487737.787215289,5649010.46939679
0.00203154615197672,262.622530425566,488237.787215289,5649010.46939679
0.000257362922795058,262.622530425566,488737.787215289,5649010.46939679
0.000247853751811207,262.622530425566,489237.787215289,5649010.46939679
0.000229358259772574,262.622530425566,489737.787215289,5649010.46939679
0.000255682681592368,262.622530425566,490237.787215289,5649010.46939679
0.00629210950361911,262.622530425566,490737.787215289,5649010.46939679
0.000386213461731621,262.622530425566,491237.787215289,5649010.46939679
0.000278009951466552,262.622530425566,491737.787215289,5649010.46939679
0.000312456209561198,262.622530425566,492237.787215289,5649010.46939679
0.000485314633197805,262.622530425566,492737.787215289,5649010.46939679
0.000233823540360339,262.622530425566,493237.787215289,5649010.46939679
0.000231232770824193,262.622530425566,493737.787215289,5649010.46939679
0.00433015773982265,262.622530425566,494237.787215289,5649010.46939679
0.000338624766012657,262.622530425566,494737.787215289,5649010.46939679
0.000240901147682015,262.622530425566,495237.787215289,5649010.46939679
0.00460748814305824,262.622530425566,495737.787215289,5649010.46939679
0.00487652963460501,262.622530425566,496237.787215289,5649010.46939679
0.00541656635877103,262.622530425566,496737.787215289,5649010.46939679
0.0052674897159414,262.622530425566,497237.787215289,5649010.46939679
0.00470230087021113,262.622530425566,497737.787215289,5649010.46939679
0.00515277125525434,262.622530425566,498237.787215289,5649010.46939679
0.00569281327259426,262.622530425566,498737.787215289,5649010.46939679
0.00420976056336366,262.622530425566,499237.787215289,5649010.46939679
0.00445557785596561,262.622530425566,499737.787215289,5649010.46939679
0.000410908471002428,262.622530425566,500237.787215289,5649010.46939679
0.000175406414901508,262.622530425566,500737.787215289,5649010.46939679
0.00201303374925853,262.622530425566,501237.787215289,5649010.46939679
0.00537873685171343,262.622530425566,501737.787215289,5649010.46939679
0.00135308339884395,262.622530425566,502237.787215289,5649010.46939679
0.00471574896761085,262.622530425566,502737.787215289,5649010.46939679
0.00397750517974312,262.622530425566,503237.787215289,5649010.46939679
0.00420976056336366,262.622530425566,503737.787215289,5649010.46939679
0.00335483240595364,262.622530425566,504237.787215289,5649010.46939679
0.000232958563486665,262.622530425566,504737.787215289,5649010.46939679
0.000156585732846479,262.622530425566,505237.787215289,5649010.46939679
0.000175406414901508,262.622530425566,505737.787215289,5649010.46939679
0.000309393999827449,262.622530425566,506237.787215289,5649010.46939679
0.000224113683820496,262.622530425566,506737.787215289,5649010.46939679
0.000185648786021458,262.622530425566,507237.787215289,5649010.46939679
0.000237200180822545,262.622530425566,507737.787215289,5649010.46939679
0.000178600145490911,262.622530425566,508237.787215289,5649010.46939679
0.000197445956553078,262.622530425566,508737.787215289,5649010.46939679
0.000326526372483602,262.622530425566,509237.787215289,5649010.46939679
0.0023866623413033,262.622530425566,509737.787215289,5649010.46939679
0.00201303374925853,262.622530425566,510237.787215289,5649010.46939679
0.00375806348526446,262.622530425566,510737.787215289,5649010.46939679
0.00213057927202899,262.622530425566,511237.787215289,5649010.46939679
0.00375806348526446,262.622530425566,511737.787215289,5649010.46939679
0.00420976056336366,262.622530425566,512237.787215289,5649010.46939679
0.00471574896761085,262.622530425566,512737.787215289,5649010.46939679
0.00471574896761085,262.622530425566,513237.787215289,5649010.46939679
0.00375806348526446,262.622530425566,513737.787215289,5649010.46939679
0.00420976056336366,262.622530425566,514237.787215289,5649010.46939679
0.00410597637397515,262.622530425566,514737.787215289,5649010.46939679
0.00388529216799268,262.622530425566,515237.787215289,5649010.46939679
0.000972915749026342,262.622530425566,515737.787215289,5649010.46939679
0.00426743526173536,262.622530425566,516237.787215289,5649010.46939679
0.0025722165899392,262.622530425566,516737.787215289,5649010.46939679
0.00230400344665452,262.622530425566,517237.787215289,5649010.46939679
0.0021768899929767,262.622530425566,517737.787215289,5649010.46939679
0.000526829937153696,262.622530425566,518237.787215289,5649010.46939679
0.00308724279734915,262.622530425566,518737.787215289,5649010.46939679
0.00350261174639655,262.622530425566,519237.787215289,5649010.46939679
0.00164345624618404,262.622530425566,519737.787215289,5649010.46939679
0.00359999330454425,262.622530425566,520237.787215289,5649010.46939679
0.00365235063230413,262.622530425566,520737.787215289,5649010.46939679
0.00479910723086348,262.622530425566,521237.787215289,5649010.46939679
0.00382449315475628,262.622530425566,521737.787215289,5649010.46939679
0.000268427468472931,262.622530425566,522237.787215289,5649010.46939679
0.000330433468052186,262.622530425566,522737.787215289,5649010.46939679
0.00358296834215068,262.622530425566,523237.787215289,5649010.46939679
0.00358878951771096,262.622530425566,523737.787215289,5649010.46939679
0.00179200427502892,262.622530425566,524237.787215289,5649010.46939679
0.000446481406319427,262.622530425566,486737.787215289,5649510.46939679
0.00101330315465374,262.622530425566,487237.787215289,5649510.46939679
0.000308311181088007,262.622530425566,487737.787215289,5649510.46939679
0.00027810282142916,262.622530425566,488237.787215289,5649510.46939679
0.000252414963518639,262.622530425566,488737.787215289,5649510.46939679
0.000133019848347066,262.622530425566,489237.787215289,5649510.46939679
0.000133019848347066,262.622530425566,489737.787215289,5649510.46939679
0.000390041519258887,262.622530425566,490237.787215289,5649510.46939679
0.000212957991319457,262.622530425566,490737.787215289,5649510.46939679
0.000212957991319457,262.622530425566,491237.787215289,5649510.46939679
0.000337974008662384,262.622530425566,491737.787215289,5649510.46939679
0.00231742087067158,262.622530425566,492237.787215289,5649510.46939679
0.00481694937764264,262.622530425566,492737.787215289,5649510.46939679
0.000284095873679693,262.622530425566,493237.787215289,5649510.46939679
0.00634674733088037,262.622530425566,493737.787215289,5649510.46939679
0.0055857962118821,262.622530425566,494237.787215289,5649510.46939679
0.00444287169934221,262.622530425566,494737.787215289,5649510.46939679
0.00354060277968356,262.622530425566,495237.787215289,5649510.46939679
0.00557507016886547,262.622530425566,495737.787215289,5649510.46939679
0.00557507016886547,262.622530425566,496237.787215289,5649510.46939679
0.00624516073954068,262.622530425566,496737.787215289,5649510.46939679
0.00508198824283519,262.622530425566,497237.787215289,5649510.46939679
0.00569281327259426,262.622530425566,497737.787215289,5649510.46939679
0.00569281327259426,262.622530425566,498237.787215289,5649510.46939679
0.000460297247015866,262.622530425566,498737.787215289,5649510.46939679
0.000232958563486665,262.622530425566,499237.787215289,5649510.46939679
0.00375806348526446,262.622530425566,499737.787215289,5649510.46939679
0.00252602486947175,262.622530425566,500237.787215289,5649510.46939679
0.000859313102433201,262.622530425566,500737.787215289,5649510.46939679
0.00355072853989098,262.622530425566,501237.787215289,5649510.46939679
0.00420976056336366,262.622530425566,501737.787215289,5649510.46939679
0.000545730594761758,262.622530425566,502237.787215289,5649510.46939679
0.0023866623413033,262.622530425566,502737.787215289,5649510.46939679
0.00355072853989098,262.622530425566,503237.787215289,5649510.46939679
0.000309393999827449,262.622530425566,503737.787215289,5649510.46939679
0.000647020776226274,262.622530425566,504237.787215289,5649510.46939679
0.000767110894801872,262.622530425566,504737.787215289,5649510.46939679
0.000346581334807674,262.622530425566,505237.787215289,5649510.46939679
0.000175406414901508,262.622530425566,505737.787215289,5649510.46939679
0.000168746652713513,262.622530425566,506237.787215289,5649510.46939679
0.000171096991959487,262.622530425566,506737.787215289,5649510.46939679
0.00020006683017643,262.622530425566,507237.787215289,5649510.46939679
0.000202853403511188,262.622530425566,507737.787215289,5649510.46939679
0.000156139190801686,262.622530425566,508237.787215289,5649510.46939679
0.000160558128024934,262.622530425566,508737.787215289,5649510.46939679
0.000203188415942489,262.622530425566,509237.787215289,5649510.46939679
0.000395307258815033,262.622530425566,509737.787215289,5649510.46939679
0.00160422208214493,262.622530425566,510237.787215289,5649510.46939679
0.00201303374925853,262.622530425566,510737.787215289,5649510.46939679
0.0023866623413033,262.622530425566,511237.787215289,5649510.46939679
0.00420976056336366,262.622530425566,511737.787215289,5649510.46939679
0.00316974399636372,262.622530425566,512237.787215289,5649510.46939679
0.000434902331538837,262.622530425566,512737.787215289,5649510.46939679
0.00135308339884395,262.622530425566,513237.787215289,5649510.46939679
0.00375806348526446,262.622530425566,513737.787215289,5649510.46939679
0.00420976056336366,262.622530425566,514237.787215289,5649510.46939679
0.00546647561172711,262.622530425566,514737.787215289,5649510.46939679
0.00348253687034442,262.622530425566,515237.787215289,5649510.46939679
0.000417264525528072,262.622530425566,515737.787215289,5649510.46939679
0.0040585082429944,262.622530425566,516237.787215289,5649510.46939679
0.00206806117628593,262.622530425566,516737.787215289,5649510.46939679
0.00163909179206829,262.622530425566,517237.787215289,5649510.46939679
0.000983520693823803,262.622530425566,517737.787215289,5649510.46939679
0.00183610096344516,262.622530425566,518237.787215289,5649510.46939679
0.00260393933220794,262.622530425566,518737.787215289,5649510.46939679
0.0033705219699564,262.622530425566,519237.787215289,5649510.46939679
0.00263476300820475,262.622530425566,519737.787215289,5649510.46939679
0.00428843565574334,262.622530425566,520237.787215289,5649510.46939679
0.00322577419566123,262.622530425566,520737.787215289,5649510.46939679
0.00191924277584859,262.622530425566,521237.787215289,5649510.46939679
0.00302205974865114,262.622530425566,521737.787215289,5649510.46939679
0.00479910723086348,262.622530425566,522237.787215289,5649510.46939679
0.00240833268897416,262.622530425566,522737.787215289,5649510.46939679
0.00338529351616448,262.622530425566,523237.787215289,5649510.46939679
0.00242357994472631,262.622530425566,523737.787215289,5649510.46939679
0.00380293570582808,262.622530425566,524237.787215289,5649510.46939679
0.000291301441327207,262.622530425566,486737.787215289,5650010.46939679
0.000473921233300027,262.622530425566,487237.787215289,5650010.46939679
0.000405246350050878,262.622530425566,487737.787215289,5650010.46939679
0.000243628835870209,262.622530425566,488237.787215289,5650010.46939679
0.000249811096998331,262.622530425566,488737.787215289,5650010.46939679
0.00115851163034665,262.622530425566,489237.787215289,5650010.46939679
0.000364905799606005,262.622530425566,489737.787215289,5650010.46939679
0.000191609433998146,262.622530425566,490237.787215289,5650010.46939679
0.00018253657432549,262.622530425566,490737.787215289,5650010.46939679
0.000213720396639866,262.622530425566,491237.787215289,5650010.46939679
0.000178106593905039,262.622530425566,491737.787215289,5650010.46939679
0.000215985806895236,262.622530425566,492237.787215289,5650010.46939679
0.00516128105788166,262.622530425566,492737.787215289,5650010.46939679
0.00419775541413404,262.622530425566,493237.787215289,5650010.46939679
0.00674942636146901,262.622530425566,493737.787215289,5650010.46939679
0.00476962185002814,262.622530425566,494237.787215289,5650010.46939679
0.00301634997845539,262.622530425566,494737.787215289,5650010.46939679
0.000133019848347066,262.622530425566,495237.787215289,5650010.46939679
0.00397750517974312,262.622530425566,495737.787215289,5650010.46939679
0.00420976056336366,262.622530425566,496237.787215289,5650010.46939679
0.000611324195308897,262.622530425566,496737.787215289,5650010.46939679
0.000724788859505558,262.622530425566,497237.787215289,5650010.46939679
0.000724788859505558,262.622530425566,497737.787215289,5650010.46939679
0.000232958563486665,262.622530425566,498237.787215289,5650010.46939679
0.00375806348526446,262.622530425566,498737.787215289,5650010.46939679
0.000647020776226274,262.622530425566,499237.787215289,5650010.46939679
0.00537873685171343,262.622530425566,499737.787215289,5650010.46939679
0.000207962675748804,262.622530425566,500237.787215289,5650010.46939679
0.00361537880002476,262.622530425566,500737.787215289,5650010.46939679
0.00419724118165678,262.622530425566,501237.787215289,5650010.46939679
0.00137771980591793,262.622530425566,501737.787215289,5650010.46939679
0.00459989142157273,262.622530425566,502237.787215289,5650010.46939679
0.00590061092928377,262.622530425566,502737.787215289,5650010.46939679
0.00624516073954068,262.622530425566,503237.787215289,5650010.46939679
0.000195928895484007,262.622530425566,503737.787215289,5650010.46939679
0.0004686781571373,262.622530425566,504237.787215289,5650010.46939679
0.000395307258815033,262.622530425566,504737.787215289,5650010.46939679
0.000346581334807674,262.622530425566,505237.787215289,5650010.46939679
0.00020006683017643,262.622530425566,505737.787215289,5650010.46939679
0.000162626758553443,262.622530425566,506237.787215289,5650010.46939679
0.00257234447395059,262.622530425566,506737.787215289,5650010.46939679
0.000223048527962925,262.622530425566,507237.787215289,5650010.46939679
0.00025108272044765,262.622530425566,507737.787215289,5650010.46939679
0.000244734967167501,262.622530425566,508237.787215289,5650010.46939679
0.000220923334933332,262.622530425566,508737.787215289,5650010.46939679
0.000184273471425088,262.622530425566,509237.787215289,5650010.46939679
0.000241946027702578,262.622530425566,509737.787215289,5650010.46939679
0.000219478393770118,262.622530425566,510237.787215289,5650010.46939679
0.000575949861859818,262.622530425566,510737.787215289,5650010.46939679
0.00237985619707328,262.622530425566,511237.787215289,5650010.46939679
0.000682848882332935,262.622530425566,511737.787215289,5650010.46939679
0.000645175640177239,262.622530425566,512237.787215289,5650010.46939679
0.000219478393770118,262.622530425566,512737.787215289,5650010.46939679
0.00151139361683039,262.622530425566,513237.787215289,5650010.46939679
0.00151139361683039,262.622530425566,513737.787215289,5650010.46939679
0.00653614018631382,262.622530425566,514237.787215289,5650010.46939679
0.00355072853989098,262.622530425566,514737.787215289,5650010.46939679
0.00397750517974312,262.622530425566,515237.787215289,5650010.46939679
0.00299486704154086,262.622530425566,515737.787215289,5650010.46939679
0.00355072853989098,262.622530425566,516237.787215289,5650010.46939679
0.00181463336377175,262.622530425566,516737.787215289,5650010.46939679
0.00387397980141859,262.622530425566,517237.787215289,5650010.46939679
0.00183610096344516,262.622530425566,517737.787215289,5650010.46939679
0.00486120479888578,262.622530425566,518237.787215289,5650010.46939679
0.00357340372667816,262.622530425566,518737.787215289,5650010.46939679
0.00313727175185939,262.622530425566,519237.787215289,5650010.46939679
0.0020915185840561,262.622530425566,519737.787215289,5650010.46939679
0.00275915229995759,262.622530425566,520237.787215289,5650010.46939679
0.002750041555834,262.622530425566,520737.787215289,5650010.46939679
0.00203131163484991,262.622530425566,521237.787215289,5650010.46939679
0.000391763483745308,262.622530425566,521737.787215289,5650010.46939679
0.00171331269004791,262.622530425566,522237.787215289,5650010.46939679
0.00285533063527697,262.622530425566,522737.787215289,5650010.46939679
0.0025983198731138,262.622530425566,523237.787215289,5650010.46939679
0.00314407777928162,262.622530425566,523737.787215289,5650010.46939679
0.00456091412243888,262.622530425566,524237.787215289,5650010.46939679
0.00117503940459461,262.622530425566,486737.787215289,5650510.46939679
0.000569638010378424,262.622530425566,487237.787215289,5650510.46939679
0.00027764431174401,262.622530425566,487737.787215289,5650510.46939679
0.000279836918284572,262.622530425566,488237.787215289,5650510.46939679
0.000226311959420531,262.622530425566,488737.787215289,5650510.46939679
0.00023085442135572,262.622530425566,489237.787215289,5650510.46939679
0.000212957991319457,262.622530425566,489737.787215289,5650510.46939679
0.000210020974650171,262.622530425566,490237.787215289,5650510.46939679
0.000862503738354564,262.622530425566,490737.787215289,5650510.46939679
0.00442257025385898,262.622530425566,491237.787215289,5650510.46939679
0.000244734967167501,262.622530425566,491737.787215289,5650510.46939679
0.00152309621133781,262.622530425566,492237.787215289,5650510.46939679
0.00624516073954068,262.622530425566,492737.787215289,5650510.46939679
0.00341591586680216,262.622530425566,493237.787215289,5650510.46939679
0.0017970401199371,262.622530425566,493737.787215289,5650510.46939679
0.00470871445576764,262.622530425566,494237.787215289,5650510.46939679
0.000385379495762091,262.622530425566,494737.787215289,5650510.46939679
0.00237956466047169,262.622530425566,495237.787215289,5650510.46939679
0.00213057927202899,262.622530425566,495737.787215289,5650510.46939679
0.00151571604730208,262.622530425566,496237.787215289,5650510.46939679
0.00201303374925853,262.622530425566,496737.787215289,5650510.46939679
0.000577597019294748,262.622530425566,497237.787215289,5650510.46939679
0.00103735569226541,262.622530425566,497737.787215289,5650510.46939679
0.000297647049395789,262.622530425566,498237.787215289,5650510.46939679
0.000178600145490911,262.622530425566,498737.787215289,5650510.46939679
0.00272220357273777,262.622530425566,499237.787215289,5650510.46939679
0.00545365304183074,262.622530425566,499737.787215289,5650510.46939679
0.00225498853959682,262.622530425566,500237.787215289,5650510.46939679
0.00335483240595364,262.622530425566,500737.787215289,5650510.46939679
0.000133019848347066,262.622530425566,501237.787215289,5650510.46939679
0.00375806348526446,262.622530425566,501737.787215289,5650510.46939679
0.00346349346904544,262.622530425566,502237.787215289,5650510.46939679
0.00487652963460501,262.622530425566,502737.787215289,5650510.46939679
0.00132202026858545,262.622530425566,503237.787215289,5650510.46939679
0.000267579026499534,262.622530425566,503737.787215289,5650510.46939679
0.000809588866985141,262.622530425566,504237.787215289,5650510.46939679
0.00200729309721897,262.622530425566,504737.787215289,5650510.46939679
0.000237200180822545,262.622530425566,505237.787215289,5650510.46939679
0.000240503955357769,262.622530425566,505737.787215289,5650510.46939679
0.000232741143623095,262.622530425566,506237.787215289,5650510.46939679
0.000511802454199952,262.622530425566,506737.787215289,5650510.46939679
0.00394803921312911,262.622530425566,507237.787215289,5650510.46939679
0.00825634433012665,262.622530425566,507737.787215289,5650510.46939679
0.000376974858064605,262.622530425566,508237.787215289,5650510.46939679
0.00018253657432549,262.622530425566,508737.787215289,5650510.46939679
0.000188506634489131,262.622530425566,509237.787215289,5650510.46939679
0.000265743999546682,262.622530425566,509737.787215289,5650510.46939679
0.000254967902077324,262.622530425566,510237.787215289,5650510.46939679
0.000171379558671568,262.622530425566,510737.787215289,5650510.46939679
0.00022761046579468,262.622530425566,511237.787215289,5650510.46939679
0.000161924430631654,262.622530425566,511737.787215289,5650510.46939679
0.000191978371384927,262.622530425566,512237.787215289,5650510.46939679
0.00022761046579468,262.622530425566,512737.787215289,5650510.46939679
0.00111505987747436,262.622530425566,513237.787215289,5650510.46939679
0.000533202098317548,262.622530425566,513737.787215289,5650510.46939679
0.00624516073954068,262.622530425566,514237.787215289,5650510.46939679
0.0028533678202861,262.622530425566,514737.787215289,5650510.46939679
0.00420976056336366,262.622530425566,515237.787215289,5650510.46939679
0.00499111204975306,262.622530425566,515737.787215289,5650510.46939679
0.00200704720025735,262.622530425566,516237.787215289,5650510.46939679
0.00238884362660928,262.622530425566,516737.787215289,5650510.46939679
0.00433960933742228,262.622530425566,517237.787215289,5650510.46939679
0.000444355460450686,262.622530425566,517737.787215289,5650510.46939679
0.00175026726864621,262.622530425566,518237.787215289,5650510.46939679
0.00205886592751732,262.622530425566,518737.787215289,5650510.46939679
0.00356142475308294,262.622530425566,519237.787215289,5650510.46939679
0.00373421555302007,262.622530425566,519737.787215289,5650510.46939679
0.000161600834491072,262.622530425566,520237.787215289,5650510.46939679
0.000344533137893853,262.622530425566,520737.787215289,5650510.46939679
0.000265571666058634,262.622530425566,521237.787215289,5650510.46939679
0.00181335683282253,262.622530425566,521737.787215289,5650510.46939679
0.00137700127126216,262.622530425566,522237.787215289,5650510.46939679
0.00257067632303688,262.622530425566,522737.787215289,5650510.46939679
0.00352974474616978,262.622530425566,523237.787215289,5650510.46939679
0.00286342475793306,262.622530425566,523737.787215289,5650510.46939679
0.00468352431546604,262.622530425566,524237.787215289,5650510.46939679
0.00705256901770693,262.622530425566,486737.787215289,5651010.46939679
0.00733714630541456,262.622530425566,487237.787215289,5651010.46939679
0.000236028847083467,262.622530425566,487737.787215289,5651010.46939679
0.000261670640572863,262.622530425566,488237.787215289,5651010.46939679
0.00161286306729537,262.622530425566,488737.787215289,5651010.46939679
0.000807669618473513,262.622530425566,489237.787215289,5651010.46939679
0.00246329119711538,262.622530425566,489737.787215289,5651010.46939679
0.00129811285385779,262.622530425566,490237.787215289,5651010.46939679
0.000486720348457919,262.622530425566,490737.787215289,5651010.46939679
0.00516128105788166,262.622530425566,491237.787215289,5651010.46939679
0.00546265975078111,262.622530425566,491737.787215289,5651010.46939679
0.00537873685171343,262.622530425566,492237.787215289,5651010.46939679
0.00420976056336366,262.622530425566,492737.787215289,5651010.46939679
0.000724788859505558,262.622530425566,493237.787215289,5651010.46939679
0.0017970401199371,262.622530425566,493737.787215289,5651010.46939679
0.00038823836824263,262.622530425566,494237.787215289,5651010.46939679
0.000525010508886525,262.622530425566,494737.787215289,5651010.46939679
0.000207369619939815,262.622530425566,495237.787215289,5651010.46939679
0.000409736666231146,262.622530425566,495737.787215289,5651010.46939679
0.00142800899221932,262.622530425566,496237.787215289,5651010.46939679
0.000682848882332935,262.622530425566,496737.787215289,5651010.46939679
0.000575949861859818,262.622530425566,497237.787215289,5651010.46939679
0.000161924430631654,262.622530425566,497737.787215289,5651010.46939679
0.000632166931541572,262.622530425566,498237.787215289,5651010.46939679
0.000424918151860141,262.622530425566,498737.787215289,5651010.46939679
0.00143906594654465,262.622530425566,499237.787215289,5651010.46939679
0.00361537880002476,262.622530425566,499737.787215289,5651010.46939679
0.000395307258815033,262.622530425566,500237.787215289,5651010.46939679
0.000207962675748804,262.622530425566,500737.787215289,5651010.46939679
0.00706612559381747,262.622530425566,501237.787215289,5651010.46939679
0.00423995823803621,262.622530425566,501737.787215289,5651010.46939679
0.00470172483002138,262.622530425566,502237.787215289,5651010.46939679
0.00561823747141995,262.622530425566,502737.787215289,5651010.46939679
0.00498645385266993,262.622530425566,503237.787215289,5651010.46939679
0.000268422109071625,262.622530425566,503737.787215289,5651010.46939679
0.00535317307101845,262.622530425566,504237.787215289,5651010.46939679
0.00752473367620328,262.622530425566,504737.787215289,5651010.46939679
0.000839585600893732,262.622530425566,505237.787215289,5651010.46939679
0.00390304832973393,262.622530425566,505737.787215289,5651010.46939679
0.00057331809224933,262.622530425566,506237.787215289,5651010.46939679
0.000754251066574224,262.622530425566,506737.787215289,5651010.46939679
0.00834240303144004,262.622530425566,507237.787215289,5651010.46939679
0.00285764435333128,262.622530425566,507737.787215289,5651010.46939679
0.000321768870902336,262.622530425566,508237.787215289,5651010.46939679
0.00025843463990368,262.622530425566,508737.787215289,5651010.46939679
0.000222284566985426,262.622530425566,509237.787215289,5651010.46939679
0.000877754041276469,262.622530425566,509737.787215289,5651010.46939679
0.000259025586818816,262.622530425566,510237.787215289,5651010.46939679
0.000174106977356663,262.622530425566,510737.787215289,5651010.46939679
0.000606795412185986,262.622530425566,511237.787215289,5651010.46939679
0.000244734967167501,262.622530425566,511737.787215289,5651010.46939679
0.000307101961764012,262.622530425566,512237.787215289,5651010.46939679
0.000290158935464404,262.622530425566,512737.787215289,5651010.46939679
0.000204216176157094,262.622530425566,513237.787215289,5651010.46939679
0.000602520541068679,262.622530425566,513737.787215289,5651010.46939679
0.00249994999529235,262.622530425566,514237.787215289,5651010.46939679
0.000409965477507031,262.622530425566,514737.787215289,5651010.46939679
0.00376483300246272,262.622530425566,515237.787215289,5651010.46939679
0.00437389211976435,262.622530425566,515737.787215289,5651010.46939679
0.0044099329667528,262.622530425566,516237.787215289,5651010.46939679
0.00374758405144249,262.622530425566,516737.787215289,5651010.46939679
0.00243853933791899,262.622530425566,517237.787215289,5651010.46939679
0.000624612067104708,262.622530425566,517737.787215289,5651010.46939679
0.00135327580546903,262.622530425566,518237.787215289,5651010.46939679
0.00249179408679133,262.622530425566,518737.787215289,5651010.46939679
0.00365235787615958,262.622530425566,519237.787215289,5651010.46939679
0.004799303173764,262.622530425566,519737.787215289,5651010.46939679
0.00339488994629701,262.622530425566,520237.787215289,5651010.46939679
0.00309078614191059,262.622530425566,520737.787215289,5651010.46939679
0.00403903041366396,262.622530425566,521237.787215289,5651010.46939679
0.000383707141695196,262.622530425566,521737.787215289,5651010.46939679
0.00203461186541712,262.622530425566,522237.787215289,5651010.46939679
0.00403903041366396,262.622530425566,522737.787215289,5651010.46939679
0.000337948044983226,262.622530425566,523237.787215289,5651010.46939679
0.00333190745637967,262.622530425566,523737.787215289,5651010.46939679
0.0032038836362197,262.622530425566,524237.787215289,5651010.46939679
0.00264172515969273,262.622530425566,486737.787215289,5651510.46939679
0.00741372686991477,262.622530425566,487237.787215289,5651510.46939679
0.00855248970055499,262.622530425566,487737.787215289,5651510.46939679
0.00110602045630115,262.622530425566,488237.787215289,5651510.46939679
0.00034477369584447,262.622530425566,488737.787215289,5651510.46939679
0.000314075222702184,262.622530425566,489237.787215289,5651510.46939679
0.000867818105594465,262.622530425566,489737.787215289,5651510.46939679
0.000761428019986122,262.622530425566,490237.787215289,5651510.46939679
0.00511773066998845,262.622530425566,490737.787215289,5651510.46939679
0.00557507016886547,262.622530425566,491237.787215289,5651510.46939679
0.00444287169934221,262.622530425566,491737.787215289,5651510.46939679
0.00298596062439669,262.622530425566,492237.787215289,5651510.46939679
0.00316974399636372,262.622530425566,492737.787215289,5651510.46939679
0.0023866623413033,262.622530425566,493237.787215289,5651510.46939679
0.000327460204363343,262.622530425566,493737.787215289,5651510.46939679
0.00257201773067785,262.622530425566,494237.787215289,5651510.46939679
0.000207369619939815,262.622530425566,494737.787215289,5651510.46939679
0.00483538195154375,262.622530425566,495237.787215289,5651510.46939679
0.000191978371384927,262.622530425566,495737.787215289,5651510.46939679
0.000379325466780403,262.622530425566,496237.787215289,5651510.46939679
0.0029261130053168,262.622530425566,496737.787215289,5651510.46939679
0.00367178852567052,262.622530425566,497237.787215289,5651510.46939679
0.0019273994816572,262.622530425566,497737.787215289,5651510.46939679
0.000236072828142812,262.622530425566,498237.787215289,5651510.46939679
0.000167944642401072,262.622530425566,498737.787215289,5651510.46939679
0.000152738700513592,262.622530425566,499237.787215289,5651510.46939679
0.000309393999827449,262.622530425566,499737.787215289,5651510.46939679
0.001633431122982,262.622530425566,500237.787215289,5651510.46939679
0.00225498853959682,262.622530425566,500737.787215289,5651510.46939679
0.00589117422590871,262.622530425566,501237.787215289,5651510.46939679
0.000133019848347066,262.622530425566,501737.787215289,5651510.46939679
0.00444232743968564,262.622530425566,502237.787215289,5651510.46939679
0.0049768786880031,262.622530425566,502737.787215289,5651510.46939679
0.0064219067128958,262.622530425566,503237.787215289,5651510.46939679
0.00665334554875722,262.622530425566,503737.787215289,5651510.46939679
0.0058736484286299,262.622530425566,504237.787215289,5651510.46939679
0.00373022317628031,262.622530425566,504737.787215289,5651510.46939679
0.00477879060951182,262.622530425566,505237.787215289,5651510.46939679
0.00428695475357226,262.622530425566,505737.787215289,5651510.46939679
0.000296824518300669,262.622530425566,506237.787215289,5651510.46939679
0.000312456209561198,262.622530425566,506737.787215289,5651510.46939679
0.00865065979268219,262.622530425566,507237.787215289,5651510.46939679
0.00413659395918444,262.622530425566,507737.787215289,5651510.46939679
0.000250292081739323,262.622530425566,508237.787215289,5651510.46939679
0.000201208952573785,262.622530425566,508737.787215289,5651510.46939679
0.000228909690219828,262.622530425566,509237.787215289,5651510.46939679
0.000184939841505359,262.622530425566,509737.787215289,5651510.46939679
0.00047304118323278,262.622530425566,510237.787215289,5651510.46939679
0.000300417910004461,262.622530425566,510737.787215289,5651510.46939679
0.000190788717453035,262.622530425566,511237.787215289,5651510.46939679
0.00957570925095052,262.622530425566,511737.787215289,5651510.46939679
0.00104701266024381,262.622530425566,512237.787215289,5651510.46939679
0.000179170652826842,262.622530425566,512737.787215289,5651510.46939679
0.000239621069074234,262.622530425566,513237.787215289,5651510.46939679
0.000449730068855302,262.622530425566,513737.787215289,5651510.46939679
0.00490348348390563,262.622530425566,514237.787215289,5651510.46939679
0.00522976302926572,262.622530425566,514737.787215289,5651510.46939679
0.00496762994875965,262.622530425566,515237.787215289,5651510.46939679
0.00485872497899367,262.622530425566,515737.787215289,5651510.46939679
0.00196992127825972,262.622530425566,516237.787215289,5651510.46939679
0.000800901894876632,262.622530425566,516737.787215289,5651510.46939679
0.0032386422211885,262.622530425566,517237.787215289,5651510.46939679
0.00273163739176691,262.622530425566,517737.787215289,5651510.46939679
0.00445621143309675,262.622530425566,518237.787215289,5651510.46939679
0.000645216546086871,262.622530425566,518737.787215289,5651510.46939679
0.00186710372269081,262.622530425566,519237.787215289,5651510.46939679
0.00196241189846206,262.622530425566,519737.787215289,5651510.46939679
0.00326393860261853,262.622530425566,520237.787215289,5651510.46939679
0.00224866938599021,262.622530425566,520737.787215289,5651510.46939679
0.00295002769307294,262.622530425566,521237.787215289,5651510.46939679
0.000657029086161783,262.622530425566,521737.787215289,5651510.46939679
0.00292026534618511,262.622530425566,522237.787215289,5651510.46939679
0.00100355205518166,262.622530425566,522737.787215289,5651510.46939679
0.00354077833452853,262.622530425566,523237.787215289,5651510.46939679
0.000167514103355382,262.622530425566,523737.787215289,5651510.46939679
0.001342994958872,262.622530425566,524237.787215289,5651510.46939679
0.00155845158607653,262.622530425566,486737.787215289,5652010.46939679
0.00280408014309468,262.622530425566,487237.787215289,5652010.46939679
0.00806112418117252,262.622530425566,487737.787215289,5652010.46939679
0.00718432075536709,262.622530425566,488237.787215289,5652010.46939679
0.00490436537752269,262.622530425566,488737.787215289,5652010.46939679
0.00597605405632368,262.622530425566,489237.787215289,5652010.46939679
0.000394214849153448,262.622530425566,489737.787215289,5652010.46939679
0.00471134776646235,262.622530425566,490237.787215289,5652010.46939679
0.00387978496761053,262.622530425566,490737.787215289,5652010.46939679
0.00420976056336366,262.622530425566,491237.787215289,5652010.46939679
0.00200704720025735,262.622530425566,491737.787215289,5652010.46939679
0.00423995823803621,262.622530425566,492237.787215289,5652010.46939679
0.0018297599153029,262.622530425566,492737.787215289,5652010.46939679
0.000555667041470633,262.622530425566,493237.787215289,5652010.46939679
0.00354060277968356,262.622530425566,493737.787215289,5652010.46939679
0.000179856268564153,262.622530425566,494237.787215289,5652010.46939679
0.000292051694194288,262.622530425566,494737.787215289,5652010.46939679
0.000377309841615955,262.622530425566,495237.787215289,5652010.46939679
0.00223828323966129,262.622530425566,495737.787215289,5652010.46939679
0.00394803921312911,262.622530425566,496237.787215289,5652010.46939679
0.00178372737192415,262.622530425566,496737.787215289,5652010.46939679
0.000218475499933113,262.622530425566,497237.787215289,5652010.46939679
0.000237957875856172,262.622530425566,497737.787215289,5652010.46939679
0.00031795998066974,262.622530425566,498237.787215289,5652010.46939679
0.000184273471425088,262.622530425566,498737.787215289,5652010.46939679
0.000152738700513592,262.622530425566,499237.787215289,5652010.46939679
0.00397750517974312,262.622530425566,499737.787215289,5652010.46939679
0.00160422208214493,262.622530425566,500237.787215289,5652010.46939679
0.000811904207971917,262.622530425566,500737.787215289,5652010.46939679
0.000410908471002428,262.622530425566,501237.787215289,5652010.46939679
0.00315564986754918,262.622530425566,501737.787215289,5652010.46939679
0.00299486704154086,262.622530425566,502237.787215289,5652010.46939679
0.00397750517974312,262.622530425566,502737.787215289,5652010.46939679
0.00545365304183074,262.622530425566,503237.787215289,5652010.46939679
0.0065796263460858,262.622530425566,503737.787215289,5652010.46939679
0.0058182854789831,262.622530425566,504237.787215289,5652010.46939679
0.00782904553748928,262.622530425566,504737.787215289,5652010.46939679
0.00124134316575274,262.622530425566,505237.787215289,5652010.46939679
0.00763105151030505,262.622530425566,505737.787215289,5652010.46939679
0.000583313753347946,262.622530425566,506237.787215289,5652010.46939679
0.012353957953164,262.622530425566,506737.787215289,5652010.46939679
0.00588662267029758,262.622530425566,507237.787215289,5652010.46939679
0.00835659740316203,262.622530425566,507737.787215289,5652010.46939679
0.00131130308805669,262.622530425566,508237.787215289,5652010.46939679
0.000213309676181778,262.622530425566,508737.787215289,5652010.46939679
0.00525500236315085,262.622530425566,509237.787215289,5652010.46939679
0.00747421434016588,262.622530425566,509737.787215289,5652010.46939679
0.00390837522740337,262.622530425566,510237.787215289,5652010.46939679
0.00615416851166139,262.622530425566,510737.787215289,5652010.46939679
0.00729641131661449,262.622530425566,511237.787215289,5652010.46939679
0.00684156254474917,262.622530425566,511737.787215289,5652010.46939679
0.000940485709750944,262.622530425566,512237.787215289,5652010.46939679
0.000191942684000267,262.622530425566,512737.787215289,5652010.46939679
0.000306300337129239,262.622530425566,513237.787215289,5652010.46939679
0.000690847195802039,262.622530425566,513737.787215289,5652010.46939679
0.00606656248321497,262.622530425566,514237.787215289,5652010.46939679
0.00546647561172711,262.622530425566,514737.787215289,5652010.46939679
0.00464428096191657,262.622530425566,515237.787215289,5652010.46939679
0.0032393315450904,262.622530425566,515737.787215289,5652010.46939679
0.00407478229145062,262.622530425566,516237.787215289,5652010.46939679
0.0034465386654616,262.622530425566,516737.787215289,5652010.46939679
0.00183610096344516,262.622530425566,517237.787215289,5652010.46939679
0.000740543023201428,262.622530425566,517737.787215289,5652010.46939679
0.00299529290757433,262.622530425566,518237.787215289,5652010.46939679
0.00396641382844714,262.622530425566,518737.787215289,5652010.46939679
0.00467756435811362,262.622530425566,519237.787215289,5652010.46939679
0.00371660379036788,262.622530425566,519737.787215289,5652010.46939679
0.00506791309261543,262.622530425566,520237.787215289,5652010.46939679
0.0049464794336382,262.622530425566,520737.787215289,5652010.46939679
0.0038931698768201,262.622530425566,521237.787215289,5652010.46939679
0.00303062650515122,262.622530425566,521737.787215289,5652010.46939679
0.00384690950917072,262.622530425566,522237.787215289,5652010.46939679
0.00413739839297845,262.622530425566,522737.787215289,5652010.46939679
0.000194732142919873,262.622530425566,523237.787215289,5652010.46939679
0.00025901312960232,262.622530425566,523737.787215289,5652010.46939679
0.000378312102760836,262.622530425566,524237.787215289,5652010.46939679
0.000735618410888107,262.622530425566,486737.787215289,5652510.46939679
0.00460375670664672,262.622530425566,487237.787215289,5652510.46939679
0.0024227732495711,262.622530425566,487737.787215289,5652510.46939679
0.003247306572716,262.622530425566,488237.787215289,5652510.46939679
0.00438088465805786,262.622530425566,488737.787215289,5652510.46939679
0.000547756896506842,262.622530425566,489237.787215289,5652510.46939679
0.00137789482830325,262.622530425566,489737.787215289,5652510.46939679
0.00143906594654465,262.622530425566,490237.787215289,5652510.46939679
0.00252602486947175,262.622530425566,490737.787215289,5652510.46939679
0.00107829601376962,262.622530425566,491237.787215289,5652510.46939679
0.000327460204363343,262.622530425566,491737.787215289,5652510.46939679
0.00322745744069497,262.622530425566,492237.787215289,5652510.46939679
0.000548387808371013,262.622530425566,492737.787215289,5652510.46939679
0.00435328985551048,262.622530425566,493237.787215289,5652510.46939679
0.000292051694194288,262.622530425566,493737.787215289,5652510.46939679
0.000202108731818525,262.622530425566,494237.787215289,5652510.46939679
0.000220923334933332,262.622530425566,494737.787215289,5652510.46939679
0.000242428181218573,262.622530425566,495237.787215289,5652510.46939679
0.000310302990566041,262.622530425566,495737.787215289,5652510.46939679
0.000186194216854695,262.622530425566,496237.787215289,5652510.46939679
0.000186194216854695,262.622530425566,496737.787215289,5652510.46939679
0.000186194216854695,262.622530425566,497237.787215289,5652510.46939679
0.000267344384451735,262.622530425566,497737.787215289,5652510.46939679
0.000397738431375252,262.622530425566,498237.787215289,5652510.46939679
0.00716635920147208,262.622530425566,498737.787215289,5652510.46939679
0.0040784097903425,262.622530425566,499237.787215289,5652510.46939679
0.00515277125525434,262.622530425566,499737.787215289,5652510.46939679
0.00569281327259426,262.622530425566,500237.787215289,5652510.46939679
0.00459989142157273,262.622530425566,500737.787215289,5652510.46939679
0.00480161145866206,262.622530425566,501237.787215289,5652510.46939679
0.000418390129834701,262.622530425566,501737.787215289,5652510.46939679
0.00637705587027198,262.622530425566,502237.787215289,5652510.46939679
0.00190197329376754,262.622530425566,502737.787215289,5652510.46939679
0.00480161145866206,262.622530425566,503237.787215289,5652510.46939679
0.00662254642775068,262.622530425566,503737.787215289,5652510.46939679
0.00665334554875722,262.622530425566,504237.787215289,5652510.46939679
0.00669434052657321,262.622530425566,504737.787215289,5652510.46939679
0.00125621340146409,262.622530425566,505237.787215289,5652510.46939679
0.00772246501932846,262.622530425566,505737.787215289,5652510.46939679
0.00712195061867246,262.622530425566,506237.787215289,5652510.46939679
0.00760382924063287,262.622530425566,506737.787215289,5652510.46939679
0.00804783376041638,262.622530425566,507237.787215289,5652510.46939679
0.00218175631989951,262.622530425566,507737.787215289,5652510.46939679
0.00123691491908605,262.622530425566,508237.787215289,5652510.46939679
0.000238554286542794,262.622530425566,508737.787215289,5652510.46939679
0.011312506603858,262.622530425566,509237.787215289,5652510.46939679
0.00781806732570516,262.622530425566,509737.787215289,5652510.46939679
0.00525500236315085,262.622530425566,510237.787215289,5652510.46939679
0.00562771817439105,262.622530425566,510737.787215289,5652510.46939679
0.00577052566754057,262.622530425566,511237.787215289,5652510.46939679
0.00589488872732618,262.622530425566,511737.787215289,5652510.46939679
0.000761428019986122,262.622530425566,512237.787215289,5652510.46939679
0.000325655624674592,262.622530425566,512737.787215289,5652510.46939679
0.00030969609039228,262.622530425566,513237.787215289,5652510.46939679
0.00608769544307221,262.622530425566,513737.787215289,5652510.46939679
0.004393696690093,262.622530425566,514237.787215289,5652510.46939679
0.00510335242812982,262.622530425566,514737.787215289,5652510.46939679
0.000627004215822602,262.622530425566,515237.787215289,5652510.46939679
0.00446899983686484,262.622530425566,515737.787215289,5652510.46939679
0.00425097463713702,262.622530425566,516237.787215289,5652510.46939679
0.00230632947551327,262.622530425566,516737.787215289,5652510.46939679
0.0032386422211885,262.622530425566,517237.787215289,5652510.46939679
0.00258093107942735,262.622530425566,517737.787215289,5652510.46939679
0.000282485144929795,262.622530425566,518237.787215289,5652510.46939679
0.00338767662789812,262.622530425566,518737.787215289,5652510.46939679
0.00558536749002899,262.622530425566,519237.787215289,5652510.46939679
0.00281632533389546,262.622530425566,519737.787215289,5652510.46939679
0.00474248499665311,262.622530425566,520237.787215289,5652510.46939679
0.00294998650484413,262.622530425566,520737.787215289,5652510.46939679
0.000703526384809902,262.622530425566,521237.787215289,5652510.46939679
0.00121816253749576,262.622530425566,521737.787215289,5652510.46939679
0.0036136852595716,262.622530425566,522237.787215289,5652510.46939679
0.00436704099400967,262.622530425566,522737.787215289,5652510.46939679
0.00019354467984608,262.622530425566,523237.787215289,5652510.46939679
0.000161966457791506,262.622530425566,523737.787215289,5652510.46939679
0.000109756920298989,262.622530425566,524237.787215289,5652510.46939679
0.000269637499024397,262.622530425566,486737.787215289,5653010.46939679
0.000294243571540018,262.622530425566,487237.787215289,5653010.46939679
0.00166838635634903,262.622530425566,487737.787215289,5653010.46939679
0.00449967668751251,262.622530425566,488237.787215289,5653010.46939679
0.00162891722676459,262.622530425566,488737.787215289,5653010.46939679
0.0040912599612287,262.622530425566,489237.787215289,5653010.46939679
0.00293880467178076,262.622530425566,489737.787215289,5653010.46939679
0.0021995874908268,262.622530425566,490237.787215289,5653010.46939679
0.00151571604730208,262.622530425566,490737.787215289,5653010.46939679
0.00335483240595364,262.622530425566,491237.787215289,5653010.46939679
0.000724788859505558,262.622530425566,491737.787215289,5653010.46939679
0.00327241015392272,262.622530425566,492237.787215289,5653010.46939679
0.000283203561639039,262.622530425566,492737.787215289,5653010.46939679
0.000655670357100382,262.622530425566,493237.787215289,5653010.46939679
0.000356493398331517,262.622530425566,493737.787215289,5653010.46939679
0.000208734842705956,262.622530425566,494237.787215289,5653010.46939679
0.000204476394552677,262.622530425566,494737.787215289,5653010.46939679
0.000312456209561198,262.622530425566,495237.787215289,5653010.46939679
0.000256423285619777,262.622530425566,495737.787215289,5653010.46939679
0.000193074204075803,262.622530425566,496237.787215289,5653010.46939679
0.000271396412210327,262.622530425566,496737.787215289,5653010.46939679
0.000271396412210327,262.622530425566,497237.787215289,5653010.46939679
0.000294243571540018,262.622530425566,497737.787215289,5653010.46939679
0.000216280585282328,262.622530425566,498237.787215289,5653010.46939679
0.000321970669528109,262.622530425566,498737.787215289,5653010.46939679
0.0055857962118821,262.622530425566,499237.787215289,5653010.46939679
0.00473871039300067,262.622530425566,499737.787215289,5653010.46939679
0.0049768786880031,262.622530425566,500237.787215289,5653010.46939679
0.00399687202667445,262.622530425566,500737.787215289,5653010.46939679
0.00459989142157273,262.622530425566,501237.787215289,5653010.46939679
0.0052674897159414,262.622530425566,501737.787215289,5653010.46939679
0.00557507016886547,262.622530425566,502237.787215289,5653010.46939679
0.00169789618142673,262.622530425566,502737.787215289,5653010.46939679
0.00375806348526446,262.622530425566,503237.787215289,5653010.46939679
0.00462747257381743,262.622530425566,503737.787215289,5653010.46939679
0.000852947179563701,262.622530425566,504237.787215289,5653010.46939679
0.000808803756586401,262.622530425566,504737.787215289,5653010.46939679
0.00628142183531334,262.622530425566,505237.787215289,5653010.46939679
0.000190191549776833,262.622530425566,505737.787215289,5653010.46939679
0.0024821219778489,262.622530425566,506237.787215289,5653010.46939679
0.00689386328950305,262.622530425566,506737.787215289,5653010.46939679
0.00772246501932846,262.622530425566,507237.787215289,5653010.46939679
0.00817339694638033,262.622530425566,507737.787215289,5653010.46939679
0.00112142475627402,262.622530425566,508237.787215289,5653010.46939679
0.00132956649901685,262.622530425566,508737.787215289,5653010.46939679
0.00615416851166139,262.622530425566,509237.787215289,5653010.46939679
0.00712195061867246,262.622530425566,509737.787215289,5653010.46939679
0.00572531186087526,262.622530425566,510237.787215289,5653010.46939679
0.00581463880515492,262.622530425566,510737.787215289,5653010.46939679
0.00793684181426056,262.622530425566,511237.787215289,5653010.46939679
0.00651760909624199,262.622530425566,511737.787215289,5653010.46939679
0.00725365036921794,262.622530425566,512237.787215289,5653010.46939679
0.000214137415685996,262.622530425566,512737.787215289,5653010.46939679
0.000633375303967501,262.622530425566,513237.787215289,5653010.46939679
0.00227326414479117,262.622530425566,513737.787215289,5653010.46939679
0.00456867439369429,262.622530425566,514237.787215289,5653010.46939679
0.00226906562415084,262.622530425566,514737.787215289,5653010.46939679
0.00507954517204239,262.622530425566,515237.787215289,5653010.46939679
0.00354016904956859,262.622530425566,515737.787215289,5653010.46939679
0.00225704948189329,262.622530425566,516237.787215289,5653010.46939679
0.000674032752194036,262.622530425566,516737.787215289,5653010.46939679
0.0010409506570093,262.622530425566,517237.787215289,5653010.46939679
0.00342775375153236,262.622530425566,517737.787215289,5653010.46939679
0.00195396481982587,262.622530425566,518237.787215289,5653010.46939679
0.000499089778099299,262.622530425566,518737.787215289,5653010.46939679
0.00423628919867485,262.622530425566,519237.787215289,5653010.46939679
0.00529206982533128,262.622530425566,519737.787215289,5653010.46939679
0.00384248342250632,262.622530425566,520237.787215289,5653010.46939679
0.000415483868941814,262.622530425566,520737.787215289,5653010.46939679
0.00443379096456861,262.622530425566,521237.787215289,5653010.46939679
0.00368338694301283,262.622530425566,521737.787215289,5653010.46939679
0.00209865079578038,262.622530425566,522237.787215289,5653010.46939679
0.000186701325367556,262.622530425566,522737.787215289,5653010.46939679
0.000249306954638954,262.622530425566,523237.787215289,5653010.46939679
0.000156338503339566,262.622530425566,523737.787215289,5653010.46939679
0.000171096991959487,262.622530425566,524237.787215289,5653010.46939679
0.000213051452929137,262.622530425566,486737.787215289,5653510.46939679
0.000219265551454376,262.622530425566,487237.787215289,5653510.46939679
0.000744855594764461,262.622530425566,487737.787215289,5653510.46939679
0.000462006334107259,262.622530425566,488237.787215289,5653510.46939679
0.000588188389872776,262.622530425566,488737.787215289,5653510.46939679
0.00117021254076442,262.622530425566,489237.787215289,5653510.46939679
0.0021995874908268,262.622530425566,489737.787215289,5653510.46939679
0.00101880568158444,262.622530425566,490237.787215289,5653510.46939679
0.00355072853989098,262.622530425566,490737.787215289,5653510.46939679
0.00299486704154086,262.622530425566,491237.787215289,5653510.46939679
0.00355072853989098,262.622530425566,491737.787215289,5653510.46939679
0.000215985806895236,262.622530425566,492237.787215289,5653510.46939679
0.000200092246210729,262.622530425566,492737.787215289,5653510.46939679
0.000180262772783365,262.622530425566,493237.787215289,5653510.46939679
0.00021641622651067,262.622530425566,493737.787215289,5653510.46939679
0.000187486234452684,262.622530425566,494237.787215289,5653510.46939679
0.000205951120430725,262.622530425566,494737.787215289,5653510.46939679
0.000236483295565721,262.622530425566,495237.787215289,5653510.46939679
0.000231743538515963,262.622530425566,495737.787215289,5653510.46939679
0.000206878020004765,262.622530425566,496237.787215289,5653510.46939679
0.00132094961264152,262.622530425566,496737.787215289,5653510.46939679
0.000197779144047634,262.622530425566,497237.787215289,5653510.46939679
0.000918491937033878,262.622530425566,497737.787215289,5653510.46939679
0.00234665239234477,262.622530425566,498237.787215289,5653510.46939679
0.00154824345419593,262.622530425566,498737.787215289,5653510.46939679
0.0065796263460858,262.622530425566,499237.787215289,5653510.46939679
0.00537942015418884,262.622530425566,499737.787215289,5653510.46939679
0.00451514144715481,262.622530425566,500237.787215289,5653510.46939679
0.00591196328983437,262.622530425566,500737.787215289,5653510.46939679
0.00437217173148953,262.622530425566,501237.787215289,5653510.46939679
0.00390304832973393,262.622530425566,501737.787215289,5653510.46939679
0.00486848932363736,262.622530425566,502237.787215289,5653510.46939679
0.00397750517974312,262.622530425566,502737.787215289,5653510.46939679
0.00335483240595364,262.622530425566,503237.787215289,5653510.46939679
0.00561823747141995,262.622530425566,503737.787215289,5653510.46939679
0.00602599474640705,262.622530425566,504237.787215289,5653510.46939679
0.00621662383843986,262.622530425566,504737.787215289,5653510.46939679
0.00737045864765941,262.622530425566,505237.787215289,5653510.46939679
0.00539591829814234,262.622530425566,505737.787215289,5653510.46939679
0.00457893640389098,262.622530425566,506237.787215289,5653510.46939679
0.00721004115371177,262.622530425566,506737.787215289,5653510.46939679
0.00608131947481055,262.622530425566,507237.787215289,5653510.46939679
0.00408762765525588,262.622530425566,507737.787215289,5653510.46939679
0.00574580889973578,262.622530425566,508237.787215289,5653510.46939679
0.00574580889973578,262.622530425566,508737.787215289,5653510.46939679
0.00643642125940016,262.622530425566,509237.787215289,5653510.46939679
0.00703641171253195,262.622530425566,509737.787215289,5653510.46939679
0.00110468155689056,262.622530425566,510237.787215289,5653510.46939679
0.00623910440546993,262.622530425566,510737.787215289,5653510.46939679
0.00639742627448209,262.622530425566,511237.787215289,5653510.46939679
0.00394803921312911,262.622530425566,511737.787215289,5653510.46939679
0.000545221265249747,262.622530425566,512237.787215289,5653510.46939679
0.000762034532886669,262.622530425566,512737.787215289,5653510.46939679
0.000902381583183899,262.622530425566,513237.787215289,5653510.46939679
0.00603335062388635,262.622530425566,513737.787215289,5653510.46939679
0.00468058886556305,262.622530425566,514237.787215289,5653510.46939679
0.00325104562202743,262.622530425566,514737.787215289,5653510.46939679
0.00415388580909516,262.622530425566,515237.787215289,5653510.46939679
0.00347468377349943,262.622530425566,515737.787215289,5653510.46939679
0.00521096900757909,262.622530425566,516237.787215289,5653510.46939679
0.00387397980141859,262.622530425566,516737.787215289,5653510.46939679
0.00273163739176691,262.622530425566,517237.787215289,5653510.46939679
0.00414355900409403,262.622530425566,517737.787215289,5653510.46939679
0.00112579462306954,262.622530425566,518237.787215289,5653510.46939679
0.00328298308158897,262.622530425566,518737.787215289,5653510.46939679
0.00244787849266471,262.622530425566,519237.787215289,5653510.46939679
0.00384257500561208,262.622530425566,519737.787215289,5653510.46939679
0.00519346360686539,262.622530425566,520237.787215289,5653510.46939679
0.00144369938067353,262.622530425566,520737.787215289,5653510.46939679
0.00466447693063475,262.622530425566,521237.787215289,5653510.46939679
0.00460868400732621,262.622530425566,521737.787215289,5653510.46939679
0.00549672151045654,262.622530425566,522237.787215289,5653510.46939679
0.000293736928867955,262.622530425566,522737.787215289,5653510.46939679
0.000176828000125116,262.622530425566,523237.787215289,5653510.46939679
0.000217834035951354,262.622530425566,523737.787215289,5653510.46939679
0.000159240327565785,262.622530425566,524237.787215289,5653510.46939679
0.000326209718857355,262.622530425566,486737.787215289,5654010.46939679
0.000660905902067982,262.622530425566,487237.787215289,5654010.46939679
0.000218475499933113,262.622530425566,487737.787215289,5654010.46939679
0.000213910310677714,262.622530425566,488237.787215289,5654010.46939679
0.000215985806895236,262.622530425566,488737.787215289,5654010.46939679
0.00032905463890646,262.622530425566,489237.787215289,5654010.46939679
0.00382648881803548,262.622530425566,489737.787215289,5654010.46939679
0.00038823836824263,262.622530425566,490237.787215289,5654010.46939679
0.000333422470179418,262.622530425566,490737.787215289,5654010.46939679
0.00282963816850733,262.622530425566,491237.787215289,5654010.46939679
0.00169789618142673,262.622530425566,491737.787215289,5654010.46939679
0.000254967902077324,262.622530425566,492237.787215289,5654010.46939679
0.000195033609718531,262.622530425566,492737.787215289,5654010.46939679
0.00029318336130738,262.622530425566,493237.787215289,5654010.46939679
0.000265413557639719,262.622530425566,493737.787215289,5654010.46939679
0.000133019848347066,262.622530425566,494237.787215289,5654010.46939679
0.000267227105568318,262.622530425566,494737.787215289,5654010.46939679
0.000206878020004765,262.622530425566,495237.787215289,5654010.46939679
0.000270612562664755,262.622530425566,495737.787215289,5654010.46939679
0.000215655921761139,262.622530425566,496237.787215289,5654010.46939679
0.00024818015928008,262.622530425566,496737.787215289,5654010.46939679
0.000559084440047859,262.622530425566,497237.787215289,5654010.46939679
0.00660341960347921,262.622530425566,497737.787215289,5654010.46939679
0.0059394577400034,262.622530425566,498237.787215289,5654010.46939679
0.0065796263460858,262.622530425566,498737.787215289,5654010.46939679
0.00599659291855947,262.622530425566,499237.787215289,5654010.46939679
0.00303490338293023,262.622530425566,499737.787215289,5654010.46939679
0.00516128105788166,262.622530425566,500237.787215289,5654010.46939679
0.00516128105788166,262.622530425566,500737.787215289,5654010.46939679
0.00516128105788166,262.622530425566,501237.787215289,5654010.46939679
0.00377636184993989,262.622530425566,501737.787215289,5654010.46939679
0.00382648881803548,262.622530425566,502237.787215289,5654010.46939679
0.00190197329376754,262.622530425566,502737.787215289,5654010.46939679
0.00135308339884395,262.622530425566,503237.787215289,5654010.46939679
0.00419775541413404,262.622530425566,503737.787215289,5654010.46939679
0.00413095601209939,262.622530425566,504237.787215289,5654010.46939679
0.00505783483349096,262.622530425566,504737.787215289,5654010.46939679
0.00671734803897837,262.622530425566,505237.787215289,5654010.46939679
0.00417857401335116,262.622530425566,505737.787215289,5654010.46939679
0.0058736484286299,262.622530425566,506237.787215289,5654010.46939679
0.00297268060852027,262.622530425566,506737.787215289,5654010.46939679
0.00265371920328589,262.622530425566,507237.787215289,5654010.46939679
0.00621662383843986,262.622530425566,507737.787215289,5654010.46939679
0.006963825378402,262.622530425566,508237.787215289,5654010.46939679
0.00621662383843986,262.622530425566,508737.787215289,5654010.46939679
0.00621662383843986,262.622530425566,509237.787215289,5654010.46939679
0.00574580889973578,262.622530425566,509737.787215289,5654010.46939679
0.0046977407465956,262.622530425566,510237.787215289,5654010.46939679
0.00435322907496288,262.622530425566,510737.787215289,5654010.46939679
0.00625103030881903,262.622530425566,511237.787215289,5654010.46939679
0.00763783253742335,262.622530425566,511737.787215289,5654010.46939679
0.000944578142623475,262.622530425566,512237.787215289,5654010.46939679
0.00124702404133017,262.622530425566,512737.787215289,5654010.46939679
0.00345994546170044,262.622530425566,513237.787215289,5654010.46939679
0.00189267302185426,262.622530425566,513737.787215289,5654010.46939679
0.00484469231348193,262.622530425566,514237.787215289,5654010.46939679
0.0035665364831271,262.622530425566,514737.787215289,5654010.46939679
0.00430912476391818,262.622530425566,515237.787215289,5654010.46939679
0.00541174865052828,262.622530425566,515737.787215289,5654010.46939679
0.00387829558078928,262.622530425566,516237.787215289,5654010.46939679
0.000502201792548973,262.622530425566,516737.787215289,5654010.46939679
0.0010409506570093,262.622530425566,517237.787215289,5654010.46939679
0.00238700172145287,262.622530425566,517737.787215289,5654010.46939679
0.0035673342524697,262.622530425566,518237.787215289,5654010.46939679
0.00126533603215757,262.622530425566,518737.787215289,5654010.46939679
0.00232664483539337,262.622530425566,519237.787215289,5654010.46939679
0.00512758468469033,262.622530425566,519737.787215289,5654010.46939679
0.00621406846178196,262.622530425566,520237.787215289,5654010.46939679
0.00545365304183074,262.622530425566,520737.787215289,5654010.46939679
0.00360324843988506,262.622530425566,521237.787215289,5654010.46939679
0.00530807762824594,262.622530425566,521737.787215289,5654010.46939679
0.00400974095968037,262.622530425566,522237.787215289,5654010.46939679
0.000838201311281866,262.622530425566,522737.787215289,5654010.46939679
0.000380050538611339,262.622530425566,523237.787215289,5654010.46939679
0.000188035348171296,262.622530425566,523737.787215289,5654010.46939679
0.00125450125259117,262.622530425566,524237.787215289,5654010.46939679
0.000236072828142812,262.622530425566,486737.787215289,5654510.46939679
0.000161924430631654,262.622530425566,487237.787215289,5654510.46939679
0.000156139190801686,262.622530425566,487737.787215289,5654510.46939679
0.000156139190801686,262.622530425566,488237.787215289,5654510.46939679
0.000219758559149787,262.622530425566,488737.787215289,5654510.46939679
0.000186980491604055,262.622530425566,489237.787215289,5654510.46939679
0.00107829601376962,262.622530425566,489737.787215289,5654510.46939679
0.00137771980591793,262.622530425566,490237.787215289,5654510.46939679
0.00282156877169307,262.622530425566,490737.787215289,5654510.46939679
0.000859313102433201,262.622530425566,491237.787215289,5654510.46939679
0.00051562226277183,262.622530425566,491737.787215289,5654510.46939679
0.000241946027702578,262.622530425566,492237.787215289,5654510.46939679
0.000274150667570572,262.622530425566,492737.787215289,5654510.46939679
0.000378596492232677,262.622530425566,493237.787215289,5654510.46939679
0.000250292081739323,262.622530425566,493737.787215289,5654510.46939679
0.000274756236163524,262.622530425566,494237.787215289,5654510.46939679
0.00037236389832518,262.622530425566,494737.787215289,5654510.46939679
0.000310237950014497,262.622530425566,495237.787215289,5654510.46939679
0.000206878020004765,262.622530425566,495737.787215289,5654510.46939679
0.000250292081739323,262.622530425566,496237.787215289,5654510.46939679
0.00369506340116114,262.622530425566,496737.787215289,5654510.46939679
0.00442257025385898,262.622530425566,497237.787215289,5654510.46939679
0.00896510208294334,262.622530425566,497737.787215289,5654510.46939679
0.00573285172879882,262.622530425566,498237.787215289,5654510.46939679
0.00660982958038117,262.622530425566,498737.787215289,5654510.46939679
0.00453670325437281,262.622530425566,499237.787215289,5654510.46939679
0.00341591586680216,262.622530425566,499737.787215289,5654510.46939679
0.00375806348526446,262.622530425566,500237.787215289,5654510.46939679
0.00335483240595364,262.622530425566,500737.787215289,5654510.46939679
0.00471574896761085,262.622530425566,501237.787215289,5654510.46939679
0.00397750517974312,262.622530425566,501737.787215289,5654510.46939679
0.00420976056336366,262.622530425566,502237.787215289,5654510.46939679
0.00355072853989098,262.622530425566,502737.787215289,5654510.46939679
0.00038823836824263,262.622530425566,503237.787215289,5654510.46939679
0.00420976056336366,262.622530425566,503737.787215289,5654510.46939679
0.00569281327259426,262.622530425566,504237.787215289,5654510.46939679
0.00322745744069497,262.622530425566,504737.787215289,5654510.46939679
0.00480161145866206,262.622530425566,505237.787215289,5654510.46939679
0.00590061092928377,262.622530425566,505737.787215289,5654510.46939679
0.0052674897159414,262.622530425566,506237.787215289,5654510.46939679
0.0049768786880031,262.622530425566,506737.787215289,5654510.46939679
0.00396616236284755,262.622530425566,507237.787215289,5654510.46939679
0.000770846029919897,262.622530425566,507737.787215289,5654510.46939679
0.00237985619707328,262.622530425566,508237.787215289,5654510.46939679
0.00557507016886547,262.622530425566,508737.787215289,5654510.46939679
0.00561823747141995,262.622530425566,509237.787215289,5654510.46939679
0.00611923925183344,262.622530425566,509737.787215289,5654510.46939679
0.00321211814887034,262.622530425566,510237.787215289,5654510.46939679
0.00566575676582506,262.622530425566,510737.787215289,5654510.46939679
0.00223244067527581,262.622530425566,511237.787215289,5654510.46939679
0.00674110978883432,262.622530425566,511737.787215289,5654510.46939679
0.00459989142157273,262.622530425566,512237.787215289,5654510.46939679
0.004393696690093,262.622530425566,512737.787215289,5654510.46939679
0.00434573347667642,262.622530425566,513237.787215289,5654510.46939679
0.0044251310600274,262.622530425566,513737.787215289,5654510.46939679
0.00339488994629701,262.622530425566,514237.787215289,5654510.46939679
0.00451739699871404,262.622530425566,514737.787215289,5654510.46939679
0.00483108117168769,262.622530425566,515237.787215289,5654510.46939679
0.00430560719118994,262.622530425566,515737.787215289,5654510.46939679
0.00391495600599828,262.622530425566,516237.787215289,5654510.46939679
0.00230400344665452,262.622530425566,516737.787215289,5654510.46939679
0.00330207521631791,262.622530425566,517237.787215289,5654510.46939679
0.00406806388323749,262.622530425566,517737.787215289,5654510.46939679
0.00166153290639088,262.622530425566,518237.787215289,5654510.46939679
0.00195963890683713,262.622530425566,518737.787215289,5654510.46939679
0.00633047695452298,262.622530425566,519237.787215289,5654510.46939679
0.00267440623301585,262.622530425566,519737.787215289,5654510.46939679
0.00602522931500199,262.622530425566,520237.787215289,5654510.46939679
0.00631831126310767,262.622530425566,520737.787215289,5654510.46939679
0.00209069592452311,262.622530425566,521237.787215289,5654510.46939679
0.00326385869639124,262.622530425566,521737.787215289,5654510.46939679
0.00485576699430353,262.622530425566,522237.787215289,5654510.46939679
0.00315227605504395,262.622530425566,522737.787215289,5654510.46939679
0.000766394951401487,262.622530425566,523237.787215289,5654510.46939679
0.0038655423372726,262.622530425566,523737.787215289,5654510.46939679
0.00621662383843986,262.622530425566,524237.787215289,5654510.46939679
0.000449730068855302,262.622530425566,486737.787215289,5655010.46939679
0.000291490886224183,262.622530425566,487237.787215289,5655010.46939679
0.000150135116077643,262.622530425566,487737.787215289,5655010.46939679
0.000192028198984573,262.622530425566,488237.787215289,5655010.46939679
0.000133019848347066,262.622530425566,488737.787215289,5655010.46939679
0.00269270295595009,262.622530425566,489237.787215289,5655010.46939679
0.00137771980591793,262.622530425566,489737.787215289,5655010.46939679
0.00699579224679736,262.622530425566,490237.787215289,5655010.46939679
0.00577210398585831,262.622530425566,490737.787215289,5655010.46939679
0.000246561532706124,262.622530425566,491237.787215289,5655010.46939679
0.000117901405349704,262.622530425566,491737.787215289,5655010.46939679
0.000207768584508232,262.622530425566,492237.787215289,5655010.46939679
0.000290158935464404,262.622530425566,492737.787215289,5655010.46939679
0.000210020974650171,262.622530425566,493237.787215289,5655010.46939679
0.000242276236714155,262.622530425566,493737.787215289,5655010.46939679
0.000201208952573785,262.622530425566,494237.787215289,5655010.46939679
0.000261670640572863,262.622530425566,494737.787215289,5655010.46939679
0.000252900961728123,262.622530425566,495237.787215289,5655010.46939679
0.000879954018430239,262.622530425566,495737.787215289,5655010.46939679
0.00651352411371587,262.622530425566,496237.787215289,5655010.46939679
0.0089391919065214,262.622530425566,496737.787215289,5655010.46939679
0.00382697492645714,262.622530425566,497237.787215289,5655010.46939679
0.00580671377644155,262.622530425566,497737.787215289,5655010.46939679
0.0049768786880031,262.622530425566,498237.787215289,5655010.46939679
0.00537873685171343,262.622530425566,498737.787215289,5655010.46939679
0.00397750517974312,262.622530425566,499237.787215289,5655010.46939679
0.00355072853989098,262.622530425566,499737.787215289,5655010.46939679
0.00299486704154086,262.622530425566,500237.787215289,5655010.46939679
0.00420976056336366,262.622530425566,500737.787215289,5655010.46939679
0.00397750517974312,262.622530425566,501237.787215289,5655010.46939679
0.00213057927202899,262.622530425566,501737.787215289,5655010.46939679
0.00252602486947175,262.622530425566,502237.787215289,5655010.46939679
0.00201303374925853,262.622530425566,502737.787215289,5655010.46939679
0.00420976056336366,262.622530425566,503237.787215289,5655010.46939679
0.00252602486947175,262.622530425566,503737.787215289,5655010.46939679
0.000811904207971917,262.622530425566,504237.787215289,5655010.46939679
0.00355072853989098,262.622530425566,504737.787215289,5655010.46939679
0.00445557785596561,262.622530425566,505237.787215289,5655010.46939679
0.00508198824283519,262.622530425566,505737.787215289,5655010.46939679
0.00637705587027198,262.622530425566,506237.787215289,5655010.46939679
0.00637705587027198,262.622530425566,506737.787215289,5655010.46939679
0.00480161145866206,262.622530425566,507237.787215289,5655010.46939679
0.00515277125525434,262.622530425566,507737.787215289,5655010.46939679
0.00508198824283519,262.622530425566,508237.787215289,5655010.46939679
0.00508198824283519,262.622530425566,508737.787215289,5655010.46939679
0.00486848932363736,262.622530425566,509237.787215289,5655010.46939679
0.00419775541413404,262.622530425566,509737.787215289,5655010.46939679
0.00487652963460501,262.622530425566,510237.787215289,5655010.46939679
0.00462747257381743,262.622530425566,510737.787215289,5655010.46939679
0.0040784097903425,262.622530425566,511237.787215289,5655010.46939679
0.00120445621730151,262.622530425566,511737.787215289,5655010.46939679
0.00503156262930161,262.622530425566,512237.787215289,5655010.46939679
0.00409022291627589,262.622530425566,512737.787215289,5655010.46939679
0.00452413833356691,262.622530425566,513237.787215289,5655010.46939679
0.00513943186196485,262.622530425566,513737.787215289,5655010.46939679
0.00417567306967115,262.622530425566,514237.787215289,5655010.46939679
0.00143640698744789,262.622530425566,514737.787215289,5655010.46939679
0.000972021419575884,262.622530425566,515237.787215289,5655010.46939679
0.00337625658710128,262.622530425566,515737.787215289,5655010.46939679
0.00240833268897416,262.622530425566,516237.787215289,5655010.46939679
0.000526829937153696,262.622530425566,516737.787215289,5655010.46939679
0.00318998619071274,262.622530425566,517237.787215289,5655010.46939679
0.00263729549166153,262.622530425566,517737.787215289,5655010.46939679
0.00100836859037684,262.622530425566,518237.787215289,5655010.46939679
0.00390458412452767,262.622530425566,518737.787215289,5655010.46939679
0.00512758468469033,262.622530425566,519237.787215289,5655010.46939679
0.00340151896650422,262.622530425566,519737.787215289,5655010.46939679
0.00721760053186182,262.622530425566,520237.787215289,5655010.46939679
0.00454969470499971,262.622530425566,520737.787215289,5655010.46939679
0.0062864252805201,262.622530425566,521237.787215289,5655010.46939679
0.00179536294519898,262.622530425566,521737.787215289,5655010.46939679
0.00527762399579286,262.622530425566,522237.787215289,5655010.46939679
0.0050826338470434,262.622530425566,522737.787215289,5655010.46939679
0.00644214072637609,262.622530425566,523237.787215289,5655010.46939679
0.00590615667039092,262.622530425566,523737.787215289,5655010.46939679
0.0060444758700114,262.622530425566,524237.787215289,5655010.46939679
0.0042864102177838,262.622530425566,486737.787215289,5655510.46939679
0.00267352508595973,262.622530425566,487237.787215289,5655510.46939679
0.000410908471002428,262.622530425566,487737.787215289,5655510.46939679
0.000133019848347066,262.622530425566,488237.787215289,5655510.46939679
0.00223838347114631,262.622530425566,488737.787215289,5655510.46939679
0.00480161145866206,262.622530425566,489237.787215289,5655510.46939679
0.00447727248373544,262.622530425566,489737.787215289,5655510.46939679
0.000275939001500448,262.622530425566,490237.787215289,5655510.46939679
0.000265710244322604,262.622530425566,490737.787215289,5655510.46939679
0.000185648786021458,262.622530425566,491237.787215289,5655510.46939679
0.000237200180822545,262.622530425566,491737.787215289,5655510.46939679
0.000157348163511588,262.622530425566,492237.787215289,5655510.46939679
0.000185475520299328,262.622530425566,492737.787215289,5655510.46939679
0.000261927751581279,262.622530425566,493237.787215289,5655510.46939679
0.000193195291329972,262.622530425566,493737.787215289,5655510.46939679
0.000191609433998146,262.622530425566,494237.787215289,5655510.46939679
0.000386213461731621,262.622530425566,494737.787215289,5655510.46939679
0.000656810392249172,262.622530425566,495237.787215289,5655510.46939679
0.000400703584383987,262.622530425566,495737.787215289,5655510.46939679
0.000204476394552677,262.622530425566,496237.787215289,5655510.46939679
0.00453727958681839,262.622530425566,496737.787215289,5655510.46939679
0.00541656635877103,262.622530425566,497237.787215289,5655510.46939679
0.00434611225037051,262.622530425566,497737.787215289,5655510.46939679
0.00267352508595973,262.622530425566,498237.787215289,5655510.46939679
0.00471574896761085,262.622530425566,498737.787215289,5655510.46939679
0.00169789618142673,262.622530425566,499237.787215289,5655510.46939679
0.00160422208214493,262.622530425566,499737.787215289,5655510.46939679
0.0030493963954823,262.622530425566,500237.787215289,5655510.46939679
0.00145816793296871,262.622530425566,500737.787215289,5655510.46939679
0.00169789618142673,262.622530425566,501237.787215289,5655510.46939679
0.00382648881803548,262.622530425566,501737.787215289,5655510.46939679
0.00229604647856506,262.622530425566,502237.787215289,5655510.46939679
0.00480161145866206,262.622530425566,502737.787215289,5655510.46939679
0.000207962675748804,262.622530425566,503237.787215289,5655510.46939679
0.00341591586680216,262.622530425566,503737.787215289,5655510.46939679
0.00213057927202899,262.622530425566,504237.787215289,5655510.46939679
0.00355072853989098,262.622530425566,504737.787215289,5655510.46939679
0.00397750517974312,262.622530425566,505237.787215289,5655510.46939679
0.00169789618142673,262.622530425566,505737.787215289,5655510.46939679
0.000196489231996411,262.622530425566,506237.787215289,5655510.46939679
0.000156585732846479,262.622530425566,506737.787215289,5655510.46939679
0.00225498853959682,262.622530425566,507237.787215289,5655510.46939679
0.000207962675748804,262.622530425566,507737.787215289,5655510.46939679
0.000460297247015866,262.622530425566,508237.787215289,5655510.46939679
0.000767110894801872,262.622530425566,508737.787215289,5655510.46939679
0.000724788859505558,262.622530425566,509237.787215289,5655510.46939679
0.00335483240595364,262.622530425566,509737.787215289,5655510.46939679
0.00602522931500199,262.622530425566,510237.787215289,5655510.46939679
0.00545365304183074,262.622530425566,510737.787215289,5655510.46939679
0.00246396494121468,262.622530425566,511237.787215289,5655510.46939679
0.00181160427189338,262.622530425566,511737.787215289,5655510.46939679
0.00454281820311902,262.622530425566,512237.787215289,5655510.46939679
0.00125302909710632,262.622530425566,512737.787215289,5655510.46939679
0.00236531980621026,262.622530425566,513237.787215289,5655510.46939679
0.00497712545817781,262.622530425566,513737.787215289,5655510.46939679
0.00358878951771096,262.622530425566,514237.787215289,5655510.46939679
0.00287965646358201,262.622530425566,514737.787215289,5655510.46939679
0.00449603348286449,262.622530425566,515237.787215289,5655510.46939679
0.0031985245461885,262.622530425566,515737.787215289,5655510.46939679
0.000557592710205401,262.622530425566,516237.787215289,5655510.46939679
0.00387397980141859,262.622530425566,516737.787215289,5655510.46939679
0.00093858772086906,262.622530425566,517237.787215289,5655510.46939679
0.00391983735913515,262.622530425566,517737.787215289,5655510.46939679
0.00384676614856939,262.622530425566,518237.787215289,5655510.46939679
0.00449196233087071,262.622530425566,518737.787215289,5655510.46939679
0.00494123340856061,262.622530425566,519237.787215289,5655510.46939679
0.000673252537855407,262.622530425566,519737.787215289,5655510.46939679
0.00316070470561943,262.622530425566,520237.787215289,5655510.46939679
0.00112482487953618,262.622530425566,520737.787215289,5655510.46939679
0.00546164428201561,262.622530425566,521237.787215289,5655510.46939679
0.0058736484286299,262.622530425566,521737.787215289,5655510.46939679
0.00590615667039092,262.622530425566,522237.787215289,5655510.46939679
0.00137391255372769,262.622530425566,522737.787215289,5655510.46939679
0.00574580889973578,262.622530425566,523237.787215289,5655510.46939679
0.00126515902615936,262.622530425566,523737.787215289,5655510.46939679
0.0042514264320653,262.622530425566,524237.787215289,5655510.46939679
0.00559101429679573,262.622530425566,486737.787215289,5656010.46939679
0.00101880568158444,262.622530425566,487237.787215289,5656010.46939679
0.0017970401199371,262.622530425566,487737.787215289,5656010.46939679
0.00397750517974312,262.622530425566,488237.787215289,5656010.46939679
0.000496045318275107,262.622530425566,488737.787215289,5656010.46939679
0.000365772917666113,262.622530425566,489237.787215289,5656010.46939679
0.000286852355634058,262.622530425566,489737.787215289,5656010.46939679
0.000249857646209657,262.622530425566,490237.787215289,5656010.46939679
0.000315027323340626,262.622530425566,490737.787215289,5656010.46939679
0.000220106079428271,262.622530425566,491237.787215289,5656010.46939679
0.000124785930923261,262.622530425566,491737.787215289,5656010.46939679
0.000161657453319284,262.622530425566,492237.787215289,5656010.46939679
0.00016993347461348,262.622530425566,492737.787215289,5656010.46939679
0.00365227770976434,262.622530425566,493237.787215289,5656010.46939679
0.000250357062499407,262.622530425566,493737.787215289,5656010.46939679
0.000222284566985426,262.622530425566,494237.787215289,5656010.46939679
0.000252484002490744,262.622530425566,494737.787215289,5656010.46939679
0.0004037667875268,262.622530425566,495237.787215289,5656010.46939679
0.00136647546577746,262.622530425566,495737.787215289,5656010.46939679
0.000977415547318115,262.622530425566,496237.787215289,5656010.46939679
0.00420583160040282,262.622530425566,496737.787215289,5656010.46939679
0.00337116740056717,262.622530425566,497237.787215289,5656010.46939679
0.00508198824283519,262.622530425566,497737.787215289,5656010.46939679
0.000962597471913222,262.622530425566,498237.787215289,5656010.46939679
0.00201303374925853,262.622530425566,498737.787215289,5656010.46939679
0.00480161145866206,262.622530425566,499237.787215289,5656010.46939679
0.00453670325437281,262.622530425566,499737.787215289,5656010.46939679
0.00486848932363736,262.622530425566,500237.787215289,5656010.46939679
0.00387978496761053,262.622530425566,500737.787215289,5656010.46939679
0.00204968627115242,262.622530425566,501237.787215289,5656010.46939679
0.000809588866985141,262.622530425566,501737.787215289,5656010.46939679
0.00459989142157273,262.622530425566,502237.787215289,5656010.46939679
0.00189654935744652,262.622530425566,502737.787215289,5656010.46939679
0.00382648881803548,262.622530425566,503237.787215289,5656010.46939679
0.00459989142157273,262.622530425566,503737.787215289,5656010.46939679
0.0030493963954823,262.622530425566,504237.787215289,5656010.46939679
0.00288115910051417,262.622530425566,504737.787215289,5656010.46939679
0.000859313102433201,262.622530425566,505237.787215289,5656010.46939679
0.00190197329376754,262.622530425566,505737.787215289,5656010.46939679
0.00151571604730208,262.622530425566,506237.787215289,5656010.46939679
0.0023866623413033,262.622530425566,506737.787215289,5656010.46939679
0.000767110894801872,262.622530425566,507237.787215289,5656010.46939679
0.00397750517974312,262.622530425566,507737.787215289,5656010.46939679
0.000276196775519799,262.622530425566,508237.787215289,5656010.46939679
0.00107829601376962,262.622530425566,508737.787215289,5656010.46939679
0.000246561532706124,262.622530425566,509237.787215289,5656010.46939679
0.000232958563486665,262.622530425566,509737.787215289,5656010.46939679
0.000232958563486665,262.622530425566,510237.787215289,5656010.46939679
0.000737985528240628,262.622530425566,510737.787215289,5656010.46939679
0.00102706261508075,262.622530425566,511237.787215289,5656010.46939679
0.00249094224517492,262.622530425566,511737.787215289,5656010.46939679
0.00443379096456861,262.622530425566,512237.787215289,5656010.46939679
0.00478831284415368,262.622530425566,512737.787215289,5656010.46939679
0.00458798331276648,262.622530425566,513237.787215289,5656010.46939679
0.00313309999521184,262.622530425566,513737.787215289,5656010.46939679
0.00468788023518999,262.622530425566,514237.787215289,5656010.46939679
0.00338529351616448,262.622530425566,514737.787215289,5656010.46939679
0.00152947840201264,262.622530425566,515237.787215289,5656010.46939679
0.0031985245461885,262.622530425566,515737.787215289,5656010.46939679
0.0032386422211885,262.622530425566,516237.787215289,5656010.46939679
0.00326751377823431,262.622530425566,516737.787215289,5656010.46939679
0.00330937024902665,262.622530425566,517237.787215289,5656010.46939679
0.00180245352285467,262.622530425566,517737.787215289,5656010.46939679
0.00465315839724676,262.622530425566,518237.787215289,5656010.46939679
0.00456986018393179,262.622530425566,518737.787215289,5656010.46939679
0.00471730319589994,262.622530425566,519237.787215289,5656010.46939679
0.00142089947909711,262.622530425566,519737.787215289,5656010.46939679
0.00319772652358367,262.622530425566,520237.787215289,5656010.46939679
0.00151430143188171,262.622530425566,520737.787215289,5656010.46939679
0.0031462620481195,262.622530425566,521237.787215289,5656010.46939679
0.00243788033640995,262.622530425566,521737.787215289,5656010.46939679
0.00307778388452216,262.622530425566,522237.787215289,5656010.46939679
0.00438088465805786,262.622530425566,522737.787215289,5656010.46939679
0.00200534649598937,262.622530425566,523237.787215289,5656010.46939679
0.00103619740188751,262.622530425566,523737.787215289,5656010.46939679
0.000357709063549409,262.622530425566,524237.787215289,5656010.46939679
0.000132072459273904,262.622530425566,486737.787215289,5656510.46939679
0.000207962675748804,262.622530425566,487237.787215289,5656510.46939679
0.000152738700513592,262.622530425566,487737.787215289,5656510.46939679
0.000232294225865349,262.622530425566,488237.787215289,5656510.46939679
0.00016993347461348,262.622530425566,488737.787215289,5656510.46939679
0.00016557444770455,262.622530425566,489237.787215289,5656510.46939679
0.000195033609718531,262.622530425566,489737.787215289,5656510.46939679
0.000226401010003479,262.622530425566,490237.787215289,5656510.46939679
0.000157348163511588,262.622530425566,490737.787215289,5656510.46939679
0.000251050827522484,262.622530425566,491237.787215289,5656510.46939679
0.000156585732846479,262.622530425566,491737.787215289,5656510.46939679
0.000147946790345031,262.622530425566,492237.787215289,5656510.46939679
0.000191661841819713,262.622530425566,492737.787215289,5656510.46939679
0.000355373694100602,262.622530425566,493237.787215289,5656510.46939679
0.000237230314193109,262.622530425566,493737.787215289,5656510.46939679
0.00103448901740564,262.622530425566,494237.787215289,5656510.46939679
0.00545216180041935,262.622530425566,494737.787215289,5656510.46939679
0.000427611639518568,262.622530425566,495237.787215289,5656510.46939679
0.00236898158170909,262.622530425566,495737.787215289,5656510.46939679
0.00602599474640705,262.622530425566,496237.787215289,5656510.46939679
0.0052674897159414,262.622530425566,496737.787215289,5656510.46939679
0.0018297599153029,262.622530425566,497237.787215289,5656510.46939679
0.00127843285776473,262.622530425566,497737.787215289,5656510.46939679
0.000859313102433201,262.622530425566,498237.787215289,5656510.46939679
0.0042864102177838,262.622530425566,498737.787215289,5656510.46939679
0.00473871039300067,262.622530425566,499237.787215289,5656510.46939679
0.00261214819073989,262.622530425566,499737.787215289,5656510.46939679
0.00311040802000679,262.622530425566,500237.787215289,5656510.46939679
0.00548635338648042,262.622530425566,500737.787215289,5656510.46939679
0.00460748814305824,262.622530425566,501237.787215289,5656510.46939679
0.00190019818506213,262.622530425566,501737.787215289,5656510.46939679
0.00462747257381743,262.622530425566,502237.787215289,5656510.46939679
0.00527762399579286,262.622530425566,502737.787215289,5656510.46939679
0.00118017070647381,262.622530425566,503237.787215289,5656510.46939679
0.00125450125259117,262.622530425566,503737.787215289,5656510.46939679
0.0029261130053168,262.622530425566,504237.787215289,5656510.46939679
0.00435328985551048,262.622530425566,504737.787215289,5656510.46939679
0.00159964725533383,262.622530425566,505237.787215289,5656510.46939679
0.00470230087021113,262.622530425566,505737.787215289,5656510.46939679
0.00396616236284755,262.622530425566,506237.787215289,5656510.46939679
0.00316070470561943,262.622530425566,506737.787215289,5656510.46939679
0.0061091499895595,262.622530425566,507237.787215289,5656510.46939679
0.00316974399636372,262.622530425566,507737.787215289,5656510.46939679
0.00151571604730208,262.622530425566,508237.787215289,5656510.46939679
0.00382648881803548,262.622530425566,508737.787215289,5656510.46939679
0.001633431122982,262.622530425566,509237.787215289,5656510.46939679
0.000327460204363343,262.622530425566,509737.787215289,5656510.46939679
0.00151571604730208,262.622530425566,510237.787215289,5656510.46939679
0.00151571604730208,262.622530425566,510737.787215289,5656510.46939679
0.00267352508595973,262.622530425566,511237.787215289,5656510.46939679
0.00114126011891021,262.622530425566,511737.787215289,5656510.46939679
0.000246561532706124,262.622530425566,512237.787215289,5656510.46939679
0.000909490307801081,262.622530425566,512737.787215289,5656510.46939679
0.00149819352792924,262.622530425566,513237.787215289,5656510.46939679
0.000859313102433201,262.622530425566,513737.787215289,5656510.46939679
0.00155909594370941,262.622530425566,514237.787215289,5656510.46939679
0.00108808669471602,262.622530425566,514737.787215289,5656510.46939679
0.00285533063527697,262.622530425566,515237.787215289,5656510.46939679
0.00203131163484991,262.622530425566,515737.787215289,5656510.46939679
0.00305996410394878,262.622530425566,516237.787215289,5656510.46939679
0.00326751377823431,262.622530425566,516737.787215289,5656510.46939679
0.00434444384803289,262.622530425566,517237.787215289,5656510.46939679
0.000717363805278189,262.622530425566,517737.787215289,5656510.46939679
0.00518570719989662,262.622530425566,518237.787215289,5656510.46939679
0.0064620399648251,262.622530425566,518737.787215289,5656510.46939679
0.00130715116495767,262.622530425566,519237.787215289,5656510.46939679
0.00480161145866206,262.622530425566,519737.787215289,5656510.46939679
0.00233187103778548,262.622530425566,520237.787215289,5656510.46939679
0.00258516565402326,262.622530425566,520737.787215289,5656510.46939679
0.00635943323043978,262.622530425566,521237.787215289,5656510.46939679
0.00601850166585303,262.622530425566,521737.787215289,5656510.46939679
0.00541181653125619,262.622530425566,522237.787215289,5656510.46939679
0.00387872408310493,262.622530425566,522737.787215289,5656510.46939679
0.00553693423410332,262.622530425566,523237.787215289,5656510.46939679
0.00240233029666638,262.622530425566,523737.787215289,5656510.46939679
0.000445348794494878,262.622530425566,524237.787215289,5656510.46939679
0.000156139190801686,262.622530425566,486737.787215289,5657010.46939679
0.000156139190801686,262.622530425566,487237.787215289,5657010.46939679
0.000215985806895236,262.622530425566,487737.787215289,5657010.46939679
0.000167944642401072,262.622530425566,488237.787215289,5657010.46939679
0.000202108731818525,262.622530425566,488737.787215289,5657010.46939679
0.000176057700220721,262.622530425566,489237.787215289,5657010.46939679
0.000207168520280917,262.622530425566,489737.787215289,5657010.46939679
0.000223494358098441,262.622530425566,490237.787215289,5657010.46939679
0.000175242708368352,262.622530425566,490737.787215289,5657010.46939679
0.000190358476547355,262.622530425566,491237.787215289,5657010.46939679
0.000156139190801686,262.622530425566,491737.787215289,5657010.46939679
0.000139784464238874,262.622530425566,492237.787215289,5657010.46939679
0.000366818990633097,262.622530425566,492737.787215289,5657010.46939679
0.00028514262783637,262.622530425566,493237.787215289,5657010.46939679
0.000252816507702312,262.622530425566,493737.787215289,5657010.46939679
0.000315067343694064,262.622530425566,494237.787215289,5657010.46939679
0.00176691458343751,262.622530425566,494737.787215289,5657010.46939679
0.00468081397812364,262.622530425566,495237.787215289,5657010.46939679
0.00614578072287585,262.622530425566,495737.787215289,5657010.46939679
0.00541656635877103,262.622530425566,496237.787215289,5657010.46939679
0.00335483240595364,262.622530425566,496737.787215289,5657010.46939679
0.00397750517974312,262.622530425566,497237.787215289,5657010.46939679
0.000220106079428271,262.622530425566,497737.787215289,5657010.46939679
0.00515277125525434,262.622530425566,498237.787215289,5657010.46939679
0.000932563003173035,262.622530425566,498737.787215289,5657010.46939679
0.00480222144444238,262.622530425566,499237.787215289,5657010.46939679
0.00265371920328589,262.622530425566,499737.787215289,5657010.46939679
0.00150448739103946,262.622530425566,500237.787215289,5657010.46939679
0.00554959520790381,262.622530425566,500737.787215289,5657010.46939679
0.0058736484286299,262.622530425566,501237.787215289,5657010.46939679
0.00530216835827439,262.622530425566,501737.787215289,5657010.46939679
0.00394803921312911,262.622530425566,502237.787215289,5657010.46939679
0.00561177377433855,262.622530425566,502737.787215289,5657010.46939679
0.00417857401335116,262.622530425566,503237.787215289,5657010.46939679
0.00675028379321693,262.622530425566,503737.787215289,5657010.46939679
0.0016661124387039,262.622530425566,504237.787215289,5657010.46939679
0.00244720914722775,262.622530425566,504737.787215289,5657010.46939679
0.00334526529089623,262.622530425566,505237.787215289,5657010.46939679
0.00470230087021113,262.622530425566,505737.787215289,5657010.46939679
0.00251882129932582,262.622530425566,506237.787215289,5657010.46939679
0.00309186903662559,262.622530425566,506737.787215289,5657010.46939679
0.00272220357273777,262.622530425566,507237.787215289,5657010.46939679
0.00316974399636372,262.622530425566,507737.787215289,5657010.46939679
0.00341591586680216,262.622530425566,508237.787215289,5657010.46939679
0.00358207440193289,262.622530425566,508737.787215289,5657010.46939679
0.000154969377706193,262.622530425566,509237.787215289,5657010.46939679
0.00273147170782736,262.622530425566,509737.787215289,5657010.46939679
0.00279033881957318,262.622530425566,510237.787215289,5657010.46939679
0.00107302336027657,262.622530425566,510737.787215289,5657010.46939679
0.00574389013798095,262.622530425566,511237.787215289,5657010.46939679
0.00225498853959682,262.622530425566,511737.787215289,5657010.46939679
0.000267128251035496,262.622530425566,512237.787215289,5657010.46939679
0.000611324195308897,262.622530425566,512737.787215289,5657010.46939679
0.00150675859743815,262.622530425566,513237.787215289,5657010.46939679
0.00365235063230413,262.622530425566,513737.787215289,5657010.46939679
0.00285533063527697,262.622530425566,514237.787215289,5657010.46939679
0.000971337636586899,262.622530425566,514737.787215289,5657010.46939679
0.00181335683282253,262.622530425566,515237.787215289,5657010.46939679
0.00115162249951666,262.622530425566,515737.787215289,5657010.46939679
0.00185246927154698,262.622530425566,516237.787215289,5657010.46939679
0.00194331498689957,262.622530425566,516737.787215289,5657010.46939679
0.00400290579031765,262.622530425566,517237.787215289,5657010.46939679
0.00124078491740838,262.622530425566,517737.787215289,5657010.46939679
0.00104285284781809,262.622530425566,518237.787215289,5657010.46939679
0.00537615112457738,262.622530425566,518737.787215289,5657010.46939679
0.00528429523274311,262.622530425566,519237.787215289,5657010.46939679
0.00495210070373775,262.622530425566,519737.787215289,5657010.46939679
0.0016183841684623,262.622530425566,520237.787215289,5657010.46939679
0.00662254642775068,262.622530425566,520737.787215289,5657010.46939679
0.0058736484286299,262.622530425566,521237.787215289,5657010.46939679
0.000886903171914008,262.622530425566,521737.787215289,5657010.46939679
0.00712195061867246,262.622530425566,522237.787215289,5657010.46939679
0.00647131013101368,262.622530425566,522737.787215289,5657010.46939679
0.0073165326250679,262.622530425566,523237.787215289,5657010.46939679
0.00851776469271515,262.622530425566,523737.787215289,5657010.46939679
0.000369227083085937,262.622530425566,524237.787215289,5657010.46939679
0.000181386792690193,262.622530425566,486737.787215289,5657510.46939679
0.000161924430631654,262.622530425566,487237.787215289,5657510.46939679
0.000200092246210729,262.622530425566,487737.787215289,5657510.46939679
0.00126896203165569,262.622530425566,488237.787215289,5657510.46939679
0.000133019848347066,262.622530425566,488737.787215289,5657510.46939679
0.000157708961815844,262.622530425566,489237.787215289,5657510.46939679
0.000149008050000168,262.622530425566,489737.787215289,5657510.46939679
0.000193195291329972,262.622530425566,490237.787215289,5657510.46939679
0.00117389962271425,262.622530425566,490737.787215289,5657510.46939679
0.000684162635570815,262.622530425566,491237.787215289,5657510.46939679
0.00020147393183855,262.622530425566,491737.787215289,5657510.46939679
0.000165729122435757,262.622530425566,492237.787215289,5657510.46939679
0.000185648786021458,262.622530425566,492737.787215289,5657510.46939679
0.000395307258815033,262.622530425566,493237.787215289,5657510.46939679
0.000176260485238228,262.622530425566,493737.787215289,5657510.46939679
0.000766394951401487,262.622530425566,494237.787215289,5657510.46939679
0.00712379961749523,262.622530425566,494737.787215289,5657510.46939679
0.00116218735440748,262.622530425566,495237.787215289,5657510.46939679
0.00629351649740193,262.622530425566,495737.787215289,5657510.46939679
0.00660982958038117,262.622530425566,496237.787215289,5657510.46939679
0.00445557785596561,262.622530425566,496737.787215289,5657510.46939679
0.00335483240595364,262.622530425566,497237.787215289,5657510.46939679
0.00404992602004812,262.622530425566,497737.787215289,5657510.46939679
0.00447727248373544,262.622530425566,498237.787215289,5657510.46939679
0.00527762399579286,262.622530425566,498737.787215289,5657510.46939679
0.0015923377596418,262.622530425566,499237.787215289,5657510.46939679
0.00163864883675171,262.622530425566,499737.787215289,5657510.46939679
0.00364903514139535,262.622530425566,500237.787215289,5657510.46939679
0.00542880867368203,262.622530425566,500737.787215289,5657510.46939679
0.00231742087067158,262.622530425566,501237.787215289,5657510.46939679
0.000754251066574224,262.622530425566,501737.787215289,5657510.46939679
0.000547756896506842,262.622530425566,502237.787215289,5657510.46939679
0.00495413712844464,262.622530425566,502737.787215289,5657510.46939679
0.0065796263460858,262.622530425566,503237.787215289,5657510.46939679
0.00140528490818642,262.622530425566,503737.787215289,5657510.46939679
0.00594629886674923,262.622530425566,504237.787215289,5657510.46939679
0.00419775541413404,262.622530425566,504737.787215289,5657510.46939679
0.00137771980591793,262.622530425566,505237.787215289,5657510.46939679
0.00137771980591793,262.622530425566,505737.787215289,5657510.46939679
0.00537873685171343,262.622530425566,506237.787215289,5657510.46939679
0.00453670325437281,262.622530425566,506737.787215289,5657510.46939679
0.00316974399636372,262.622530425566,507237.787215289,5657510.46939679
0.000196489231996411,262.622530425566,507737.787215289,5657510.46939679
0.000577597019294748,262.622530425566,508237.787215289,5657510.46939679
0.00390767243083321,262.622530425566,508737.787215289,5657510.46939679
0.000526797982963975,262.622530425566,509237.787215289,5657510.46939679
0.00334953554048307,262.622530425566,509737.787215289,5657510.46939679
0.00538598676389049,262.622530425566,510237.787215289,5657510.46939679
0.00684283738539687,262.622530425566,510737.787215289,5657510.46939679
0.00446360382759764,262.622530425566,511237.787215289,5657510.46939679
0.00347544221002416,262.622530425566,511737.787215289,5657510.46939679
0.00282170867444385,262.622530425566,512237.787215289,5657510.46939679
0.00471574896761085,262.622530425566,512737.787215289,5657510.46939679
0.00485071402393659,262.622530425566,513237.787215289,5657510.46939679
0.00404781382554656,262.622530425566,513737.787215289,5657510.46939679
0.00181335683282253,262.622530425566,514237.787215289,5657510.46939679
0.0006584578837918,262.622530425566,514737.787215289,5657510.46939679
0.00304780601623396,262.622530425566,515237.787215289,5657510.46939679
0.000616874879049404,262.622530425566,515737.787215289,5657510.46939679
0.000357271529833972,262.622530425566,516237.787215289,5657510.46939679
0.00342775375153236,262.622530425566,516737.787215289,5657510.46939679
0.000276236050326866,262.622530425566,517237.787215289,5657510.46939679
0.00146711738481373,262.622530425566,517737.787215289,5657510.46939679
0.00129617053980806,262.622530425566,518237.787215289,5657510.46939679
0.00474546618850688,262.622530425566,518737.787215289,5657510.46939679
0.00553514053695387,262.622530425566,519237.787215289,5657510.46939679
0.00436734343092793,262.622530425566,519737.787215289,5657510.46939679
0.00419775541413404,262.622530425566,520237.787215289,5657510.46939679
0.000540273777935226,262.622530425566,520737.787215289,5657510.46939679
0.00549029077655456,262.622530425566,521237.787215289,5657510.46939679
0.00641627529491211,262.622530425566,521737.787215289,5657510.46939679
0.00760382924063287,262.622530425566,522237.787215289,5657510.46939679
0.00781806732570516,262.622530425566,522737.787215289,5657510.46939679
0.00781806732570516,262.622530425566,523237.787215289,5657510.46939679
0.00448482782306648,262.622530425566,523737.787215289,5657510.46939679
0.0027804584081078,262.622530425566,524237.787215289,5657510.46939679
0.0013164462042392,262.622530425566,486737.787215289,5658010.46939679
0.000174106977356663,262.622530425566,487237.787215289,5658010.46939679
0.00135473333352845,262.622530425566,487737.787215289,5658010.46939679
0.00100578091184849,262.622530425566,488237.787215289,5658010.46939679
0.000265413557639719,262.622530425566,488737.787215289,5658010.46939679
0.000242276236714155,262.622530425566,489237.787215289,5658010.46939679
0.000254761412883204,262.622530425566,489737.787215289,5658010.46939679
0.000378596492232677,262.622530425566,490237.787215289,5658010.46939679
0.000193195291329972,262.622530425566,490737.787215289,5658010.46939679
0.000649423169166229,262.622530425566,491237.787215289,5658010.46939679
0.000149008050000168,262.622530425566,491737.787215289,5658010.46939679
0.000152738700513592,262.622530425566,492237.787215289,5658010.46939679
0.000178600145490911,262.622530425566,492737.787215289,5658010.46939679
0.00299486704154086,262.622530425566,493237.787215289,5658010.46939679
0.00137771980591793,262.622530425566,493737.787215289,5658010.46939679
0.00218462955281558,262.622530425566,494237.787215289,5658010.46939679
0.00566575676582506,262.622530425566,494737.787215289,5658010.46939679
0.00541656635877103,262.622530425566,495237.787215289,5658010.46939679
0.00453670325437281,262.622530425566,495737.787215289,5658010.46939679
0.00252602486947175,262.622530425566,496237.787215289,5658010.46939679
0.000647020776226274,262.622530425566,496737.787215289,5658010.46939679
0.0042864102177838,262.622530425566,497237.787215289,5658010.46939679
0.00447727248373544,262.622530425566,497737.787215289,5658010.46939679
0.0055857962118821,262.622530425566,498237.787215289,5658010.46939679
0.00495413712844464,262.622530425566,498737.787215289,5658010.46939679
0.000867818105594465,262.622530425566,499237.787215289,5658010.46939679
0.000471560566832032,262.622530425566,499737.787215289,5658010.46939679
0.00865065979268219,262.622530425566,500237.787215289,5658010.46939679
0.00615416851166139,262.622530425566,500737.787215289,5658010.46939679
0.00036066964607008,262.622530425566,501237.787215289,5658010.46939679
0.000174106977356663,262.622530425566,501737.787215289,5658010.46939679
0.000275939001500448,262.622530425566,502237.787215289,5658010.46939679
0.000338624766012657,262.622530425566,502737.787215289,5658010.46939679
0.00367178852567052,262.622530425566,503237.787215289,5658010.46939679
0.00105180420283649,262.622530425566,503737.787215289,5658010.46939679
0.00216937201628551,262.622530425566,504237.787215289,5658010.46939679
0.00282963816850733,262.622530425566,504737.787215289,5658010.46939679
0.000327460204363343,262.622530425566,505237.787215289,5658010.46939679
0.00213057927202899,262.622530425566,505737.787215289,5658010.46939679
0.00252602486947175,262.622530425566,506237.787215289,5658010.46939679
0.000962597471913222,262.622530425566,506737.787215289,5658010.46939679
0.000545730594761758,262.622530425566,507237.787215289,5658010.46939679
0.00267352508595973,262.622530425566,507737.787215289,5658010.46939679
0.00130614191715642,262.622530425566,508237.787215289,5658010.46939679
0.00264445715252957,262.622530425566,508737.787215289,5658010.46939679
0.00042255312529714,262.622530425566,509237.787215289,5658010.46939679
0.00596711074865774,262.622530425566,509737.787215289,5658010.46939679
0.00231664698859264,262.622530425566,510237.787215289,5658010.46939679
0.00236531980621026,262.622530425566,510737.787215289,5658010.46939679
0.00450877857305705,262.622530425566,511237.787215289,5658010.46939679
0.00371461818405376,262.622530425566,511737.787215289,5658010.46939679
0.00565094551055956,262.622530425566,512237.787215289,5658010.46939679
0.00326046228521786,262.622530425566,512737.787215289,5658010.46939679
0.00379218584136214,262.622530425566,513237.787215289,5658010.46939679
0.00269780008167944,262.622530425566,513737.787215289,5658010.46939679
0.000370149623090704,262.622530425566,514237.787215289,5658010.46939679
0.00269780008167944,262.622530425566,514737.787215289,5658010.46939679
0.00161878805138982,262.622530425566,515237.787215289,5658010.46939679
0.00392360503130693,262.622530425566,515737.787215289,5658010.46939679
0.0019022437517916,262.622530425566,516237.787215289,5658010.46939679
0.00289114378124144,262.622530425566,516737.787215289,5658010.46939679
0.00294777057014516,262.622530425566,517237.787215289,5658010.46939679
0.00355397372118687,262.622530425566,517737.787215289,5658010.46939679
0.00393675787621892,262.622530425566,518237.787215289,5658010.46939679
0.0012549948812449,262.622530425566,518737.787215289,5658010.46939679
0.000625071684507367,262.622530425566,519237.787215289,5658010.46939679
0.00566882003965287,262.622530425566,519737.787215289,5658010.46939679
0.00459989142157273,262.622530425566,520237.787215289,5658010.46939679
0.00343994054340447,262.622530425566,520737.787215289,5658010.46939679
0.00155120288564565,262.622530425566,521237.787215289,5658010.46939679
0.00593487147548065,262.622530425566,521737.787215289,5658010.46939679
0.0070038962475581,262.622530425566,522237.787215289,5658010.46939679
0.00611428350339827,262.622530425566,522737.787215289,5658010.46939679
0.00502387769047833,262.622530425566,523237.787215289,5658010.46939679
0.00632500915874751,262.622530425566,523737.787215289,5658010.46939679
0.00371904391410539,262.622530425566,524237.787215289,5658010.46939679
0.00136299099897739,262.622530425566,486737.787215289,5658510.46939679
0.000180262772783365,262.622530425566,487237.787215289,5658510.46939679
0.000184939841505359,262.622530425566,487737.787215289,5658510.46939679
0.000149008050000168,262.622530425566,488237.787215289,5658510.46939679
0.000289496960213549,262.622530425566,488737.787215289,5658510.46939679
0.000441482532653954,262.622530425566,489237.787215289,5658510.46939679
0.000368522660568494,262.622530425566,489737.787215289,5658510.46939679
0.000234487889320065,262.622530425566,490237.787215289,5658510.46939679
0.000520725605153641,262.622530425566,490737.787215289,5658510.46939679
0.000204476394552677,262.622530425566,491237.787215289,5658510.46939679
0.000290158935464404,262.622530425566,491737.787215289,5658510.46939679
0.000221177796637001,262.622530425566,492237.787215289,5658510.46939679
0.000240503955357769,262.622530425566,492737.787215289,5658510.46939679
0.00397750517974312,262.622530425566,493237.787215289,5658510.46939679
0.00714354039475427,262.622530425566,493737.787215289,5658510.46939679
0.00783664523644424,262.622530425566,494237.787215289,5658510.46939679
0.00411311586219549,262.622530425566,494737.787215289,5658510.46939679
0.00473871039300067,262.622530425566,495237.787215289,5658510.46939679
0.00375806348526446,262.622530425566,495737.787215289,5658510.46939679
0.000220106079428271,262.622530425566,496237.787215289,5658510.46939679
0.00508198824283519,262.622530425566,496737.787215289,5658510.46939679
0.000809588866985141,262.622530425566,497237.787215289,5658510.46939679
0.00606760570581259,262.622530425566,497737.787215289,5658510.46939679
0.000561338233658945,262.622530425566,498237.787215289,5658510.46939679
0.00673077469645905,262.622530425566,498737.787215289,5658510.46939679
0.000478707814418994,262.622530425566,499237.787215289,5658510.46939679
0.000234487889320065,262.622530425566,499737.787215289,5658510.46939679
0.00169501547245687,262.622530425566,500237.787215289,5658510.46939679
0.000249001861626019,262.622530425566,500737.787215289,5658510.46939679
0.000176057700220721,262.622530425566,501237.787215289,5658510.46939679
0.000178622834446494,262.622530425566,501737.787215289,5658510.46939679
0.000160558128024934,262.622530425566,502237.787215289,5658510.46939679
0.000174906201135183,262.622530425566,502737.787215289,5658510.46939679
0.00101590031106293,262.622530425566,503237.787215289,5658510.46939679
0.00382648881803548,262.622530425566,503737.787215289,5658510.46939679
0.000175406414901508,262.622530425566,504237.787215289,5658510.46939679
0.000196489231996411,262.622530425566,504737.787215289,5658510.46939679
0.000207962675748804,262.622530425566,505237.787215289,5658510.46939679
0.000156585732846479,262.622530425566,505737.787215289,5658510.46939679
0.000246561532706124,262.622530425566,506237.787215289,5658510.46939679
0.000196489231996411,262.622530425566,506737.787215289,5658510.46939679
0.000297647049395789,262.622530425566,507237.787215289,5658510.46939679
0.0042864102177838,262.622530425566,507737.787215289,5658510.46939679
0.000480408911678482,262.622530425566,508237.787215289,5658510.46939679
0.000189283794782316,262.622530425566,508737.787215289,5658510.46939679
0.0014402122296317,262.622530425566,509237.787215289,5658510.46939679
0.00579989960585602,262.622530425566,509737.787215289,5658510.46939679
0.00446360382759764,262.622530425566,510237.787215289,5658510.46939679
0.00183952473204715,262.622530425566,510737.787215289,5658510.46939679
0.00394529831650573,262.622530425566,511237.787215289,5658510.46939679
0.00480388034232489,262.622530425566,511737.787215289,5658510.46939679
0.00552576017849876,262.622530425566,512237.787215289,5658510.46939679
0.00341413433334305,262.622530425566,512737.787215289,5658510.46939679
0.00269780008167944,262.622530425566,513237.787215289,5658510.46939679
0.00144509602737351,262.622530425566,513737.787215289,5658510.46939679
0.00161878805138982,262.622530425566,514237.787215289,5658510.46939679
0.00161878805138982,262.622530425566,514737.787215289,5658510.46939679
0.000917748271582656,262.622530425566,515237.787215289,5658510.46939679
0.0021246381098929,262.622530425566,515737.787215289,5658510.46939679
0.00335530945857396,262.622530425566,516237.787215289,5658510.46939679
0.00273163739176691,262.622530425566,516737.787215289,5658510.46939679
0.00275598914765674,262.622530425566,517237.787215289,5658510.46939679
0.00415271306524808,262.622530425566,517737.787215289,5658510.46939679
0.00436015423419624,262.622530425566,518237.787215289,5658510.46939679
0.00409134976315208,262.622530425566,518737.787215289,5658510.46939679
0.00565123216131136,262.622530425566,519237.787215289,5658510.46939679
0.00102184592890381,262.622530425566,519737.787215289,5658510.46939679
0.00290092389742461,262.622530425566,520237.787215289,5658510.46939679
0.00454969470499971,262.622530425566,520737.787215289,5658510.46939679
0.00215906153782206,262.622530425566,521237.787215289,5658510.46939679
0.00419368458070067,262.622530425566,521737.787215289,5658510.46939679
0.00186891656166843,262.622530425566,522237.787215289,5658510.46939679
0.00712195061867246,262.622530425566,522737.787215289,5658510.46939679
0.00581463880515492,262.622530425566,523237.787215289,5658510.46939679
0.0051939975863948,262.622530425566,523737.787215289,5658510.46939679
0.00677098623893698,262.622530425566,524237.787215289,5658510.46939679
0.000238554286542794,262.622530425566,486737.787215289,5659010.46939679
0.000225393082597491,262.622530425566,487237.787215289,5659010.46939679
0.000133019848347066,262.622530425566,487737.787215289,5659010.46939679
0.000149008050000168,262.622530425566,488237.787215289,5659010.46939679
0.000228248551204781,262.622530425566,488737.787215289,5659010.46939679
0.000220706474287278,262.622530425566,489237.787215289,5659010.46939679
0.000778706693301634,262.622530425566,489737.787215289,5659010.46939679
0.00487258031131314,262.622530425566,490237.787215289,5659010.46939679
0.000414975414512273,262.622530425566,490737.787215289,5659010.46939679
0.000178106593905039,262.622530425566,491237.787215289,5659010.46939679
0.000226401010003479,262.622530425566,491737.787215289,5659010.46939679
0.000440716245136671,262.622530425566,492237.787215289,5659010.46939679
0.00016993347461348,262.622530425566,492737.787215289,5659010.46939679
0.0004686781571373,262.622530425566,493237.787215289,5659010.46939679
0.00626302125766157,262.622530425566,493737.787215289,5659010.46939679
0.00299486704154086,262.622530425566,494237.787215289,5659010.46939679
0.00420976056336366,262.622530425566,494737.787215289,5659010.46939679
0.00361537880002476,262.622530425566,495237.787215289,5659010.46939679
0.00375806348526446,262.622530425566,495737.787215289,5659010.46939679
0.00257201773067785,262.622530425566,496237.787215289,5659010.46939679
0.00541656635877103,262.622530425566,496737.787215289,5659010.46939679
0.00569353647462262,262.622530425566,497237.787215289,5659010.46939679
0.00628627590203319,262.622530425566,497737.787215289,5659010.46939679
0.000198433973132735,262.622530425566,498237.787215289,5659010.46939679
0.0032965246492441,262.622530425566,498737.787215289,5659010.46939679
0.000417125637899497,262.622530425566,499237.787215289,5659010.46939679
0.000205951120430725,262.622530425566,499737.787215289,5659010.46939679
0.000427611639518568,262.622530425566,500237.787215289,5659010.46939679
0.000541687739062314,262.622530425566,500737.787215289,5659010.46939679
0.000190358476547355,262.622530425566,501237.787215289,5659010.46939679
0.000174906201135183,262.622530425566,501737.787215289,5659010.46939679
0.000178600145490911,262.622530425566,502237.787215289,5659010.46939679
0.000132072459273904,262.622530425566,502737.787215289,5659010.46939679
0.000175406414901508,262.622530425566,503237.787215289,5659010.46939679
0.000139784464238874,262.622530425566,503737.787215289,5659010.46939679
0.000395307258815033,262.622530425566,504237.787215289,5659010.46939679
0.000458984598218567,262.622530425566,504737.787215289,5659010.46939679
0.000208975265582544,262.622530425566,505237.787215289,5659010.46939679
0.000191978371384927,262.622530425566,505737.787215289,5659010.46939679
0.000319942604937243,262.622530425566,506237.787215289,5659010.46939679
0.00270789392786563,262.622530425566,506737.787215289,5659010.46939679
0.00794883938359843,262.622530425566,507237.787215289,5659010.46939679
0.006120827488057,262.622530425566,507737.787215289,5659010.46939679
0.00175273727911299,262.622530425566,508237.787215289,5659010.46939679
0.00529206982533128,262.622530425566,508737.787215289,5659010.46939679
0.00438805278926494,262.622530425566,509237.787215289,5659010.46939679
0.00452587068384273,262.622530425566,509737.787215289,5659010.46939679
0.00495069775588675,262.622530425566,510237.787215289,5659010.46939679
0.00136758737363487,262.622530425566,510737.787215289,5659010.46939679
0.00350928710406506,262.622530425566,511237.787215289,5659010.46939679
0.00428417468754236,262.622530425566,511737.787215289,5659010.46939679
0.00181335683282253,262.622530425566,512237.787215289,5659010.46939679
0.00401362001618899,262.622530425566,512737.787215289,5659010.46939679
0.00254896059699356,262.622530425566,513237.787215289,5659010.46939679
0.00115162249951666,262.622530425566,513737.787215289,5659010.46939679
0.00116143368244916,262.622530425566,514237.787215289,5659010.46939679
0.00158549880726744,262.622530425566,514737.787215289,5659010.46939679
0.00162141806330792,262.622530425566,515237.787215289,5659010.46939679
0.00173942131566151,262.622530425566,515737.787215289,5659010.46939679
0.00198575463509303,262.622530425566,516237.787215289,5659010.46939679
0.0011764619374203,262.622530425566,516737.787215289,5659010.46939679
0.00273163739176691,262.622530425566,517237.787215289,5659010.46939679
0.00301399246011533,262.622530425566,517737.787215289,5659010.46939679
0.00179868252118508,262.622530425566,518237.787215289,5659010.46939679
0.00224828244269488,262.622530425566,518737.787215289,5659010.46939679
0.00466372389827058,262.622530425566,519237.787215289,5659010.46939679
0.00208312106017555,262.622530425566,519737.787215289,5659010.46939679
0.00467888990436745,262.622530425566,520237.787215289,5659010.46939679
0.000949151520539642,262.622530425566,520737.787215289,5659010.46939679
0.00543940156350589,262.622530425566,521237.787215289,5659010.46939679
0.00561177377433855,262.622530425566,521737.787215289,5659010.46939679
0.00142662416004708,262.622530425566,522237.787215289,5659010.46939679
0.00121985596903992,262.622530425566,522737.787215289,5659010.46939679
0.00578155589350124,262.622530425566,523237.787215289,5659010.46939679
0.00681831166723673,262.622530425566,523737.787215289,5659010.46939679
0.000613608627191269,262.622530425566,524237.787215289,5659010.46939679
0.000218958088220281,262.622530425566,486737.787215289,5659510.46939679
0.000484634104926553,262.622530425566,487237.787215289,5659510.46939679
0.000236439351995204,262.622530425566,487737.787215289,5659510.46939679
0.000133019848347066,262.622530425566,488237.787215289,5659510.46939679
0.000236480010749753,262.622530425566,488737.787215289,5659510.46939679
0.000287806733701154,262.622530425566,489237.787215289,5659510.46939679
0.000247234091488009,262.622530425566,489737.787215289,5659510.46939679
0.000264907193683767,262.622530425566,490237.787215289,5659510.46939679
0.00294466116390331,262.622530425566,490737.787215289,5659510.46939679
0.0031462620481195,262.622530425566,491237.787215289,5659510.46939679
0.00397379298036917,262.622530425566,491737.787215289,5659510.46939679
0.000564336956047644,262.622530425566,492237.787215289,5659510.46939679
0.000161924430631654,262.622530425566,492737.787215289,5659510.46939679
0.00042421755649156,262.622530425566,493237.787215289,5659510.46939679
0.00225498853959682,262.622530425566,493737.787215289,5659510.46939679
0.00225498853959682,262.622530425566,494237.787215289,5659510.46939679
0.00355072853989098,262.622530425566,494737.787215289,5659510.46939679
0.00355072853989098,262.622530425566,495237.787215289,5659510.46939679
0.00252602486947175,262.622530425566,495737.787215289,5659510.46939679
0.00515277125525434,262.622530425566,496237.787215289,5659510.46939679
0.000646416912746053,262.622530425566,496737.787215289,5659510.46939679
0.000174106977356663,262.622530425566,497237.787215289,5659510.46939679
0.000798293465740808,262.622530425566,497737.787215289,5659510.46939679
0.000658065870078615,262.622530425566,498237.787215289,5659510.46939679
0.000186194216854695,262.622530425566,498737.787215289,5659510.46939679
0.000242276236714155,262.622530425566,499237.787215289,5659510.46939679
0.000188817939687805,262.622530425566,499737.787215289,5659510.46939679
0.000188506634489131,262.622530425566,500237.787215289,5659510.46939679
0.000168768089903823,262.622530425566,500737.787215289,5659510.46939679
0.000245858402931908,262.622530425566,501237.787215289,5659510.46939679
0.000265710244322604,262.622530425566,501737.787215289,5659510.46939679
0.000220106079428271,262.622530425566,502237.787215289,5659510.46939679
0.000132072459273904,262.622530425566,502737.787215289,5659510.46939679
0.000139784464238874,262.622530425566,503237.787215289,5659510.46939679
0.000395307258815033,262.622530425566,503737.787215289,5659510.46939679
0.00042421755649156,262.622530425566,504237.787215289,5659510.46939679
0.000445935290247774,262.622530425566,504737.787215289,5659510.46939679
0.000241946027702578,262.622530425566,505237.787215289,5659510.46939679
0.000223048527962925,262.622530425566,505737.787215289,5659510.46939679
0.00578163661659832,262.622530425566,506237.787215289,5659510.46939679
0.00658486732508174,262.622530425566,506737.787215289,5659510.46939679
0.005241264890005,262.622530425566,507237.787215289,5659510.46939679
0.0059833763001238,262.622530425566,507737.787215289,5659510.46939679
0.00504486868374461,262.622530425566,508237.787215289,5659510.46939679
0.00488528517395604,262.622530425566,508737.787215289,5659510.46939679
0.00427617528761502,262.622530425566,509237.787215289,5659510.46939679
0.00466123229030212,262.622530425566,509737.787215289,5659510.46939679
0.000301687041020975,262.622530425566,510237.787215289,5659510.46939679
0.00371420219172861,262.622530425566,510737.787215289,5659510.46939679
0.00479910723086348,262.622530425566,511237.787215289,5659510.46939679
0.00358296834215068,262.622530425566,511737.787215289,5659510.46939679
0.0031985245461885,262.622530425566,512237.787215289,5659510.46939679
0.00203131163484991,262.622530425566,512737.787215289,5659510.46939679
0.000691019603190434,262.622530425566,513237.787215289,5659510.46939679
0.00163257922489311,262.622530425566,513737.787215289,5659510.46939679
0.000807106085493654,262.622530425566,514237.787215289,5659510.46939679
0.00216353570632003,262.622530425566,514737.787215289,5659510.46939679
0.00292026534618511,262.622530425566,515237.787215289,5659510.46939679
0.000602460917340604,262.622530425566,515737.787215289,5659510.46939679
0.00134931029921714,262.622530425566,516237.787215289,5659510.46939679
0.000747144749690187,262.622530425566,516737.787215289,5659510.46939679
0.00273163739176691,262.622530425566,517237.787215289,5659510.46939679
0.00355123344867598,262.622530425566,517737.787215289,5659510.46939679
0.00334547738991417,262.622530425566,518237.787215289,5659510.46939679
0.00298155049549982,262.622530425566,518737.787215289,5659510.46939679
0.00196241189846206,262.622530425566,519237.787215289,5659510.46939679
0.00164029790887561,262.622530425566,519737.787215289,5659510.46939679
0.00463621758274442,262.622530425566,520237.787215289,5659510.46939679
0.00093565070310282,262.622530425566,520737.787215289,5659510.46939679
0.00477637111459831,262.622530425566,521237.787215289,5659510.46939679
0.00394803921312911,262.622530425566,521737.787215289,5659510.46939679
0.00157732894250218,262.622530425566,522237.787215289,5659510.46939679
0.000458539491330839,262.622530425566,522737.787215289,5659510.46939679
0.000586488457757119,262.622530425566,523237.787215289,5659510.46939679
0.000727497292758076,262.622530425566,523737.787215289,5659510.46939679
0.0006719826234589,262.622530425566,524237.787215289,5659510.46939679
0.000223433246025588,262.622530425566,486737.787215289,5660010.46939679
0.000586328088942162,262.622530425566,487237.787215289,5660010.46939679
0.000268316530278983,262.622530425566,487737.787215289,5660010.46939679
0.000341225025735936,262.622530425566,488237.787215289,5660010.46939679
0.000226311959420531,262.622530425566,488737.787215289,5660010.46939679
0.000229358259772574,262.622530425566,489237.787215289,5660010.46939679
0.000215655921761139,262.622530425566,489737.787215289,5660010.46939679
0.000205951120430725,262.622530425566,490237.787215289,5660010.46939679
0.000261927751581279,262.622530425566,490737.787215289,5660010.46939679
0.000646416912746053,262.622530425566,491237.787215289,5660010.46939679
0.00835846604206366,262.622530425566,491737.787215289,5660010.46939679
0.000150640546957035,262.622530425566,492237.787215289,5660010.46939679
0.00021174917785231,262.622530425566,492737.787215289,5660010.46939679
0.000485785730867767,262.622530425566,493237.787215289,5660010.46939679
0.0052674897159414,262.622530425566,493737.787215289,5660010.46939679
0.00459989142157273,262.622530425566,494237.787215289,5660010.46939679
0.00355072853989098,262.622530425566,494737.787215289,5660010.46939679
0.00316974399636372,262.622530425566,495237.787215289,5660010.46939679
0.00515277125525434,262.622530425566,495737.787215289,5660010.46939679
0.00325015665937713,262.622530425566,496237.787215289,5660010.46939679
0.00356391242128917,262.622530425566,496737.787215289,5660010.46939679
0.000204476394552677,262.622530425566,497237.787215289,5660010.46939679
0.000180262772783365,262.622530425566,497737.787215289,5660010.46939679
0.000176057700220721,262.622530425566,498237.787215289,5660010.46939679
0.00020642205644508,262.622530425566,498737.787215289,5660010.46939679
0.000356176896052928,262.622530425566,499237.787215289,5660010.46939679
0.000208734842705956,262.622530425566,499737.787215289,5660010.46939679
0.000333464827410401,262.622530425566,500237.787215289,5660010.46939679
0.000398087517293843,262.622530425566,500737.787215289,5660010.46939679
0.000410908471002428,262.622530425566,501237.787215289,5660010.46939679
0.000724788859505558,262.622530425566,501737.787215289,5660010.46939679
0.000139784464238874,262.622530425566,502237.787215289,5660010.46939679
0.000297647049395789,262.622530425566,502737.787215289,5660010.46939679
0.000202853403511188,262.622530425566,503237.787215289,5660010.46939679
0.000208975265582544,262.622530425566,503737.787215289,5660010.46939679
0.000380970745789421,262.622530425566,504237.787215289,5660010.46939679
0.00098024857848395,262.622530425566,504737.787215289,5660010.46939679
0.00621662383843986,262.622530425566,505237.787215289,5660010.46939679
0.00505783483349096,262.622530425566,505737.787215289,5660010.46939679
0.00317283891661027,262.622530425566,506237.787215289,5660010.46939679
0.0047855010371914,262.622530425566,506737.787215289,5660010.46939679
0.00476825805328737,262.622530425566,507237.787215289,5660010.46939679
0.00434573347667642,262.622530425566,507737.787215289,5660010.46939679
0.00363467286759506,262.622530425566,508237.787215289,5660010.46939679
0.00394529831650573,262.622530425566,508737.787215289,5660010.46939679
0.00538127844181804,262.622530425566,509237.787215289,5660010.46939679
0.0044292466606664,262.622530425566,509737.787215289,5660010.46939679
0.000539361237271604,262.622530425566,510237.787215289,5660010.46939679
0.00065289557674935,262.622530425566,510737.787215289,5660010.46939679
0.00254896059699356,262.622530425566,511237.787215289,5660010.46939679
0.00379218584136214,262.622530425566,511737.787215289,5660010.46939679
0.00358296834215068,262.622530425566,512237.787215289,5660010.46939679
0.000616874879049404,262.622530425566,512737.787215289,5660010.46939679
0.000990147077057194,262.622530425566,513237.787215289,5660010.46939679
0.00281291581337189,262.622530425566,513737.787215289,5660010.46939679
0.00222891961960289,262.622530425566,514237.787215289,5660010.46939679
0.00426002616032868,262.622530425566,514737.787215289,5660010.46939679
0.0010388517195289,262.622530425566,515237.787215289,5660010.46939679
0.00159708897843094,262.622530425566,515737.787215289,5660010.46939679
0.00444315338962455,262.622530425566,516237.787215289,5660010.46939679
0.000992288495846418,262.622530425566,516737.787215289,5660010.46939679
0.00230400344665452,262.622530425566,517237.787215289,5660010.46939679
0.000684899137866141,262.622530425566,517737.787215289,5660010.46939679
0.00263729549166153,262.622530425566,518237.787215289,5660010.46939679
0.00146711738481373,262.622530425566,518737.787215289,5660010.46939679
0.00448365555736035,262.622530425566,519237.787215289,5660010.46939679
0.00398466998412335,262.622530425566,519737.787215289,5660010.46939679
0.00191792344755609,262.622530425566,520237.787215289,5660010.46939679
0.00395873660692572,262.622530425566,520737.787215289,5660010.46939679
0.00390767243083321,262.622530425566,521237.787215289,5660010.46939679
0.00407062887766495,262.622530425566,521737.787215289,5660010.46939679
0.00321853854125169,262.622530425566,522237.787215289,5660010.46939679
0.00109489513448939,262.622530425566,522737.787215289,5660010.46939679
0.000338561818128514,262.622530425566,523237.787215289,5660010.46939679
0.00182750530425529,262.622530425566,523737.787215289,5660010.46939679
0.000759192397915581,262.622530425566,524237.787215289,5660010.46939679
0.000229358259772574,262.622530425566,486737.787215289,5660510.46939679
0.000229358259772574,262.622530425566,487237.787215289,5660510.46939679
0.000377161433879843,262.622530425566,487737.787215289,5660510.46939679
0.000264903514052283,262.622530425566,488237.787215289,5660510.46939679
0.000209454444492363,262.622530425566,488737.787215289,5660510.46939679
0.000233594016738308,262.622530425566,489237.787215289,5660510.46939679
0.000213309676181778,262.622530425566,489737.787215289,5660510.46939679
0.000204348236744129,262.622530425566,490237.787215289,5660510.46939679
0.000174106977356663,262.622530425566,490737.787215289,5660510.46939679
0.000204069721483251,262.622530425566,491237.787215289,5660510.46939679
0.00545365304183074,262.622530425566,491737.787215289,5660510.46939679
0.00316974399636372,262.622530425566,492237.787215289,5660510.46939679
0.00143209295123111,262.622530425566,492737.787215289,5660510.46939679
0.00453670325437281,262.622530425566,493237.787215289,5660510.46939679
0.00322745744069497,262.622530425566,493737.787215289,5660510.46939679
0.00404992602004812,262.622530425566,494237.787215289,5660510.46939679
0.000366818990633097,262.622530425566,494737.787215289,5660510.46939679
0.00420976056336366,262.622530425566,495237.787215289,5660510.46939679
0.00444287169934221,262.622530425566,495737.787215289,5660510.46939679
0.000327154586265893,262.622530425566,496237.787215289,5660510.46939679
0.000304207326401994,262.622530425566,496737.787215289,5660510.46939679
0.000189632826180575,262.622530425566,497237.787215289,5660510.46939679
0.000174106977356663,262.622530425566,497737.787215289,5660510.46939679
0.000170468897560247,262.622530425566,498237.787215289,5660510.46939679
0.000188130598426677,262.622530425566,498737.787215289,5660510.46939679
0.000244734967167501,262.622530425566,499237.787215289,5660510.46939679
0.000300684864301888,262.622530425566,499737.787215289,5660510.46939679
0.00101785483183254,262.622530425566,500237.787215289,5660510.46939679
0.000437019911907528,262.622530425566,500737.787215289,5660510.46939679
0.000327460204363343,262.622530425566,501237.787215289,5660510.46939679
0.000156585732846479,262.622530425566,501737.787215289,5660510.46939679
0.00021174917785231,262.622530425566,502237.787215289,5660510.46939679
0.000260214622498911,262.622530425566,502737.787215289,5660510.46939679
0.000208975265582544,262.622530425566,503237.787215289,5660510.46939679
0.000182173536288137,262.622530425566,503737.787215289,5660510.46939679
0.000211776077985442,262.622530425566,504237.787215289,5660510.46939679
0.000184273471425088,262.622530425566,504737.787215289,5660510.46939679
0.00183560476751064,262.622530425566,505237.787215289,5660510.46939679
0.00500976312815376,262.622530425566,505737.787215289,5660510.46939679
0.0052280250663653,262.622530425566,506237.787215289,5660510.46939679
0.00470830338319653,262.622530425566,506737.787215289,5660510.46939679
0.00442235756091307,262.622530425566,507237.787215289,5660510.46939679
0.00504486868374461,262.622530425566,507737.787215289,5660510.46939679
0.00354077833452853,262.622530425566,508237.787215289,5660510.46939679
0.00387842611360119,262.622530425566,508737.787215289,5660510.46939679
0.00297716823085565,262.622530425566,509237.787215289,5660510.46939679
0.00365235063230413,262.622530425566,509737.787215289,5660510.46939679
0.001727909160879,262.622530425566,510237.787215289,5660510.46939679
0.000370149623090704,262.622530425566,510737.787215289,5660510.46939679
0.0031985245461885,262.622530425566,511237.787215289,5660510.46939679
0.00379218584136214,262.622530425566,511737.787215289,5660510.46939679
0.000550685703625904,262.622530425566,512237.787215289,5660510.46939679
0.000731369776421051,262.622530425566,512737.787215289,5660510.46939679
0.00107192359164015,262.622530425566,513237.787215289,5660510.46939679
0.001729627710314,262.622530425566,513737.787215289,5660510.46939679
0.00303062650515122,262.622530425566,514237.787215289,5660510.46939679
0.000893856950125219,262.622530425566,514737.787215289,5660510.46939679
0.00123405240989489,262.622530425566,515237.787215289,5660510.46939679
0.00200704720025735,262.622530425566,515737.787215289,5660510.46939679
0.00421360806566831,262.622530425566,516237.787215289,5660510.46939679
0.00063684590199737,262.622530425566,516737.787215289,5660510.46939679
0.000740543023201428,262.622530425566,517237.787215289,5660510.46939679
0.00311989745713984,262.622530425566,517737.787215289,5660510.46939679
0.00164074655296547,262.622530425566,518237.787215289,5660510.46939679
0.000972021419575884,262.622530425566,518737.787215289,5660510.46939679
0.000545179418346939,262.622530425566,519237.787215289,5660510.46939679
0.00392538797841311,262.622530425566,519737.787215289,5660510.46939679
0.00236886765120206,262.622530425566,520237.787215289,5660510.46939679
0.00348041297111179,262.622530425566,520737.787215289,5660510.46939679
0.00345133012688376,262.622530425566,521237.787215289,5660510.46939679
0.00270926562521234,262.622530425566,521737.787215289,5660510.46939679
0.000966171603464345,262.622530425566,522237.787215289,5660510.46939679
0.00142148378765188,262.622530425566,522737.787215289,5660510.46939679
0.000440716245136671,262.622530425566,523237.787215289,5660510.46939679
0.00298632645467959,262.622530425566,523737.787215289,5660510.46939679
0.00323844578552554,262.622530425566,524237.787215289,5660510.46939679
0.000249811096998331,262.622530425566,486737.787215289,5661010.46939679
0.000314070860113681,262.622530425566,487237.787215289,5661010.46939679
0.00103402833344071,262.622530425566,487737.787215289,5661010.46939679
0.000208928546566306,262.622530425566,488237.787215289,5661010.46939679
0.000325752294084118,262.622530425566,488737.787215289,5661010.46939679
0.00154936535534055,262.622530425566,489237.787215289,5661010.46939679
0.00469115338002887,262.622530425566,489737.787215289,5661010.46939679
0.000191609433998146,262.622530425566,490237.787215289,5661010.46939679
0.000184273471425088,262.622530425566,490737.787215289,5661010.46939679
0.00019281105469329,262.622530425566,491237.787215289,5661010.46939679
0.00030179274076444,262.622530425566,491737.787215289,5661010.46939679
0.000647020776226274,262.622530425566,492237.787215289,5661010.46939679
0.00471574896761085,262.622530425566,492737.787215289,5661010.46939679
0.00335483240595364,262.622530425566,493237.787215289,5661010.46939679
0.00445557785596561,262.622530425566,493737.787215289,5661010.46939679
0.00190197329376754,262.622530425566,494237.787215289,5661010.46939679
0.00316974399636372,262.622530425566,494737.787215289,5661010.46939679
0.00335483240595364,262.622530425566,495237.787215289,5661010.46939679
0.000786571592558028,262.622530425566,495737.787215289,5661010.46939679
0.000501108005323461,262.622530425566,496237.787215289,5661010.46939679
0.000202108731818525,262.622530425566,496737.787215289,5661010.46939679
0.000167944642401072,262.622530425566,497237.787215289,5661010.46939679
0.000162626758553443,262.622530425566,497737.787215289,5661010.46939679
0.000160558128024934,262.622530425566,498237.787215289,5661010.46939679
0.000219478393770118,262.622530425566,498737.787215289,5661010.46939679
0.000161924430631654,262.622530425566,499237.787215289,5661010.46939679
0.000160558128024934,262.622530425566,499737.787215289,5661010.46939679
0.00030851168809433,262.622530425566,500237.787215289,5661010.46939679
0.000874959135348568,262.622530425566,500737.787215289,5661010.46939679
0.000647020776226274,262.622530425566,501237.787215289,5661010.46939679
0.00042421755649156,262.622530425566,501737.787215289,5661010.46939679
0.00128465766762655,262.622530425566,502237.787215289,5661010.46939679
0.000410524970768016,262.622530425566,502737.787215289,5661010.46939679
0.000189053019465244,262.622530425566,503237.787215289,5661010.46939679
0.000184273471425088,262.622530425566,503737.787215289,5661010.46939679
0.000282123983928057,262.622530425566,504237.787215289,5661010.46939679
0.000207168520280917,262.622530425566,504737.787215289,5661010.46939679
0.00102846435469258,262.622530425566,505237.787215289,5661010.46939679
0.00491923525328828,262.622530425566,505737.787215289,5661010.46939679
0.00539704953789615,262.622530425566,506237.787215289,5661010.46939679
0.00409022291627589,262.622530425566,506737.787215289,5661010.46939679
0.00204400942957167,262.622530425566,507237.787215289,5661010.46939679
0.000746327255450883,262.622530425566,507737.787215289,5661010.46939679
0.00144744384540412,262.622530425566,508237.787215289,5661010.46939679
0.00393108272761767,262.622530425566,508737.787215289,5661010.46939679
0.00229484900070414,262.622530425566,509237.787215289,5661010.46939679
0.00191924277584859,262.622530425566,509737.787215289,5661010.46939679
0.00254896059699356,262.622530425566,510237.787215289,5661010.46939679
0.00136536908633865,262.622530425566,510737.787215289,5661010.46939679
0.00428417468754236,262.622530425566,511237.787215289,5661010.46939679
0.00404781382554656,262.622530425566,511737.787215289,5661010.46939679
0.00379218584136214,262.622530425566,512237.787215289,5661010.46939679
0.00245496877990656,262.622530425566,512737.787215289,5661010.46939679
0.00156426114718684,262.622530425566,513237.787215289,5661010.46939679
0.00270544764602556,262.622530425566,513737.787215289,5661010.46939679
0.00265525578950498,262.622530425566,514237.787215289,5661010.46939679
0.00432486860157445,262.622530425566,514737.787215289,5661010.46939679
0.00486560032915518,262.622530425566,515237.787215289,5661010.46939679
0.000296380391712994,262.622530425566,515737.787215289,5661010.46939679
0.00052823274149854,262.622530425566,516237.787215289,5661010.46939679
0.00108518208327604,262.622530425566,516737.787215289,5661010.46939679
0.00110173408361678,262.622530425566,517237.787215289,5661010.46939679
0.00342775375153236,262.622530425566,517737.787215289,5661010.46939679
0.000647112781703552,262.622530425566,518237.787215289,5661010.46939679
0.00251898099952222,262.622530425566,518737.787215289,5661010.46939679
0.00110374734758223,262.622530425566,519237.787215289,5661010.46939679
0.00338222813764798,262.622530425566,519737.787215289,5661010.46939679
0.000527217602106249,262.622530425566,520237.787215289,5661010.46939679
0.00451758262407002,262.622530425566,520737.787215289,5661010.46939679
0.000614277897530206,262.622530425566,521237.787215289,5661010.46939679
0.00494120540263152,262.622530425566,521737.787215289,5661010.46939679
0.000635364535195371,262.622530425566,522237.787215289,5661010.46939679
0.00228513394830717,262.622530425566,522737.787215289,5661010.46939679
0.000399765777903551,262.622530425566,523237.787215289,5661010.46939679
0.00302908050818052,262.622530425566,523737.787215289,5661010.46939679
0.006120827488057,262.622530425566,524237.787215289,5661010.46939679
0.000223433246025588,262.622530425566,486737.787215289,5661510.46939679
0.000213309676181778,262.622530425566,487237.787215289,5661510.46939679
0.000519007218598011,262.622530425566,487737.787215289,5661510.46939679
0.000256423285619777,262.622530425566,488237.787215289,5661510.46939679
0.000287243853001144,262.622530425566,488737.787215289,5661510.46939679
0.00143806381331391,262.622530425566,489237.787215289,5661510.46939679
0.000133019848347066,262.622530425566,489737.787215289,5661510.46939679
0.00227116414134046,262.622530425566,490237.787215289,5661510.46939679
0.000133019848347066,262.622530425566,490737.787215289,5661510.46939679
0.000168768089903823,262.622530425566,491237.787215289,5661510.46939679
0.000160558128024934,262.622530425566,491737.787215289,5661510.46939679
0.000345592974405238,262.622530425566,492237.787215289,5661510.46939679
0.00276011900270127,262.622530425566,492737.787215289,5661510.46939679
0.00404992602004812,262.622530425566,493237.787215289,5661510.46939679
0.00127843285776473,262.622530425566,493737.787215289,5661510.46939679
0.00127843285776473,262.622530425566,494237.787215289,5661510.46939679
0.000175406414901508,262.622530425566,494737.787215289,5661510.46939679
0.000189029005651026,262.622530425566,495237.787215289,5661510.46939679
0.00019281105469329,262.622530425566,495737.787215289,5661510.46939679
0.000174106977356663,262.622530425566,496237.787215289,5661510.46939679
0.000160558128024934,262.622530425566,496737.787215289,5661510.46939679
0.000232294225865349,262.622530425566,497237.787215289,5661510.46939679
0.000171096991959487,262.622530425566,497737.787215289,5661510.46939679
0.00020006683017643,262.622530425566,498237.787215289,5661510.46939679
0.000139784464238874,262.622530425566,498737.787215289,5661510.46939679
0.000168746652713513,262.622530425566,499237.787215289,5661510.46939679
0.000315027323340626,262.622530425566,499737.787215289,5661510.46939679
0.000139784464238874,262.622530425566,500237.787215289,5661510.46939679
0.00038823836824263,262.622530425566,500737.787215289,5661510.46939679
0.000260958809586209,262.622530425566,501237.787215289,5661510.46939679
0.00499111204975306,262.622530425566,501737.787215289,5661510.46939679
0.000224113683820496,262.622530425566,502237.787215289,5661510.46939679
0.000234092860649461,262.622530425566,502737.787215289,5661510.46939679
0.000172122897084489,262.622530425566,503237.787215289,5661510.46939679
0.00020642205644508,262.622530425566,503737.787215289,5661510.46939679
0.000902752664521089,262.622530425566,504237.787215289,5661510.46939679
0.000444235375892511,262.622530425566,504737.787215289,5661510.46939679
0.000434069683621092,262.622530425566,505237.787215289,5661510.46939679
0.000666231843850653,262.622530425566,505737.787215289,5661510.46939679
0.00424387866226652,262.622530425566,506237.787215289,5661510.46939679
0.00476825805328737,262.622530425566,506737.787215289,5661510.46939679
0.000183988636756908,262.622530425566,507237.787215289,5661510.46939679
0.00444309199167687,262.622530425566,507737.787215289,5661510.46939679
0.000665538554866967,262.622530425566,508237.787215289,5661510.46939679
0.000370149623090704,262.622530425566,508737.787215289,5661510.46939679
0.00144509602737351,262.622530425566,509237.787215289,5661510.46939679
0.00379218584136214,262.622530425566,509737.787215289,5661510.46939679
0.000188930419646148,262.622530425566,510237.787215289,5661510.46939679
0.000422668699401875,262.622530425566,510737.787215289,5661510.46939679
0.00371420219172861,262.622530425566,511237.787215289,5661510.46939679
0.000209850929234875,262.622530425566,511737.787215289,5661510.46939679
0.00302205974865114,262.622530425566,512237.787215289,5661510.46939679
0.002044171954419,262.622530425566,512737.787215289,5661510.46939679
0.00286342475793306,262.622530425566,513237.787215289,5661510.46939679
0.0031480838320139,262.622530425566,513737.787215289,5661510.46939679
0.00310675796049725,262.622530425566,514237.787215289,5661510.46939679
0.00158819030068407,262.622530425566,514737.787215289,5661510.46939679
0.0044441874891075,262.622530425566,515237.787215289,5661510.46939679
0.00042692910824978,262.622530425566,515737.787215289,5661510.46939679
0.000230572034025108,262.622530425566,516237.787215289,5661510.46939679
0.00141268630833372,262.622530425566,516737.787215289,5661510.46939679
0.00275598914765674,262.622530425566,517237.787215289,5661510.46939679
0.0017348020113522,262.622530425566,517737.787215289,5661510.46939679
0.00311989745713984,262.622530425566,518237.787215289,5661510.46939679
0.00324191182361926,262.622530425566,518737.787215289,5661510.46939679
0.0019924113506748,262.622530425566,519237.787215289,5661510.46939679
0.00462929341939418,262.622530425566,519737.787215289,5661510.46939679
0.000722935988504014,262.622530425566,520237.787215289,5661510.46939679
0.00441105107176053,262.622530425566,520737.787215289,5661510.46939679
0.00248342331085275,262.622530425566,521237.787215289,5661510.46939679
0.0040784097903425,262.622530425566,521737.787215289,5661510.46939679
0.000830912988297257,262.622530425566,522237.787215289,5661510.46939679
0.000451680719435903,262.622530425566,522737.787215289,5661510.46939679
0.0052674897159414,262.622530425566,523237.787215289,5661510.46939679
0.000474719204458452,262.622530425566,523737.787215289,5661510.46939679
0.000407844782949483,262.622530425566,524237.787215289,5661510.46939679
0.000218118024264853,262.622530425566,486737.787215289,5662010.46939679
0.000231743538515963,262.622530425566,487237.787215289,5662010.46939679
0.000267344384451735,262.622530425566,487737.787215289,5662010.46939679
0.000187486234452684,262.622530425566,488237.787215289,5662010.46939679
0.000186194216854695,262.622530425566,488737.787215289,5662010.46939679
0.000198433973132735,262.622530425566,489237.787215289,5662010.46939679
0.000207168520280917,262.622530425566,489737.787215289,5662010.46939679
0.000184939841505359,262.622530425566,490237.787215289,5662010.46939679
0.000187408808535579,262.622530425566,490737.787215289,5662010.46939679
0.000168768089903823,262.622530425566,491237.787215289,5662010.46939679
0.0006719826234589,262.622530425566,491737.787215289,5662010.46939679
0.000179856268564153,262.622530425566,492237.787215289,5662010.46939679
0.000458984598218567,262.622530425566,492737.787215289,5662010.46939679
0.00175289004751849,262.622530425566,493237.787215289,5662010.46939679
0.00397750517974312,262.622530425566,493737.787215289,5662010.46939679
7.7142062628231e-05,262.622530425566,494237.787215289,5662010.46939679
0.000178600145490911,262.622530425566,494737.787215289,5662010.46939679
0.000152738700513592,262.622530425566,495237.787215289,5662010.46939679
0.000219900654768005,262.622530425566,495737.787215289,5662010.46939679
0.000170468897560247,262.622530425566,496237.787215289,5662010.46939679
0.000166536073125004,262.622530425566,496737.787215289,5662010.46939679
0.000189029005651026,262.622530425566,497237.787215289,5662010.46939679
0.00020006683017643,262.622530425566,497737.787215289,5662010.46939679
0.000196489231996411,262.622530425566,498237.787215289,5662010.46939679
0.000175406414901508,262.622530425566,498737.787215289,5662010.46939679
0.000196489231996411,262.622530425566,499237.787215289,5662010.46939679
0.000292324520212579,262.622530425566,499737.787215289,5662010.46939679
0.000327460204363343,262.622530425566,500237.787215289,5662010.46939679
0.00038823836824263,262.622530425566,500737.787215289,5662010.46939679
0.000207962675748804,262.622530425566,501237.787215289,5662010.46939679
0.000232958563486665,262.622530425566,501737.787215289,5662010.46939679
0.00471574896761085,262.622530425566,502237.787215289,5662010.46939679
0.000171096991959487,262.622530425566,502737.787215289,5662010.46939679
0.000208975265582544,262.622530425566,503237.787215289,5662010.46939679
0.000264447390496225,262.622530425566,503737.787215289,5662010.46939679
0.000168768089903823,262.622530425566,504237.787215289,5662010.46939679
0.00394803921312911,262.622530425566,504737.787215289,5662010.46939679
0.006963825378402,262.622530425566,505237.787215289,5662010.46939679
0.00409560358367697,262.622530425566,505737.787215289,5662010.46939679
0.00377622111839829,262.622530425566,506237.787215289,5662010.46939679
0.00108733872078636,262.622530425566,506737.787215289,5662010.46939679
0.00414596090100239,262.622530425566,507237.787215289,5662010.46939679
0.00584907664465379,262.622530425566,507737.787215289,5662010.46939679
0.00361349323886027,262.622530425566,508237.787215289,5662010.46939679
0.00269780008167944,262.622530425566,508737.787215289,5662010.46939679
0.00379218584136214,262.622530425566,509237.787215289,5662010.46939679
0.00103681467078045,262.622530425566,509737.787215289,5662010.46939679
0.000406112656047817,262.622530425566,510237.787215289,5662010.46939679
0.00373585440110609,262.622530425566,510737.787215289,5662010.46939679
0.00386561951792185,262.622530425566,511237.787215289,5662010.46939679
0.00171331269004791,262.622530425566,511737.787215289,5662010.46939679
0.00341413433334305,262.622530425566,512237.787215289,5662010.46939679
0.00428843565574334,262.622530425566,512737.787215289,5662010.46939679
0.00195849382846029,262.622530425566,513237.787215289,5662010.46939679
0.00286011470797122,262.622530425566,513737.787215289,5662010.46939679
0.00318771492062736,262.622530425566,514237.787215289,5662010.46939679
0.00528429523274311,262.622530425566,514737.787215289,5662010.46939679
0.0039172253886034,262.622530425566,515237.787215289,5662010.46939679
0.00150609761117413,262.622530425566,515737.787215289,5662010.46939679
0.00161395106203861,262.622530425566,516237.787215289,5662010.46939679
0.00224870045977521,262.622530425566,516737.787215289,5662010.46939679
0.00326751377823431,262.622530425566,517237.787215289,5662010.46939679
0.00273163739176691,262.622530425566,517737.787215289,5662010.46939679
0.00345831118307847,262.622530425566,518237.787215289,5662010.46939679
0.00400290579031765,262.622530425566,518737.787215289,5662010.46939679
0.000890012057854597,262.622530425566,519237.787215289,5662010.46939679
0.00409134976315208,262.622530425566,519737.787215289,5662010.46939679
0.000755485194160384,262.622530425566,520237.787215289,5662010.46939679
0.00516488639515666,262.622530425566,520737.787215289,5662010.46939679
0.000610358990008116,262.622530425566,521237.787215289,5662010.46939679
0.00539413957706841,262.622530425566,521737.787215289,5662010.46939679
0.00569353647462262,262.622530425566,522237.787215289,5662010.46939679
0.00573285172879882,262.622530425566,522737.787215289,5662010.46939679
0.00517114672690299,262.622530425566,523237.787215289,5662010.46939679
0.00534137456362255,262.622530425566,523737.787215289,5662010.46939679
0.00124691536031239,262.622530425566,524237.787215289,5662010.46939679
0.000218958088220281,262.622530425566,486737.787215289,5662510.46939679
0.000196155861617654,262.622530425566,487237.787215289,5662510.46939679
0.000133019848347066,262.622530425566,487737.787215289,5662510.46939679
0.000290158935464404,262.622530425566,488237.787215289,5662510.46939679
0.000431680508561272,262.622530425566,488737.787215289,5662510.46939679
0.000902752664521089,262.622530425566,489237.787215289,5662510.46939679
0.000133019848347066,262.622530425566,489737.787215289,5662510.46939679
0.000294421437751551,262.622530425566,490237.787215289,5662510.46939679
0.000167944642401072,262.622530425566,490737.787215289,5662510.46939679
0.000592249973767849,262.622530425566,491237.787215289,5662510.46939679
0.00292128849685442,262.622530425566,491737.787215289,5662510.46939679
0.00453670325437281,262.622530425566,492237.787215289,5662510.46939679
0.00420976056336366,262.622530425566,492737.787215289,5662510.46939679
0.00190197329376754,262.622530425566,493237.787215289,5662510.46939679
0.00213057927202899,262.622530425566,493737.787215289,5662510.46939679
0.00445557785596561,262.622530425566,494237.787215289,5662510.46939679
0.00257201773067785,262.622530425566,494737.787215289,5662510.46939679
0.000174906201135183,262.622530425566,495237.787215289,5662510.46939679
0.000185119363659559,262.622530425566,495737.787215289,5662510.46939679
0.00020147393183855,262.622530425566,496237.787215289,5662510.46939679
0.00020006683017643,262.622530425566,496737.787215289,5662510.46939679
0.000117901405349704,262.622530425566,497237.787215289,5662510.46939679
0.000185648786021458,262.622530425566,497737.787215289,5662510.46939679
0.000175406414901508,262.622530425566,498237.787215289,5662510.46939679
0.000260958809586209,262.622530425566,498737.787215289,5662510.46939679
0.000124785930923261,262.622530425566,499237.787215289,5662510.46939679
0.000117901405349704,262.622530425566,499737.787215289,5662510.46939679
0.000265710244322604,262.622530425566,500237.787215289,5662510.46939679
0.000189029005651026,262.622530425566,500737.787215289,5662510.46939679
0.000202853403511188,262.622530425566,501237.787215289,5662510.46939679
0.00103735569226541,262.622530425566,501737.787215289,5662510.46939679
0.00101880568158444,262.622530425566,502237.787215289,5662510.46939679
0.00559101429679573,262.622530425566,502737.787215289,5662510.46939679
0.0030493963954823,262.622530425566,503237.787215289,5662510.46939679
0.000544174312134593,262.622530425566,503737.787215289,5662510.46939679
0.00284341594296746,262.622530425566,504237.787215289,5662510.46939679
0.00578163661659832,262.622530425566,504737.787215289,5662510.46939679
0.00767863456738987,262.622530425566,505237.787215289,5662510.46939679
0.00485576699430353,262.622530425566,505737.787215289,5662510.46939679
0.00253822972791723,262.622530425566,506237.787215289,5662510.46939679
0.00152842700603818,262.622530425566,506737.787215289,5662510.46939679
0.000674423468769335,262.622530425566,507237.787215289,5662510.46939679
0.000716409897724085,262.622530425566,507737.787215289,5662510.46939679
0.00453433718654302,262.622530425566,508237.787215289,5662510.46939679
0.00382449315475628,262.622530425566,508737.787215289,5662510.46939679
0.00207064691213474,262.622530425566,509237.787215289,5662510.46939679
0.00192236093042718,262.622530425566,509737.787215289,5662510.46939679
0.0044292466606664,262.622530425566,510237.787215289,5662510.46939679
0.00404781382554656,262.622530425566,510737.787215289,5662510.46939679
0.000248800254976777,262.622530425566,511237.787215289,5662510.46939679
0.00121886830142623,262.622530425566,511737.787215289,5662510.46939679
0.00195640789885074,262.622530425566,512237.787215289,5662510.46939679
0.00313309999521184,262.622530425566,512737.787215289,5662510.46939679
0.00201665988985985,262.622530425566,513237.787215289,5662510.46939679
0.00417837305482126,262.622530425566,513737.787215289,5662510.46939679
0.005241264890005,262.622530425566,514237.787215289,5662510.46939679
0.00174099411075255,262.622530425566,514737.787215289,5662510.46939679
0.00402034478903571,262.622530425566,515237.787215289,5662510.46939679
0.00344088141456326,262.622530425566,515737.787215289,5662510.46939679
0.00514243674878595,262.622530425566,516237.787215289,5662510.46939679
0.00055107336441679,262.622530425566,516737.787215289,5662510.46939679
0.00191411942074287,262.622530425566,517237.787215289,5662510.46939679
0.000470302365172888,262.622530425566,517737.787215289,5662510.46939679
0.00258093107942735,262.622530425566,518237.787215289,5662510.46939679
0.00291691749037845,262.622530425566,518737.787215289,5662510.46939679
0.00476191673010527,262.622530425566,519237.787215289,5662510.46939679
0.00336493850171237,262.622530425566,519737.787215289,5662510.46939679
0.00407952529164173,262.622530425566,520237.787215289,5662510.46939679
0.00482179696717052,262.622530425566,520737.787215289,5662510.46939679
0.00520918759221815,262.622530425566,521237.787215289,5662510.46939679
0.00631831126310767,262.622530425566,521737.787215289,5662510.46939679
0.00704201654235852,262.622530425566,522237.787215289,5662510.46939679
0.00528771205164131,262.622530425566,522737.787215289,5662510.46939679
0.00503156262930161,262.622530425566,523237.787215289,5662510.46939679
0.00486806502357802,262.622530425566,523737.787215289,5662510.46939679
0.00468352431546604,262.622530425566,524237.787215289,5662510.46939679
0.000285382232957953,262.622530425566,486737.787215289,5663010.46939679
0.00139652701081929,262.622530425566,487237.787215289,5663010.46939679
0.000133019848347066,262.622530425566,487737.787215289,5663010.46939679
0.000168768089903823,262.622530425566,488237.787215289,5663010.46939679
0.000249857646209657,262.622530425566,488737.787215289,5663010.46939679
0.000178622834446494,262.622530425566,489237.787215289,5663010.46939679
0.000176897878742505,262.622530425566,489737.787215289,5663010.46939679
0.000176897878742505,262.622530425566,490237.787215289,5663010.46939679
0.000215053039961664,262.622530425566,490737.787215289,5663010.46939679
0.000175577680740477,262.622530425566,491237.787215289,5663010.46939679
0.00569281327259426,262.622530425566,491737.787215289,5663010.46939679
0.000434902331538837,262.622530425566,492237.787215289,5663010.46939679
0.00252602486947175,262.622530425566,492737.787215289,5663010.46939679
0.000232611057759562,262.622530425566,493237.787215289,5663010.46939679
0.000460297247015866,262.622530425566,493737.787215289,5663010.46939679
0.000487175028151038,262.622530425566,494237.787215289,5663010.46939679
0.00471574896761085,262.622530425566,494737.787215289,5663010.46939679
0.00453670325437281,262.622530425566,495237.787215289,5663010.46939679
0.0042864102177838,262.622530425566,495737.787215289,5663010.46939679
0.00127478709763027,262.622530425566,496237.787215289,5663010.46939679
0.000178600145490911,262.622530425566,496737.787215289,5663010.46939679
0.000185648786021458,262.622530425566,497237.787215289,5663010.46939679
0.000276196775519799,262.622530425566,497737.787215289,5663010.46939679
0.000189029005651026,262.622530425566,498237.787215289,5663010.46939679
0.000281225657109833,262.622530425566,498737.787215289,5663010.46939679
0.00021174917785231,262.622530425566,499237.787215289,5663010.46939679
0.00037349788565422,262.622530425566,499737.787215289,5663010.46939679
0.000161657453319284,262.622530425566,500237.787215289,5663010.46939679
0.000165256505806714,262.622530425566,500737.787215289,5663010.46939679
0.000262229442581579,262.622530425566,501237.787215289,5663010.46939679
0.00111322139215094,262.622530425566,501737.787215289,5663010.46939679
0.0030493963954823,262.622530425566,502237.787215289,5663010.46939679
0.00335483240595364,262.622530425566,502737.787215289,5663010.46939679
0.00445557785596561,262.622530425566,503237.787215289,5663010.46939679
0.00508198824283519,262.622530425566,503737.787215289,5663010.46939679
0.00434611225037051,262.622530425566,504237.787215289,5663010.46939679
0.0052674897159414,262.622530425566,504737.787215289,5663010.46939679
0.00374734645937286,262.622530425566,505237.787215289,5663010.46939679
0.00609318556754885,262.622530425566,505737.787215289,5663010.46939679
0.00503156262930161,262.622530425566,506237.787215289,5663010.46939679
0.00129266799642904,262.622530425566,506737.787215289,5663010.46939679
0.00351897643689885,262.622530425566,507237.787215289,5663010.46939679
0.0017970401199371,262.622530425566,507737.787215289,5663010.46939679
0.00174649008566875,262.622530425566,508237.787215289,5663010.46939679
0.00326046228521786,262.622530425566,508737.787215289,5663010.46939679
0.0022416621999944,262.622530425566,509237.787215289,5663010.46939679
0.00275915229995759,262.622530425566,509737.787215289,5663010.46939679
0.00608684492432003,262.622530425566,510237.787215289,5663010.46939679
0.000774076086108903,262.622530425566,510737.787215289,5663010.46939679
0.00161878805138982,262.622530425566,511237.787215289,5663010.46939679
0.00129004073543647,262.622530425566,511737.787215289,5663010.46939679
0.0052513358055967,262.622530425566,512237.787215289,5663010.46939679
0.00354077833452853,262.622530425566,512737.787215289,5663010.46939679
0.0038158909176952,262.622530425566,513237.787215289,5663010.46939679
0.00337385269249848,262.622530425566,513737.787215289,5663010.46939679
0.00476962185002814,262.622530425566,514237.787215289,5663010.46939679
0.00436734343092793,262.622530425566,514737.787215289,5663010.46939679
0.00078808610915473,262.622530425566,515237.787215289,5663010.46939679
0.00459716181490171,262.622530425566,515737.787215289,5663010.46939679
0.00186710372269081,262.622530425566,516237.787215289,5663010.46939679
0.00431271790221761,262.622530425566,516737.787215289,5663010.46939679
0.00306305332016627,262.622530425566,517237.787215289,5663010.46939679
0.00105023043051411,262.622530425566,517737.787215289,5663010.46939679
0.00289114378124144,262.622530425566,518237.787215289,5663010.46939679
0.00326751377823431,262.622530425566,518737.787215289,5663010.46939679
0.00160568825773029,262.622530425566,519237.787215289,5663010.46939679
0.00298596062439669,262.622530425566,519737.787215289,5663010.46939679
0.00406361987393121,262.622530425566,520237.787215289,5663010.46939679
0.00272092841953055,262.622530425566,520737.787215289,5663010.46939679
0.00438043427226364,262.622530425566,521237.787215289,5663010.46939679
0.00559647333177326,262.622530425566,521737.787215289,5663010.46939679
0.00697713656908026,262.622530425566,522237.787215289,5663010.46939679
0.00332020217173251,262.622530425566,522737.787215289,5663010.46939679
0.00252203658860109,262.622530425566,523237.787215289,5663010.46939679
0.00162890714785042,262.622530425566,523737.787215289,5663010.46939679
0.00513943186196485,262.622530425566,524237.787215289,5663010.46939679
0.000572010111203257,262.622530425566,486737.787215289,5663510.46939679
0.000340771253810602,262.622530425566,487237.787215289,5663510.46939679
0.00195022411077602,262.622530425566,487737.787215289,5663510.46939679
0.000133019848347066,262.622530425566,488237.787215289,5663510.46939679
0.000133019848347066,262.622530425566,488737.787215289,5663510.46939679
0.000152738700513592,262.622530425566,489237.787215289,5663510.46939679
0.000152738700513592,262.622530425566,489737.787215289,5663510.46939679
0.000158374573777538,262.622530425566,490237.787215289,5663510.46939679
0.000158901839791069,262.622530425566,490737.787215289,5663510.46939679
0.000646055611340605,262.622530425566,491237.787215289,5663510.46939679
0.000275784771084916,262.622530425566,491737.787215289,5663510.46939679
0.000224113683820496,262.622530425566,492237.787215289,5663510.46939679
0.000275784771084916,262.622530425566,492737.787215289,5663510.46939679
0.000296648380624576,262.622530425566,493237.787215289,5663510.46939679
0.00252849126597595,262.622530425566,493737.787215289,5663510.46939679
0.000185119363659559,262.622530425566,494237.787215289,5663510.46939679
0.000292324520212579,262.622530425566,494737.787215289,5663510.46939679
0.000724788859505558,262.622530425566,495237.787215289,5663510.46939679
0.000460297247015866,262.622530425566,495737.787215289,5663510.46939679
0.000246561532706124,262.622530425566,496237.787215289,5663510.46939679
0.000132072459273904,262.622530425566,496737.787215289,5663510.46939679
0.000352891750600124,262.622530425566,497237.787215289,5663510.46939679
0.00042421755649156,262.622530425566,497737.787215289,5663510.46939679
0.00019281105469329,262.622530425566,498237.787215289,5663510.46939679
0.000331837797208526,262.622530425566,498737.787215289,5663510.46939679
0.00451514144715481,262.622530425566,499237.787215289,5663510.46939679
0.000331837797208526,262.622530425566,499737.787215289,5663510.46939679
0.000200092246210729,262.622530425566,500237.787215289,5663510.46939679
0.000174106977356663,262.622530425566,500737.787215289,5663510.46939679
0.00020642205644508,262.622530425566,501237.787215289,5663510.46939679
0.000224142154712296,262.622530425566,501737.787215289,5663510.46939679
0.00343994054340447,262.622530425566,502237.787215289,5663510.46939679
0.00196357709838867,262.622530425566,502737.787215289,5663510.46939679
0.00204968627115242,262.622530425566,503237.787215289,5663510.46939679
0.00252602486947175,262.622530425566,503737.787215289,5663510.46939679
0.00335483240595364,262.622530425566,504237.787215289,5663510.46939679
0.00252602486947175,262.622530425566,504737.787215289,5663510.46939679
0.00335483240595364,262.622530425566,505237.787215289,5663510.46939679
0.00335483240595364,262.622530425566,505737.787215289,5663510.46939679
0.00375806348526446,262.622530425566,506237.787215289,5663510.46939679
0.00355072853989098,262.622530425566,506737.787215289,5663510.46939679
0.000684801759984188,262.622530425566,507237.787215289,5663510.46939679
0.00265525578950498,262.622530425566,507737.787215289,5663510.46939679
0.00187998542608877,262.622530425566,508237.787215289,5663510.46939679
0.00416109339304645,262.622530425566,508737.787215289,5663510.46939679
0.00302696962746408,262.622530425566,509237.787215289,5663510.46939679
0.00428417468754236,262.622530425566,509737.787215289,5663510.46939679
0.00214992444405697,262.622530425566,510237.787215289,5663510.46939679
0.00191924277584859,262.622530425566,510737.787215289,5663510.46939679
0.0024288503434866,262.622530425566,511237.787215289,5663510.46939679
0.00174649008566875,262.622530425566,511737.787215289,5663510.46939679
0.00185459542013633,262.622530425566,512237.787215289,5663510.46939679
0.00467357876360275,262.622530425566,512737.787215289,5663510.46939679
0.0028158017994744,262.622530425566,513237.787215289,5663510.46939679
0.00187555779196696,262.622530425566,513737.787215289,5663510.46939679
0.00127968111243132,262.622530425566,514237.787215289,5663510.46939679
0.00537873685171343,262.622530425566,514737.787215289,5663510.46939679
0.00143256494399253,262.622530425566,515237.787215289,5663510.46939679
0.00097296510130383,262.622530425566,515737.787215289,5663510.46939679
0.00290221632731248,262.622530425566,516237.787215289,5663510.46939679
0.00206054796917048,262.622530425566,516737.787215289,5663510.46939679
0.00324726584156176,262.622530425566,517237.787215289,5663510.46939679
0.00317019472966309,262.622530425566,517737.787215289,5663510.46939679
0.000396677199394759,262.622530425566,518237.787215289,5663510.46939679
0.00289114378124144,262.622530425566,518737.787215289,5663510.46939679
0.00126110850048918,262.622530425566,519237.787215289,5663510.46939679
0.00367757829564466,262.622530425566,519737.787215289,5663510.46939679
0.00299184228886131,262.622530425566,520237.787215289,5663510.46939679
0.00266094672958322,262.622530425566,520737.787215289,5663510.46939679
0.00601649184077542,262.622530425566,521237.787215289,5663510.46939679
0.00637705587027198,262.622530425566,521737.787215289,5663510.46939679
0.00470230087021113,262.622530425566,522237.787215289,5663510.46939679
0.00486848932363736,262.622530425566,522737.787215289,5663510.46939679
0.00435441974312488,262.622530425566,523237.787215289,5663510.46939679
0.0039172253886034,262.622530425566,523737.787215289,5663510.46939679
0.00296024471511771,262.622530425566,524237.787215289,5663510.46939679
0.000193074204075803,262.622530425566,486737.787215289,5664010.46939679
0.000190788717453035,262.622530425566,487237.787215289,5664010.46939679
0.00377636184993989,262.622530425566,487737.787215289,5664010.46939679
0.00254414468319392,262.622530425566,488237.787215289,5664010.46939679
0.000139784464238874,262.622530425566,488737.787215289,5664010.46939679
0.000150640546957035,262.622530425566,489237.787215289,5664010.46939679
0.000178600145490911,262.622530425566,489737.787215289,5664010.46939679
0.000117725531095591,262.622530425566,490237.787215289,5664010.46939679
0.000156352152942258,262.622530425566,490737.787215289,5664010.46939679
0.000246193735345871,262.622530425566,491237.787215289,5664010.46939679
0.000185371852581422,262.622530425566,491737.787215289,5664010.46939679
0.000352891750600124,262.622530425566,492237.787215289,5664010.46939679
0.000275784771084916,262.622530425566,492737.787215289,5664010.46939679
0.000332303767308803,262.622530425566,493237.787215289,5664010.46939679
0.000685470396578906,262.622530425566,493737.787215289,5664010.46939679
0.000174245661677532,262.622530425566,494237.787215289,5664010.46939679
0.000189029005651026,262.622530425566,494737.787215289,5664010.46939679
0.00021174917785231,262.622530425566,495237.787215289,5664010.46939679
0.000410908471002428,262.622530425566,495737.787215289,5664010.46939679
0.000309393999827449,262.622530425566,496237.787215289,5664010.46939679
0.000139784464238874,262.622530425566,496737.787215289,5664010.46939679
0.000232958563486665,262.622530425566,497237.787215289,5664010.46939679
0.000265710244322604,262.622530425566,497737.787215289,5664010.46939679
0.000277541603604916,262.622530425566,498237.787215289,5664010.46939679
0.000766394951401487,262.622530425566,498737.787215289,5664010.46939679
0.00250731169095747,262.622530425566,499237.787215289,5664010.46939679
0.00020642205644508,262.622530425566,499737.787215289,5664010.46939679
0.00020642205644508,262.622530425566,500237.787215289,5664010.46939679
0.000179170652826842,262.622530425566,500737.787215289,5664010.46939679
0.000189632826180575,262.622530425566,501237.787215289,5664010.46939679
0.000184273471425088,262.622530425566,501737.787215289,5664010.46939679
0.000207768584508232,262.622530425566,502237.787215289,5664010.46939679
0.00337116740056717,262.622530425566,502737.787215289,5664010.46939679
0.00196357709838867,262.622530425566,503237.787215289,5664010.46939679
0.00243011774474608,262.622530425566,503737.787215289,5664010.46939679
0.00375806348526446,262.622530425566,504237.787215289,5664010.46939679
0.0023866623413033,262.622530425566,504737.787215289,5664010.46939679
0.00299486704154086,262.622530425566,505237.787215289,5664010.46939679
0.00355072853989098,262.622530425566,505737.787215289,5664010.46939679
0.00375806348526446,262.622530425566,506237.787215289,5664010.46939679
0.00316974399636372,262.622530425566,506737.787215289,5664010.46939679
0.00148559722842325,262.622530425566,507237.787215289,5664010.46939679
0.00402034478903571,262.622530425566,507737.787215289,5664010.46939679
0.00404025575801114,262.622530425566,508237.787215289,5664010.46939679
0.00393152301066092,262.622530425566,508737.787215289,5664010.46939679
0.00297716823085565,262.622530425566,509237.787215289,5664010.46939679
0.00302205974865114,262.622530425566,509737.787215289,5664010.46939679
0.00285533063527697,262.622530425566,510237.787215289,5664010.46939679
0.00137700127126216,262.622530425566,510737.787215289,5664010.46939679
0.0026423217097979,262.622530425566,511237.787215289,5664010.46939679
0.00352974474616978,262.622530425566,511737.787215289,5664010.46939679
0.00280672587414539,262.622530425566,512237.787215289,5664010.46939679
0.00253057507700926,262.622530425566,512737.787215289,5664010.46939679
0.00359026531557512,262.622530425566,513237.787215289,5664010.46939679
0.00354512237865176,262.622530425566,513737.787215289,5664010.46939679
0.00182014152568227,262.622530425566,514237.787215289,5664010.46939679
0.00575183310144629,262.622530425566,514737.787215289,5664010.46939679
0.00241987564153054,262.622530425566,515237.787215289,5664010.46939679
0.00432486860157445,262.622530425566,515737.787215289,5664010.46939679
0.0046539585670305,262.622530425566,516237.787215289,5664010.46939679
0.00198631542065502,262.622530425566,516737.787215289,5664010.46939679
0.000559077427419377,262.622530425566,517237.787215289,5664010.46939679
0.00160445020035033,262.622530425566,517737.787215289,5664010.46939679
0.00289114378124144,262.622530425566,518237.787215289,5664010.46939679
0.00273163739176691,262.622530425566,518737.787215289,5664010.46939679
0.00309068211801164,262.622530425566,519237.787215289,5664010.46939679
0.00512699085540907,262.622530425566,519737.787215289,5664010.46939679
0.00211705903472595,262.622530425566,520237.787215289,5664010.46939679
0.0033248320883066,262.622530425566,520737.787215289,5664010.46939679
0.0038103614951878,262.622530425566,521237.787215289,5664010.46939679
0.00495210070373775,262.622530425566,521737.787215289,5664010.46939679
0.00117822486789885,262.622530425566,522237.787215289,5664010.46939679
0.00515277125525434,262.622530425566,522737.787215289,5664010.46939679
0.0034701138564725,262.622530425566,523237.787215289,5664010.46939679
0.00549490956041432,262.622530425566,523737.787215289,5664010.46939679
0.00491638478829634,262.622530425566,524237.787215289,5664010.46939679
0.000216280585282328,262.622530425566,486737.787215289,5664510.46939679
0.000253387913847273,262.622530425566,487237.787215289,5664510.46939679
0.00239828322478478,262.622530425566,487737.787215289,5664510.46939679
0.00216937201628551,262.622530425566,488237.787215289,5664510.46939679
0.00190197329376754,262.622530425566,488737.787215289,5664510.46939679
0.000175406414901508,262.622530425566,489237.787215289,5664510.46939679
0.000276196775519799,262.622530425566,489737.787215289,5664510.46939679
0.000124785930923261,262.622530425566,490237.787215289,5664510.46939679
0.000139784464238874,262.622530425566,490737.787215289,5664510.46939679
0.000250208498925769,262.622530425566,491237.787215289,5664510.46939679
0.000158901839791069,262.622530425566,491737.787215289,5664510.46939679
0.000232611057759562,262.622530425566,492237.787215289,5664510.46939679
0.000219777745830971,262.622530425566,492737.787215289,5664510.46939679
0.000161089733202217,262.622530425566,493237.787215289,5664510.46939679
0.000178000904247976,262.622530425566,493737.787215289,5664510.46939679
0.000196196127796201,262.622530425566,494237.787215289,5664510.46939679
0.000156585732846479,262.622530425566,494737.787215289,5664510.46939679
0.000124785930923261,262.622530425566,495237.787215289,5664510.46939679
0.000327460204363343,262.622530425566,495737.787215289,5664510.46939679
0.000159436783904883,262.622530425566,496237.787215289,5664510.46939679
0.000333422470179418,262.622530425566,496737.787215289,5664510.46939679
0.000246561532706124,262.622530425566,497237.787215289,5664510.46939679
0.000292324520212579,262.622530425566,497737.787215289,5664510.46939679
0.0042864102177838,262.622530425566,498237.787215289,5664510.46939679
0.00470230087021113,262.622530425566,498737.787215289,5664510.46939679
0.000426761183707541,262.622530425566,499237.787215289,5664510.46939679
0.000224142154712296,262.622530425566,499737.787215289,5664510.46939679
0.000237957875856172,262.622530425566,500237.787215289,5664510.46939679
0.000219265551454376,262.622530425566,500737.787215289,5664510.46939679
0.000213051452929137,262.622530425566,501237.787215289,5664510.46939679
0.00021641622651067,262.622530425566,501737.787215289,5664510.46939679
0.000310542782043045,262.622530425566,502237.787215289,5664510.46939679
0.000468737696942605,262.622530425566,502737.787215289,5664510.46939679
0.00118528955627554,262.622530425566,503237.787215289,5664510.46939679
0.000614300790330384,262.622530425566,503737.787215289,5664510.46939679
0.00374734645937286,262.622530425566,504237.787215289,5664510.46939679
0.00334526529089623,262.622530425566,504737.787215289,5664510.46939679
0.0042864102177838,262.622530425566,505237.787215289,5664510.46939679
0.00225498853959682,262.622530425566,505737.787215289,5664510.46939679
0.00275729153310094,262.622530425566,506237.787215289,5664510.46939679
0.001342994958872,262.622530425566,506737.787215289,5664510.46939679
0.00199927786174815,262.622530425566,507237.787215289,5664510.46939679
0.00230829971075795,262.622530425566,507737.787215289,5664510.46939679
0.003617087158555,262.622530425566,508237.787215289,5664510.46939679
0.00425488583881898,262.622530425566,508737.787215289,5664510.46939679
0.00409134164862791,262.622530425566,509237.787215289,5664510.46939679
0.00136536908633865,262.622530425566,509737.787215289,5664510.46939679
0.00257067632303688,262.622530425566,510237.787215289,5664510.46939679
0.00192236093042718,262.622530425566,510737.787215289,5664510.46939679
0.000791679794152862,262.622530425566,511237.787215289,5664510.46939679
0.00313309999521184,262.622530425566,511737.787215289,5664510.46939679
0.00485588587384373,262.622530425566,512237.787215289,5664510.46939679
0.00434573347667642,262.622530425566,512737.787215289,5664510.46939679
0.000896858877621669,262.622530425566,513237.787215289,5664510.46939679
0.00111322139215094,262.622530425566,513737.787215289,5664510.46939679
0.00148734262293415,262.622530425566,514237.787215289,5664510.46939679
0.0052674897159414,262.622530425566,514737.787215289,5664510.46939679
0.00466447693063475,262.622530425566,515237.787215289,5664510.46939679
0.000348546284319738,262.622530425566,515737.787215289,5664510.46939679
0.00343027604554364,262.622530425566,516237.787215289,5664510.46939679
0.00135171681308921,262.622530425566,516737.787215289,5664510.46939679
0.000750681937156629,262.622530425566,517237.787215289,5664510.46939679
0.000397077668679969,262.622530425566,517737.787215289,5664510.46939679
0.000836947144374444,262.622530425566,518237.787215289,5664510.46939679
0.00273163739176691,262.622530425566,518737.787215289,5664510.46939679
0.00364778973208158,262.622530425566,519237.787215289,5664510.46939679
0.00324726584156176,262.622530425566,519737.787215289,5664510.46939679
0.000483230249000469,262.622530425566,520237.787215289,5664510.46939679
0.00249815726670236,262.622530425566,520737.787215289,5664510.46939679
0.00384257500561208,262.622530425566,521237.787215289,5664510.46939679
0.00499275703289254,262.622530425566,521737.787215289,5664510.46939679
0.00519346360686539,262.622530425566,522237.787215289,5664510.46939679
0.00473853379816011,262.622530425566,522737.787215289,5664510.46939679
0.00549672151045654,262.622530425566,523237.787215289,5664510.46939679
0.00586456942942163,262.622530425566,523737.787215289,5664510.46939679
0.0047025340259057,262.622530425566,524237.787215289,5664510.46939679
0.000242276236714155,262.622530425566,486737.787215289,5665010.46939679
0.000381729949758661,262.622530425566,487237.787215289,5665010.46939679
0.00343994054340447,262.622530425566,487737.787215289,5665010.46939679
0.00382648881803548,262.622530425566,488237.787215289,5665010.46939679
0.0023866623413033,262.622530425566,488737.787215289,5665010.46939679
0.00397750517974312,262.622530425566,489237.787215289,5665010.46939679
0.000175406414901508,262.622530425566,489737.787215289,5665010.46939679
0.000189029005651026,262.622530425566,490237.787215289,5665010.46939679
0.000265710244322604,262.622530425566,490737.787215289,5665010.46939679
0.000175406414901508,262.622530425566,491237.787215289,5665010.46939679
0.000309393999827449,262.622530425566,491737.787215289,5665010.46939679
0.000147726097204663,262.622530425566,492237.787215289,5665010.46939679
0.000131875445971181,262.622530425566,492737.787215289,5665010.46939679
0.000194460973263161,262.622530425566,493237.787215289,5665010.46939679
0.000275375395584552,262.622530425566,493737.787215289,5665010.46939679
0.000207344216793883,262.622530425566,494237.787215289,5665010.46939679
0.000117901405349704,262.622530425566,494737.787215289,5665010.46939679
0.000117901405349704,262.622530425566,495237.787215289,5665010.46939679
0.000117901405349704,262.622530425566,495737.787215289,5665010.46939679
0.000161657453319284,262.622530425566,496237.787215289,5665010.46939679
0.000171096991959487,262.622530425566,496737.787215289,5665010.46939679
0.000224113683820496,262.622530425566,497237.787215289,5665010.46939679
0.000246561532706124,262.622530425566,497737.787215289,5665010.46939679
0.000327460204363343,262.622530425566,498237.787215289,5665010.46939679
0.00103735569226541,262.622530425566,498737.787215289,5665010.46939679
0.00377636184993989,262.622530425566,499237.787215289,5665010.46939679
0.00024633141721262,262.622530425566,499737.787215289,5665010.46939679
0.00020642205644508,262.622530425566,500237.787215289,5665010.46939679
0.000266559009832853,262.622530425566,500737.787215289,5665010.46939679
0.000233642989095446,262.622530425566,501237.787215289,5665010.46939679
0.000227607287901819,262.622530425566,501737.787215289,5665010.46939679
0.000187408808535579,262.622530425566,502237.787215289,5665010.46939679
0.000287058220903437,262.622530425566,502737.787215289,5665010.46939679
0.000622534019597355,262.622530425566,503237.787215289,5665010.46939679
0.00084322720338657,262.622530425566,503737.787215289,5665010.46939679
0.00611923925183344,262.622530425566,504237.787215289,5665010.46939679
0.00435328985551048,262.622530425566,504737.787215289,5665010.46939679
0.000764923292768656,262.622530425566,505237.787215289,5665010.46939679
0.0019237015037125,262.622530425566,505737.787215289,5665010.46939679
0.000775652547882897,262.622530425566,506237.787215289,5665010.46939679
0.00366541508718619,262.622530425566,506737.787215289,5665010.46939679
0.00433486112011146,262.622530425566,507237.787215289,5665010.46939679
0.00444309199167687,262.622530425566,507737.787215289,5665010.46939679
0.00468788023518999,262.622530425566,508237.787215289,5665010.46939679
0.00416062740089598,262.622530425566,508737.787215289,5665010.46939679
0.00361349323886027,262.622530425566,509237.787215289,5665010.46939679
0.00115162249951666,262.622530425566,509737.787215289,5665010.46939679
0.00433024419713098,262.622530425566,510237.787215289,5665010.46939679
0.00387842611360119,262.622530425566,510737.787215289,5665010.46939679
0.0047025340259057,262.622530425566,511237.787215289,5665010.46939679
0.00204479210685473,262.622530425566,511737.787215289,5665010.46939679
0.00265525578950498,262.622530425566,512237.787215289,5665010.46939679
0.00178364158781951,262.622530425566,512737.787215289,5665010.46939679
0.0049832317010867,262.622530425566,513237.787215289,5665010.46939679
0.00466707068162953,262.622530425566,513737.787215289,5665010.46939679
0.00471134776646235,262.622530425566,514237.787215289,5665010.46939679
0.00359637405430158,262.622530425566,514737.787215289,5665010.46939679
0.00269519272998107,262.622530425566,515237.787215289,5665010.46939679
0.00204671392271048,262.622530425566,515737.787215289,5665010.46939679
0.0045557751145035,262.622530425566,516237.787215289,5665010.46939679
0.00375426792023961,262.622530425566,516737.787215289,5665010.46939679
0.00276903675359225,262.622530425566,517237.787215289,5665010.46939679
0.00183795461684779,262.622530425566,517737.787215289,5665010.46939679
0.00474957622477142,262.622530425566,518237.787215289,5665010.46939679
0.00258093107942735,262.622530425566,518737.787215289,5665010.46939679
0.00386079229658017,262.622530425566,519237.787215289,5665010.46939679
0.00456454710307649,262.622530425566,519737.787215289,5665010.46939679
0.00352197739481145,262.622530425566,520237.787215289,5665010.46939679
0.00541804786433844,262.622530425566,520737.787215289,5665010.46939679
0.00557672126769644,262.622530425566,521237.787215289,5665010.46939679
0.00516488639515666,262.622530425566,521737.787215289,5665010.46939679
0.00599983506376667,262.622530425566,522237.787215289,5665010.46939679
0.00389873809408909,262.622530425566,522737.787215289,5665010.46939679
0.00522511956179045,262.622530425566,523237.787215289,5665010.46939679
0.0050001026958642,262.622530425566,523737.787215289,5665010.46939679
0.00380293570582808,262.622530425566,524237.787215289,5665010.46939679
0.00026172549911865,262.622530425566,487237.787215289,5665510.46939679
0.000181386792690193,262.622530425566,487737.787215289,5665510.46939679
0.00537873685171343,262.622530425566,488237.787215289,5665510.46939679
0.00160422208214493,262.622530425566,488737.787215289,5665510.46939679
0.00341591586680216,262.622530425566,489237.787215289,5665510.46939679
0.000185119363659559,262.622530425566,489737.787215289,5665510.46939679
0.000189029005651026,262.622530425566,490237.787215289,5665510.46939679
0.000156585732846479,262.622530425566,490737.787215289,5665510.46939679
0.000185648786021458,262.622530425566,491237.787215289,5665510.46939679
0.000207962675748804,262.622530425566,491737.787215289,5665510.46939679
0.000195328036634296,262.622530425566,492237.787215289,5665510.46939679
0.000178600145490911,262.622530425566,492737.787215289,5665510.46939679
0.000288241212912518,262.622530425566,493237.787215289,5665510.46939679
0.000156120063474112,262.622530425566,493737.787215289,5665510.46939679
0.000147506812271988,262.622530425566,494237.787215289,5665510.46939679
0.000663320862990459,262.622530425566,494737.787215289,5665510.46939679
0.000150135116077643,262.622530425566,495237.787215289,5665510.46939679
0.000164632408764926,262.622530425566,495737.787215289,5665510.46939679
0.000161657453319284,262.622530425566,496237.787215289,5665510.46939679
0.000260958809586209,262.622530425566,496737.787215289,5665510.46939679
0.000276196775519799,262.622530425566,497237.787215289,5665510.46939679
0.00038823836824263,262.622530425566,497737.787215289,5665510.46939679
0.000309393999827449,262.622530425566,498237.787215289,5665510.46939679
0.00038823836824263,262.622530425566,498737.787215289,5665510.46939679
0.000622454944339349,262.622530425566,499237.787215289,5665510.46939679
0.000575949861859818,262.622530425566,499737.787215289,5665510.46939679
0.000599880520980346,262.622530425566,500237.787215289,5665510.46939679
0.000237230314193109,262.622530425566,500737.787215289,5665510.46939679
0.000332501075695275,262.622530425566,501237.787215289,5665510.46939679
0.000323277476155641,262.622530425566,501737.787215289,5665510.46939679
0.000236072828142812,262.622530425566,502237.787215289,5665510.46939679
0.000193659598761384,262.622530425566,502737.787215289,5665510.46939679
0.000161235010293599,262.622530425566,503237.787215289,5665510.46939679
0.00026326255619821,262.622530425566,503737.787215289,5665510.46939679
0.000233186022920478,262.622530425566,504237.787215289,5665510.46939679
0.00371927090102638,262.622530425566,504737.787215289,5665510.46939679
0.00427202840538621,262.622530425566,505237.787215289,5665510.46939679
0.0034701138564725,262.622530425566,505737.787215289,5665510.46939679
0.00459949053043927,262.622530425566,506237.787215289,5665510.46939679
0.0044251310600274,262.622530425566,506737.787215289,5665510.46939679
0.00417567306967115,262.622530425566,507237.787215289,5665510.46939679
0.00450333809672913,262.622530425566,507737.787215289,5665510.46939679
0.0024288503434866,262.622530425566,508237.787215289,5665510.46939679
0.00152947840201264,262.622530425566,508737.787215289,5665510.46939679
0.000774076086108903,262.622530425566,509237.787215289,5665510.46939679
0.001727909160879,262.622530425566,509737.787215289,5665510.46939679
0.00227916021812016,262.622530425566,510237.787215289,5665510.46939679
0.00402499758917637,262.622530425566,510737.787215289,5665510.46939679
0.00236531980621026,262.622530425566,511237.787215289,5665510.46939679
0.0032038836362197,262.622530425566,511737.787215289,5665510.46939679
0.0011838986206206,262.622530425566,512237.787215289,5665510.46939679
0.00486350203665856,262.622530425566,512737.787215289,5665510.46939679
0.0061091499895595,262.622530425566,513237.787215289,5665510.46939679
0.00537210922836969,262.622530425566,513737.787215289,5665510.46939679
0.0069456477870134,262.622530425566,514237.787215289,5665510.46939679
0.00507572627002644,262.622530425566,514737.787215289,5665510.46939679
0.00359129218787968,262.622530425566,515237.787215289,5665510.46939679
0.00506056942548126,262.622530425566,515737.787215289,5665510.46939679
0.00137390405265318,262.622530425566,516237.787215289,5665510.46939679
0.00199673370696448,262.622530425566,516737.787215289,5665510.46939679
0.00407478229145062,262.622530425566,517237.787215289,5665510.46939679
0.00355123344867598,262.622530425566,517737.787215289,5665510.46939679
0.00305996410394878,262.622530425566,518237.787215289,5665510.46939679
0.00243853933791899,262.622530425566,518737.787215289,5665510.46939679
0.00325639075850552,262.622530425566,519237.787215289,5665510.46939679
0.00407478229145062,262.622530425566,519737.787215289,5665510.46939679
0.00430218030409567,262.622530425566,520237.787215289,5665510.46939679
0.00514243674878595,262.622530425566,520737.787215289,5665510.46939679
0.00448365555736035,262.622530425566,521237.787215289,5665510.46939679
0.00522427601937504,262.622530425566,521737.787215289,5665510.46939679
0.0045557751145035,262.622530425566,522237.787215289,5665510.46939679
0.00468058886556305,262.622530425566,522737.787215289,5665510.46939679
0.00483544946399435,262.622530425566,523237.787215289,5665510.46939679
0.00486806502357802,262.622530425566,523737.787215289,5665510.46939679
0.000286852355634058,262.622530425566,487737.787215289,5666010.46939679
0.000563406490130866,262.622530425566,488237.787215289,5666010.46939679
0.00378502102282953,262.622530425566,488737.787215289,5666010.46939679
0.00537873685171343,262.622530425566,489237.787215289,5666010.46939679
0.000196489231996411,262.622530425566,489737.787215289,5666010.46939679
0.000156585732846479,262.622530425566,490237.787215289,5666010.46939679
0.000117901405349704,262.622530425566,490737.787215289,5666010.46939679
0.000178600145490911,262.622530425566,491237.787215289,5666010.46939679
0.000152738700513592,262.622530425566,491737.787215289,5666010.46939679
0.000131485204828121,262.622530425566,492237.787215289,5666010.46939679
0.000207037978756245,262.622530425566,492737.787215289,5666010.46939679
0.000210338448686411,262.622530425566,493237.787215289,5666010.46939679
0.000275375395584552,262.622530425566,493737.787215289,5666010.46939679
0.000139368760058515,262.622530425566,494237.787215289,5666010.46939679
0.000170649881544934,262.622530425566,494737.787215289,5666010.46939679
0.000169229881102999,262.622530425566,495237.787215289,5666010.46939679
0.000188394773377666,262.622530425566,495737.787215289,5666010.46939679
0.000165481903280847,262.622530425566,496237.787215289,5666010.46939679
0.000246561532706124,262.622530425566,496737.787215289,5666010.46939679
0.000246561532706124,262.622530425566,497237.787215289,5666010.46939679
0.000168746652713513,262.622530425566,497737.787215289,5666010.46939679
0.000265710244322604,262.622530425566,498237.787215289,5666010.46939679
0.00154331360528099,262.622530425566,498737.787215289,5666010.46939679
0.000309393999827449,262.622530425566,499237.787215289,5666010.46939679
0.00397750517974312,262.622530425566,499737.787215289,5666010.46939679
0.000596305049550995,262.622530425566,500237.787215289,5666010.46939679
0.0004995340834603,262.622530425566,500737.787215289,5666010.46939679
0.00094032400907481,262.622530425566,501237.787215289,5666010.46939679
0.000684162635570815,262.622530425566,501737.787215289,5666010.46939679
0.000471974444749422,262.622530425566,502237.787215289,5666010.46939679
0.000244016402996401,262.622530425566,502737.787215289,5666010.46939679
0.000171707146722657,262.622530425566,503237.787215289,5666010.46939679
0.000168180472021805,262.622530425566,503737.787215289,5666010.46939679
0.000614277897530206,262.622530425566,504237.787215289,5666010.46939679
0.000610358990008116,262.622530425566,504737.787215289,5666010.46939679
0.00454281820311902,262.622530425566,505237.787215289,5666010.46939679
0.00496670650243833,262.622530425566,505737.787215289,5666010.46939679
0.00495700572841921,262.622530425566,506237.787215289,5666010.46939679
0.00270544764602556,262.622530425566,506737.787215289,5666010.46939679
0.00270218314242749,262.622530425566,507237.787215289,5666010.46939679
0.00386561951792185,262.622530425566,507737.787215289,5666010.46939679
0.00302205974865114,262.622530425566,508237.787215289,5666010.46939679
0.00203131163484991,262.622530425566,508737.787215289,5666010.46939679
0.00108808669471602,262.622530425566,509237.787215289,5666010.46939679
0.00150675859743815,262.622530425566,509737.787215289,5666010.46939679
0.00314407777928162,262.622530425566,510237.787215289,5666010.46939679
0.0021160201476185,262.622530425566,510737.787215289,5666010.46939679
0.00410597637397515,262.622530425566,511237.787215289,5666010.46939679
0.000247959418035562,262.622530425566,511737.787215289,5666010.46939679
0.00053023438060427,262.622530425566,512237.787215289,5666010.46939679
0.00242196418600268,262.622530425566,512737.787215289,5666010.46939679
0.00634353398170079,262.622530425566,513237.787215289,5666010.46939679
0.00588487577135636,262.622530425566,513737.787215289,5666010.46939679
0.00626913643646378,262.622530425566,514237.787215289,5666010.46939679
0.00406371457790343,262.622530425566,514737.787215289,5666010.46939679
0.00704969735483288,262.622530425566,515237.787215289,5666010.46939679
0.00451758262407002,262.622530425566,515737.787215289,5666010.46939679
0.00452413833356691,262.622530425566,516237.787215289,5666010.46939679
0.00441949991761836,262.622530425566,516737.787215289,5666010.46939679
0.00173942131566151,262.622530425566,517237.787215289,5666010.46939679
0.000515695583558618,262.622530425566,517737.787215289,5666010.46939679
0.00183610096344516,262.622530425566,518237.787215289,5666010.46939679
0.00323310386181178,262.622530425566,518737.787215289,5666010.46939679
0.00448403147020106,262.622530425566,519237.787215289,5666010.46939679
0.00330937024902665,262.622530425566,519737.787215289,5666010.46939679
0.00431271790221761,262.622530425566,520237.787215289,5666010.46939679
0.00233554799162522,262.622530425566,520737.787215289,5666010.46939679
0.00478117786774874,262.622530425566,521237.787215289,5666010.46939679
0.00498607113162981,262.622530425566,521737.787215289,5666010.46939679
0.00545041680724169,262.622530425566,522237.787215289,5666010.46939679
0.00400233531778866,262.622530425566,522737.787215289,5666010.46939679
0.00220475913708444,262.622530425566,523237.787215289,5666010.46939679
