"D_mod","EN","x","y"
0.000867695573465468,268.312705164135,487737.787215289,5631510.46939679
0.00242759803891792,268.312705164135,488237.787215289,5631510.46939679
0.000958532849240925,268.312705164135,488737.787215289,5631510.46939679
0.00157690342248356,268.312705164135,489237.787215289,5631510.46939679
0.00105887969372071,268.312705164135,489737.787215289,5631510.46939679
0.000758226989891741,268.312705164135,490237.787215289,5631510.46939679
0.000958532849240925,268.312705164135,490737.787215289,5631510.46939679
0.0012729200561531,268.312705164135,491237.787215289,5631510.46939679
0.000795298723804796,268.312705164135,491737.787215289,5631510.46939679
0.00147316916982455,268.312705164135,492237.787215289,5631510.46939679
0.00242547108474438,268.312705164135,492737.787215289,5631510.46939679
0.00165760072751548,268.312705164135,493237.787215289,5631510.46939679
0.00279962713894847,268.312705164135,493737.787215289,5631510.46939679
0.00279717804279092,268.312705164135,494237.787215289,5631510.46939679
0.00188646254286344,268.312705164135,494737.787215289,5631510.46939679
0.000452649251418199,268.312705164135,495237.787215289,5631510.46939679
0.000452649251418199,268.312705164135,495737.787215289,5631510.46939679
0.000452649251418199,268.312705164135,496237.787215289,5631510.46939679
0.000452649251418199,268.312705164135,496737.787215289,5631510.46939679
0.000452649251418199,268.312705164135,497237.787215289,5631510.46939679
0.00129729337521693,268.312705164135,497737.787215289,5631510.46939679
0.00488636289488361,268.312705164135,498237.787215289,5631510.46939679
0.00479752264603402,268.312705164135,498737.787215289,5631510.46939679
0.00803866281530214,268.312705164135,499237.787215289,5631510.46939679
0.00147948405798804,268.312705164135,499737.787215289,5631510.46939679
0.00066866323919308,268.312705164135,500237.787215289,5631510.46939679
0.000452649251418199,268.312705164135,500737.787215289,5631510.46939679
0.000452649251418199,268.312705164135,501237.787215289,5631510.46939679
0.000452649251418199,268.312705164135,501737.787215289,5631510.46939679
0.000452649251418199,268.312705164135,502237.787215289,5631510.46939679
0.000452649251418199,268.312705164135,502737.787215289,5631510.46939679
0.000452649251418199,268.312705164135,503237.787215289,5631510.46939679
0.000452649251418199,268.312705164135,503737.787215289,5631510.46939679
0.00149498637351631,268.312705164135,504237.787215289,5631510.46939679
0.00257512194859925,268.312705164135,504737.787215289,5631510.46939679
0.00386332875463549,268.312705164135,505237.787215289,5631510.46939679
0.00489899749859837,268.312705164135,505737.787215289,5631510.46939679
0.00512305411917319,268.312705164135,506237.787215289,5631510.46939679
0.00765579361020923,268.312705164135,506737.787215289,5631510.46939679
0.00401080780878185,268.312705164135,507237.787215289,5631510.46939679
0.00558005581241708,268.312705164135,507737.787215289,5631510.46939679
0.00293313224356769,268.312705164135,508237.787215289,5631510.46939679
0.00199447752490472,268.312705164135,508737.787215289,5631510.46939679
0.000452649251418199,268.312705164135,509237.787215289,5631510.46939679
0.000452649251418199,268.312705164135,509737.787215289,5631510.46939679
0.00489778624640914,268.312705164135,510237.787215289,5631510.46939679
0.00443216542214652,268.312705164135,510737.787215289,5631510.46939679
0.00174773238711639,268.312705164135,511237.787215289,5631510.46939679
0.00263556733026764,268.312705164135,511737.787215289,5631510.46939679
0.0043476215543197,268.312705164135,512237.787215289,5631510.46939679
0.00466283214270534,268.312705164135,512737.787215289,5631510.46939679
0.00453482843083677,268.312705164135,513237.787215289,5631510.46939679
0.00519393127667875,268.312705164135,513737.787215289,5631510.46939679
0.0032341228661082,268.312705164135,514237.787215289,5631510.46939679
0.00169238203710862,268.312705164135,514737.787215289,5631510.46939679
0.000529418082688994,268.312705164135,515237.787215289,5631510.46939679
0.000527116784756736,268.312705164135,515737.787215289,5631510.46939679
0.000424099361440283,268.312705164135,516237.787215289,5631510.46939679
0.000718220592036951,268.312705164135,516737.787215289,5631510.46939679
0.000782975865318022,268.312705164135,517237.787215289,5631510.46939679
0.000382374972165689,268.312705164135,517737.787215289,5631510.46939679
0.000451393696434498,268.312705164135,518237.787215289,5631510.46939679
0.00103057404643026,268.312705164135,518737.787215289,5631510.46939679
0.000861774693958432,268.312705164135,519237.787215289,5631510.46939679
0.000627575530015001,268.312705164135,519737.787215289,5631510.46939679
0.000429212792085459,268.312705164135,520237.787215289,5631510.46939679
0.00042475243841417,268.312705164135,520737.787215289,5631510.46939679
0.000746724478539389,268.312705164135,521237.787215289,5631510.46939679
0.000733633044106985,268.312705164135,521737.787215289,5631510.46939679
0.000993908679725607,268.312705164135,522237.787215289,5631510.46939679
0.00260213285790304,268.312705164135,522737.787215289,5631510.46939679
0.000720079998699247,268.312705164135,523237.787215289,5631510.46939679
0.00109630914328023,268.312705164135,487237.787215289,5632010.46939679
0.00317507680193061,268.312705164135,487737.787215289,5632010.46939679
0.000870240294081629,268.312705164135,488237.787215289,5632010.46939679
0.000604079250835853,268.312705164135,488737.787215289,5632010.46939679
0.00109782124886254,268.312705164135,489237.787215289,5632010.46939679
0.000787770238259328,268.312705164135,489737.787215289,5632010.46939679
0.000712133397878834,268.312705164135,490237.787215289,5632010.46939679
0.00159439748233506,268.312705164135,490737.787215289,5632010.46939679
0.000987872044539539,268.312705164135,491237.787215289,5632010.46939679
0.00161624284547265,268.312705164135,491737.787215289,5632010.46939679
0.00133579269503075,268.312705164135,492237.787215289,5632010.46939679
0.00102431471931356,268.312705164135,492737.787215289,5632010.46939679
0.0021077168429493,268.312705164135,493237.787215289,5632010.46939679
0.00229730282855155,268.312705164135,493737.787215289,5632010.46939679
0.00126409738657578,268.312705164135,494237.787215289,5632010.46939679
0.00208910596395637,268.312705164135,494737.787215289,5632010.46939679
0.00100805926666861,268.312705164135,495237.787215289,5632010.46939679
0.0019416674084562,268.312705164135,495737.787215289,5632010.46939679
0.00202795605562483,268.312705164135,496237.787215289,5632010.46939679
0.000452649251418199,268.312705164135,496737.787215289,5632010.46939679
0.000452649251418199,268.312705164135,497237.787215289,5632010.46939679
0.000452649251418199,268.312705164135,497737.787215289,5632010.46939679
0.00378623016564453,268.312705164135,498237.787215289,5632010.46939679
0.000452649251418199,268.312705164135,498737.787215289,5632010.46939679
0.000452649251418199,268.312705164135,499237.787215289,5632010.46939679
0.000452649251418199,268.312705164135,499737.787215289,5632010.46939679
0.000452649251418199,268.312705164135,500237.787215289,5632010.46939679
0.000452649251418199,268.312705164135,500737.787215289,5632010.46939679
0.000452649251418199,268.312705164135,501237.787215289,5632010.46939679
0.000452649251418199,268.312705164135,501737.787215289,5632010.46939679
0.000452649251418199,268.312705164135,502237.787215289,5632010.46939679
0.00277802942659672,268.312705164135,502737.787215289,5632010.46939679
0.00258873665767978,268.312705164135,503237.787215289,5632010.46939679
0.00262041191603052,268.312705164135,503737.787215289,5632010.46939679
0.00219087524102938,268.312705164135,504237.787215289,5632010.46939679
0.0034737233809959,268.312705164135,504737.787215289,5632010.46939679
0.00428997135584375,268.312705164135,505237.787215289,5632010.46939679
0.00196957792559022,268.312705164135,505737.787215289,5632010.46939679
0.000720355199144766,268.312705164135,506237.787215289,5632010.46939679
0.00222636163762902,268.312705164135,506737.787215289,5632010.46939679
0.00424876415364631,268.312705164135,507237.787215289,5632010.46939679
0.00576835193148084,268.312705164135,507737.787215289,5632010.46939679
0.00141332195320514,268.312705164135,508237.787215289,5632010.46939679
0.00276318026557281,268.312705164135,508737.787215289,5632010.46939679
0.00202429437814312,268.312705164135,509237.787215289,5632010.46939679
0.000667996325953395,268.312705164135,509737.787215289,5632010.46939679
0.00380836865407864,268.312705164135,510237.787215289,5632010.46939679
0.00562983597554787,268.312705164135,510737.787215289,5632010.46939679
0.00407805071995475,268.312705164135,511237.787215289,5632010.46939679
0.0055273743380202,268.312705164135,511737.787215289,5632010.46939679
0.00551862434886741,268.312705164135,512237.787215289,5632010.46939679
0.00478957092744181,268.312705164135,512737.787215289,5632010.46939679
0.00389689036119244,268.312705164135,513237.787215289,5632010.46939679
0.0039717572571996,268.312705164135,513737.787215289,5632010.46939679
0.00392917050614807,268.312705164135,514237.787215289,5632010.46939679
0.0035048082699884,268.312705164135,514737.787215289,5632010.46939679
0.00359958768697455,268.312705164135,515237.787215289,5632010.46939679
0.00268425625436201,268.312705164135,515737.787215289,5632010.46939679
0.00111452436625874,268.312705164135,516237.787215289,5632010.46939679
0.000936620163875564,268.312705164135,516737.787215289,5632010.46939679
0.000500799503307857,268.312705164135,517237.787215289,5632010.46939679
0.000818796615343408,268.312705164135,517737.787215289,5632010.46939679
0.000450545156140905,268.312705164135,518237.787215289,5632010.46939679
0.00133849137745493,268.312705164135,518737.787215289,5632010.46939679
0.00334529109690302,268.312705164135,519237.787215289,5632010.46939679
0.00109525044603391,268.312705164135,519737.787215289,5632010.46939679
0.00234259748463845,268.312705164135,520237.787215289,5632010.46939679
0.00108228616212068,268.312705164135,520737.787215289,5632010.46939679
0.000857925667753498,268.312705164135,521237.787215289,5632010.46939679
0.00261005090858912,268.312705164135,521737.787215289,5632010.46939679
0.00200978580555823,268.312705164135,522237.787215289,5632010.46939679
0.0026209300198676,268.312705164135,522737.787215289,5632010.46939679
0.000615898843048011,268.312705164135,523237.787215289,5632010.46939679
0.000391475008887103,268.312705164135,523737.787215289,5632010.46939679
0.000770956081299512,268.312705164135,486737.787215289,5632510.46939679
0.0010038733515791,268.312705164135,487237.787215289,5632510.46939679
0.00238275096194189,268.312705164135,487737.787215289,5632510.46939679
0.00160000071838264,268.312705164135,488237.787215289,5632510.46939679
0.000770956081299512,268.312705164135,488737.787215289,5632510.46939679
0.000880404925937476,268.312705164135,489237.787215289,5632510.46939679
0.000972572717841782,268.312705164135,489737.787215289,5632510.46939679
0.000939404233701723,268.312705164135,490237.787215289,5632510.46939679
0.00108552927050459,268.312705164135,490737.787215289,5632510.46939679
0.00182074625442219,268.312705164135,491237.787215289,5632510.46939679
0.0016389040842727,268.312705164135,491737.787215289,5632510.46939679
0.00144355507791066,268.312705164135,492237.787215289,5632510.46939679
0.00087747603444645,268.312705164135,492737.787215289,5632510.46939679
0.000843896937885084,268.312705164135,493237.787215289,5632510.46939679
0.00151139968369959,268.312705164135,493737.787215289,5632510.46939679
0.00112114160694217,268.312705164135,494237.787215289,5632510.46939679
0.00137667922572086,268.312705164135,494737.787215289,5632510.46939679
0.00168688761479794,268.312705164135,495237.787215289,5632510.46939679
0.00240291967112705,268.312705164135,495737.787215289,5632510.46939679
0.00120702029999996,268.312705164135,496237.787215289,5632510.46939679
0.0029351536506731,268.312705164135,496737.787215289,5632510.46939679
0.000452649251418199,268.312705164135,497237.787215289,5632510.46939679
0.000581214300199244,268.312705164135,497737.787215289,5632510.46939679
0.000558855087857037,268.312705164135,498237.787215289,5632510.46939679
0.000452649251418199,268.312705164135,498737.787215289,5632510.46939679
0.000452649251418199,268.312705164135,499237.787215289,5632510.46939679
0.000452649251418199,268.312705164135,499737.787215289,5632510.46939679
0.000452649251418199,268.312705164135,500237.787215289,5632510.46939679
0.000452649251418199,268.312705164135,500737.787215289,5632510.46939679
0.000452649251418199,268.312705164135,501237.787215289,5632510.46939679
0.00282578390949952,268.312705164135,501737.787215289,5632510.46939679
0.00363402876632858,268.312705164135,502237.787215289,5632510.46939679
0.00300957893509091,268.312705164135,502737.787215289,5632510.46939679
0.00159283749673249,268.312705164135,503237.787215289,5632510.46939679
0.00323843973188093,268.312705164135,503737.787215289,5632510.46939679
0.00262297828257463,268.312705164135,504237.787215289,5632510.46939679
0.00167795013899669,268.312705164135,504737.787215289,5632510.46939679
0.00451547379557169,268.312705164135,505237.787215289,5632510.46939679
0.00334953460813263,268.312705164135,505737.787215289,5632510.46939679
0.00133927780268101,268.312705164135,506237.787215289,5632510.46939679
0.00281451246729496,268.312705164135,506737.787215289,5632510.46939679
0.00553872233974589,268.312705164135,507237.787215289,5632510.46939679
0.00408755592217797,268.312705164135,507737.787215289,5632510.46939679
0.00498818951634806,268.312705164135,508237.787215289,5632510.46939679
0.00551039287957035,268.312705164135,508737.787215289,5632510.46939679
0.000967415546590172,268.312705164135,509237.787215289,5632510.46939679
0.00163436821954266,268.312705164135,509737.787215289,5632510.46939679
0.00096582733284078,268.312705164135,510237.787215289,5632510.46939679
0.00249050252135233,268.312705164135,510737.787215289,5632510.46939679
0.00324188295137319,268.312705164135,511237.787215289,5632510.46939679
0.00620768096782815,268.312705164135,511737.787215289,5632510.46939679
0.00565735245068226,268.312705164135,512237.787215289,5632510.46939679
0.00567064859815332,268.312705164135,512737.787215289,5632510.46939679
0.000961042716114239,268.312705164135,513237.787215289,5632510.46939679
0.00372015048457438,268.312705164135,513737.787215289,5632510.46939679
0.00417017666924079,268.312705164135,514237.787215289,5632510.46939679
0.00360568179118273,268.312705164135,514737.787215289,5632510.46939679
0.00369987121172699,268.312705164135,515237.787215289,5632510.46939679
0.00283125415254322,268.312705164135,515737.787215289,5632510.46939679
0.00134229161585838,268.312705164135,516237.787215289,5632510.46939679
0.000757965128104182,268.312705164135,516737.787215289,5632510.46939679
0.000528393589644307,268.312705164135,517237.787215289,5632510.46939679
0.000808853406348887,268.312705164135,517737.787215289,5632510.46939679
0.000460092666760186,268.312705164135,518237.787215289,5632510.46939679
0.000539996821638807,268.312705164135,518737.787215289,5632510.46939679
0.00279553331862567,268.312705164135,519237.787215289,5632510.46939679
0.00072432996864727,268.312705164135,519737.787215289,5632510.46939679
0.000623001268871049,268.312705164135,520237.787215289,5632510.46939679
0.00267323420512466,268.312705164135,520737.787215289,5632510.46939679
0.000987735856565651,268.312705164135,521237.787215289,5632510.46939679
0.000768627750455937,268.312705164135,521737.787215289,5632510.46939679
0.00322500757327027,268.312705164135,522237.787215289,5632510.46939679
0.00189635411162854,268.312705164135,522737.787215289,5632510.46939679
0.000892939215773947,268.312705164135,523237.787215289,5632510.46939679
0.000465748571163301,268.312705164135,523737.787215289,5632510.46939679
0.000482965983401792,268.312705164135,524237.787215289,5632510.46939679
0.0024438765064696,268.312705164135,486737.787215289,5633010.46939679
0.00125612558467763,268.312705164135,487237.787215289,5633010.46939679
0.0005136396710465,268.312705164135,487737.787215289,5633010.46939679
0.00046496358395672,268.312705164135,488237.787215289,5633010.46939679
0.000449785793245439,268.312705164135,488737.787215289,5633010.46939679
0.000449785793245439,268.312705164135,489237.787215289,5633010.46939679
0.000449785793245439,268.312705164135,489737.787215289,5633010.46939679
0.000448976557102235,268.312705164135,490237.787215289,5633010.46939679
0.000487395999505691,268.312705164135,490737.787215289,5633010.46939679
0.000605528080894594,268.312705164135,491237.787215289,5633010.46939679
0.000526047963262222,268.312705164135,491737.787215289,5633010.46939679
0.00268960314100957,268.312705164135,492237.787215289,5633010.46939679
0.00220398667919717,268.312705164135,492737.787215289,5633010.46939679
0.00147175235537024,268.312705164135,493237.787215289,5633010.46939679
0.00189163934549135,268.312705164135,493737.787215289,5633010.46939679
0.000631757491476001,268.312705164135,494237.787215289,5633010.46939679
0.000807546190084909,268.312705164135,494737.787215289,5633010.46939679
0.00109395115755694,268.312705164135,495237.787215289,5633010.46939679
0.00104059835751466,268.312705164135,495737.787215289,5633010.46939679
0.0011194685925327,268.312705164135,496237.787215289,5633010.46939679
0.00122142223074524,268.312705164135,496737.787215289,5633010.46939679
0.0021077168429493,268.312705164135,497237.787215289,5633010.46939679
0.00337072642610504,268.312705164135,497737.787215289,5633010.46939679
0.00391842825359064,268.312705164135,498237.787215289,5633010.46939679
0.000452649251418199,268.312705164135,498737.787215289,5633010.46939679
0.000452649251418199,268.312705164135,499237.787215289,5633010.46939679
0.000452649251418199,268.312705164135,499737.787215289,5633010.46939679
0.000519570588106777,268.312705164135,500237.787215289,5633010.46939679
0.000668828603660124,268.312705164135,500737.787215289,5633010.46939679
0.00320147644296468,268.312705164135,501237.787215289,5633010.46939679
0.00148359007245714,268.312705164135,501737.787215289,5633010.46939679
0.00136816888051545,268.312705164135,502237.787215289,5633010.46939679
0.00309642614926619,268.312705164135,502737.787215289,5633010.46939679
0.00306720237795564,268.312705164135,503237.787215289,5633010.46939679
0.00110896680056009,268.312705164135,503737.787215289,5633010.46939679
0.00144398804631754,268.312705164135,504237.787215289,5633010.46939679
0.00419624012983178,268.312705164135,504737.787215289,5633010.46939679
0.00411539939049751,268.312705164135,505237.787215289,5633010.46939679
0.0037001905388794,268.312705164135,505737.787215289,5633010.46939679
0.00307659756276432,268.312705164135,506237.787215289,5633010.46939679
0.000452649251418199,268.312705164135,506737.787215289,5633010.46939679
0.000452649251418199,268.312705164135,507237.787215289,5633010.46939679
0.00400411442336597,268.312705164135,507737.787215289,5633010.46939679
0.00482536021289366,268.312705164135,508237.787215289,5633010.46939679
0.00443578213758135,268.312705164135,508737.787215289,5633010.46939679
0.00290165204453377,268.312705164135,509237.787215289,5633010.46939679
0.00120525532909436,268.312705164135,509737.787215289,5633010.46939679
0.00182907031794241,268.312705164135,510237.787215289,5633010.46939679
0.00220317720224229,268.312705164135,510737.787215289,5633010.46939679
0.00191700410323464,268.312705164135,511237.787215289,5633010.46939679
0.0047929604338867,268.312705164135,511737.787215289,5633010.46939679
0.00582075266203582,268.312705164135,512237.787215289,5633010.46939679
0.00535286772313693,268.312705164135,512737.787215289,5633010.46939679
0.00134305803691562,268.312705164135,513237.787215289,5633010.46939679
0.00427947571164333,268.312705164135,513737.787215289,5633010.46939679
0.00424436828265676,268.312705164135,514237.787215289,5633010.46939679
0.00405602188163157,268.312705164135,514737.787215289,5633010.46939679
0.00374870027660696,268.312705164135,515237.787215289,5633010.46939679
0.00372802811488976,268.312705164135,515737.787215289,5633010.46939679
0.00280371556431524,268.312705164135,516237.787215289,5633010.46939679
0.000932017199302508,268.312705164135,516737.787215289,5633010.46939679
0.00107159789326183,268.312705164135,517237.787215289,5633010.46939679
0.000789288138680665,268.312705164135,517737.787215289,5633010.46939679
0.00064677963718006,268.312705164135,518237.787215289,5633010.46939679
0.000643653162206113,268.312705164135,518737.787215289,5633010.46939679
0.00332341844615874,268.312705164135,519237.787215289,5633010.46939679
0.000400564397945269,268.312705164135,519737.787215289,5633010.46939679
0.000634283813895603,268.312705164135,520237.787215289,5633010.46939679
0.000973068235203967,268.312705164135,520737.787215289,5633010.46939679
0.00282408597180688,268.312705164135,521237.787215289,5633010.46939679
0.000758897807668722,268.312705164135,521737.787215289,5633010.46939679
0.00270427881805716,268.312705164135,522237.787215289,5633010.46939679
0.000766213193909681,268.312705164135,522737.787215289,5633010.46939679
0.000631766122403432,268.312705164135,523237.787215289,5633010.46939679
0.000402895564245475,268.312705164135,523737.787215289,5633010.46939679
0.000509708679944906,268.312705164135,524237.787215289,5633010.46939679
0.00406335868212347,268.312705164135,486737.787215289,5633510.46939679
0.00127181205986043,268.312705164135,487237.787215289,5633510.46939679
0.000502172772383841,268.312705164135,487737.787215289,5633510.46939679
0.000439744419103639,268.312705164135,488237.787215289,5633510.46939679
0.000439744419103639,268.312705164135,488737.787215289,5633510.46939679
0.000502172772383841,268.312705164135,489237.787215289,5633510.46939679
0.00143546512608082,268.312705164135,489737.787215289,5633510.46939679
0.000439744419103639,268.312705164135,490237.787215289,5633510.46939679
0.00051085083032387,268.312705164135,490737.787215289,5633510.46939679
0.000456095248175189,268.312705164135,491237.787215289,5633510.46939679
0.00071816028627115,268.312705164135,491737.787215289,5633510.46939679
0.000721444996653828,268.312705164135,492237.787215289,5633510.46939679
0.000653075823735273,268.312705164135,492737.787215289,5633510.46939679
0.00134918748942778,268.312705164135,493237.787215289,5633510.46939679
0.000837155853842368,268.312705164135,493737.787215289,5633510.46939679
0.000755351670632086,268.312705164135,494237.787215289,5633510.46939679
0.00208021808452943,268.312705164135,494737.787215289,5633510.46939679
0.00208472620175949,268.312705164135,495237.787215289,5633510.46939679
0.00105437272506071,268.312705164135,495737.787215289,5633510.46939679
0.00105952082027511,268.312705164135,496237.787215289,5633510.46939679
0.00334771921829362,268.312705164135,496737.787215289,5633510.46939679
0.00415071882419645,268.312705164135,497237.787215289,5633510.46939679
0.00262358996689303,268.312705164135,497737.787215289,5633510.46939679
0.00303993174177765,268.312705164135,498237.787215289,5633510.46939679
0.00230148906826602,268.312705164135,498737.787215289,5633510.46939679
0.00297789323290319,268.312705164135,499237.787215289,5633510.46939679
0.00200576013564649,268.312705164135,499737.787215289,5633510.46939679
0.00397256450883341,268.312705164135,500237.787215289,5633510.46939679
0.00135084943697107,268.312705164135,500737.787215289,5633510.46939679
0.00293523889397146,268.312705164135,501237.787215289,5633510.46939679
0.00202456690591899,268.312705164135,501737.787215289,5633510.46939679
0.00287418432099621,268.312705164135,502237.787215289,5633510.46939679
0.00132470988285214,268.312705164135,502737.787215289,5633510.46939679
0.00130913542926928,268.312705164135,503237.787215289,5633510.46939679
0.00167243760024698,268.312705164135,503737.787215289,5633510.46939679
0.0016887825227152,268.312705164135,504237.787215289,5633510.46939679
0.00152990229374135,268.312705164135,504737.787215289,5633510.46939679
0.0036601780266864,268.312705164135,505237.787215289,5633510.46939679
0.00445148586846201,268.312705164135,505737.787215289,5633510.46939679
0.00129599395842675,268.312705164135,506237.787215289,5633510.46939679
0.000452649251418199,268.312705164135,506737.787215289,5633510.46939679
0.000452649251418199,268.312705164135,507237.787215289,5633510.46939679
0.0027135756344381,268.312705164135,507737.787215289,5633510.46939679
0.00451547379557169,268.312705164135,508237.787215289,5633510.46939679
0.00467636969368275,268.312705164135,508737.787215289,5633510.46939679
0.00454404227147357,268.312705164135,509237.787215289,5633510.46939679
0.00382574401088792,268.312705164135,509737.787215289,5633510.46939679
0.00379595400265517,268.312705164135,510237.787215289,5633510.46939679
0.000552383941282932,268.312705164135,510737.787215289,5633510.46939679
0.00276232819713663,268.312705164135,511237.787215289,5633510.46939679
0.00348695849434144,268.312705164135,511737.787215289,5633510.46939679
0.00389980475840169,268.312705164135,512237.787215289,5633510.46939679
0.0046840078506809,268.312705164135,512737.787215289,5633510.46939679
0.00367431801571925,268.312705164135,513237.787215289,5633510.46939679
0.00231557957375412,268.312705164135,513737.787215289,5633510.46939679
0.00481663926545052,268.312705164135,514237.787215289,5633510.46939679
0.00426338846039556,268.312705164135,514737.787215289,5633510.46939679
0.00370293075218203,268.312705164135,515237.787215289,5633510.46939679
0.00367797167590853,268.312705164135,515737.787215289,5633510.46939679
0.00316387988247338,268.312705164135,516237.787215289,5633510.46939679
0.00422512373810984,268.312705164135,516737.787215289,5633510.46939679
0.000957394522847802,268.312705164135,517237.787215289,5633510.46939679
0.000781158153373144,268.312705164135,517737.787215289,5633510.46939679
0.000578190139583531,268.312705164135,518237.787215289,5633510.46939679
0.000884178597759867,268.312705164135,518737.787215289,5633510.46939679
0.00227725343127618,268.312705164135,519237.787215289,5633510.46939679
0.00181897876751966,268.312705164135,519737.787215289,5633510.46939679
0.00305068995310995,268.312705164135,520237.787215289,5633510.46939679
0.00335056117298737,268.312705164135,520737.787215289,5633510.46939679
0.0012010912736328,268.312705164135,521237.787215289,5633510.46939679
0.0022884433068823,268.312705164135,521737.787215289,5633510.46939679
0.00291026275101852,268.312705164135,522237.787215289,5633510.46939679
0.00074839536953356,268.312705164135,522737.787215289,5633510.46939679
0.00059632336549262,268.312705164135,523237.787215289,5633510.46939679
0.00328062533680814,268.312705164135,523737.787215289,5633510.46939679
0.00318119463957078,268.312705164135,524237.787215289,5633510.46939679
0.000482058092794129,268.312705164135,486737.787215289,5634010.46939679
0.00137471642427618,268.312705164135,487237.787215289,5634010.46939679
0.00046632228660293,268.312705164135,487737.787215289,5634010.46939679
0.000436374896908241,268.312705164135,488237.787215289,5634010.46939679
0.00137796714398941,268.312705164135,488737.787215289,5634010.46939679
0.000422130325751575,268.312705164135,489237.787215289,5634010.46939679
0.000452649251418199,268.312705164135,489737.787215289,5634010.46939679
0.00043534545837197,268.312705164135,490237.787215289,5634010.46939679
0.000430766506867056,268.312705164135,490737.787215289,5634010.46939679
0.000438873226718582,268.312705164135,491237.787215289,5634010.46939679
0.00051085083032387,268.312705164135,491737.787215289,5634010.46939679
0.000449785793245439,268.312705164135,492237.787215289,5634010.46939679
0.000449785793245439,268.312705164135,492737.787215289,5634010.46939679
0.000462439033283216,268.312705164135,493237.787215289,5634010.46939679
0.000443174303152542,268.312705164135,493737.787215289,5634010.46939679
0.000554744213344145,268.312705164135,494237.787215289,5634010.46939679
0.000719617216291772,268.312705164135,494737.787215289,5634010.46939679
0.00129293334682858,268.312705164135,495237.787215289,5634010.46939679
0.00224303567903287,268.312705164135,495737.787215289,5634010.46939679
0.000950580088625689,268.312705164135,496237.787215289,5634010.46939679
0.00281706465399142,268.312705164135,496737.787215289,5634010.46939679
0.00279174931400126,268.312705164135,497237.787215289,5634010.46939679
0.00318286093581192,268.312705164135,497737.787215289,5634010.46939679
0.00182106649072847,268.312705164135,498237.787215289,5634010.46939679
0.00139643315781041,268.312705164135,498737.787215289,5634010.46939679
0.00109129034939767,268.312705164135,499237.787215289,5634010.46939679
0.00112114160694217,268.312705164135,499737.787215289,5634010.46939679
0.00247065082595111,268.312705164135,500237.787215289,5634010.46939679
0.000841833069284162,268.312705164135,500737.787215289,5634010.46939679
0.00122875884318126,268.312705164135,501237.787215289,5634010.46939679
0.00103458613726194,268.312705164135,501737.787215289,5634010.46939679
0.000686004683050731,268.312705164135,502237.787215289,5634010.46939679
0.00231112530014899,268.312705164135,502737.787215289,5634010.46939679
0.00129851289774449,268.312705164135,503237.787215289,5634010.46939679
0.00119013581905173,268.312705164135,503737.787215289,5634010.46939679
0.00299298726034814,268.312705164135,504237.787215289,5634010.46939679
0.00158913544177015,268.312705164135,504737.787215289,5634010.46939679
0.00389329654541035,268.312705164135,505237.787215289,5634010.46939679
0.00346256293411777,268.312705164135,505737.787215289,5634010.46939679
0.00313442625691843,268.312705164135,506237.787215289,5634010.46939679
0.00331957772697556,268.312705164135,506737.787215289,5634010.46939679
0.000452649251418199,268.312705164135,507237.787215289,5634010.46939679
0.00176266689810838,268.312705164135,507737.787215289,5634010.46939679
0.00457255886276505,268.312705164135,508237.787215289,5634010.46939679
0.0046409172748467,268.312705164135,508737.787215289,5634010.46939679
0.00383203616724268,268.312705164135,509237.787215289,5634010.46939679
0.0017362982598446,268.312705164135,509737.787215289,5634010.46939679
0.00350633699786036,268.312705164135,510237.787215289,5634010.46939679
0.000938251632234661,268.312705164135,510737.787215289,5634010.46939679
0.00294052245483903,268.312705164135,511237.787215289,5634010.46939679
0.00304201632670207,268.312705164135,511737.787215289,5634010.46939679
0.00600646263200339,268.312705164135,512237.787215289,5634010.46939679
0.0038034512886216,268.312705164135,512737.787215289,5634010.46939679
0.00144794768309234,268.312705164135,513237.787215289,5634010.46939679
0.00277802942659672,268.312705164135,513737.787215289,5634010.46939679
0.00133498741042661,268.312705164135,514237.787215289,5634010.46939679
0.00443079228174263,268.312705164135,514737.787215289,5634010.46939679
0.00385857570847284,268.312705164135,515237.787215289,5634010.46939679
0.00313952641030302,268.312705164135,515737.787215289,5634010.46939679
0.00376303929217405,268.312705164135,516237.787215289,5634010.46939679
0.0037273536723757,268.312705164135,516737.787215289,5634010.46939679
0.000646798396978174,268.312705164135,517237.787215289,5634010.46939679
0.001930263469861,268.312705164135,517737.787215289,5634010.46939679
0.00147746331407673,268.312705164135,518237.787215289,5634010.46939679
0.00204752045937839,268.312705164135,518737.787215289,5634010.46939679
0.000607914953553702,268.312705164135,519237.787215289,5634010.46939679
0.000589649775161108,268.312705164135,519737.787215289,5634010.46939679
0.00125608915189968,268.312705164135,520237.787215289,5634010.46939679
0.00147564559371654,268.312705164135,520737.787215289,5634010.46939679
0.0005287255368284,268.312705164135,521237.787215289,5634010.46939679
0.00331960500490722,268.312705164135,521737.787215289,5634010.46939679
0.00314155164440579,268.312705164135,522237.787215289,5634010.46939679
0.00303900207920821,268.312705164135,522737.787215289,5634010.46939679
0.00305225702286923,268.312705164135,523237.787215289,5634010.46939679
0.0035369294471938,268.312705164135,523737.787215289,5634010.46939679
0.00331647002311821,268.312705164135,524237.787215289,5634010.46939679
0.000446343489135111,268.312705164135,486737.787215289,5634510.46939679
0.000622015586355099,268.312705164135,487237.787215289,5634510.46939679
0.000461405121061175,268.312705164135,487737.787215289,5634510.46939679
0.000404044858842728,268.312705164135,488237.787215289,5634510.46939679
0.00131893044924418,268.312705164135,488737.787215289,5634510.46939679
0.000404044858842728,268.312705164135,489237.787215289,5634510.46939679
0.000404044858842728,268.312705164135,489737.787215289,5634510.46939679
0.000404044858842728,268.312705164135,490237.787215289,5634510.46939679
0.000473906588041151,268.312705164135,490737.787215289,5634510.46939679
0.000422130325751575,268.312705164135,491237.787215289,5634510.46939679
0.00140311596381478,268.312705164135,491737.787215289,5634510.46939679
0.00140615837570318,268.312705164135,492237.787215289,5634510.46939679
0.00140615837570318,268.312705164135,492737.787215289,5634510.46939679
0.000429834485862689,268.312705164135,493237.787215289,5634510.46939679
0.00138757236566753,268.312705164135,493737.787215289,5634510.46939679
0.000451100143806637,268.312705164135,494237.787215289,5634510.46939679
0.000450945408591761,268.312705164135,494737.787215289,5634510.46939679
0.00116467228920231,268.312705164135,495237.787215289,5634510.46939679
0.000907807965759761,268.312705164135,495737.787215289,5634510.46939679
0.00300871764048143,268.312705164135,496237.787215289,5634510.46939679
0.00230315184903025,268.312705164135,496737.787215289,5634510.46939679
0.00252291233425484,268.312705164135,497237.787215289,5634510.46939679
0.000783400454818337,268.312705164135,497737.787215289,5634510.46939679
0.00129597810427213,268.312705164135,498237.787215289,5634510.46939679
0.000787770238259328,268.312705164135,498737.787215289,5634510.46939679
0.00112215989851933,268.312705164135,499237.787215289,5634510.46939679
0.0030058762557392,268.312705164135,499737.787215289,5634510.46939679
0.00164646136187065,268.312705164135,500237.787215289,5634510.46939679
0.00120601188574494,268.312705164135,500737.787215289,5634510.46939679
0.00071835148898896,268.312705164135,501237.787215289,5634510.46939679
0.000583373811227072,268.312705164135,501737.787215289,5634510.46939679
0.00112239144447048,268.312705164135,502237.787215289,5634510.46939679
0.000766893877531645,268.312705164135,502737.787215289,5634510.46939679
0.000475862571864638,268.312705164135,503237.787215289,5634510.46939679
0.00281848736970278,268.312705164135,503737.787215289,5634510.46939679
0.000659983451889992,268.312705164135,504237.787215289,5634510.46939679
0.00226570053991253,268.312705164135,504737.787215289,5634510.46939679
0.0011618750427494,268.312705164135,505237.787215289,5634510.46939679
0.00169388770338264,268.312705164135,505737.787215289,5634510.46939679
0.000949035873472596,268.312705164135,506237.787215289,5634510.46939679
0.00451547379557169,268.312705164135,506737.787215289,5634510.46939679
0.000452649251418199,268.312705164135,507237.787215289,5634510.46939679
0.000452649251418199,268.312705164135,507737.787215289,5634510.46939679
0.000452649251418199,268.312705164135,508237.787215289,5634510.46939679
0.00494856213047298,268.312705164135,508737.787215289,5634510.46939679
0.00495941258508419,268.312705164135,509237.787215289,5634510.46939679
0.00448942396755029,268.312705164135,509737.787215289,5634510.46939679
0.00163436821954266,268.312705164135,510237.787215289,5634510.46939679
0.00113450036313608,268.312705164135,510737.787215289,5634510.46939679
0.00211566134046414,268.312705164135,511237.787215289,5634510.46939679
0.00216353172012089,268.312705164135,511737.787215289,5634510.46939679
0.00408968421084036,268.312705164135,512237.787215289,5634510.46939679
0.00430075406325137,268.312705164135,512737.787215289,5634510.46939679
0.00289409911966172,268.312705164135,513237.787215289,5634510.46939679
0.000676904794753534,268.312705164135,513737.787215289,5634510.46939679
0.00597842046160996,268.312705164135,514237.787215289,5634510.46939679
0.00319778163208402,268.312705164135,514737.787215289,5634510.46939679
0.00444600871548608,268.312705164135,515237.787215289,5634510.46939679
0.00412096322596337,268.312705164135,515737.787215289,5634510.46939679
0.00263678940027702,268.312705164135,516237.787215289,5634510.46939679
0.00113642278123135,268.312705164135,516737.787215289,5634510.46939679
0.00353769321643199,268.312705164135,517237.787215289,5634510.46939679
0.00253468051133803,268.312705164135,517737.787215289,5634510.46939679
0.00319753767246688,268.312705164135,518237.787215289,5634510.46939679
0.00374533507345523,268.312705164135,518737.787215289,5634510.46939679
0.000698554595540621,268.312705164135,519237.787215289,5634510.46939679
0.000720557404219766,268.312705164135,519737.787215289,5634510.46939679
0.000971376163440636,268.312705164135,520237.787215289,5634510.46939679
0.0013454526081855,268.312705164135,520737.787215289,5634510.46939679
0.0037796606520092,268.312705164135,521237.787215289,5634510.46939679
0.000752233557220066,268.312705164135,521737.787215289,5634510.46939679
0.00286933220290126,268.312705164135,522237.787215289,5634510.46939679
0.0035015478897242,268.312705164135,522737.787215289,5634510.46939679
0.00374870027660696,268.312705164135,523237.787215289,5634510.46939679
0.0038085866975988,268.312705164135,523737.787215289,5634510.46939679
0.00369674204992435,268.312705164135,524237.787215289,5634510.46939679
0.000483713512041972,268.312705164135,486737.787215289,5635010.46939679
0.000467923668055663,268.312705164135,487237.787215289,5635010.46939679
0.00043719674945308,268.312705164135,487737.787215289,5635010.46939679
0.000395764928175747,268.312705164135,488237.787215289,5635010.46939679
0.000395764928175747,268.312705164135,488737.787215289,5635010.46939679
0.00129190213187964,268.312705164135,489237.787215289,5635010.46939679
0.00129190213187964,268.312705164135,489737.787215289,5635010.46939679
0.000395764928175747,268.312705164135,490237.787215289,5635010.46939679
0.00132998192416124,268.312705164135,490737.787215289,5635010.46939679
0.00135122871679465,268.312705164135,491237.787215289,5635010.46939679
0.00137471642427618,268.312705164135,491737.787215289,5635010.46939679
0.00137796714398941,268.312705164135,492237.787215289,5635010.46939679
0.00137796714398941,268.312705164135,492737.787215289,5635010.46939679
0.00147759058791893,268.312705164135,493237.787215289,5635010.46939679
0.000417072458033836,268.312705164135,493737.787215289,5635010.46939679
0.000413939200853537,268.312705164135,494237.787215289,5635010.46939679
0.000442391466323014,268.312705164135,494737.787215289,5635010.46939679
0.000588070806068477,268.312705164135,495237.787215289,5635010.46939679
0.00178619650859187,268.312705164135,495737.787215289,5635010.46939679
0.000923232954831473,268.312705164135,496237.787215289,5635010.46939679
0.0014239547724846,268.312705164135,496737.787215289,5635010.46939679
0.00247815844445654,268.312705164135,497237.787215289,5635010.46939679
0.00262021200410365,268.312705164135,497737.787215289,5635010.46939679
0.00160000071838264,268.312705164135,498237.787215289,5635010.46939679
0.000770956081299512,268.312705164135,498737.787215289,5635010.46939679
0.00158532121493677,268.312705164135,499237.787215289,5635010.46939679
0.000579219992267381,268.312705164135,499737.787215289,5635010.46939679
0.000680370735160826,268.312705164135,500237.787215289,5635010.46939679
0.000629048557806375,268.312705164135,500737.787215289,5635010.46939679
0.00119941854711935,268.312705164135,501237.787215289,5635010.46939679
0.00310969833319583,268.312705164135,501737.787215289,5635010.46939679
0.000479910000893467,268.312705164135,502237.787215289,5635010.46939679
0.000457319739267916,268.312705164135,502737.787215289,5635010.46939679
0.000482058092794129,268.312705164135,503237.787215289,5635010.46939679
0.000569069631231558,268.312705164135,503737.787215289,5635010.46939679
0.00131731682862174,268.312705164135,504237.787215289,5635010.46939679
0.00218099953772196,268.312705164135,504737.787215289,5635010.46939679
0.0034385955339829,268.312705164135,505237.787215289,5635010.46939679
0.00112796842384166,268.312705164135,505737.787215289,5635010.46939679
0.000859098597532912,268.312705164135,506237.787215289,5635010.46939679
0.00346256293411777,268.312705164135,506737.787215289,5635010.46939679
0.00401347525218497,268.312705164135,507237.787215289,5635010.46939679
0.000452649251418199,268.312705164135,507737.787215289,5635010.46939679
0.000452649251418199,268.312705164135,508237.787215289,5635010.46939679
0.00394931668432954,268.312705164135,508737.787215289,5635010.46939679
0.00121235847258353,268.312705164135,509237.787215289,5635010.46939679
0.00143118930939347,268.312705164135,509737.787215289,5635010.46939679
0.00339187975657736,268.312705164135,510237.787215289,5635010.46939679
0.00193330835998708,268.312705164135,510737.787215289,5635010.46939679
0.00104838849897364,268.312705164135,511237.787215289,5635010.46939679
0.000836918781991553,268.312705164135,511737.787215289,5635010.46939679
0.00467883689537272,268.312705164135,512237.787215289,5635010.46939679
0.00355351629342142,268.312705164135,512737.787215289,5635010.46939679
0.00438319913433326,268.312705164135,513237.787215289,5635010.46939679
0.00148233739041288,268.312705164135,513737.787215289,5635010.46939679
0.00423240097611431,268.312705164135,514237.787215289,5635010.46939679
0.0046996424095739,268.312705164135,514737.787215289,5635010.46939679
0.00468961283687205,268.312705164135,515237.787215289,5635010.46939679
0.00496227090544346,268.312705164135,515737.787215289,5635010.46939679
0.00457982383941729,268.312705164135,516237.787215289,5635010.46939679
0.00313667748181776,268.312705164135,516737.787215289,5635010.46939679
0.0037378297919271,268.312705164135,517237.787215289,5635010.46939679
0.00338360690235176,268.312705164135,517737.787215289,5635010.46939679
0.00398318914079739,268.312705164135,518237.787215289,5635010.46939679
0.00224959344585507,268.312705164135,518737.787215289,5635010.46939679
0.000622996486814101,268.312705164135,519237.787215289,5635010.46939679
0.00129379027005271,268.312705164135,519737.787215289,5635010.46939679
0.00212844276170368,268.312705164135,520237.787215289,5635010.46939679
0.00304920572105193,268.312705164135,520737.787215289,5635010.46939679
0.00373496054706625,268.312705164135,521237.787215289,5635010.46939679
0.00390310755406541,268.312705164135,521737.787215289,5635010.46939679
0.00293530440413827,268.312705164135,522237.787215289,5635010.46939679
0.00382148671280597,268.312705164135,522737.787215289,5635010.46939679
0.00408374641796389,268.312705164135,523237.787215289,5635010.46939679
0.00340642737406629,268.312705164135,523737.787215289,5635010.46939679
0.00365147637588559,268.312705164135,524237.787215289,5635010.46939679
0.000380100237090481,268.312705164135,486737.787215289,5635510.46939679
0.000406185628353456,268.312705164135,487237.787215289,5635510.46939679
0.000392926524479952,268.312705164135,487737.787215289,5635510.46939679
0.00124076761649554,268.312705164135,488237.787215289,5635510.46939679
0.00124076761649554,268.312705164135,488737.787215289,5635510.46939679
0.00124076761649554,268.312705164135,489237.787215289,5635510.46939679
0.000384214294559098,268.312705164135,489737.787215289,5635510.46939679
0.00039329238835674,268.312705164135,490237.787215289,5635510.46939679
0.00147759058791893,268.312705164135,490737.787215289,5635510.46939679
0.00129981251858637,268.312705164135,491237.787215289,5635510.46939679
0.000404044858842728,268.312705164135,491737.787215289,5635510.46939679
0.000687133126518072,268.312705164135,492237.787215289,5635510.46939679
0.000544688795843472,268.312705164135,492737.787215289,5635510.46939679
0.000404044858842728,268.312705164135,493237.787215289,5635510.46939679
0.00045743055624097,268.312705164135,493737.787215289,5635510.46939679
0.000412858978978571,268.312705164135,494237.787215289,5635510.46939679
0.000412877411883564,268.312705164135,494737.787215289,5635510.46939679
0.000494770587327099,268.312705164135,495237.787215289,5635510.46939679
0.000554330765945723,268.312705164135,495737.787215289,5635510.46939679
0.00166108141221694,268.312705164135,496237.787215289,5635510.46939679
0.00162468878083548,268.312705164135,496737.787215289,5635510.46939679
0.000746363493608011,268.312705164135,497237.787215289,5635510.46939679
0.001132950813015,268.312705164135,497737.787215289,5635510.46939679
0.000873513980801014,268.312705164135,498237.787215289,5635510.46939679
0.00117757538041127,268.312705164135,498737.787215289,5635510.46939679
0.000492349604174072,268.312705164135,499237.787215289,5635510.46939679
0.000773080722671648,268.312705164135,499737.787215289,5635510.46939679
0.000535572569575273,268.312705164135,500237.787215289,5635510.46939679
0.000566533808508045,268.312705164135,500737.787215289,5635510.46939679
0.00115042820888028,268.312705164135,501237.787215289,5635510.46939679
0.0013454979276697,268.312705164135,501737.787215289,5635510.46939679
0.000476282184462318,268.312705164135,502237.787215289,5635510.46939679
0.000410726786744547,268.312705164135,502737.787215289,5635510.46939679
0.000420022878155467,268.312705164135,503237.787215289,5635510.46939679
0.000460734921053506,268.312705164135,503737.787215289,5635510.46939679
0.000529044472071756,268.312705164135,504237.787215289,5635510.46939679
0.00143703701652288,268.312705164135,504737.787215289,5635510.46939679
0.00381458663634517,268.312705164135,505237.787215289,5635510.46939679
0.00387494866701891,268.312705164135,505737.787215289,5635510.46939679
0.00422548839856817,268.312705164135,506237.787215289,5635510.46939679
0.00123762273762538,268.312705164135,506737.787215289,5635510.46939679
0.00223621361837123,268.312705164135,507237.787215289,5635510.46939679
0.000452649251418199,268.312705164135,507737.787215289,5635510.46939679
0.000452649251418199,268.312705164135,508237.787215289,5635510.46939679
0.000452649251418199,268.312705164135,508737.787215289,5635510.46939679
0.00376086022396406,268.312705164135,509237.787215289,5635510.46939679
0.00488636289488361,268.312705164135,509737.787215289,5635510.46939679
0.0022776236937361,268.312705164135,510237.787215289,5635510.46939679
0.00451547379557169,268.312705164135,510737.787215289,5635510.46939679
0.00136718693198291,268.312705164135,511237.787215289,5635510.46939679
0.00124404144506686,268.312705164135,511737.787215289,5635510.46939679
0.00134373296558261,268.312705164135,512237.787215289,5635510.46939679
0.00395971340674401,268.312705164135,512737.787215289,5635510.46939679
0.00504097117189181,268.312705164135,513237.787215289,5635510.46939679
0.00126541051684763,268.312705164135,513737.787215289,5635510.46939679
0.00184947232573203,268.312705164135,514237.787215289,5635510.46939679
0.00523644129823785,268.312705164135,514737.787215289,5635510.46939679
0.00489140581419924,268.312705164135,515237.787215289,5635510.46939679
0.00499162719351165,268.312705164135,515737.787215289,5635510.46939679
0.00446177085835503,268.312705164135,516237.787215289,5635510.46939679
0.00314904244202536,268.312705164135,516737.787215289,5635510.46939679
0.00430589686085083,268.312705164135,517237.787215289,5635510.46939679
0.00341327420502604,268.312705164135,517737.787215289,5635510.46939679
0.00388873619926778,268.312705164135,518237.787215289,5635510.46939679
0.00157211960727705,268.312705164135,518737.787215289,5635510.46939679
0.00113486666337731,268.312705164135,519237.787215289,5635510.46939679
0.0028945166423725,268.312705164135,519737.787215289,5635510.46939679
0.00280003103247937,268.312705164135,520237.787215289,5635510.46939679
0.00317266812934203,268.312705164135,520737.787215289,5635510.46939679
0.00329523147928936,268.312705164135,521237.787215289,5635510.46939679
0.00255009990776018,268.312705164135,521737.787215289,5635510.46939679
0.00425654610581133,268.312705164135,522237.787215289,5635510.46939679
0.00361077654954804,268.312705164135,522737.787215289,5635510.46939679
0.00426252211139289,268.312705164135,523237.787215289,5635510.46939679
0.00433219636061403,268.312705164135,523737.787215289,5635510.46939679
0.00368408017157567,268.312705164135,524237.787215289,5635510.46939679
0.000371408005546706,268.312705164135,486737.787215289,5636010.46939679
0.000424134974154125,268.312705164135,487237.787215289,5636010.46939679
0.000383940978044586,268.312705164135,487737.787215289,5636010.46939679
0.00121239341842307,268.312705164135,488237.787215289,5636010.46939679
0.00121239341842307,268.312705164135,488737.787215289,5636010.46939679
0.00123154460439858,268.312705164135,489237.787215289,5636010.46939679
0.000417585667605249,268.312705164135,489737.787215289,5636010.46939679
0.000401735492967767,268.312705164135,490237.787215289,5636010.46939679
0.000467923668055663,268.312705164135,490737.787215289,5636010.46939679
0.000512568820422421,268.312705164135,491237.787215289,5636010.46939679
0.000446343489135111,268.312705164135,491737.787215289,5636010.46939679
0.000468637974006477,268.312705164135,492237.787215289,5636010.46939679
0.00129190213187964,268.312705164135,492737.787215289,5636010.46939679
0.000394534966574615,268.312705164135,493237.787215289,5636010.46939679
0.000392036897655443,268.312705164135,493737.787215289,5636010.46939679
0.000496144276345619,268.312705164135,494237.787215289,5636010.46939679
0.000418856342341105,268.312705164135,494737.787215289,5636010.46939679
0.000410726786744547,268.312705164135,495237.787215289,5636010.46939679
0.000416036570273352,268.312705164135,495737.787215289,5636010.46939679
0.000460734921053506,268.312705164135,496237.787215289,5636010.46939679
0.000437396476648073,268.312705164135,496737.787215289,5636010.46939679
0.000445302501522382,268.312705164135,497237.787215289,5636010.46939679
0.000438873226718582,268.312705164135,497737.787215289,5636010.46939679
0.000485780363379924,268.312705164135,498237.787215289,5636010.46939679
0.000439744419103639,268.312705164135,498737.787215289,5636010.46939679
0.000875766031071555,268.312705164135,499237.787215289,5636010.46939679
0.000641505529852115,268.312705164135,499737.787215289,5636010.46939679
0.000524542273418656,268.312705164135,500237.787215289,5636010.46939679
0.000469572820518638,268.312705164135,500737.787215289,5636010.46939679
0.000445695166443864,268.312705164135,501237.787215289,5636010.46939679
0.000470268839853453,268.312705164135,501737.787215289,5636010.46939679
0.000422324767251457,268.312705164135,502237.787215289,5636010.46939679
0.000401735492967767,268.312705164135,502737.787215289,5636010.46939679
0.000452649251418199,268.312705164135,503237.787215289,5636010.46939679
0.000472704114164054,268.312705164135,503737.787215289,5636010.46939679
0.000541058555000961,268.312705164135,504237.787215289,5636010.46939679
0.000921491881264508,268.312705164135,504737.787215289,5636010.46939679
0.0036402025264882,268.312705164135,505237.787215289,5636010.46939679
0.00257677426788215,268.312705164135,505737.787215289,5636010.46939679
0.00134274075552853,268.312705164135,506237.787215289,5636010.46939679
0.00151031493698256,268.312705164135,506737.787215289,5636010.46939679
0.00248465224226991,268.312705164135,507237.787215289,5636010.46939679
0.00194958818736088,268.312705164135,507737.787215289,5636010.46939679
0.000452649251418199,268.312705164135,508237.787215289,5636010.46939679
0.000452649251418199,268.312705164135,508737.787215289,5636010.46939679
0.000452649251418199,268.312705164135,509237.787215289,5636010.46939679
0.000872625477812143,268.312705164135,509737.787215289,5636010.46939679
0.00643110048543668,268.312705164135,510237.787215289,5636010.46939679
0.00353873125275889,268.312705164135,510737.787215289,5636010.46939679
0.0046678461409429,268.312705164135,511237.787215289,5636010.46939679
0.00137427760078482,268.312705164135,511737.787215289,5636010.46939679
0.000820017305577662,268.312705164135,512237.787215289,5636010.46939679
0.00103743343901349,268.312705164135,512737.787215289,5636010.46939679
0.00371681958779688,268.312705164135,513237.787215289,5636010.46939679
0.00402571923970453,268.312705164135,513737.787215289,5636010.46939679
0.00114891475257477,268.312705164135,514237.787215289,5636010.46939679
0.00453110793915955,268.312705164135,514737.787215289,5636010.46939679
0.00395809867132629,268.312705164135,515237.787215289,5636010.46939679
0.00416560979980063,268.312705164135,515737.787215289,5636010.46939679
0.00502900938643005,268.312705164135,516237.787215289,5636010.46939679
0.00448390063761471,268.312705164135,516737.787215289,5636010.46939679
0.0043978296360724,268.312705164135,517237.787215289,5636010.46939679
0.0043978296360724,268.312705164135,517737.787215289,5636010.46939679
0.00359609651599366,268.312705164135,518237.787215289,5636010.46939679
0.00406175834797595,268.312705164135,518737.787215289,5636010.46939679
0.00420709092162116,268.312705164135,519237.787215289,5636010.46939679
0.000476864538073253,268.312705164135,519737.787215289,5636010.46939679
0.00412338074475428,268.312705164135,520237.787215289,5636010.46939679
0.00370085553851876,268.312705164135,520737.787215289,5636010.46939679
0.00359551957190609,268.312705164135,521237.787215289,5636010.46939679
0.00416870659660845,268.312705164135,521737.787215289,5636010.46939679
0.00368408017157567,268.312705164135,522237.787215289,5636010.46939679
0.00216629586821475,268.312705164135,522737.787215289,5636010.46939679
0.00420709092162116,268.312705164135,523237.787215289,5636010.46939679
0.000713168957337467,268.312705164135,523737.787215289,5636010.46939679
0.00431089714033016,268.312705164135,524237.787215289,5636010.46939679
0.000355252454484281,268.312705164135,486737.787215289,5636510.46939679
0.000373918241631955,268.312705164135,487237.787215289,5636510.46939679
0.000375854567007872,268.312705164135,487737.787215289,5636510.46939679
0.000383940978044586,268.312705164135,488237.787215289,5636510.46939679
0.00124977270905897,268.312705164135,488737.787215289,5636510.46939679
0.00147759058791893,268.312705164135,489237.787215289,5636510.46939679
0.00134426746453735,268.312705164135,489737.787215289,5636510.46939679
0.000452649251418199,268.312705164135,490237.787215289,5636510.46939679
0.00141217960614454,268.312705164135,490737.787215289,5636510.46939679
0.000529044472071756,268.312705164135,491237.787215289,5636510.46939679
0.000926142325477302,268.312705164135,491737.787215289,5636510.46939679
0.000936188936906166,268.312705164135,492237.787215289,5636510.46939679
0.000417072458033836,268.312705164135,492737.787215289,5636510.46939679
0.000949001098219517,268.312705164135,493237.787215289,5636510.46939679
0.0005708629321226,268.312705164135,493737.787215289,5636510.46939679
0.00111403234882148,268.312705164135,494237.787215289,5636510.46939679
0.000512886410272611,268.312705164135,494737.787215289,5636510.46939679
0.000386879309089922,268.312705164135,495237.787215289,5636510.46939679
0.000417585667605249,268.312705164135,495737.787215289,5636510.46939679
0.000405265981528413,268.312705164135,496237.787215289,5636510.46939679
0.000471470538500156,268.312705164135,496737.787215289,5636510.46939679
0.000463994214626193,268.312705164135,497237.787215289,5636510.46939679
0.00111452436625874,268.312705164135,497737.787215289,5636510.46939679
0.00134776270114683,268.312705164135,498237.787215289,5636510.46939679
0.000412877411883564,268.312705164135,498737.787215289,5636510.46939679
0.000467923668055663,268.312705164135,499237.787215289,5636510.46939679
0.000483713512041972,268.312705164135,499737.787215289,5636510.46939679
0.000404044858842728,268.312705164135,500237.787215289,5636510.46939679
0.000400564397945269,268.312705164135,500737.787215289,5636510.46939679
0.000392036897655443,268.312705164135,501237.787215289,5636510.46939679
0.000452649251418199,268.312705164135,501737.787215289,5636510.46939679
0.000384214294559098,268.312705164135,502237.787215289,5636510.46939679
0.000390768161605714,268.312705164135,502737.787215289,5636510.46939679
0.000483713512041972,268.312705164135,503237.787215289,5636510.46939679
0.000538426931038211,268.312705164135,503737.787215289,5636510.46939679
0.000652888923607816,268.312705164135,504237.787215289,5636510.46939679
0.000870342669337431,268.312705164135,504737.787215289,5636510.46939679
0.00112303023042933,268.312705164135,505237.787215289,5636510.46939679
0.0033263495750383,268.312705164135,505737.787215289,5636510.46939679
0.00348614909738893,268.312705164135,506237.787215289,5636510.46939679
0.0041499339644371,268.312705164135,506737.787215289,5636510.46939679
0.00482536021289366,268.312705164135,507237.787215289,5636510.46939679
0.00313442625691843,268.312705164135,507737.787215289,5636510.46939679
0.00317723904767085,268.312705164135,508237.787215289,5636510.46939679
0.000452649251418199,268.312705164135,508737.787215289,5636510.46939679
0.000452649251418199,268.312705164135,509237.787215289,5636510.46939679
0.000452649251418199,268.312705164135,509737.787215289,5636510.46939679
0.000452649251418199,268.312705164135,510237.787215289,5636510.46939679
0.000452649251418199,268.312705164135,510737.787215289,5636510.46939679
0.0015810175924456,268.312705164135,511237.787215289,5636510.46939679
0.0027794650024572,268.312705164135,511737.787215289,5636510.46939679
0.00287325662222409,268.312705164135,512237.787215289,5636510.46939679
0.000908577937824942,268.312705164135,512737.787215289,5636510.46939679
0.000719840366324486,268.312705164135,513237.787215289,5636510.46939679
0.0006045311241897,268.312705164135,513737.787215289,5636510.46939679
0.00141937490545839,268.312705164135,514237.787215289,5636510.46939679
0.00436338333815481,268.312705164135,514737.787215289,5636510.46939679
0.00494163228690886,268.312705164135,515237.787215289,5636510.46939679
0.00417530411435212,268.312705164135,515737.787215289,5636510.46939679
0.0055144307102686,268.312705164135,516237.787215289,5636510.46939679
0.00446614974012206,268.312705164135,516737.787215289,5636510.46939679
0.00437963024039885,268.312705164135,517237.787215289,5636510.46939679
0.00468019403189359,268.312705164135,517737.787215289,5636510.46939679
0.00483020824005288,268.312705164135,518237.787215289,5636510.46939679
0.00430617616422498,268.312705164135,518737.787215289,5636510.46939679
0.00487364745924151,268.312705164135,519237.787215289,5636510.46939679
0.003851106919738,268.312705164135,519737.787215289,5636510.46939679
0.00326226731315375,268.312705164135,520237.787215289,5636510.46939679
0.00420353277933489,268.312705164135,520737.787215289,5636510.46939679
0.00363041546971877,268.312705164135,521237.787215289,5636510.46939679
0.00406631699948859,268.312705164135,521737.787215289,5636510.46939679
0.00424519233017745,268.312705164135,522237.787215289,5636510.46939679
0.00454623213966982,268.312705164135,522737.787215289,5636510.46939679
0.00372539536543273,268.312705164135,523237.787215289,5636510.46939679
0.00403894225083443,268.312705164135,523737.787215289,5636510.46939679
0.00412478298800396,268.312705164135,524237.787215289,5636510.46939679
0.000361712440983386,268.312705164135,486737.787215289,5637010.46939679
0.00035388532573037,268.312705164135,487237.787215289,5637010.46939679
0.00115965658053437,268.312705164135,487737.787215289,5637010.46939679
0.000500036176208435,268.312705164135,488237.787215289,5637010.46939679
0.00126717419667278,268.312705164135,488737.787215289,5637010.46939679
0.000400564397945269,268.312705164135,489237.787215289,5637010.46939679
0.000462996237239535,268.312705164135,489737.787215289,5637010.46939679
0.00043352379812859,268.312705164135,490237.787215289,5637010.46939679
0.00044232491450949,268.312705164135,490737.787215289,5637010.46939679
0.000859024457159355,268.312705164135,491237.787215289,5637010.46939679
0.00131731682862174,268.312705164135,491737.787215289,5637010.46939679
0.000811007568154275,268.312705164135,492237.787215289,5637010.46939679
0.0004706402630159,268.312705164135,492737.787215289,5637010.46939679
0.000436374896908241,268.312705164135,493237.787215289,5637010.46939679
0.000686135052145593,268.312705164135,493737.787215289,5637010.46939679
0.000789085143406056,268.312705164135,494237.787215289,5637010.46939679
0.000415291850961117,268.312705164135,494737.787215289,5637010.46939679
0.00053186860606812,268.312705164135,495237.787215289,5637010.46939679
0.000398564616299557,268.312705164135,495737.787215289,5637010.46939679
0.000410582023974685,268.312705164135,496237.787215289,5637010.46939679
0.000392036897655443,268.312705164135,496737.787215289,5637010.46939679
0.000411624875289862,268.312705164135,497237.787215289,5637010.46939679
0.00131893044924418,268.312705164135,497737.787215289,5637010.46939679
0.00131893044924418,268.312705164135,498237.787215289,5637010.46939679
0.000417679145202096,268.312705164135,498737.787215289,5637010.46939679
0.0013113919472579,268.312705164135,499237.787215289,5637010.46939679
0.00129981251858637,268.312705164135,499737.787215289,5637010.46939679
0.00128788714747474,268.312705164135,500237.787215289,5637010.46939679
0.000392036897655443,268.312705164135,500737.787215289,5637010.46939679
0.000384214294559098,268.312705164135,501237.787215289,5637010.46939679
0.000467923668055663,268.312705164135,501737.787215289,5637010.46939679
0.000482982251361824,268.312705164135,502237.787215289,5637010.46939679
0.000398188218260636,268.312705164135,502737.787215289,5637010.46939679
0.000500036176208435,268.312705164135,503237.787215289,5637010.46939679
0.000419119476084785,268.312705164135,503737.787215289,5637010.46939679
0.000758924362211476,268.312705164135,504237.787215289,5637010.46939679
0.000703924839994477,268.312705164135,504737.787215289,5637010.46939679
0.00360568179118273,268.312705164135,505237.787215289,5637010.46939679
0.0037121169011532,268.312705164135,505737.787215289,5637010.46939679
0.00175104707443535,268.312705164135,506237.787215289,5637010.46939679
0.00436807533557135,268.312705164135,506737.787215289,5637010.46939679
0.0020360403216754,268.312705164135,507237.787215289,5637010.46939679
0.00533051730920561,268.312705164135,507737.787215289,5637010.46939679
0.00533051730920561,268.312705164135,508237.787215289,5637010.46939679
0.00317405198427052,268.312705164135,508737.787215289,5637010.46939679
0.00237915163548584,268.312705164135,509237.787215289,5637010.46939679
0.00182438491299803,268.312705164135,509737.787215289,5637010.46939679
0.000452649251418199,268.312705164135,510237.787215289,5637010.46939679
0.000452649251418199,268.312705164135,510737.787215289,5637010.46939679
0.00551412381031151,268.312705164135,511237.787215289,5637010.46939679
0.00488636289488361,268.312705164135,511737.787215289,5637010.46939679
0.00387600255634909,268.312705164135,512237.787215289,5637010.46939679
0.00453889248720712,268.312705164135,512737.787215289,5637010.46939679
0.00139169318772023,268.312705164135,513237.787215289,5637010.46939679
0.000728065791519486,268.312705164135,513737.787215289,5637010.46939679
0.000720711501729738,268.312705164135,514237.787215289,5637010.46939679
0.000611487658677391,268.312705164135,514737.787215289,5637010.46939679
0.000452649251418199,268.312705164135,515237.787215289,5637010.46939679
0.0051648024539413,268.312705164135,515737.787215289,5637010.46939679
0.00495771142009333,268.312705164135,516237.787215289,5637010.46939679
0.00456325349233613,268.312705164135,516737.787215289,5637010.46939679
0.00447949715736315,268.312705164135,517237.787215289,5637010.46939679
0.00391971035887358,268.312705164135,517737.787215289,5637010.46939679
0.00215200234761263,268.312705164135,518237.787215289,5637010.46939679
0.00275202615620554,268.312705164135,518737.787215289,5637010.46939679
0.0043417733096858,268.312705164135,519237.787215289,5637010.46939679
0.00406294302212145,268.312705164135,519737.787215289,5637010.46939679
0.00463973906846889,268.312705164135,520237.787215289,5637010.46939679
0.00401034116154486,268.312705164135,520737.787215289,5637010.46939679
0.00562859119391496,268.312705164135,521237.787215289,5637010.46939679
0.00395685100951378,268.312705164135,521737.787215289,5637010.46939679
0.00307361032836102,268.312705164135,522237.787215289,5637010.46939679
0.00443578213758135,268.312705164135,522737.787215289,5637010.46939679
0.00474019950259495,268.312705164135,523237.787215289,5637010.46939679
0.00449376490222582,268.312705164135,523737.787215289,5637010.46939679
0.00456747541201096,268.312705164135,524237.787215289,5637010.46939679
0.000340352706815398,268.312705164135,486737.787215289,5637510.46939679
0.000342333458885183,268.312705164135,487237.787215289,5637510.46939679
0.00178049271290621,268.312705164135,487737.787215289,5637510.46939679
0.00125419720369742,268.312705164135,488237.787215289,5637510.46939679
0.00129981251858637,268.312705164135,488737.787215289,5637510.46939679
0.000486137820458267,268.312705164135,489237.787215289,5637510.46939679
0.00140917943409955,268.312705164135,489737.787215289,5637510.46939679
0.00146824335309702,268.312705164135,490237.787215289,5637510.46939679
0.000460647379111958,268.312705164135,490737.787215289,5637510.46939679
0.000957548148241403,268.312705164135,491237.787215289,5637510.46939679
0.0019098653442082,268.312705164135,491737.787215289,5637510.46939679
0.00106406223496614,268.312705164135,492237.787215289,5637510.46939679
0.000522164609923777,268.312705164135,492737.787215289,5637510.46939679
0.000455478243885569,268.312705164135,493237.787215289,5637510.46939679
0.000667397576259738,268.312705164135,493737.787215289,5637510.46939679
0.00238206905573391,268.312705164135,494237.787215289,5637510.46939679
0.000431146354040646,268.312705164135,494737.787215289,5637510.46939679
0.00133718682876418,268.312705164135,495237.787215289,5637510.46939679
0.000415291850961117,268.312705164135,495737.787215289,5637510.46939679
0.000435838025686309,268.312705164135,496237.787215289,5637510.46939679
0.000463849805094751,268.312705164135,496737.787215289,5637510.46939679
0.000382858882442662,268.312705164135,497237.787215289,5637510.46939679
0.000452649251418199,268.312705164135,497737.787215289,5637510.46939679
0.000388189703040976,268.312705164135,498237.787215289,5637510.46939679
0.00126717419667278,268.312705164135,498737.787215289,5637510.46939679
0.00125857135666771,268.312705164135,499237.787215289,5637510.46939679
0.000551548867119094,268.312705164135,499737.787215289,5637510.46939679
0.000378696103272554,268.312705164135,500237.787215289,5637510.46939679
0.000375835902335396,268.312705164135,500737.787215289,5637510.46939679
0.000383940978044586,268.312705164135,501237.787215289,5637510.46939679
0.000437211475747458,268.312705164135,501737.787215289,5637510.46939679
0.000792068664829451,268.312705164135,502237.787215289,5637510.46939679
0.000454917869851474,268.312705164135,502737.787215289,5637510.46939679
0.000421134491142994,268.312705164135,503237.787215289,5637510.46939679
0.00043352379812859,268.312705164135,503737.787215289,5637510.46939679
0.000459001579934682,268.312705164135,504237.787215289,5637510.46939679
0.000558460974660157,268.312705164135,504737.787215289,5637510.46939679
0.00145271586927719,268.312705164135,505237.787215289,5637510.46939679
0.00191142612677351,268.312705164135,505737.787215289,5637510.46939679
0.00213686487123981,268.312705164135,506237.787215289,5637510.46939679
0.00161396432263692,268.312705164135,506737.787215289,5637510.46939679
0.00569633825872422,268.312705164135,507237.787215289,5637510.46939679
0.00161396432263692,268.312705164135,507737.787215289,5637510.46939679
0.00436807533557135,268.312705164135,508237.787215289,5637510.46939679
0.00210474545720033,268.312705164135,508737.787215289,5637510.46939679
0.00334953460813263,268.312705164135,509237.787215289,5637510.46939679
0.00156127973926375,268.312705164135,509737.787215289,5637510.46939679
0.00158154740870926,268.312705164135,510237.787215289,5637510.46939679
0.00331147262306063,268.312705164135,510737.787215289,5637510.46939679
0.00504191885363554,268.312705164135,511237.787215289,5637510.46939679
0.00505125070252817,268.312705164135,511737.787215289,5637510.46939679
0.00307047038447086,268.312705164135,512237.787215289,5637510.46939679
0.00402144226603874,268.312705164135,512737.787215289,5637510.46939679
0.00113563951416541,268.312705164135,513237.787215289,5637510.46939679
0.00157060344818728,268.312705164135,513737.787215289,5637510.46939679
0.00321221267558116,268.312705164135,514237.787215289,5637510.46939679
0.00159360074367566,268.312705164135,514737.787215289,5637510.46939679
0.000452649251418199,268.312705164135,515237.787215289,5637510.46939679
0.000720363502335585,268.312705164135,515737.787215289,5637510.46939679
0.000700697664067525,268.312705164135,516237.787215289,5637510.46939679
0.00391399455905553,268.312705164135,516737.787215289,5637510.46939679
0.00528669175057129,268.312705164135,517237.787215289,5637510.46939679
0.00548937529500058,268.312705164135,517737.787215289,5637510.46939679
0.00522948911147852,268.312705164135,518237.787215289,5637510.46939679
0.00499540640761405,268.312705164135,518737.787215289,5637510.46939679
0.00453110793915955,268.312705164135,519237.787215289,5637510.46939679
0.00424011851167321,268.312705164135,519737.787215289,5637510.46939679
0.0045710606117256,268.312705164135,520237.787215289,5637510.46939679
0.0040331601215342,268.312705164135,520737.787215289,5637510.46939679
0.0032273303970557,268.312705164135,521237.787215289,5637510.46939679
0.00416560979980063,268.312705164135,521737.787215289,5637510.46939679
0.00551592915731118,268.312705164135,522237.787215289,5637510.46939679
0.00468019403189359,268.312705164135,522737.787215289,5637510.46939679
0.0046840078506809,268.312705164135,523237.787215289,5637510.46939679
0.00443219944299238,268.312705164135,523737.787215289,5637510.46939679
0.00401767576962351,268.312705164135,524237.787215289,5637510.46939679
0.00033417378612223,268.312705164135,486737.787215289,5638010.46939679
0.000448967006299508,268.312705164135,487237.787215289,5638010.46939679
0.00062111128442355,268.312705164135,487737.787215289,5638010.46939679
0.000386879309089922,268.312705164135,488237.787215289,5638010.46939679
0.00042930566129627,268.312705164135,488737.787215289,5638010.46939679
0.00179635674842881,268.312705164135,489237.787215289,5638010.46939679
0.0019501354404745,268.312705164135,489737.787215289,5638010.46939679
0.0012385392715859,268.312705164135,490237.787215289,5638010.46939679
0.000854219299999437,268.312705164135,490737.787215289,5638010.46939679
0.00115497359440827,268.312705164135,491237.787215289,5638010.46939679
0.00309789963530255,268.312705164135,491737.787215289,5638010.46939679
0.000805859599743014,268.312705164135,492237.787215289,5638010.46939679
0.000499523903756793,268.312705164135,492737.787215289,5638010.46939679
0.000714510398922331,268.312705164135,493237.787215289,5638010.46939679
0.000980975936150698,268.312705164135,493737.787215289,5638010.46939679
0.000868510270741885,268.312705164135,494237.787215289,5638010.46939679
0.000426039100524218,268.312705164135,494737.787215289,5638010.46939679
0.000431146354040646,268.312705164135,495237.787215289,5638010.46939679
0.00053420190351282,268.312705164135,495737.787215289,5638010.46939679
0.000443792360467685,268.312705164135,496237.787215289,5638010.46939679
0.000751345396959379,268.312705164135,496737.787215289,5638010.46939679
0.000381487689096332,268.312705164135,497237.787215289,5638010.46939679
0.000534352490772939,268.312705164135,497737.787215289,5638010.46939679
0.000479502178666618,268.312705164135,498237.787215289,5638010.46939679
0.000380100237090481,268.312705164135,498737.787215289,5638010.46939679
0.00123154460439858,268.312705164135,499237.787215289,5638010.46939679
0.00123154460439858,268.312705164135,499737.787215289,5638010.46939679
0.000381487689096332,268.312705164135,500237.787215289,5638010.46939679
0.000381487689096332,268.312705164135,500737.787215289,5638010.46939679
0.00037727483365624,268.312705164135,501237.787215289,5638010.46939679
0.000444779296659077,268.312705164135,501737.787215289,5638010.46939679
0.000577055541941206,268.312705164135,502237.787215289,5638010.46939679
0.00113431593280354,268.312705164135,502737.787215289,5638010.46939679
0.00047379605795929,268.312705164135,503237.787215289,5638010.46939679
0.000596293752495243,268.312705164135,503737.787215289,5638010.46939679
0.000588650826797756,268.312705164135,504237.787215289,5638010.46939679
0.000549000558464408,268.312705164135,504737.787215289,5638010.46939679
0.000647302239237059,268.312705164135,505237.787215289,5638010.46939679
0.00355462917519454,268.312705164135,505737.787215289,5638010.46939679
0.00348614909738893,268.312705164135,506237.787215289,5638010.46939679
0.00569633825872422,268.312705164135,506737.787215289,5638010.46939679
0.00395412597099873,268.312705164135,507237.787215289,5638010.46939679
0.00213686487123981,268.312705164135,507737.787215289,5638010.46939679
0.00346256293411777,268.312705164135,508237.787215289,5638010.46939679
0.00112033695236233,268.312705164135,508737.787215289,5638010.46939679
0.00382505156925064,268.312705164135,509237.787215289,5638010.46939679
0.00151031493698256,268.312705164135,509737.787215289,5638010.46939679
0.00240354582227338,268.312705164135,510237.787215289,5638010.46939679
0.00192937186180364,268.312705164135,510737.787215289,5638010.46939679
0.00342321656689729,268.312705164135,511237.787215289,5638010.46939679
0.00498827489922512,268.312705164135,511737.787215289,5638010.46939679
0.00354825119489096,268.312705164135,512237.787215289,5638010.46939679
0.00342742051819387,268.312705164135,512737.787215289,5638010.46939679
0.00423142080047971,268.312705164135,513237.787215289,5638010.46939679
0.000930285352218475,268.312705164135,513737.787215289,5638010.46939679
0.0011701704677625,268.312705164135,514237.787215289,5638010.46939679
0.0016064068354905,268.312705164135,514737.787215289,5638010.46939679
0.00133443322059923,268.312705164135,515237.787215289,5638010.46939679
0.00213669564471215,268.312705164135,515737.787215289,5638010.46939679
0.000903425760754001,268.312705164135,516237.787215289,5638010.46939679
0.000588775334811488,268.312705164135,516737.787215289,5638010.46939679
0.00060637103610429,268.312705164135,517237.787215289,5638010.46939679
0.000588775334811488,268.312705164135,517737.787215289,5638010.46939679
0.00197906167718912,268.312705164135,518237.787215289,5638010.46939679
0.00391481304011899,268.312705164135,518737.787215289,5638010.46939679
0.00291834991036962,268.312705164135,519237.787215289,5638010.46939679
0.0043743950482918,268.312705164135,519737.787215289,5638010.46939679
0.00432183648640388,268.312705164135,520237.787215289,5638010.46939679
0.00424356183143475,268.312705164135,520737.787215289,5638010.46939679
0.00169423089109544,268.312705164135,521237.787215289,5638010.46939679
0.00415879920185316,268.312705164135,521737.787215289,5638010.46939679
0.00211678028730675,268.312705164135,522237.787215289,5638010.46939679
0.000806056748742973,268.312705164135,522737.787215289,5638010.46939679
0.00470589491041808,268.312705164135,523237.787215289,5638010.46939679
0.000452649251418199,268.312705164135,523737.787215289,5638010.46939679
0.000452649251418199,268.312705164135,524237.787215289,5638010.46939679
0.000327598870873335,268.312705164135,486737.787215289,5638510.46939679
0.000632549266753819,268.312705164135,487237.787215289,5638510.46939679
0.00237255236312748,268.312705164135,487737.787215289,5638510.46939679
0.000449126175202281,268.312705164135,488237.787215289,5638510.46939679
0.00107246410156837,268.312705164135,488737.787215289,5638510.46939679
0.00223928708512685,268.312705164135,489237.787215289,5638510.46939679
0.00352066356648822,268.312705164135,489737.787215289,5638510.46939679
0.00356961247189986,268.312705164135,490237.787215289,5638510.46939679
0.00257677426788215,268.312705164135,490737.787215289,5638510.46939679
0.00294987463105663,268.312705164135,491237.787215289,5638510.46939679
0.0028177460966232,268.312705164135,491737.787215289,5638510.46939679
0.000601571802967713,268.312705164135,492237.787215289,5638510.46939679
0.000594713680326082,268.312705164135,492737.787215289,5638510.46939679
0.00144398804631754,268.312705164135,493237.787215289,5638510.46939679
0.000559389247547274,268.312705164135,493737.787215289,5638510.46939679
0.000672218690714984,268.312705164135,494237.787215289,5638510.46939679
0.000457250941697607,268.312705164135,494737.787215289,5638510.46939679
0.00043352379812859,268.312705164135,495237.787215289,5638510.46939679
0.000748986459887322,268.312705164135,495737.787215289,5638510.46939679
0.000956184434562092,268.312705164135,496237.787215289,5638510.46939679
0.000984230397125809,268.312705164135,496737.787215289,5638510.46939679
0.000398188218260636,268.312705164135,497237.787215289,5638510.46939679
0.000398188218260636,268.312705164135,497737.787215289,5638510.46939679
0.000395764928175747,268.312705164135,498237.787215289,5638510.46939679
0.000581939246817014,268.312705164135,498737.787215289,5638510.46939679
0.000389485898469164,268.312705164135,499237.787215289,5638510.46939679
0.00039329238835674,268.312705164135,499737.787215289,5638510.46939679
0.000398188218260636,268.312705164135,500237.787215289,5638510.46939679
0.000452649251418199,268.312705164135,500737.787215289,5638510.46939679
0.000390768161605714,268.312705164135,501237.787215289,5638510.46939679
0.000414081237938225,268.312705164135,501737.787215289,5638510.46939679
0.000702154081873053,268.312705164135,502237.787215289,5638510.46939679
0.00337903569038051,268.312705164135,502737.787215289,5638510.46939679
0.00284800356306112,268.312705164135,503237.787215289,5638510.46939679
0.00267465973500376,268.312705164135,503737.787215289,5638510.46939679
0.0011832713795126,268.312705164135,504237.787215289,5638510.46939679
0.00328221813879727,268.312705164135,504737.787215289,5638510.46939679
0.00201402332353964,268.312705164135,505237.787215289,5638510.46939679
0.00380091072480398,268.312705164135,505737.787215289,5638510.46939679
0.00351540328692062,268.312705164135,506237.787215289,5638510.46939679
0.00498818951634806,268.312705164135,506737.787215289,5638510.46939679
0.000831055070763033,268.312705164135,507237.787215289,5638510.46939679
0.00422548839856817,268.312705164135,507737.787215289,5638510.46939679
0.00515651341106481,268.312705164135,508237.787215289,5638510.46939679
0.000907137998112807,268.312705164135,508737.787215289,5638510.46939679
0.0023250869564306,268.312705164135,509237.787215289,5638510.46939679
0.0037001905388794,268.312705164135,509737.787215289,5638510.46939679
0.00303210928550615,268.312705164135,510237.787215289,5638510.46939679
0.00324019586201018,268.312705164135,510737.787215289,5638510.46939679
0.0023250869564306,268.312705164135,511237.787215289,5638510.46939679
0.00451547379557169,268.312705164135,511737.787215289,5638510.46939679
0.00408755592217797,268.312705164135,512237.787215289,5638510.46939679
0.00132255789471455,268.312705164135,512737.787215289,5638510.46939679
0.00105083801119188,268.312705164135,513237.787215289,5638510.46939679
0.00225757837436447,268.312705164135,513737.787215289,5638510.46939679
0.00499286188773477,268.312705164135,514237.787215289,5638510.46939679
0.00358002075397678,268.312705164135,514737.787215289,5638510.46939679
0.00404026480711462,268.312705164135,515237.787215289,5638510.46939679
0.00190795999662355,268.312705164135,515737.787215289,5638510.46939679
0.00129497542151864,268.312705164135,516237.787215289,5638510.46939679
0.0027480943768448,268.312705164135,516737.787215289,5638510.46939679
0.00149027643844192,268.312705164135,517237.787215289,5638510.46939679
0.000792124917583081,268.312705164135,517737.787215289,5638510.46939679
0.000452649251418199,268.312705164135,518237.787215289,5638510.46939679
0.00057625908206537,268.312705164135,518737.787215289,5638510.46939679
0.00057625908206537,268.312705164135,519237.787215289,5638510.46939679
0.000452649251418199,268.312705164135,519737.787215289,5638510.46939679
0.000452649251418199,268.312705164135,520237.787215289,5638510.46939679
0.000452649251418199,268.312705164135,520737.787215289,5638510.46939679
0.000452649251418199,268.312705164135,521237.787215289,5638510.46939679
0.000452649251418199,268.312705164135,521737.787215289,5638510.46939679
0.000452649251418199,268.312705164135,522237.787215289,5638510.46939679
0.000452649251418199,268.312705164135,522737.787215289,5638510.46939679
0.000452649251418199,268.312705164135,523237.787215289,5638510.46939679
0.000452649251418199,268.312705164135,523737.787215289,5638510.46939679
0.000452649251418199,268.312705164135,524237.787215289,5638510.46939679
0.000475166885992044,268.312705164135,486737.787215289,5639010.46939679
0.000726174140328646,268.312705164135,487237.787215289,5639010.46939679
0.00223825256793665,268.312705164135,487737.787215289,5639010.46939679
0.00263223224961127,268.312705164135,488237.787215289,5639010.46939679
0.00303199818078323,268.312705164135,488737.787215289,5639010.46939679
0.0028623764316204,268.312705164135,489237.787215289,5639010.46939679
0.00314196138416083,268.312705164135,489737.787215289,5639010.46939679
0.00355462917519454,268.312705164135,490237.787215289,5639010.46939679
0.00372539536543273,268.312705164135,490737.787215289,5639010.46939679
0.00297789323290319,268.312705164135,491237.787215289,5639010.46939679
0.00406175834797595,268.312705164135,491737.787215289,5639010.46939679
0.00338101382972758,268.312705164135,492237.787215289,5639010.46939679
0.00411088778704084,268.312705164135,492737.787215289,5639010.46939679
0.00379857507099167,268.312705164135,493237.787215289,5639010.46939679
0.000476864538073253,268.312705164135,493737.787215289,5639010.46939679
0.00047003658867765,268.312705164135,494237.787215289,5639010.46939679
0.000523465063203965,268.312705164135,494737.787215289,5639010.46939679
0.000498645296312339,268.312705164135,495237.787215289,5639010.46939679
0.000727678422384924,268.312705164135,495737.787215289,5639010.46939679
0.000478908518311673,268.312705164135,496237.787215289,5639010.46939679
0.000809982504051208,268.312705164135,496737.787215289,5639010.46939679
0.00135466599856403,268.312705164135,497237.787215289,5639010.46939679
0.00135466599856403,268.312705164135,497737.787215289,5639010.46939679
0.000454917869851474,268.312705164135,498237.787215289,5639010.46939679
0.00049583705357028,268.312705164135,498737.787215289,5639010.46939679
0.000547745221079961,268.312705164135,499237.787215289,5639010.46939679
0.00133718682876418,268.312705164135,499737.787215289,5639010.46939679
0.000414992187406474,268.312705164135,500237.787215289,5639010.46939679
0.00135466599856403,268.312705164135,500737.787215289,5639010.46939679
0.000406312085399734,268.312705164135,501237.787215289,5639010.46939679
0.00047149158823405,268.312705164135,501737.787215289,5639010.46939679
0.000882173223624704,268.312705164135,502237.787215289,5639010.46939679
0.0027550362780594,268.312705164135,502737.787215289,5639010.46939679
0.00382788424964458,268.312705164135,503237.787215289,5639010.46939679
0.00329119958290141,268.312705164135,503737.787215289,5639010.46939679
0.00512082071101132,268.312705164135,504237.787215289,5639010.46939679
0.00384688505312373,268.312705164135,504737.787215289,5639010.46939679
0.00388342367056808,268.312705164135,505237.787215289,5639010.46939679
0.00217576901225618,268.312705164135,505737.787215289,5639010.46939679
0.0046678461409429,268.312705164135,506237.787215289,5639010.46939679
0.00283738610589699,268.312705164135,506737.787215289,5639010.46939679
0.00334953460813263,268.312705164135,507237.787215289,5639010.46939679
0.00515651341106481,268.312705164135,507737.787215289,5639010.46939679
0.00334953460813263,268.312705164135,508237.787215289,5639010.46939679
0.0046678461409429,268.312705164135,508737.787215289,5639010.46939679
0.00248465224226991,268.312705164135,509237.787215289,5639010.46939679
0.00498818951634806,268.312705164135,509737.787215289,5639010.46939679
0.00280364081696322,268.312705164135,510237.787215289,5639010.46939679
0.00425222219638281,268.312705164135,510737.787215289,5639010.46939679
0.00377084748523092,268.312705164135,511237.787215289,5639010.46939679
0.00324019586201018,268.312705164135,511737.787215289,5639010.46939679
0.00262620930298284,268.312705164135,512237.787215289,5639010.46939679
0.000737039274470181,268.312705164135,512737.787215289,5639010.46939679
0.00395782974868917,268.312705164135,513237.787215289,5639010.46939679
0.00251916946390902,268.312705164135,513737.787215289,5639010.46939679
0.00482536021289366,268.312705164135,514237.787215289,5639010.46939679
0.000727231699868933,268.312705164135,514737.787215289,5639010.46939679
0.00133837972792868,268.312705164135,515237.787215289,5639010.46939679
0.00248697958328305,268.312705164135,515737.787215289,5639010.46939679
0.00335267207306065,268.312705164135,516237.787215289,5639010.46939679
0.00409329467289244,268.312705164135,516737.787215289,5639010.46939679
0.00167076911877431,268.312705164135,517237.787215289,5639010.46939679
0.00149368783499751,268.312705164135,517737.787215289,5639010.46939679
0.000452649251418199,268.312705164135,518237.787215289,5639010.46939679
0.000452649251418199,268.312705164135,518737.787215289,5639010.46939679
0.000707636688586956,268.312705164135,519237.787215289,5639010.46939679
0.000707636688586956,268.312705164135,519737.787215289,5639010.46939679
0.000452649251418199,268.312705164135,520237.787215289,5639010.46939679
0.000452649251418199,268.312705164135,520737.787215289,5639010.46939679
0.000452649251418199,268.312705164135,521237.787215289,5639010.46939679
0.000452649251418199,268.312705164135,521737.787215289,5639010.46939679
0.000452649251418199,268.312705164135,522237.787215289,5639010.46939679
0.000452649251418199,268.312705164135,522737.787215289,5639010.46939679
0.000452649251418199,268.312705164135,523237.787215289,5639010.46939679
0.000452649251418199,268.312705164135,523737.787215289,5639010.46939679
0.00088244801772923,268.312705164135,524237.787215289,5639010.46939679
0.000662183310390801,268.312705164135,486737.787215289,5639510.46939679
0.00294197260170187,268.312705164135,487237.787215289,5639510.46939679
0.00265271422686232,268.312705164135,487737.787215289,5639510.46939679
0.00264022638189023,268.312705164135,488237.787215289,5639510.46939679
0.00284449966958833,268.312705164135,488737.787215289,5639510.46939679
0.00251187232505126,268.312705164135,489237.787215289,5639510.46939679
0.00276491475481855,268.312705164135,489737.787215289,5639510.46939679
0.00197592622025782,268.312705164135,490237.787215289,5639510.46939679
0.00328964278781533,268.312705164135,490737.787215289,5639510.46939679
0.00498818951634806,268.312705164135,491237.787215289,5639510.46939679
0.0041499339644371,268.312705164135,491737.787215289,5639510.46939679
0.00311464411925888,268.312705164135,492237.787215289,5639510.46939679
0.00406175834797595,268.312705164135,492737.787215289,5639510.46939679
0.00386099974117524,268.312705164135,493237.787215289,5639510.46939679
0.000632859891164047,268.312705164135,493737.787215289,5639510.46939679
0.000963974587941642,268.312705164135,494237.787215289,5639510.46939679
0.00152513010055129,268.312705164135,494737.787215289,5639510.46939679
0.000492260532553742,268.312705164135,495237.787215289,5639510.46939679
0.000586558569956415,268.312705164135,495737.787215289,5639510.46939679
0.000488631005574565,268.312705164135,496237.787215289,5639510.46939679
0.000674093721863599,268.312705164135,496737.787215289,5639510.46939679
0.000452649251418199,268.312705164135,497237.787215289,5639510.46939679
0.000438410376695529,268.312705164135,497737.787215289,5639510.46939679
0.000420130930702402,268.312705164135,498237.787215289,5639510.46939679
0.00068271275329107,268.312705164135,498737.787215289,5639510.46939679
0.000458436871146816,268.312705164135,499237.787215289,5639510.46939679
0.000709288327276844,268.312705164135,499737.787215289,5639510.46939679
0.00310641874388032,268.312705164135,500237.787215289,5639510.46939679
0.00300501602077888,268.312705164135,500737.787215289,5639510.46939679
0.000578325023363979,268.312705164135,501237.787215289,5639510.46939679
0.00235409817936629,268.312705164135,501737.787215289,5639510.46939679
0.00349305951524275,268.312705164135,502237.787215289,5639510.46939679
0.000876629808777876,268.312705164135,502737.787215289,5639510.46939679
0.00236457919743221,268.312705164135,503237.787215289,5639510.46939679
0.00423910788786083,268.312705164135,503737.787215289,5639510.46939679
0.00386099974117524,268.312705164135,504237.787215289,5639510.46939679
0.00301297289550422,268.312705164135,504737.787215289,5639510.46939679
0.00217576901225618,268.312705164135,505237.787215289,5639510.46939679
0.00324019586201018,268.312705164135,505737.787215289,5639510.46939679
0.00515651341106481,268.312705164135,506237.787215289,5639510.46939679
0.00551039287957035,268.312705164135,506737.787215289,5639510.46939679
0.0058885582692491,268.312705164135,507237.787215289,5639510.46939679
0.00482536021289366,268.312705164135,507737.787215289,5639510.46939679
0.00196957792559022,268.312705164135,508237.787215289,5639510.46939679
0.00102964264232514,268.312705164135,508737.787215289,5639510.46939679
0.00422548839856817,268.312705164135,509237.787215289,5639510.46939679
0.00401446780891184,268.312705164135,509737.787215289,5639510.46939679
0.00293727310882936,268.312705164135,510237.787215289,5639510.46939679
0.00253794820740112,268.312705164135,510737.787215289,5639510.46939679
0.00334227018160619,268.312705164135,511237.787215289,5639510.46939679
0.00324019586201018,268.312705164135,511737.787215289,5639510.46939679
0.00297789323290319,268.312705164135,512237.787215289,5639510.46939679
0.00392262673022553,268.312705164135,512737.787215289,5639510.46939679
0.00337384026310628,268.312705164135,513237.787215289,5639510.46939679
0.00264017423767518,268.312705164135,513737.787215289,5639510.46939679
0.00240793473076784,268.312705164135,514237.787215289,5639510.46939679
0.00297156298792848,268.312705164135,514737.787215289,5639510.46939679
0.000704315579088947,268.312705164135,515237.787215289,5639510.46939679
0.00115922696422209,268.312705164135,515737.787215289,5639510.46939679
0.00128058406532476,268.312705164135,516237.787215289,5639510.46939679
0.00190795999662355,268.312705164135,516737.787215289,5639510.46939679
0.00347708117134535,268.312705164135,517237.787215289,5639510.46939679
0.00199714631135609,268.312705164135,517737.787215289,5639510.46939679
0.000610211886869713,268.312705164135,518237.787215289,5639510.46939679
0.000630803173761228,268.312705164135,518737.787215289,5639510.46939679
0.000795767712337219,268.312705164135,519237.787215289,5639510.46939679
0.000571023853834571,268.312705164135,519737.787215289,5639510.46939679
0.000452649251418199,268.312705164135,520237.787215289,5639510.46939679
0.000452649251418199,268.312705164135,520737.787215289,5639510.46939679
0.000452649251418199,268.312705164135,521237.787215289,5639510.46939679
0.00074466321557079,268.312705164135,521737.787215289,5639510.46939679
0.000696840668485479,268.312705164135,522237.787215289,5639510.46939679
0.00111658393405612,268.312705164135,522737.787215289,5639510.46939679
0.00153905678807416,268.312705164135,523237.787215289,5639510.46939679
0.000959137033751376,268.312705164135,523737.787215289,5639510.46939679
0.00076999236789538,268.312705164135,524237.787215289,5639510.46939679
0.00211563358168581,268.312705164135,486737.787215289,5640010.46939679
0.00204217687609047,268.312705164135,487237.787215289,5640010.46939679
0.00190352420368472,268.312705164135,487737.787215289,5640010.46939679
0.0016048818718958,268.312705164135,488237.787215289,5640010.46939679
0.00172905095776961,268.312705164135,488737.787215289,5640010.46939679
0.00259663416727842,268.312705164135,489237.787215289,5640010.46939679
0.00105608472879056,268.312705164135,489737.787215289,5640010.46939679
0.00132682073048334,268.312705164135,490237.787215289,5640010.46939679
0.00375665720164692,268.312705164135,490737.787215289,5640010.46939679
0.00382505156925064,268.312705164135,491237.787215289,5640010.46939679
0.00141332195320514,268.312705164135,491737.787215289,5640010.46939679
0.00408755592217797,268.312705164135,492237.787215289,5640010.46939679
0.00408755592217797,268.312705164135,492737.787215289,5640010.46939679
0.00388342367056808,268.312705164135,493237.787215289,5640010.46939679
0.00406175834797595,268.312705164135,493737.787215289,5640010.46939679
0.000552013182263392,268.312705164135,494237.787215289,5640010.46939679
0.000572885662313758,268.312705164135,494737.787215289,5640010.46939679
0.000548328826180176,268.312705164135,495237.787215289,5640010.46939679
0.00135125459998675,268.312705164135,495737.787215289,5640010.46939679
0.000752855602926051,268.312705164135,496237.787215289,5640010.46939679
0.000472680640011434,268.312705164135,496737.787215289,5640010.46939679
0.00044232491450949,268.312705164135,497237.787215289,5640010.46939679
0.000727678422384924,268.312705164135,497737.787215289,5640010.46939679
0.00118301591748556,268.312705164135,498237.787215289,5640010.46939679
0.000565351558210777,268.312705164135,498737.787215289,5640010.46939679
0.00043352379812859,268.312705164135,499237.787215289,5640010.46939679
0.00093007225339745,268.312705164135,499737.787215289,5640010.46939679
0.00203586461100556,268.312705164135,500237.787215289,5640010.46939679
0.00274452853241377,268.312705164135,500737.787215289,5640010.46939679
0.000463275523574906,268.312705164135,501237.787215289,5640010.46939679
0.00106211003873095,268.312705164135,501737.787215289,5640010.46939679
0.00241253985546364,268.312705164135,502237.787215289,5640010.46939679
0.00329523147928936,268.312705164135,502737.787215289,5640010.46939679
0.00374817851170932,268.312705164135,503237.787215289,5640010.46939679
0.00102107424816093,268.312705164135,503737.787215289,5640010.46939679
0.00428997135584375,268.312705164135,504237.787215289,5640010.46939679
0.0058885582692491,268.312705164135,504737.787215289,5640010.46939679
0.00533051730920561,268.312705164135,505237.787215289,5640010.46939679
0.0058885582692491,268.312705164135,505737.787215289,5640010.46939679
0.0046678461409429,268.312705164135,506237.787215289,5640010.46939679
0.00451547379557169,268.312705164135,506737.787215289,5640010.46939679
0.00260769201730979,268.312705164135,507237.787215289,5640010.46939679
0.00148330954028993,268.312705164135,507737.787215289,5640010.46939679
0.00177167445620008,268.312705164135,508237.787215289,5640010.46939679
0.00149398294159035,268.312705164135,508737.787215289,5640010.46939679
0.00321974618626978,268.312705164135,509237.787215289,5640010.46939679
0.00158913544177015,268.312705164135,509737.787215289,5640010.46939679
0.00181473718782786,268.312705164135,510237.787215289,5640010.46939679
0.00125970388677979,268.312705164135,510737.787215289,5640010.46939679
0.0020499093488577,268.312705164135,511237.787215289,5640010.46939679
0.00408755592217797,268.312705164135,511737.787215289,5640010.46939679
0.00146101377703671,268.312705164135,512237.787215289,5640010.46939679
0.0037001905388794,268.312705164135,512737.787215289,5640010.46939679
0.00248465224226991,268.312705164135,513237.787215289,5640010.46939679
0.00346256293411777,268.312705164135,513737.787215289,5640010.46939679
0.00346256293411777,268.312705164135,514237.787215289,5640010.46939679
0.00395597942124073,268.312705164135,514737.787215289,5640010.46939679
0.00100387296440285,268.312705164135,515237.787215289,5640010.46939679
0.0012811818834626,268.312705164135,515737.787215289,5640010.46939679
0.00115868501330276,268.312705164135,516237.787215289,5640010.46939679
0.00202577913195042,268.312705164135,516737.787215289,5640010.46939679
0.00135331101038275,268.312705164135,517237.787215289,5640010.46939679
0.00110294109102141,268.312705164135,517737.787215289,5640010.46939679
0.00151384371939017,268.312705164135,518237.787215289,5640010.46939679
0.00120057716243745,268.312705164135,518737.787215289,5640010.46939679
0.00156492759862233,268.312705164135,519237.787215289,5640010.46939679
0.00262890598129332,268.312705164135,519737.787215289,5640010.46939679
0.00234079378892733,268.312705164135,520237.787215289,5640010.46939679
0.00268205963161875,268.312705164135,520737.787215289,5640010.46939679
0.00147088347184872,268.312705164135,521237.787215289,5640010.46939679
0.00100413492149498,268.312705164135,521737.787215289,5640010.46939679
0.00139855354745143,268.312705164135,522237.787215289,5640010.46939679
0.00102851860747433,268.312705164135,522737.787215289,5640010.46939679
0.00146217257512583,268.312705164135,523237.787215289,5640010.46939679
0.00112122554379108,268.312705164135,523737.787215289,5640010.46939679
0.000873489599850935,268.312705164135,524237.787215289,5640010.46939679
0.00151812799437146,268.312705164135,486737.787215289,5640510.46939679
0.00141027856726256,268.312705164135,487237.787215289,5640510.46939679
0.00264225740108622,268.312705164135,487737.787215289,5640510.46939679
0.00201845259968771,268.312705164135,488237.787215289,5640510.46939679
0.000888055896745012,268.312705164135,488737.787215289,5640510.46939679
0.000581959609414525,268.312705164135,489237.787215289,5640510.46939679
0.000861163861385233,268.312705164135,489737.787215289,5640510.46939679
0.000699112699428698,268.312705164135,490237.787215289,5640510.46939679
0.000600407380381592,268.312705164135,490737.787215289,5640510.46939679
0.000901641089548196,268.312705164135,491237.787215289,5640510.46939679
0.00132255789471455,268.312705164135,491737.787215289,5640510.46939679
0.00210474545720033,268.312705164135,492237.787215289,5640510.46939679
0.00256849555677609,268.312705164135,492737.787215289,5640510.46939679
0.00422548839856817,268.312705164135,493237.787215289,5640510.46939679
0.00428997135584375,268.312705164135,493737.787215289,5640510.46939679
0.00425427143043368,268.312705164135,494237.787215289,5640510.46939679
0.000838865399596965,268.312705164135,494737.787215289,5640510.46939679
0.000780191019860029,268.312705164135,495237.787215289,5640510.46939679
0.00142570881938648,268.312705164135,495737.787215289,5640510.46939679
0.0017540218843119,268.312705164135,496237.787215289,5640510.46939679
0.000449785793245439,268.312705164135,496737.787215289,5640510.46939679
0.000498645296312339,268.312705164135,497237.787215289,5640510.46939679
0.000550847453013858,268.312705164135,497737.787215289,5640510.46939679
0.000562246056957712,268.312705164135,498237.787215289,5640510.46939679
0.00044232491450949,268.312705164135,498737.787215289,5640510.46939679
0.00044232491450949,268.312705164135,499237.787215289,5640510.46939679
0.000596293752495243,268.312705164135,499737.787215289,5640510.46939679
0.00126287830865901,268.312705164135,500237.787215289,5640510.46939679
0.00353322178796915,268.312705164135,500737.787215289,5640510.46939679
0.00115804219984482,268.312705164135,501237.787215289,5640510.46939679
0.00313415575533195,268.312705164135,501737.787215289,5640510.46939679
0.00237253388593689,268.312705164135,502237.787215289,5640510.46939679
0.00381458663634517,268.312705164135,502737.787215289,5640510.46939679
0.00419624012983178,268.312705164135,503237.787215289,5640510.46939679
0.00401446780891184,268.312705164135,503737.787215289,5640510.46939679
0.00346256293411777,268.312705164135,504237.787215289,5640510.46939679
0.00569633825872422,268.312705164135,504737.787215289,5640510.46939679
0.00283738610589699,268.312705164135,505237.787215289,5640510.46939679
0.0014348899166046,268.312705164135,505737.787215289,5640510.46939679
0.00288068596375552,268.312705164135,506237.787215289,5640510.46939679
0.00473907968719459,268.312705164135,506737.787215289,5640510.46939679
0.00183145870129751,268.312705164135,507237.787215289,5640510.46939679
0.00272744251432883,268.312705164135,507737.787215289,5640510.46939679
0.0041259711331579,268.312705164135,508237.787215289,5640510.46939679
0.00249266071168638,268.312705164135,508737.787215289,5640510.46939679
0.00352434053910223,268.312705164135,509237.787215289,5640510.46939679
0.00298546396679063,268.312705164135,509737.787215289,5640510.46939679
0.00340929560882494,268.312705164135,510237.787215289,5640510.46939679
0.00148708057602693,268.312705164135,510737.787215289,5640510.46939679
0.00215224103897554,268.312705164135,511237.787215289,5640510.46939679
0.00175104707443535,268.312705164135,511737.787215289,5640510.46939679
0.00184309090284594,268.312705164135,512237.787215289,5640510.46939679
0.00210474545720033,268.312705164135,512737.787215289,5640510.46939679
0.00119722306001762,268.312705164135,513237.787215289,5640510.46939679
0.00182907031794241,268.312705164135,513737.787215289,5640510.46939679
0.00382505156925064,268.312705164135,514237.787215289,5640510.46939679
0.00184395483012215,268.312705164135,514737.787215289,5640510.46939679
0.00114638787385396,268.312705164135,515237.787215289,5640510.46939679
0.000994460802996485,268.312705164135,515737.787215289,5640510.46939679
0.00158154740870926,268.312705164135,516237.787215289,5640510.46939679
0.00133972660930075,268.312705164135,516737.787215289,5640510.46939679
0.00158366046399637,268.312705164135,517237.787215289,5640510.46939679
0.00113715260095237,268.312705164135,517737.787215289,5640510.46939679
0.00120002031744303,268.312705164135,518237.787215289,5640510.46939679
0.000861505421107473,268.312705164135,518737.787215289,5640510.46939679
0.00119946252103146,268.312705164135,519237.787215289,5640510.46939679
0.00203984882910837,268.312705164135,519737.787215289,5640510.46939679
0.00114668701970661,268.312705164135,520237.787215289,5640510.46939679
0.0013094765384775,268.312705164135,520737.787215289,5640510.46939679
0.00126673133965308,268.312705164135,521237.787215289,5640510.46939679
0.00151244910967393,268.312705164135,521737.787215289,5640510.46939679
0.00151244910967393,268.312705164135,522237.787215289,5640510.46939679
0.00255767736108721,268.312705164135,522737.787215289,5640510.46939679
0.00147949797032012,268.312705164135,523237.787215289,5640510.46939679
0.00147949797032012,268.312705164135,523737.787215289,5640510.46939679
0.00141334614504753,268.312705164135,524237.787215289,5640510.46939679
0.00201846831930867,268.312705164135,486737.787215289,5641010.46939679
0.00299342737912514,268.312705164135,487237.787215289,5641010.46939679
0.000790266460527957,268.312705164135,487737.787215289,5641010.46939679
0.000562943023457528,268.312705164135,488237.787215289,5641010.46939679
0.000448848067005529,268.312705164135,488737.787215289,5641010.46939679
0.000450035967395386,268.312705164135,489237.787215289,5641010.46939679
0.000459001579934682,268.312705164135,489737.787215289,5641010.46939679
0.000496973426405654,268.312705164135,490237.787215289,5641010.46939679
0.000513114946187279,268.312705164135,490737.787215289,5641010.46939679
0.000559846392333656,268.312705164135,491237.787215289,5641010.46939679
0.00168410674166375,268.312705164135,491737.787215289,5641010.46939679
0.00216203719705688,268.312705164135,492237.787215289,5641010.46939679
0.00236056888626487,268.312705164135,492737.787215289,5641010.46939679
0.00436807533557135,268.312705164135,493237.787215289,5641010.46939679
0.00196957792559022,268.312705164135,493737.787215289,5641010.46939679
0.00436807533557135,268.312705164135,494237.787215289,5641010.46939679
0.000616468580443276,268.312705164135,494737.787215289,5641010.46939679
0.00328964278781533,268.312705164135,495237.787215289,5641010.46939679
0.0036601780266864,268.312705164135,495737.787215289,5641010.46939679
0.000893157668310182,268.312705164135,496237.787215289,5641010.46939679
0.000895871967887225,268.312705164135,496737.787215289,5641010.46939679
0.000513114946187279,268.312705164135,497237.787215289,5641010.46939679
0.000715066987397305,268.312705164135,497737.787215289,5641010.46939679
0.00119394758548632,268.312705164135,498237.787215289,5641010.46939679
0.000471428120559305,268.312705164135,498737.787215289,5641010.46939679
0.000538354453169707,268.312705164135,499237.787215289,5641010.46939679
0.000915544822525304,268.312705164135,499737.787215289,5641010.46939679
0.00134337619601399,268.312705164135,500237.787215289,5641010.46939679
0.000963974587941642,268.312705164135,500737.787215289,5641010.46939679
0.00247785449888318,268.312705164135,501237.787215289,5641010.46939679
0.000856748195448233,268.312705164135,501737.787215289,5641010.46939679
0.00242461136957752,268.312705164135,502237.787215289,5641010.46939679
0.00440912689273336,268.312705164135,502737.787215289,5641010.46939679
0.00411539939049751,268.312705164135,503237.787215289,5641010.46939679
0.00498818951634806,268.312705164135,503737.787215289,5641010.46939679
0.00428997135584375,268.312705164135,504237.787215289,5641010.46939679
0.00328964278781533,268.312705164135,504737.787215289,5641010.46939679
0.00311464411925888,268.312705164135,505237.787215289,5641010.46939679
0.00137159361495654,268.312705164135,505737.787215289,5641010.46939679
0.00187716658407611,268.312705164135,506237.787215289,5641010.46939679
0.00279551154730346,268.312705164135,506737.787215289,5641010.46939679
0.00226890193078602,268.312705164135,507237.787215289,5641010.46939679
0.00131893951745056,268.312705164135,507737.787215289,5641010.46939679
0.00253856393368643,268.312705164135,508237.787215289,5641010.46939679
0.00288800956643003,268.312705164135,508737.787215289,5641010.46939679
0.00228931831753542,268.312705164135,509237.787215289,5641010.46939679
0.0030862069158666,268.312705164135,509737.787215289,5641010.46939679
0.00270254052406897,268.312705164135,510237.787215289,5641010.46939679
0.00376620779656611,268.312705164135,510737.787215289,5641010.46939679
0.00278665182824164,268.312705164135,511237.787215289,5641010.46939679
0.0058885582692491,268.312705164135,511737.787215289,5641010.46939679
0.00498818951634806,268.312705164135,512237.787215289,5641010.46939679
0.00305276329989511,268.312705164135,512737.787215289,5641010.46939679
0.00148330954028993,268.312705164135,513237.787215289,5641010.46939679
0.00279717804279092,268.312705164135,513737.787215289,5641010.46939679
0.00479752264603402,268.312705164135,514237.787215289,5641010.46939679
0.00558005581241708,268.312705164135,514737.787215289,5641010.46939679
0.00169008531248148,268.312705164135,515237.787215289,5641010.46939679
0.00313589548251898,268.312705164135,515737.787215289,5641010.46939679
0.00108427383325912,268.312705164135,516237.787215289,5641010.46939679
0.00119118932245792,268.312705164135,516737.787215289,5641010.46939679
0.00133249764229296,268.312705164135,517237.787215289,5641010.46939679
0.00128058406532476,268.312705164135,517737.787215289,5641010.46939679
0.00101511594420232,268.312705164135,518237.787215289,5641010.46939679
0.00156274216942132,268.312705164135,518737.787215289,5641010.46939679
0.0012382028587898,268.312705164135,519237.787215289,5641010.46939679
0.00169160479477769,268.312705164135,519737.787215289,5641010.46939679
0.00118591909972067,268.312705164135,520237.787215289,5641010.46939679
0.000940775729320933,268.312705164135,520737.787215289,5641010.46939679
0.0016526737414986,268.312705164135,521237.787215289,5641010.46939679
0.000962220045096626,268.312705164135,521737.787215289,5641010.46939679
0.000879703270752112,268.312705164135,522237.787215289,5641010.46939679
0.00122318355396729,268.312705164135,522737.787215289,5641010.46939679
0.00128277005085283,268.312705164135,523237.787215289,5641010.46939679
0.00197478806592255,268.312705164135,523737.787215289,5641010.46939679
0.00160620491998497,268.312705164135,524237.787215289,5641010.46939679
0.00114814682674539,268.312705164135,486737.787215289,5641510.46939679
0.000406419753174478,268.312705164135,487237.787215289,5641510.46939679
0.000431145790343142,268.312705164135,487737.787215289,5641510.46939679
0.000441802662600348,268.312705164135,488237.787215289,5641510.46939679
0.0013113919472579,268.312705164135,488737.787215289,5641510.46939679
0.00136145666106857,268.312705164135,489237.787215289,5641510.46939679
0.0014297588712158,268.312705164135,489737.787215289,5641510.46939679
0.00149384625114441,268.312705164135,490237.787215289,5641510.46939679
0.000503781131100131,268.312705164135,490737.787215289,5641510.46939679
0.000566831900954224,268.312705164135,491237.787215289,5641510.46939679
0.000536094733223083,268.312705164135,491737.787215289,5641510.46939679
0.00124925402524189,268.312705164135,492237.787215289,5641510.46939679
0.00104177186042246,268.312705164135,492737.787215289,5641510.46939679
0.00138805085307489,268.312705164135,493237.787215289,5641510.46939679
0.00443473423714012,268.312705164135,493737.787215289,5641510.46939679
0.00608726464535973,268.312705164135,494237.787215289,5641510.46939679
0.00324019586201018,268.312705164135,494737.787215289,5641510.46939679
0.00395412597099873,268.312705164135,495237.787215289,5641510.46939679
0.00167979165013477,268.312705164135,495737.787215289,5641510.46939679
0.00118966708982046,268.312705164135,496237.787215289,5641510.46939679
0.000501666531204138,268.312705164135,496737.787215289,5641510.46939679
0.001087258997835,268.312705164135,497237.787215289,5641510.46939679
0.0011618750427494,268.312705164135,497737.787215289,5641510.46939679
0.000818790238640682,268.312705164135,498237.787215289,5641510.46939679
0.000568365079522941,268.312705164135,498737.787215289,5641510.46939679
0.000497707931370219,268.312705164135,499237.787215289,5641510.46939679
0.00143945192231228,268.312705164135,499737.787215289,5641510.46939679
0.00105176763875336,268.312705164135,500237.787215289,5641510.46939679
0.00396687081165244,268.312705164135,500737.787215289,5641510.46939679
0.000935029863430995,268.312705164135,501237.787215289,5641510.46939679
0.00352657995606726,268.312705164135,501737.787215289,5641510.46939679
0.00379857507099167,268.312705164135,502237.787215289,5641510.46939679
0.00417979550673123,268.312705164135,502737.787215289,5641510.46939679
0.00363402876632858,268.312705164135,503237.787215289,5641510.46939679
0.00451547379557169,268.312705164135,503737.787215289,5641510.46939679
0.00398106054591368,268.312705164135,504237.787215289,5641510.46939679
0.000772776248571264,268.312705164135,504737.787215289,5641510.46939679
0.00249883469541589,268.312705164135,505237.787215289,5641510.46939679
0.00078992588851249,268.312705164135,505737.787215289,5641510.46939679
0.00394330790430416,268.312705164135,506237.787215289,5641510.46939679
0.00115497359440827,268.312705164135,506737.787215289,5641510.46939679
0.00100234753914257,268.312705164135,507237.787215289,5641510.46939679
0.00295944065644057,268.312705164135,507737.787215289,5641510.46939679
0.00314196138416083,268.312705164135,508237.787215289,5641510.46939679
0.0013915797115023,268.312705164135,508737.787215289,5641510.46939679
0.001032260315235,268.312705164135,509237.787215289,5641510.46939679
0.00340929560882494,268.312705164135,509737.787215289,5641510.46939679
0.00228931831753542,268.312705164135,510237.787215289,5641510.46939679
0.00327064750842804,268.312705164135,510737.787215289,5641510.46939679
0.00388342367056808,268.312705164135,511237.787215289,5641510.46939679
0.0046678461409429,268.312705164135,511737.787215289,5641510.46939679
0.00283738610589699,268.312705164135,512237.787215289,5641510.46939679
0.00340065009506722,268.312705164135,512737.787215289,5641510.46939679
0.00498818951634806,268.312705164135,513237.787215289,5641510.46939679
0.00279717804279092,268.312705164135,513737.787215289,5641510.46939679
0.00303210928550615,268.312705164135,514237.787215289,5641510.46939679
0.00109746690574783,268.312705164135,514737.787215289,5641510.46939679
0.00346256293411777,268.312705164135,515237.787215289,5641510.46939679
0.00515651341106481,268.312705164135,515737.787215289,5641510.46939679
0.00467003413915616,268.312705164135,516237.787215289,5641510.46939679
0.0012382028587898,268.312705164135,516737.787215289,5641510.46939679
0.00149021618071218,268.312705164135,517237.787215289,5641510.46939679
0.00104887991880482,268.312705164135,517737.787215289,5641510.46939679
0.000918916458665028,268.312705164135,518237.787215289,5641510.46939679
0.0012382028587898,268.312705164135,518737.787215289,5641510.46939679
0.00113770259429628,268.312705164135,519237.787215289,5641510.46939679
0.00107855544574044,268.312705164135,519737.787215289,5641510.46939679
0.00178618259787958,268.312705164135,520237.787215289,5641510.46939679
0.00184796644603939,268.312705164135,520737.787215289,5641510.46939679
0.000951546365703936,268.312705164135,521237.787215289,5641510.46939679
0.000854968337748053,268.312705164135,521737.787215289,5641510.46939679
0.00307636316396687,268.312705164135,522237.787215289,5641510.46939679
0.00199653590440933,268.312705164135,522737.787215289,5641510.46939679
0.00213926972085175,268.312705164135,523237.787215289,5641510.46939679
0.000975153221761044,268.312705164135,523737.787215289,5641510.46939679
0.000848881260408405,268.312705164135,524237.787215289,5641510.46939679
0.000527366809394437,268.312705164135,486737.787215289,5642010.46939679
0.000375983535916481,268.312705164135,487237.787215289,5642010.46939679
0.00117083507612067,268.312705164135,487737.787215289,5642010.46939679
0.00124076761649554,268.312705164135,488237.787215289,5642010.46939679
0.00128383097843495,268.312705164135,488737.787215289,5642010.46939679
0.00132633139514394,268.312705164135,489237.787215289,5642010.46939679
0.000452649251418199,268.312705164135,489737.787215289,5642010.46939679
0.00044232491450949,268.312705164135,490237.787215289,5642010.46939679
0.000469882843543866,268.312705164135,490737.787215289,5642010.46939679
0.000460647379111958,268.312705164135,491237.787215289,5642010.46939679
0.000516124175353704,268.312705164135,491737.787215289,5642010.46939679
0.000544562652151242,268.312705164135,492237.787215289,5642010.46939679
0.000514502830033369,268.312705164135,492737.787215289,5642010.46939679
0.00157019156055333,268.312705164135,493237.787215289,5642010.46939679
0.0018604124336668,268.312705164135,493737.787215289,5642010.46939679
0.00372539536543273,268.312705164135,494237.787215289,5642010.46939679
0.0019996346189821,268.312705164135,494737.787215289,5642010.46939679
0.0046678461409429,268.312705164135,495237.787215289,5642010.46939679
0.00408755592217797,268.312705164135,495737.787215289,5642010.46939679
0.000616468580443276,268.312705164135,496237.787215289,5642010.46939679
0.00177167445620008,268.312705164135,496737.787215289,5642010.46939679
0.000987743355648051,268.312705164135,497237.787215289,5642010.46939679
0.00398106054591368,268.312705164135,497737.787215289,5642010.46939679
0.00115083282681918,268.312705164135,498237.787215289,5642010.46939679
0.000699542567263647,268.312705164135,498737.787215289,5642010.46939679
0.00118966708982046,268.312705164135,499237.787215289,5642010.46939679
0.00165789686744605,268.312705164135,499737.787215289,5642010.46939679
0.00276346210174696,268.312705164135,500237.787215289,5642010.46939679
0.00398106054591368,268.312705164135,500737.787215289,5642010.46939679
0.00311464411925888,268.312705164135,501237.787215289,5642010.46939679
0.00434050733412138,268.312705164135,501737.787215289,5642010.46939679
0.00367683772321015,268.312705164135,502237.787215289,5642010.46939679
0.00318225908837924,268.312705164135,502737.787215289,5642010.46939679
0.00422548839856817,268.312705164135,503237.787215289,5642010.46939679
0.00326226731315375,268.312705164135,503737.787215289,5642010.46939679
0.0041259711331579,268.312705164135,504237.787215289,5642010.46939679
0.00341146192457693,268.312705164135,504737.787215289,5642010.46939679
0.000656973039759553,268.312705164135,505237.787215289,5642010.46939679
0.00235345440599664,268.312705164135,505737.787215289,5642010.46939679
0.00122380675537631,268.312705164135,506237.787215289,5642010.46939679
0.00139754458387919,268.312705164135,506737.787215289,5642010.46939679
0.00169337022157868,268.312705164135,507237.787215289,5642010.46939679
0.00248443781630538,268.312705164135,507737.787215289,5642010.46939679
0.000818270297855543,268.312705164135,508237.787215289,5642010.46939679
0.00109563879834133,268.312705164135,508737.787215289,5642010.46939679
0.00148013584738297,268.312705164135,509237.787215289,5642010.46939679
0.00103486158507636,268.312705164135,509737.787215289,5642010.46939679
0.00257677426788215,268.312705164135,510237.787215289,5642010.46939679
0.0020499093488577,268.312705164135,510737.787215289,5642010.46939679
0.00265516812089224,268.312705164135,511237.787215289,5642010.46939679
0.00408755592217797,268.312705164135,511737.787215289,5642010.46939679
0.00274476540619418,268.312705164135,512237.787215289,5642010.46939679
0.00451547379557169,268.312705164135,512737.787215289,5642010.46939679
0.00240354582227338,268.312705164135,513237.787215289,5642010.46939679
0.00240354582227338,268.312705164135,513737.787215289,5642010.46939679
0.00422548839856817,268.312705164135,514237.787215289,5642010.46939679
0.00665636445021828,268.312705164135,514737.787215289,5642010.46939679
0.0061868234510337,268.312705164135,515237.787215289,5642010.46939679
0.00248469477208082,268.312705164135,515737.787215289,5642010.46939679
0.00171207978943598,268.312705164135,516237.787215289,5642010.46939679
0.00422548839856817,268.312705164135,516737.787215289,5642010.46939679
0.0011709568190781,268.312705164135,517237.787215289,5642010.46939679
0.00105100871119781,268.312705164135,517737.787215289,5642010.46939679
0.00128810055558318,268.312705164135,518237.787215289,5642010.46939679
0.000987743355648051,268.312705164135,518737.787215289,5642010.46939679
0.00101998657921504,268.312705164135,519237.787215289,5642010.46939679
0.00144219180761977,268.312705164135,519737.787215289,5642010.46939679
0.00202180389254451,268.312705164135,520237.787215289,5642010.46939679
0.000942400011789737,268.312705164135,520737.787215289,5642010.46939679
0.000826050937293647,268.312705164135,521237.787215289,5642010.46939679
0.00135629568808518,268.312705164135,521737.787215289,5642010.46939679
0.00280935526280197,268.312705164135,522237.787215289,5642010.46939679
0.00271764957297226,268.312705164135,522737.787215289,5642010.46939679
0.000779741621606954,268.312705164135,523237.787215289,5642010.46939679
0.000884457006090075,268.312705164135,523737.787215289,5642010.46939679
0.000833132106764003,268.312705164135,524237.787215289,5642010.46939679
0.000375520964073362,268.312705164135,486737.787215289,5642510.46939679
0.00109770710972147,268.312705164135,487237.787215289,5642510.46939679
0.00115965658053437,268.312705164135,487737.787215289,5642510.46939679
0.00122684747661216,268.312705164135,488237.787215289,5642510.46939679
0.00126717419667278,268.312705164135,488737.787215289,5642510.46939679
0.00130756912201876,268.312705164135,489237.787215289,5642510.46939679
0.00136813877662693,268.312705164135,489737.787215289,5642510.46939679
0.000452649251418199,268.312705164135,490237.787215289,5642510.46939679
0.00145487701831792,268.312705164135,490737.787215289,5642510.46939679
0.00046662211098085,268.312705164135,491237.787215289,5642510.46939679
0.000458389727198767,268.312705164135,491737.787215289,5642510.46939679
0.000516124175353704,268.312705164135,492237.787215289,5642510.46939679
0.000503781131100131,268.312705164135,492737.787215289,5642510.46939679
0.000549811957252181,268.312705164135,493237.787215289,5642510.46939679
0.00131340332485769,268.312705164135,493737.787215289,5642510.46939679
0.00126555087104438,268.312705164135,494237.787215289,5642510.46939679
0.00276346210174696,268.312705164135,494737.787215289,5642510.46939679
0.00138805085307489,268.312705164135,495237.787215289,5642510.46939679
0.00303210928550615,268.312705164135,495737.787215289,5642510.46939679
0.0046678461409429,268.312705164135,496237.787215289,5642510.46939679
0.00401446780891184,268.312705164135,496737.787215289,5642510.46939679
0.00340065009506722,268.312705164135,497237.787215289,5642510.46939679
0.00401446780891184,268.312705164135,497737.787215289,5642510.46939679
0.00401446780891184,268.312705164135,498237.787215289,5642510.46939679
0.00401446780891184,268.312705164135,498737.787215289,5642510.46939679
0.00297789323290319,268.312705164135,499237.787215289,5642510.46939679
0.00328964278781533,268.312705164135,499737.787215289,5642510.46939679
0.00388342367056808,268.312705164135,500237.787215289,5642510.46939679
0.00236056888626487,268.312705164135,500737.787215289,5642510.46939679
0.00443473423714012,268.312705164135,501237.787215289,5642510.46939679
0.0041499339644371,268.312705164135,501737.787215289,5642510.46939679
0.00428997135584375,268.312705164135,502237.787215289,5642510.46939679
0.00123762273762538,268.312705164135,502737.787215289,5642510.46939679
0.00127938568161625,268.312705164135,503237.787215289,5642510.46939679
0.00135855827784402,268.312705164135,503737.787215289,5642510.46939679
0.00155047276854715,268.312705164135,504237.787215289,5642510.46939679
0.00155700824450812,268.312705164135,504737.787215289,5642510.46939679
0.00143056532516473,268.312705164135,505237.787215289,5642510.46939679
0.000536589800773377,268.312705164135,505737.787215289,5642510.46939679
0.00240333839580843,268.312705164135,506237.787215289,5642510.46939679
0.00369987121172699,268.312705164135,506737.787215289,5642510.46939679
0.000701195822052896,268.312705164135,507237.787215289,5642510.46939679
0.00093007225339745,268.312705164135,507737.787215289,5642510.46939679
0.00158913544177015,268.312705164135,508237.787215289,5642510.46939679
0.00208593860675862,268.312705164135,508737.787215289,5642510.46939679
0.00339337405537853,268.312705164135,509237.787215289,5642510.46939679
0.0026255276218037,268.312705164135,509737.787215289,5642510.46939679
0.00175549878253504,268.312705164135,510237.787215289,5642510.46939679
0.00375665720164692,268.312705164135,510737.787215289,5642510.46939679
0.00482536021289366,268.312705164135,511237.787215289,5642510.46939679
0.00482536021289366,268.312705164135,511737.787215289,5642510.46939679
0.00228351291510601,268.312705164135,512237.787215289,5642510.46939679
0.0037001905388794,268.312705164135,512737.787215289,5642510.46939679
0.00172472692347804,268.312705164135,513237.787215289,5642510.46939679
0.00248465224226991,268.312705164135,513737.787215289,5642510.46939679
0.00141332195320514,268.312705164135,514237.787215289,5642510.46939679
0.00506473918930157,268.312705164135,514737.787215289,5642510.46939679
0.000452649251418199,268.312705164135,515237.787215289,5642510.46939679
0.00484782366016419,268.312705164135,515737.787215289,5642510.46939679
0.00533051730920561,268.312705164135,516237.787215289,5642510.46939679
0.00256969950898859,268.312705164135,516737.787215289,5642510.46939679
0.00153493401221448,268.312705164135,517237.787215289,5642510.46939679
0.00158727403522242,268.312705164135,517737.787215289,5642510.46939679
0.00121858341495912,268.312705164135,518237.787215289,5642510.46939679
0.00106709340969791,268.312705164135,518737.787215289,5642510.46939679
0.000967095446245976,268.312705164135,519237.787215289,5642510.46939679
0.00119760648048968,268.312705164135,519737.787215289,5642510.46939679
0.00133014843568578,268.312705164135,520237.787215289,5642510.46939679
0.00211682519805004,268.312705164135,520737.787215289,5642510.46939679
0.00151898306973836,268.312705164135,521237.787215289,5642510.46939679
0.000955922483463798,268.312705164135,521737.787215289,5642510.46939679
0.000951546365703936,268.312705164135,522237.787215289,5642510.46939679
0.00115230536926759,268.312705164135,522737.787215289,5642510.46939679
0.00247213014838646,268.312705164135,523237.787215289,5642510.46939679
0.00240793473076784,268.312705164135,523737.787215289,5642510.46939679
0.000809013248818619,268.312705164135,524237.787215289,5642510.46939679
0.000312987282672216,268.312705164135,486737.787215289,5643010.46939679
0.00107669626712,268.312705164135,487237.787215289,5643010.46939679
0.000371948708821123,268.312705164135,487737.787215289,5643010.46939679
0.000365222999089302,268.312705164135,488237.787215289,5643010.46939679
0.00123154460439858,268.312705164135,488737.787215289,5643010.46939679
0.000389485898469164,268.312705164135,489237.787215289,5643010.46939679
0.000528393589644307,268.312705164135,489737.787215289,5643010.46939679
0.000431146354040646,268.312705164135,490237.787215289,5643010.46939679
0.000428895830270427,268.312705164135,490737.787215289,5643010.46939679
0.000495069040431183,268.312705164135,491237.787215289,5643010.46939679
0.000503161330113969,268.312705164135,491737.787215289,5643010.46939679
0.000448976557102235,268.312705164135,492237.787215289,5643010.46939679
0.000454544473606503,268.312705164135,492737.787215289,5643010.46939679
0.000563053055456406,268.312705164135,493237.787215289,5643010.46939679
0.00049927635116952,268.312705164135,493737.787215289,5643010.46939679
0.00081658153213955,268.312705164135,494237.787215289,5643010.46939679
0.00124161181250466,268.312705164135,494737.787215289,5643010.46939679
0.00100319916683524,268.312705164135,495237.787215289,5643010.46939679
0.000843737365344606,268.312705164135,495737.787215289,5643010.46939679
0.00206711126275725,268.312705164135,496237.787215289,5643010.46939679
0.00408755592217797,268.312705164135,496737.787215289,5643010.46939679
0.00146101377703671,268.312705164135,497237.787215289,5643010.46939679
0.00274476540619418,268.312705164135,497737.787215289,5643010.46939679
0.00395412597099873,268.312705164135,498237.787215289,5643010.46939679
0.00313442625691843,268.312705164135,498737.787215289,5643010.46939679
0.00248465224226991,268.312705164135,499237.787215289,5643010.46939679
0.00161396432263692,268.312705164135,499737.787215289,5643010.46939679
0.00293313224356769,268.312705164135,500237.787215289,5643010.46939679
0.00265516812089224,268.312705164135,500737.787215289,5643010.46939679
0.00533051730920561,268.312705164135,501237.787215289,5643010.46939679
0.00515651341106481,268.312705164135,501737.787215289,5643010.46939679
0.0020360403216754,268.312705164135,502237.787215289,5643010.46939679
0.00210474545720033,268.312705164135,502737.787215289,5643010.46939679
0.00175104707443535,268.312705164135,503237.787215289,5643010.46939679
0.00279373636679913,268.312705164135,503737.787215289,5643010.46939679
0.00173984305575917,268.312705164135,504237.787215289,5643010.46939679
0.00335758685355375,268.312705164135,504737.787215289,5643010.46939679
0.00219213793559222,268.312705164135,505237.787215289,5643010.46939679
0.00222249866245432,268.312705164135,505737.787215289,5643010.46939679
0.000827396321236668,268.312705164135,506237.787215289,5643010.46939679
0.000940555809683807,268.312705164135,506737.787215289,5643010.46939679
0.00102478896967669,268.312705164135,507237.787215289,5643010.46939679
0.000716545811697668,268.312705164135,507737.787215289,5643010.46939679
0.00261432158418121,268.312705164135,508237.787215289,5643010.46939679
0.0038249114089679,268.312705164135,508737.787215289,5643010.46939679
0.00270254052406897,268.312705164135,509237.787215289,5643010.46939679
0.00164276000152565,268.312705164135,509737.787215289,5643010.46939679
0.00376620779656611,268.312705164135,510237.787215289,5643010.46939679
0.0036601780266864,268.312705164135,510737.787215289,5643010.46939679
0.00375665720164692,268.312705164135,511237.787215289,5643010.46939679
0.00255228514743245,268.312705164135,511737.787215289,5643010.46939679
0.00364326760149743,268.312705164135,512237.787215289,5643010.46939679
0.00202319036872631,268.312705164135,512737.787215289,5643010.46939679
0.00122981179509251,268.312705164135,513237.787215289,5643010.46939679
0.00110367519425693,268.312705164135,513737.787215289,5643010.46939679
0.0011121217088847,268.312705164135,514237.787215289,5643010.46939679
0.00463338750378296,268.312705164135,514737.787215289,5643010.46939679
0.00065208930305908,268.312705164135,515237.787215289,5643010.46939679
0.000452649251418199,268.312705164135,515737.787215289,5643010.46939679
0.00316053485895323,268.312705164135,516237.787215289,5643010.46939679
0.0019052850592763,268.312705164135,516737.787215289,5643010.46939679
0.00142294916951204,268.312705164135,517237.787215289,5643010.46939679
0.000806518165341466,268.312705164135,517737.787215289,5643010.46939679
0.000926102707579076,268.312705164135,518237.787215289,5643010.46939679
0.00142570881938648,268.312705164135,518737.787215289,5643010.46939679
0.00186699404924867,268.312705164135,519237.787215289,5643010.46939679
0.000771296577547902,268.312705164135,519737.787215289,5643010.46939679
0.00223939641029553,268.312705164135,520237.787215289,5643010.46939679
0.00197099252670181,268.312705164135,520737.787215289,5643010.46939679
0.00223499403246548,268.312705164135,521237.787215289,5643010.46939679
0.000905839343942362,268.312705164135,521737.787215289,5643010.46939679
0.00131589249750436,268.312705164135,522237.787215289,5643010.46939679
0.00143118930939347,268.312705164135,522737.787215289,5643010.46939679
0.0015810175924456,268.312705164135,523237.787215289,5643010.46939679
0.00282101718794171,268.312705164135,523737.787215289,5643010.46939679
0.00337200691438271,268.312705164135,524237.787215289,5643010.46939679
0.000307583588302167,268.312705164135,486737.787215289,5643510.46939679
0.000356775169927854,268.312705164135,487237.787215289,5643510.46939679
0.000340352706815398,268.312705164135,487737.787215289,5643510.46939679
0.000355252454484281,268.312705164135,488237.787215289,5643510.46939679
0.00119735562432562,268.312705164135,488737.787215289,5643510.46939679
0.000475937889644595,268.312705164135,489237.787215289,5643510.46939679
0.0015749756268895,268.312705164135,489737.787215289,5643510.46939679
0.000474248793357421,268.312705164135,490237.787215289,5643510.46939679
0.00134426746453735,268.312705164135,490737.787215289,5643510.46939679
0.000526143192700668,268.312705164135,491237.787215289,5643510.46939679
0.000436374896908241,268.312705164135,491737.787215289,5643510.46939679
0.000431691986382685,268.312705164135,492237.787215289,5643510.46939679
0.000437113679881974,268.312705164135,492737.787215289,5643510.46939679
0.00144388868076893,268.312705164135,493237.787215289,5643510.46939679
0.00121731205715616,268.312705164135,493737.787215289,5643510.46939679
0.000526043222860058,268.312705164135,494237.787215289,5643510.46939679
0.00150618287648729,268.312705164135,494737.787215289,5643510.46939679
0.000676291586976771,268.312705164135,495237.787215289,5643510.46939679
0.000599749169657501,268.312705164135,495737.787215289,5643510.46939679
0.000744163399078929,268.312705164135,496237.787215289,5643510.46939679
0.00252256921405411,268.312705164135,496737.787215289,5643510.46939679
0.0024402250716165,268.312705164135,497237.787215289,5643510.46939679
0.000763778912383333,268.312705164135,497737.787215289,5643510.46939679
0.000843737365344606,268.312705164135,498237.787215289,5643510.46939679
0.000872208849635128,268.312705164135,498737.787215289,5643510.46939679
0.000585682183445045,268.312705164135,499237.787215289,5643510.46939679
0.00340065009506722,268.312705164135,499737.787215289,5643510.46939679
0.00119722306001762,268.312705164135,500237.787215289,5643510.46939679
0.00166842672023223,268.312705164135,500737.787215289,5643510.46939679
0.0023250869564306,268.312705164135,501237.787215289,5643510.46939679
0.00382505156925064,268.312705164135,501737.787215289,5643510.46939679
0.00169388770338264,268.312705164135,502237.787215289,5643510.46939679
0.00238837645141251,268.312705164135,502737.787215289,5643510.46939679
0.00169819409452381,268.312705164135,503237.787215289,5643510.46939679
0.00297117219554635,268.312705164135,503737.787215289,5643510.46939679
0.00113936618342112,268.312705164135,504237.787215289,5643510.46939679
0.000873513980801014,268.312705164135,504737.787215289,5643510.46939679
0.00324756169204073,268.312705164135,505237.787215289,5643510.46939679
0.0028797223895598,268.312705164135,505737.787215289,5643510.46939679
0.00271614243772552,268.312705164135,506237.787215289,5643510.46939679
0.00058533569593382,268.312705164135,506737.787215289,5643510.46939679
0.00043299043460817,268.312705164135,507237.787215289,5643510.46939679
0.000765720676725523,268.312705164135,507737.787215289,5643510.46939679
0.000894475686688899,268.312705164135,508237.787215289,5643510.46939679
0.000881164055415676,268.312705164135,508737.787215289,5643510.46939679
0.00416048439161431,268.312705164135,509237.787215289,5643510.46939679
0.00319034938404627,268.312705164135,509737.787215289,5643510.46939679
0.000594713680326082,268.312705164135,510237.787215289,5643510.46939679
0.00246745380988917,268.312705164135,510737.787215289,5643510.46939679
0.00397669621457766,268.312705164135,511237.787215289,5643510.46939679
0.00088194120865482,268.312705164135,511737.787215289,5643510.46939679
0.00389329654541035,268.312705164135,512237.787215289,5643510.46939679
0.00319034938404627,268.312705164135,512737.787215289,5643510.46939679
0.000751890747954924,268.312705164135,513237.787215289,5643510.46939679
0.000781310837373963,268.312705164135,513737.787215289,5643510.46939679
0.0015740561656424,268.312705164135,514237.787215289,5643510.46939679
0.00161399194887624,268.312705164135,514737.787215289,5643510.46939679
0.00410796118345157,268.312705164135,515237.787215289,5643510.46939679
0.00736529936822061,268.312705164135,515737.787215289,5643510.46939679
0.00300133565115916,268.312705164135,516237.787215289,5643510.46939679
0.00127938568161625,268.312705164135,516737.787215289,5643510.46939679
0.00215417817818288,268.312705164135,517237.787215289,5643510.46939679
0.00324477022599102,268.312705164135,517737.787215289,5643510.46939679
0.00136644594030654,268.312705164135,518237.787215289,5643510.46939679
0.00257637541553427,268.312705164135,518737.787215289,5643510.46939679
0.00187716658407611,268.312705164135,519237.787215289,5643510.46939679
0.00143346321274382,268.312705164135,519737.787215289,5643510.46939679
0.00146466525371928,268.312705164135,520237.787215289,5643510.46939679
0.000812822300737416,268.312705164135,520737.787215289,5643510.46939679
0.000798305738700842,268.312705164135,521237.787215289,5643510.46939679
0.00128277005085283,268.312705164135,521737.787215289,5643510.46939679
0.00195821540449959,268.312705164135,522237.787215289,5643510.46939679
0.00328115873919129,268.312705164135,522737.787215289,5643510.46939679
0.00155227269580775,268.312705164135,523237.787215289,5643510.46939679
0.00168951913616543,268.312705164135,523737.787215289,5643510.46939679
0.00505125070252817,268.312705164135,524237.787215289,5643510.46939679
0.00044952352563487,268.312705164135,486737.787215289,5644010.46939679
0.000458261555761561,268.312705164135,487237.787215289,5644010.46939679
0.00114093528943592,268.312705164135,487737.787215289,5644010.46939679
0.000521085173143781,268.312705164135,488237.787215289,5644010.46939679
0.000360349962116715,268.312705164135,488737.787215289,5644010.46939679
0.000396896869266044,268.312705164135,489237.787215289,5644010.46939679
0.000675457496661309,268.312705164135,489737.787215289,5644010.46939679
0.000450545156140905,268.312705164135,490237.787215289,5644010.46939679
0.000461405121061175,268.312705164135,490737.787215289,5644010.46939679
0.00053420190351282,268.312705164135,491237.787215289,5644010.46939679
0.000427907366705145,268.312705164135,491737.787215289,5644010.46939679
0.000436374896908241,268.312705164135,492237.787215289,5644010.46939679
0.00052339679869637,268.312705164135,492737.787215289,5644010.46939679
0.00043352379812859,268.312705164135,493237.787215289,5644010.46939679
0.000472680640011434,268.312705164135,493737.787215289,5644010.46939679
0.000588650826797756,268.312705164135,494237.787215289,5644010.46939679
0.000496973426405654,268.312705164135,494737.787215289,5644010.46939679
0.000526786511720638,268.312705164135,495237.787215289,5644010.46939679
0.000627866057802185,268.312705164135,495737.787215289,5644010.46939679
0.000509910772049003,268.312705164135,496237.787215289,5644010.46939679
0.000592581535362595,268.312705164135,496737.787215289,5644010.46939679
0.000620667819234465,268.312705164135,497237.787215289,5644010.46939679
0.00064161193619644,268.312705164135,497737.787215289,5644010.46939679
0.000825810077113489,268.312705164135,498237.787215289,5644010.46939679
0.000723148272110278,268.312705164135,498737.787215289,5644010.46939679
0.000573237916134255,268.312705164135,499237.787215289,5644010.46939679
0.00140440212956155,268.312705164135,499737.787215289,5644010.46939679
0.00269568724586653,268.312705164135,500237.787215289,5644010.46939679
0.00138805085307489,268.312705164135,500737.787215289,5644010.46939679
0.0019996346189821,268.312705164135,501237.787215289,5644010.46939679
0.0024402250716165,268.312705164135,501737.787215289,5644010.46939679
0.00311464411925888,268.312705164135,502237.787215289,5644010.46939679
0.00187597456269932,268.312705164135,502737.787215289,5644010.46939679
0.00270254052406897,268.312705164135,503237.787215289,5644010.46939679
0.00465507541202758,268.312705164135,503737.787215289,5644010.46939679
0.0012385392715859,268.312705164135,504237.787215289,5644010.46939679
0.000862313331875943,268.312705164135,504737.787215289,5644010.46939679
0.000873999835669921,268.312705164135,505237.787215289,5644010.46939679
0.0026413924498411,268.312705164135,505737.787215289,5644010.46939679
0.00275363371091475,268.312705164135,506237.787215289,5644010.46939679
0.000536793517790722,268.312705164135,506737.787215289,5644010.46939679
0.000823876251470786,268.312705164135,507237.787215289,5644010.46939679
0.00125970388677979,268.312705164135,507737.787215289,5644010.46939679
0.00052986519215832,268.312705164135,508237.787215289,5644010.46939679
0.00062746735596666,268.312705164135,508737.787215289,5644010.46939679
0.00319034938404627,268.312705164135,509237.787215289,5644010.46939679
0.00233378739769641,268.312705164135,509737.787215289,5644010.46939679
0.00298295230089165,268.312705164135,510237.787215289,5644010.46939679
0.00349291009147433,268.312705164135,510737.787215289,5644010.46939679
0.00389577040235945,268.312705164135,511237.787215289,5644010.46939679
0.00340929560882494,268.312705164135,511737.787215289,5644010.46939679
0.00329800608635677,268.312705164135,512237.787215289,5644010.46939679
0.0032313310319072,268.312705164135,512737.787215289,5644010.46939679
0.00100451976341334,268.312705164135,513237.787215289,5644010.46939679
0.00311813979179998,268.312705164135,513737.787215289,5644010.46939679
0.00231108662616702,268.312705164135,514237.787215289,5644010.46939679
0.00186723961127063,268.312705164135,514737.787215289,5644010.46939679
0.00293313224356769,268.312705164135,515237.787215289,5644010.46939679
0.0021855002704511,268.312705164135,515737.787215289,5644010.46939679
0.00455501408176809,268.312705164135,516237.787215289,5644010.46939679
0.00516029193078241,268.312705164135,516737.787215289,5644010.46939679
0.00469737864539946,268.312705164135,517237.787215289,5644010.46939679
0.00299604813623023,268.312705164135,517737.787215289,5644010.46939679
0.0013850216353268,268.312705164135,518237.787215289,5644010.46939679
0.00200329245269186,268.312705164135,518737.787215289,5644010.46939679
0.000949717495247555,268.312705164135,519237.787215289,5644010.46939679
0.000885444164136792,268.312705164135,519737.787215289,5644010.46939679
0.000878402426302943,268.312705164135,520237.787215289,5644010.46939679
0.00127661096680646,268.312705164135,520737.787215289,5644010.46939679
0.00162417554363945,268.312705164135,521237.787215289,5644010.46939679
0.00139472342525805,268.312705164135,521737.787215289,5644010.46939679
0.0022776236937361,268.312705164135,522237.787215289,5644010.46939679
0.00362465653999784,268.312705164135,522737.787215289,5644010.46939679
0.00221790643228678,268.312705164135,523237.787215289,5644010.46939679
0.00174653109215985,268.312705164135,523737.787215289,5644010.46939679
0.00109746690574783,268.312705164135,524237.787215289,5644010.46939679
0.000537466275680282,268.312705164135,486737.787215289,5644510.46939679
0.000959100231168294,268.312705164135,487237.787215289,5644510.46939679
0.00176753943536197,268.312705164135,487737.787215289,5644510.46939679
0.000363710317935697,268.312705164135,488237.787215289,5644510.46939679
0.00104613094483822,268.312705164135,488737.787215289,5644510.46939679
0.000499845145202299,268.312705164135,489237.787215289,5644510.46939679
0.000422405026321117,268.312705164135,489737.787215289,5644510.46939679
0.000604899226335664,268.312705164135,490237.787215289,5644510.46939679
0.000680142653015582,268.312705164135,490737.787215289,5644510.46939679
0.000420283126140977,268.312705164135,491237.787215289,5644510.46939679
0.000410378548942642,268.312705164135,491737.787215289,5644510.46939679
0.00102903350937441,268.312705164135,492237.787215289,5644510.46939679
0.000425702876017992,268.312705164135,492737.787215289,5644510.46939679
0.000431146354040646,268.312705164135,493237.787215289,5644510.46939679
0.000455277168660058,268.312705164135,493737.787215289,5644510.46939679
0.00350788172100753,268.312705164135,494237.787215289,5644510.46939679
0.0005136396710465,268.312705164135,494737.787215289,5644510.46939679
0.000458389727198767,268.312705164135,495237.787215289,5644510.46939679
0.000513743539575807,268.312705164135,495737.787215289,5644510.46939679
0.000492956087128823,268.312705164135,496237.787215289,5644510.46939679
0.000607370647088632,268.312705164135,496737.787215289,5644510.46939679
0.000780191019860029,268.312705164135,497237.787215289,5644510.46939679
0.000639325032300238,268.312705164135,497737.787215289,5644510.46939679
0.000649053075629666,268.312705164135,498237.787215289,5644510.46939679
0.00214365869536968,268.312705164135,498737.787215289,5644510.46939679
0.00352657995606726,268.312705164135,499237.787215289,5644510.46939679
0.00352657995606726,268.312705164135,499737.787215289,5644510.46939679
0.00285358197219141,268.312705164135,500237.787215289,5644510.46939679
0.00285358197219141,268.312705164135,500737.787215289,5644510.46939679
0.00137499086698628,268.312705164135,501237.787215289,5644510.46939679
0.00261432158418121,268.312705164135,501737.787215289,5644510.46939679
0.00221458817630722,268.312705164135,502237.787215289,5644510.46939679
0.00389329654541035,268.312705164135,502737.787215289,5644510.46939679
0.00262422647054577,268.312705164135,503237.787215289,5644510.46939679
0.00282034820138371,268.312705164135,503737.787215289,5644510.46939679
0.000834164866640485,268.312705164135,504237.787215289,5644510.46939679
0.000687003382520993,268.312705164135,504737.787215289,5644510.46939679
0.00136009362693296,268.312705164135,505237.787215289,5644510.46939679
0.00170458390580725,268.312705164135,505737.787215289,5644510.46939679
0.00274128807450888,268.312705164135,506237.787215289,5644510.46939679
0.00279429920371455,268.312705164135,506737.787215289,5644510.46939679
0.000638619398159333,268.312705164135,507237.787215289,5644510.46939679
0.000775626527927363,268.312705164135,507737.787215289,5644510.46939679
0.000646613293352468,268.312705164135,508237.787215289,5644510.46939679
0.000716545811697668,268.312705164135,508737.787215289,5644510.46939679
0.000606984960063783,268.312705164135,509237.787215289,5644510.46939679
0.000642883771237126,268.312705164135,509737.787215289,5644510.46939679
0.00207020438814058,268.312705164135,510237.787215289,5644510.46939679
0.00294018346215204,268.312705164135,510737.787215289,5644510.46939679
0.00179891871888368,268.312705164135,511237.787215289,5644510.46939679
0.00364326760149743,268.312705164135,511737.787215289,5644510.46939679
0.00363291857244863,268.312705164135,512237.787215289,5644510.46939679
0.000719617216291772,268.312705164135,512737.787215289,5644510.46939679
0.00346819701213406,268.312705164135,513237.787215289,5644510.46939679
0.00346504983514968,268.312705164135,513737.787215289,5644510.46939679
0.00407538526466797,268.312705164135,514237.787215289,5644510.46939679
0.0011535436488011,268.312705164135,514737.787215289,5644510.46939679
0.00266842283844563,268.312705164135,515237.787215289,5644510.46939679
0.00336059836080102,268.312705164135,515737.787215289,5644510.46939679
0.00487961215378808,268.312705164135,516237.787215289,5644510.46939679
0.000452649251418199,268.312705164135,516737.787215289,5644510.46939679
0.00451547379557169,268.312705164135,517237.787215289,5644510.46939679
0.00215241730634253,268.312705164135,517737.787215289,5644510.46939679
0.00147563410154241,268.312705164135,518237.787215289,5644510.46939679
0.000836825034371925,268.312705164135,518737.787215289,5644510.46939679
0.00131715559219668,268.312705164135,519237.787215289,5644510.46939679
0.000676243680464731,268.312705164135,519737.787215289,5644510.46939679
0.0013094922027547,268.312705164135,520237.787215289,5644510.46939679
0.00295281087172379,268.312705164135,520737.787215289,5644510.46939679
0.00153129649510075,268.312705164135,521237.787215289,5644510.46939679
0.00186639144068443,268.312705164135,521737.787215289,5644510.46939679
0.00138447104466112,268.312705164135,522237.787215289,5644510.46939679
0.00192937186180364,268.312705164135,522737.787215289,5644510.46939679
0.0017726412190482,268.312705164135,523237.787215289,5644510.46939679
0.00179488875335515,268.312705164135,523737.787215289,5644510.46939679
0.00140516848017293,268.312705164135,524237.787215289,5644510.46939679
0.00114053100946374,268.312705164135,486737.787215289,5645010.46939679
0.00105015110376405,268.312705164135,487237.787215289,5645010.46939679
0.000839262236297594,268.312705164135,487737.787215289,5645010.46939679
0.00169910214863212,268.312705164135,488237.787215289,5645010.46939679
0.00206643580239627,268.312705164135,488737.787215289,5645010.46939679
0.00116163274771593,268.312705164135,489237.787215289,5645010.46939679
0.000361998104903947,268.312705164135,489737.787215289,5645010.46939679
0.000425842276822551,268.312705164135,490237.787215289,5645010.46939679
0.000479502178666618,268.312705164135,490737.787215289,5645010.46939679
0.000470505573104028,268.312705164135,491237.787215289,5645010.46939679
0.000402628900184058,268.312705164135,491737.787215289,5645010.46939679
0.000425514945413303,268.312705164135,492237.787215289,5645010.46939679
0.000476975000025222,268.312705164135,492737.787215289,5645010.46939679
0.000452649251418199,268.312705164135,493237.787215289,5645010.46939679
0.00136145666106857,268.312705164135,493737.787215289,5645010.46939679
0.000483713512041972,268.312705164135,494237.787215289,5645010.46939679
0.000488631005574565,268.312705164135,494737.787215289,5645010.46939679
0.000547902022103737,268.312705164135,495237.787215289,5645010.46939679
0.000489035069998322,268.312705164135,495737.787215289,5645010.46939679
0.000533540520716742,268.312705164135,496237.787215289,5645010.46939679
0.000520780966770702,268.312705164135,496737.787215289,5645010.46939679
0.00048016251458985,268.312705164135,497237.787215289,5645010.46939679
0.00200058092882472,268.312705164135,497737.787215289,5645010.46939679
0.00345308973143527,268.312705164135,498237.787215289,5645010.46939679
0.00435612474758966,268.312705164135,498737.787215289,5645010.46939679
0.0032313310319072,268.312705164135,499237.787215289,5645010.46939679
0.00312585080116785,268.312705164135,499737.787215289,5645010.46939679
0.000649053075629666,268.312705164135,500237.787215289,5645010.46939679
0.00253058932418197,268.312705164135,500737.787215289,5645010.46939679
0.00187597456269932,268.312705164135,501237.787215289,5645010.46939679
0.00236657018901926,268.312705164135,501737.787215289,5645010.46939679
0.000926102707579076,268.312705164135,502237.787215289,5645010.46939679
0.0007192605905079,268.312705164135,502737.787215289,5645010.46939679
0.000638802988915978,268.312705164135,503237.787215289,5645010.46939679
0.00147200539534477,268.312705164135,503737.787215289,5645010.46939679
0.00164862792332443,268.312705164135,504237.787215289,5645010.46939679
0.000536235765303412,268.312705164135,504737.787215289,5645010.46939679
0.000931515098036445,268.312705164135,505237.787215289,5645010.46939679
0.00274128807450888,268.312705164135,505737.787215289,5645010.46939679
0.00297520525644472,268.312705164135,506237.787215289,5645010.46939679
0.00305870761186557,268.312705164135,506737.787215289,5645010.46939679
0.00104561429325216,268.312705164135,507237.787215289,5645010.46939679
0.00217001157515311,268.312705164135,507737.787215289,5645010.46939679
0.00144962232212995,268.312705164135,508237.787215289,5645010.46939679
0.0030862069158666,268.312705164135,508737.787215289,5645010.46939679
0.000568004161461456,268.312705164135,509237.787215289,5645010.46939679
0.000676469501072004,268.312705164135,509737.787215289,5645010.46939679
0.000658718526453997,268.312705164135,510237.787215289,5645010.46939679
0.00269486371482837,268.312705164135,510737.787215289,5645010.46939679
0.00309943564450475,268.312705164135,511237.787215289,5645010.46939679
0.00376620779656611,268.312705164135,511737.787215289,5645010.46939679
0.00288800956643003,268.312705164135,512237.787215289,5645010.46939679
0.00284800356306112,268.312705164135,512737.787215289,5645010.46939679
0.00253856393368643,268.312705164135,513237.787215289,5645010.46939679
0.00187716658407611,268.312705164135,513737.787215289,5645010.46939679
0.00102983737435784,268.312705164135,514237.787215289,5645010.46939679
0.0034371725392902,268.312705164135,514737.787215289,5645010.46939679
0.00115816197166181,268.312705164135,515237.787215289,5645010.46939679
0.00268376776071243,268.312705164135,515737.787215289,5645010.46939679
0.00286878931995377,268.312705164135,516237.787215289,5645010.46939679
0.00508143663933518,268.312705164135,516737.787215289,5645010.46939679
0.00178292694818263,268.312705164135,517237.787215289,5645010.46939679
0.00324611250525064,268.312705164135,517737.787215289,5645010.46939679
0.0036561838389858,268.312705164135,518237.787215289,5645010.46939679
0.00110051270740417,268.312705164135,518737.787215289,5645010.46939679
0.00133731545395501,268.312705164135,519237.787215289,5645010.46939679
0.000708439566446592,268.312705164135,519737.787215289,5645010.46939679
0.000860667323661345,268.312705164135,520237.787215289,5645010.46939679
0.00291621096487842,268.312705164135,520737.787215289,5645010.46939679
0.00141536674136459,268.312705164135,521237.787215289,5645010.46939679
0.00168951913616543,268.312705164135,521737.787215289,5645010.46939679
0.00147948405798804,268.312705164135,522237.787215289,5645010.46939679
0.00109746690574783,268.312705164135,522737.787215289,5645010.46939679
0.00155227269580775,268.312705164135,523237.787215289,5645010.46939679
0.00170621608171518,268.312705164135,523737.787215289,5645010.46939679
0.00337200691438271,268.312705164135,524237.787215289,5645010.46939679
0.000282119363991251,268.312705164135,486737.787215289,5645510.46939679
0.000407659625871553,268.312705164135,487237.787215289,5645510.46939679
0.000778991889904441,268.312705164135,487737.787215289,5645510.46939679
0.00248992891007734,268.312705164135,488237.787215289,5645510.46939679
0.0016112996019718,268.312705164135,488737.787215289,5645510.46939679
0.00288955383569824,268.312705164135,489237.787215289,5645510.46939679
0.00234647166919832,268.312705164135,489737.787215289,5645510.46939679
0.000415202013276847,268.312705164135,490237.787215289,5645510.46939679
0.00130863478982123,268.312705164135,490737.787215289,5645510.46939679
0.000386841189126037,268.312705164135,491237.787215289,5645510.46939679
0.000365222999089302,268.312705164135,491737.787215289,5645510.46939679
0.000375835902335396,268.312705164135,492237.787215289,5645510.46939679
0.000646412047044273,268.312705164135,492737.787215289,5645510.46939679
0.000456711066665871,268.312705164135,493237.787215289,5645510.46939679
0.000647013937735788,268.312705164135,493737.787215289,5645510.46939679
0.000426790693297503,268.312705164135,494237.787215289,5645510.46939679
0.000894777916571223,268.312705164135,494737.787215289,5645510.46939679
0.00261922556342338,268.312705164135,495237.787215289,5645510.46939679
0.000546896806215364,268.312705164135,495737.787215289,5645510.46939679
0.00107947105589518,268.312705164135,496237.787215289,5645510.46939679
0.00116685517743606,268.312705164135,496737.787215289,5645510.46939679
0.00074259189124431,268.312705164135,497237.787215289,5645510.46939679
0.000569435517557559,268.312705164135,497737.787215289,5645510.46939679
0.0033747341007732,268.312705164135,498237.787215289,5645510.46939679
0.00256827389511745,268.312705164135,498737.787215289,5645510.46939679
0.00240333839580843,268.312705164135,499237.787215289,5645510.46939679
0.000686128811524645,268.312705164135,499737.787215289,5645510.46939679
0.00164980153401851,268.312705164135,500237.787215289,5645510.46939679
0.00222408079518479,268.312705164135,500737.787215289,5645510.46939679
0.00352434053910223,268.312705164135,501237.787215289,5645510.46939679
0.001032260315235,268.312705164135,501737.787215289,5645510.46939679
0.000714510398922331,268.312705164135,502237.787215289,5645510.46939679
0.000593982005194175,268.312705164135,502737.787215289,5645510.46939679
0.000448152836162179,268.312705164135,503237.787215289,5645510.46939679
0.000479774853459381,268.312705164135,503737.787215289,5645510.46939679
0.000505144693164936,268.312705164135,504237.787215289,5645510.46939679
0.00043299043460817,268.312705164135,504737.787215289,5645510.46939679
0.000580029676598092,268.312705164135,505237.787215289,5645510.46939679
0.000430834687007489,268.312705164135,505737.787215289,5645510.46939679
0.00230500239201822,268.312705164135,506237.787215289,5645510.46939679
0.00263446590138247,268.312705164135,506737.787215289,5645510.46939679
0.00352434053910223,268.312705164135,507237.787215289,5645510.46939679
0.00402467383884777,268.312705164135,507737.787215289,5645510.46939679
0.00221458817630722,268.312705164135,508237.787215289,5645510.46939679
0.00143853785454823,268.312705164135,508737.787215289,5645510.46939679
0.0005494628206269,268.312705164135,509237.787215289,5645510.46939679
0.000648640919805361,268.312705164135,509737.787215289,5645510.46939679
0.00143853785454823,268.312705164135,510237.787215289,5645510.46939679
0.002528982372196,268.312705164135,510737.787215289,5645510.46939679
0.00134615442154839,268.312705164135,511237.787215289,5645510.46939679
0.000845882409026274,268.312705164135,511737.787215289,5645510.46939679
0.00110310192905313,268.312705164135,512237.787215289,5645510.46939679
0.000716545811697668,268.312705164135,512737.787215289,5645510.46939679
0.00106709340969791,268.312705164135,513237.787215289,5645510.46939679
0.00169819409452381,268.312705164135,513737.787215289,5645510.46939679
0.00279373636679913,268.312705164135,514237.787215289,5645510.46939679
0.00100805926666861,268.312705164135,514737.787215289,5645510.46939679
0.00405065360362013,268.312705164135,515237.787215289,5645510.46939679
0.00252697143012819,268.312705164135,515737.787215289,5645510.46939679
0.00216321697206072,268.312705164135,516237.787215289,5645510.46939679
0.00209260315283292,268.312705164135,516737.787215289,5645510.46939679
0.00307044151156634,268.312705164135,517237.787215289,5645510.46939679
0.00322150312924673,268.312705164135,517737.787215289,5645510.46939679
0.00497737119664672,268.312705164135,518237.787215289,5645510.46939679
0.00157115763572081,268.312705164135,518737.787215289,5645510.46939679
0.00258572780707549,268.312705164135,519237.787215289,5645510.46939679
0.00270658990957094,268.312705164135,519737.787215289,5645510.46939679
0.00129555980218648,268.312705164135,520237.787215289,5645510.46939679
0.00400411442336597,268.312705164135,520737.787215289,5645510.46939679
0.00260096673213496,268.312705164135,521237.787215289,5645510.46939679
0.00148930876186585,268.312705164135,521737.787215289,5645510.46939679
0.000809320580785275,268.312705164135,522237.787215289,5645510.46939679
0.00116591221972011,268.312705164135,522737.787215289,5645510.46939679
0.0013249729040415,268.312705164135,523237.787215289,5645510.46939679
0.00149235262518314,268.312705164135,523737.787215289,5645510.46939679
0.00357164237579669,268.312705164135,524237.787215289,5645510.46939679
0.0020388798692015,268.312705164135,486737.787215289,5646010.46939679
0.000298950495372532,268.312705164135,487237.787215289,5646010.46939679
0.000393640341580746,268.312705164135,487737.787215289,5646010.46939679
0.00103371809676663,268.312705164135,488237.787215289,5646010.46939679
0.00116957949364938,268.312705164135,488737.787215289,5646010.46939679
0.00184004788488846,268.312705164135,489237.787215289,5646010.46939679
0.00254624244468527,268.312705164135,489737.787215289,5646010.46939679
0.000420134179124003,268.312705164135,490237.787215289,5646010.46939679
0.000474146201858781,268.312705164135,490737.787215289,5646010.46939679
0.000478912248030361,268.312705164135,491237.787215289,5646010.46939679
0.000383292064339634,268.312705164135,491737.787215289,5646010.46939679
0.000480369533903591,268.312705164135,492237.787215289,5646010.46939679
0.000468536797548684,268.312705164135,492737.787215289,5646010.46939679
0.00113640712823889,268.312705164135,493237.787215289,5646010.46939679
0.00072432996864727,268.312705164135,493737.787215289,5646010.46939679
0.000516909640298528,268.312705164135,494237.787215289,5646010.46939679
0.000850139743704034,268.312705164135,494737.787215289,5646010.46939679
0.00112029590017227,268.312705164135,495237.787215289,5646010.46939679
0.00264347864874233,268.312705164135,495737.787215289,5646010.46939679
0.00349305951524275,268.312705164135,496237.787215289,5646010.46939679
0.00271219397097451,268.312705164135,496737.787215289,5646010.46939679
0.00323991623248652,268.312705164135,497237.787215289,5646010.46939679
0.00357909643957729,268.312705164135,497737.787215289,5646010.46939679
0.0035369294471938,268.312705164135,498237.787215289,5646010.46939679
0.00102743961627974,268.312705164135,498737.787215289,5646010.46939679
0.000787862911719984,268.312705164135,499237.787215289,5646010.46939679
0.000499168560048286,268.312705164135,499737.787215289,5646010.46939679
0.00357909643957729,268.312705164135,500237.787215289,5646010.46939679
0.00395378472916988,268.312705164135,500737.787215289,5646010.46939679
0.00319034938404627,268.312705164135,501237.787215289,5646010.46939679
0.00376620779656611,268.312705164135,501737.787215289,5646010.46939679
0.00239402098970311,268.312705164135,502237.787215289,5646010.46939679
0.00102309827223949,268.312705164135,502737.787215289,5646010.46939679
0.000574339011048028,268.312705164135,503237.787215289,5646010.46939679
0.000470268839853453,268.312705164135,503737.787215289,5646010.46939679
0.00109965367504496,268.312705164135,504237.787215289,5646010.46939679
0.00063368480642252,268.312705164135,504737.787215289,5646010.46939679
0.000401288965306503,268.312705164135,505237.787215289,5646010.46939679
0.000779329909482324,268.312705164135,505737.787215289,5646010.46939679
0.00292537070072366,268.312705164135,506237.787215289,5646010.46939679
0.00352434053910223,268.312705164135,506737.787215289,5646010.46939679
0.00187597456269932,268.312705164135,507237.787215289,5646010.46939679
0.00261432158418121,268.312705164135,507737.787215289,5646010.46939679
0.00389329654541035,268.312705164135,508237.787215289,5646010.46939679
0.000998564276308954,268.312705164135,508737.787215289,5646010.46939679
0.000791559527905729,268.312705164135,509237.787215289,5646010.46939679
0.000903933342566382,268.312705164135,509737.787215289,5646010.46939679
0.000953957877115626,268.312705164135,510237.787215289,5646010.46939679
0.000934436109208757,268.312705164135,510737.787215289,5646010.46939679
0.0020723665046555,268.312705164135,511237.787215289,5646010.46939679
0.000791559527905729,268.312705164135,511737.787215289,5646010.46939679
0.000648640919805361,268.312705164135,512237.787215289,5646010.46939679
0.000648640919805361,268.312705164135,512737.787215289,5646010.46939679
0.000765720676725523,268.312705164135,513237.787215289,5646010.46939679
0.000587171170324927,268.312705164135,513737.787215289,5646010.46939679
0.000934436109208757,268.312705164135,514237.787215289,5646010.46939679
0.000564222422049875,268.312705164135,514737.787215289,5646010.46939679
0.00198569558005692,268.312705164135,515237.787215289,5646010.46939679
0.00160755594415767,268.312705164135,515737.787215289,5646010.46939679
0.00360341987107128,268.312705164135,516237.787215289,5646010.46939679
0.00411497967480154,268.312705164135,516737.787215289,5646010.46939679
0.00243393168674265,268.312705164135,517237.787215289,5646010.46939679
0.00202429437814312,268.312705164135,517737.787215289,5646010.46939679
0.00145784514960661,268.312705164135,518237.787215289,5646010.46939679
0.00118437371771469,268.312705164135,518737.787215289,5646010.46939679
0.0046409172748467,268.312705164135,519237.787215289,5646010.46939679
0.00495941258508419,268.312705164135,519737.787215289,5646010.46939679
0.00129555980218648,268.312705164135,520237.787215289,5646010.46939679
0.00420111150013571,268.312705164135,520737.787215289,5646010.46939679
0.00355875570620082,268.312705164135,521237.787215289,5646010.46939679
0.00141590269898013,268.312705164135,521737.787215289,5646010.46939679
0.000935587265187946,268.312705164135,522237.787215289,5646010.46939679
0.000628240349209804,268.312705164135,522737.787215289,5646010.46939679
0.00137583684308593,268.312705164135,523237.787215289,5646010.46939679
0.000701109997363531,268.312705164135,523737.787215289,5646010.46939679
0.00351540328692062,268.312705164135,524237.787215289,5646010.46939679
0.000270286912778275,268.312705164135,486737.787215289,5646510.46939679
0.000282119363991251,268.312705164135,487237.787215289,5646510.46939679
0.000292526785152208,268.312705164135,487737.787215289,5646510.46939679
0.000322567317092341,268.312705164135,488237.787215289,5646510.46939679
0.000477734563236592,268.312705164135,488737.787215289,5646510.46939679
0.000975342475325606,268.312705164135,489237.787215289,5646510.46939679
0.00244546014063413,268.312705164135,489737.787215289,5646510.46939679
0.00235263853945146,268.312705164135,490237.787215289,5646510.46939679
0.00209928591318249,268.312705164135,490737.787215289,5646510.46939679
0.000340352706815398,268.312705164135,491237.787215289,5646510.46939679
0.000464117167465594,268.312705164135,491737.787215289,5646510.46939679
0.00198552369490311,268.312705164135,492237.787215289,5646510.46939679
0.000356978034501216,268.312705164135,492737.787215289,5646510.46939679
0.000809981445048595,268.312705164135,493237.787215289,5646510.46939679
0.000468536797548684,268.312705164135,493737.787215289,5646510.46939679
0.000512409292952345,268.312705164135,494237.787215289,5646510.46939679
0.000434465364494979,268.312705164135,494737.787215289,5646510.46939679
0.00291662628445461,268.312705164135,495237.787215289,5646510.46939679
0.00310173982633436,268.312705164135,495737.787215289,5646510.46939679
0.00303199818078323,268.312705164135,496237.787215289,5646510.46939679
0.00318119463957078,268.312705164135,496737.787215289,5646510.46939679
0.00215632753430015,268.312705164135,497237.787215289,5646510.46939679
0.00354742174097235,268.312705164135,497737.787215289,5646510.46939679
0.000963196319194809,268.312705164135,498237.787215289,5646510.46939679
0.000890314950527791,268.312705164135,498737.787215289,5646510.46939679
0.000523518899946546,268.312705164135,499237.787215289,5646510.46939679
0.00158457539923089,268.312705164135,499737.787215289,5646510.46939679
0.00254554488992407,268.312705164135,500237.787215289,5646510.46939679
0.00230431125526256,268.312705164135,500737.787215289,5646510.46939679
0.00430087780177036,268.312705164135,501237.787215289,5646510.46939679
0.00134615442154839,268.312705164135,501737.787215289,5646510.46939679
0.00148987006157469,268.312705164135,502237.787215289,5646510.46939679
0.00196950575490338,268.312705164135,502737.787215289,5646510.46939679
0.0033146049841812,268.312705164135,503237.787215289,5646510.46939679
0.00320235374241616,268.312705164135,503737.787215289,5646510.46939679
0.000989666680215311,268.312705164135,504237.787215289,5646510.46939679
0.000390768161605714,268.312705164135,504737.787215289,5646510.46939679
0.000910898484150966,268.312705164135,505237.787215289,5646510.46939679
0.00195422122021388,268.312705164135,505737.787215289,5646510.46939679
0.00263446590138247,268.312705164135,506237.787215289,5646510.46939679
0.000965968176053951,268.312705164135,506737.787215289,5646510.46939679
0.0020723665046555,268.312705164135,507237.787215289,5646510.46939679
0.00282987792283629,268.312705164135,507737.787215289,5646510.46939679
0.000614837304761929,268.312705164135,508237.787215289,5646510.46939679
0.000456080341489466,268.312705164135,508737.787215289,5646510.46939679
0.000547745221079961,268.312705164135,509237.787215289,5646510.46939679
0.000716545811697668,268.312705164135,509737.787215289,5646510.46939679
0.00062746735596666,268.312705164135,510237.787215289,5646510.46939679
0.000791559527905729,268.312705164135,510737.787215289,5646510.46939679
0.000587171170324927,268.312705164135,511237.787215289,5646510.46939679
0.000852400246642541,268.312705164135,511737.787215289,5646510.46939679
0.000852400246642541,268.312705164135,512237.787215289,5646510.46939679
0.000716545811697668,268.312705164135,512737.787215289,5646510.46939679
0.000874426276714752,268.312705164135,513237.787215289,5646510.46939679
0.00134615442154839,268.312705164135,513737.787215289,5646510.46939679
0.00340929560882494,268.312705164135,514237.787215289,5646510.46939679
0.00376620779656611,268.312705164135,514737.787215289,5646510.46939679
0.00371744494699565,268.312705164135,515237.787215289,5646510.46939679
0.0027121216635978,268.312705164135,515737.787215289,5646510.46939679
0.00436807533557135,268.312705164135,516237.787215289,5646510.46939679
0.00178292694818263,268.312705164135,516737.787215289,5646510.46939679
0.00509791806590879,268.312705164135,517237.787215289,5646510.46939679
0.00231167349904121,268.312705164135,517737.787215289,5646510.46939679
0.00388434129971117,268.312705164135,518237.787215289,5646510.46939679
0.00416671830560247,268.312705164135,518737.787215289,5646510.46939679
0.00703932452033278,268.312705164135,519237.787215289,5646510.46939679
0.00374696871434956,268.312705164135,519737.787215289,5646510.46939679
0.00186639144068443,268.312705164135,520237.787215289,5646510.46939679
0.00240793473076784,268.312705164135,520737.787215289,5646510.46939679
0.00130381617634863,268.312705164135,521237.787215289,5646510.46939679
0.00171601067905413,268.312705164135,521737.787215289,5646510.46939679
0.000582651549850071,268.312705164135,522237.787215289,5646510.46939679
0.00192435119423019,268.312705164135,522737.787215289,5646510.46939679
0.00104986856709047,268.312705164135,523237.787215289,5646510.46939679
0.000782981809822814,268.312705164135,523737.787215289,5646510.46939679
0.00166842672023223,268.312705164135,524237.787215289,5646510.46939679
0.000265939932262378,268.312705164135,486737.787215289,5647010.46939679
0.000908639407114654,268.312705164135,487237.787215289,5647010.46939679
0.000944013881690653,268.312705164135,487737.787215289,5647010.46939679
0.000975534405419291,268.312705164135,488237.787215289,5647010.46939679
0.000315045647198143,268.312705164135,488737.787215289,5647010.46939679
0.000354378859341714,268.312705164135,489237.787215289,5647010.46939679
0.000328837518258472,268.312705164135,489737.787215289,5647010.46939679
0.00215699108441958,268.312705164135,490237.787215289,5647010.46939679
0.00212968605954703,268.312705164135,490737.787215289,5647010.46939679
0.00236783563552485,268.312705164135,491237.787215289,5647010.46939679
0.00231905586391036,268.312705164135,491737.787215289,5647010.46939679
0.0020100656902571,268.312705164135,492237.787215289,5647010.46939679
0.000679538968492767,268.312705164135,492737.787215289,5647010.46939679
0.00262721608612362,268.312705164135,493237.787215289,5647010.46939679
0.00267516453270337,268.312705164135,493737.787215289,5647010.46939679
0.00291886992689827,268.312705164135,494237.787215289,5647010.46939679
0.00291938330327986,268.312705164135,494737.787215289,5647010.46939679
0.00305870761186557,268.312705164135,495237.787215289,5647010.46939679
0.00314455355126125,268.312705164135,495737.787215289,5647010.46939679
0.002967865867247,268.312705164135,496237.787215289,5647010.46939679
0.0032233849218723,268.312705164135,496737.787215289,5647010.46939679
0.00303971103645457,268.312705164135,497237.787215289,5647010.46939679
0.00303971103645457,268.312705164135,497737.787215289,5647010.46939679
0.00104294919929916,268.312705164135,498237.787215289,5647010.46939679
0.000448848067005529,268.312705164135,498737.787215289,5647010.46939679
0.00252107687101624,268.312705164135,499237.787215289,5647010.46939679
0.00301637795016072,268.312705164135,499737.787215289,5647010.46939679
0.00324831930336661,268.312705164135,500237.787215289,5647010.46939679
0.00275164676206399,268.312705164135,500737.787215289,5647010.46939679
0.00402467383884777,268.312705164135,501237.787215289,5647010.46939679
0.00376620779656611,268.312705164135,501737.787215289,5647010.46939679
0.00313431140302366,268.312705164135,502237.787215289,5647010.46939679
0.00269409248681245,268.312705164135,502737.787215289,5647010.46939679
0.00275363371091475,268.312705164135,503237.787215289,5647010.46939679
0.00196708267564577,268.312705164135,503737.787215289,5647010.46939679
0.00271280077274933,268.312705164135,504237.787215289,5647010.46939679
0.00238278351454461,268.312705164135,504737.787215289,5647010.46939679
0.000716545811697668,268.312705164135,505237.787215289,5647010.46939679
0.001032260315235,268.312705164135,505737.787215289,5647010.46939679
0.00189042964231967,268.312705164135,506237.787215289,5647010.46939679
0.00376620779656611,268.312705164135,506737.787215289,5647010.46939679
0.00160138031960327,268.312705164135,507237.787215289,5647010.46939679
0.000458257986868313,268.312705164135,507737.787215289,5647010.46939679
0.000417585667605249,268.312705164135,508237.787215289,5647010.46939679
0.000538402892977082,268.312705164135,508737.787215289,5647010.46939679
0.000469035649417089,268.312705164135,509237.787215289,5647010.46939679
0.000818270297855543,268.312705164135,509737.787215289,5647010.46939679
0.0005494628206269,268.312705164135,510237.787215289,5647010.46939679
0.000531526724160727,268.312705164135,510737.787215289,5647010.46939679
0.00112839456195748,268.312705164135,511237.787215289,5647010.46939679
0.000843238213299164,268.312705164135,511737.787215289,5647010.46939679
0.00117512033769923,268.312705164135,512237.787215289,5647010.46939679
0.000568004161461456,268.312705164135,512737.787215289,5647010.46939679
0.000965968176053951,268.312705164135,513237.787215289,5647010.46939679
0.00153726134672422,268.312705164135,513737.787215289,5647010.46939679
0.00288800956643003,268.312705164135,514237.787215289,5647010.46939679
0.00323433980638504,268.312705164135,514737.787215289,5647010.46939679
0.00341327420502604,268.312705164135,515237.787215289,5647010.46939679
0.00395970822966078,268.312705164135,515737.787215289,5647010.46939679
0.00451547379557169,268.312705164135,516237.787215289,5647010.46939679
0.00451547379557169,268.312705164135,516737.787215289,5647010.46939679
0.00472685751442608,268.312705164135,517237.787215289,5647010.46939679
0.00367884409074394,268.312705164135,517737.787215289,5647010.46939679
0.004321194435039,268.312705164135,518237.787215289,5647010.46939679
0.00311634371040503,268.312705164135,518737.787215289,5647010.46939679
0.00488636289488361,268.312705164135,519237.787215289,5647010.46939679
0.00129555980218648,268.312705164135,519737.787215289,5647010.46939679
0.00393131456599833,268.312705164135,520237.787215289,5647010.46939679
0.00208215602024136,268.312705164135,520737.787215289,5647010.46939679
0.00264940962725472,268.312705164135,521237.787215289,5647010.46939679
0.00399369480035614,268.312705164135,521737.787215289,5647010.46939679
0.0036726959529017,268.312705164135,522237.787215289,5647010.46939679
0.00289808214743427,268.312705164135,522737.787215289,5647010.46939679
0.00176364702583707,268.312705164135,523237.787215289,5647010.46939679
0.00395412597099873,268.312705164135,523737.787215289,5647010.46939679
0.00274476540619418,268.312705164135,524237.787215289,5647010.46939679
0.000408164942433484,268.312705164135,486737.787215289,5647510.46939679
0.000270286912778275,268.312705164135,487237.787215289,5647510.46939679
0.000278355148443927,268.312705164135,487737.787215289,5647510.46939679
0.000398183347144116,268.312705164135,488237.787215289,5647510.46939679
0.000292526785152208,268.312705164135,488737.787215289,5647510.46939679
0.000330133731111988,268.312705164135,489237.787215289,5647510.46939679
0.000384461380943633,268.312705164135,489737.787215289,5647510.46939679
0.000550238784538722,268.312705164135,490237.787215289,5647510.46939679
0.000920006208235741,268.312705164135,490737.787215289,5647510.46939679
0.00192410088800069,268.312705164135,491237.787215289,5647510.46939679
0.00215699108441958,268.312705164135,491737.787215289,5647510.46939679
0.00235263853945146,268.312705164135,492237.787215289,5647510.46939679
0.00300583948425072,268.312705164135,492737.787215289,5647510.46939679
0.002785741246947,268.312705164135,493237.787215289,5647510.46939679
0.00257623691267225,268.312705164135,493737.787215289,5647510.46939679
0.00271587014436048,268.312705164135,494237.787215289,5647510.46939679
0.00237255236312748,268.312705164135,494737.787215289,5647510.46939679
0.000445372982366657,268.312705164135,495237.787215289,5647510.46939679
0.000800158592333409,268.312705164135,495737.787215289,5647510.46939679
0.000662373638205329,268.312705164135,496237.787215289,5647510.46939679
0.00074351241645712,268.312705164135,496737.787215289,5647510.46939679
0.000773308052108953,268.312705164135,497237.787215289,5647510.46939679
0.00301504634127556,268.312705164135,497737.787215289,5647510.46939679
0.00320235374241616,268.312705164135,498237.787215289,5647510.46939679
0.00316192213014753,268.312705164135,498737.787215289,5647510.46939679
0.00337891745890426,268.312705164135,499237.787215289,5647510.46939679
0.00299669740082672,268.312705164135,499737.787215289,5647510.46939679
0.00223653209440175,268.312705164135,500237.787215289,5647510.46939679
0.00223653209440175,268.312705164135,500737.787215289,5647510.46939679
0.00376620779656611,268.312705164135,501237.787215289,5647510.46939679
0.000874426276714752,268.312705164135,501737.787215289,5647510.46939679
0.00302408583338297,268.312705164135,502237.787215289,5647510.46939679
0.00337891745890426,268.312705164135,502737.787215289,5647510.46939679
0.00264272212633188,268.312705164135,503237.787215289,5647510.46939679
0.00151479174622607,268.312705164135,503737.787215289,5647510.46939679
0.00100540542040217,268.312705164135,504237.787215289,5647510.46939679
0.000722067062873274,268.312705164135,504737.787215289,5647510.46939679
0.000531526724160727,268.312705164135,505237.787215289,5647510.46939679
0.000765720676725523,268.312705164135,505737.787215289,5647510.46939679
0.00221458817630722,268.312705164135,506237.787215289,5647510.46939679
0.0013915797115023,268.312705164135,506737.787215289,5647510.46939679
0.00281526314142779,268.312705164135,507237.787215289,5647510.46939679
0.00044119252616477,268.312705164135,507737.787215289,5647510.46939679
0.000547745221079961,268.312705164135,508237.787215289,5647510.46939679
0.000791559527905729,268.312705164135,508737.787215289,5647510.46939679
0.000903933342566382,268.312705164135,509237.787215289,5647510.46939679
0.00067052897468709,268.312705164135,509737.787215289,5647510.46939679
0.000572380844142482,268.312705164135,510237.787215289,5647510.46939679
0.000547745221079961,268.312705164135,510737.787215289,5647510.46939679
0.000453340240303764,268.312705164135,511237.787215289,5647510.46939679
0.000830002210608476,268.312705164135,511737.787215289,5647510.46939679
0.00203346087080243,268.312705164135,512237.787215289,5647510.46939679
0.000915627200992847,268.312705164135,512737.787215289,5647510.46939679
0.000998077295525485,268.312705164135,513237.787215289,5647510.46939679
0.00148323107374283,268.312705164135,513737.787215289,5647510.46939679
0.00121070258045778,268.312705164135,514237.787215289,5647510.46939679
0.00344800588641726,268.312705164135,514737.787215289,5647510.46939679
0.00235524113593028,268.312705164135,515237.787215289,5647510.46939679
0.00176364702583707,268.312705164135,515737.787215289,5647510.46939679
0.00375665720164692,268.312705164135,516237.787215289,5647510.46939679
0.0046678461409429,268.312705164135,516737.787215289,5647510.46939679
0.00442329697682665,268.312705164135,517237.787215289,5647510.46939679
0.00143118930939347,268.312705164135,517737.787215289,5647510.46939679
0.00276318026557281,268.312705164135,518237.787215289,5647510.46939679
0.00596300200642719,268.312705164135,518737.787215289,5647510.46939679
0.00406397475802528,268.312705164135,519237.787215289,5647510.46939679
0.00214550738683898,268.312705164135,519737.787215289,5647510.46939679
0.00383203616724268,268.312705164135,520237.787215289,5647510.46939679
0.00246485907943419,268.312705164135,520737.787215289,5647510.46939679
0.0036850762298993,268.312705164135,521237.787215289,5647510.46939679
0.00305316103147467,268.312705164135,521737.787215289,5647510.46939679
0.00377867868965711,268.312705164135,522237.787215289,5647510.46939679
0.00399128719553218,268.312705164135,522737.787215289,5647510.46939679
0.00428997135584375,268.312705164135,523237.787215289,5647510.46939679
0.00210474545720033,268.312705164135,523737.787215289,5647510.46939679
0.00256849555677609,268.312705164135,524237.787215289,5647510.46939679
0.000820281046332734,268.312705164135,486737.787215289,5648010.46939679
0.00027928424310058,268.312705164135,487237.787215289,5648010.46939679
0.000270286912778275,268.312705164135,487737.787215289,5648010.46939679
0.000278355148443927,268.312705164135,488237.787215289,5648010.46939679
0.000322170463123633,268.312705164135,488737.787215289,5648010.46939679
0.00028572683446929,268.312705164135,489237.787215289,5648010.46939679
0.000295742340111266,268.312705164135,489737.787215289,5648010.46939679
0.000308932420814351,268.312705164135,490237.787215289,5648010.46939679
0.000359771128883086,268.312705164135,490737.787215289,5648010.46939679
0.000414650330691956,268.312705164135,491237.787215289,5648010.46939679
0.000550238784538722,268.312705164135,491737.787215289,5648010.46939679
0.000785364505117868,268.312705164135,492237.787215289,5648010.46939679
0.0010054132504558,268.312705164135,492737.787215289,5648010.46939679
0.00114810815450302,268.312705164135,493237.787215289,5648010.46939679
0.00197619203298981,268.312705164135,493737.787215289,5648010.46939679
0.000629141059396876,268.312705164135,494237.787215289,5648010.46939679
0.000549557546857921,268.312705164135,494737.787215289,5648010.46939679
0.000539094340878127,268.312705164135,495237.787215289,5648010.46939679
0.000382374972165689,268.312705164135,495737.787215289,5648010.46939679
0.000385486484773054,268.312705164135,496237.787215289,5648010.46939679
0.000380100237090481,268.312705164135,496737.787215289,5648010.46939679
0.000791718998544532,268.312705164135,497237.787215289,5648010.46939679
0.00252949187074942,268.312705164135,497737.787215289,5648010.46939679
0.0024380224179171,268.312705164135,498237.787215289,5648010.46939679
0.00288859139598825,268.312705164135,498737.787215289,5648010.46939679
0.00293933845905115,268.312705164135,499237.787215289,5648010.46939679
0.0029077952628096,268.312705164135,499737.787215289,5648010.46939679
0.00345340043194208,268.312705164135,500237.787215289,5648010.46939679
0.00328769664676035,268.312705164135,500737.787215289,5648010.46939679
0.00148708057602693,268.312705164135,501237.787215289,5648010.46939679
0.00279373636679913,268.312705164135,501737.787215289,5648010.46939679
0.00123434778746795,268.312705164135,502237.787215289,5648010.46939679
0.00050623207870701,268.312705164135,502737.787215289,5648010.46939679
0.000860916364539336,268.312705164135,503237.787215289,5648010.46939679
0.00128209273420278,268.312705164135,503737.787215289,5648010.46939679
0.000668432927020356,268.312705164135,504237.787215289,5648010.46939679
0.0005494628206269,268.312705164135,504737.787215289,5648010.46939679
0.000771620838470297,268.312705164135,505237.787215289,5648010.46939679
0.00140230234917969,268.312705164135,505737.787215289,5648010.46939679
0.00164276000152565,268.312705164135,506237.787215289,5648010.46939679
0.000845882409026274,268.312705164135,506737.787215289,5648010.46939679
0.00181473718782786,268.312705164135,507237.787215289,5648010.46939679
0.000845882409026274,268.312705164135,507737.787215289,5648010.46939679
0.000818270297855543,268.312705164135,508237.787215289,5648010.46939679
0.00121858341495912,268.312705164135,508737.787215289,5648010.46939679
0.000965968176053951,268.312705164135,509237.787215289,5648010.46939679
0.00067052897468709,268.312705164135,509737.787215289,5648010.46939679
0.0009416362859208,268.312705164135,510237.787215289,5648010.46939679
0.000621876377771472,268.312705164135,510737.787215289,5648010.46939679
0.000638619398159333,268.312705164135,511237.787215289,5648010.46939679
0.00070547515743729,268.312705164135,511737.787215289,5648010.46939679
0.00335662188951689,268.312705164135,512237.787215289,5648010.46939679
0.00275975743229714,268.312705164135,512737.787215289,5648010.46939679
0.000936620163875564,268.312705164135,513237.787215289,5648010.46939679
0.00221350816382255,268.312705164135,513737.787215289,5648010.46939679
0.00043352379812859,268.312705164135,514237.787215289,5648010.46939679
0.000571436407382257,268.312705164135,514737.787215289,5648010.46939679
0.00287200391106587,268.312705164135,515237.787215289,5648010.46939679
0.000756592618056722,268.312705164135,515737.787215289,5648010.46939679
0.000899784336368906,268.312705164135,516237.787215289,5648010.46939679
0.00270586985354653,268.312705164135,516737.787215289,5648010.46939679
0.00113450036313608,268.312705164135,517237.787215289,5648010.46939679
0.00505125070252817,268.312705164135,517737.787215289,5648010.46939679
0.00195821540449959,268.312705164135,518237.787215289,5648010.46939679
0.00213135385784414,268.312705164135,518737.787215289,5648010.46939679
0.00439738111626878,268.312705164135,519237.787215289,5648010.46939679
0.0025231652816539,268.312705164135,519737.787215289,5648010.46939679
0.00380572092394221,268.312705164135,520237.787215289,5648010.46939679
0.00196153271575171,268.312705164135,520737.787215289,5648010.46939679
0.0033603307449168,268.312705164135,521237.787215289,5648010.46939679
0.00284653149834476,268.312705164135,521737.787215289,5648010.46939679
0.00291282949226246,268.312705164135,522237.787215289,5648010.46939679
0.00372539536543273,268.312705164135,522737.787215289,5648010.46939679
0.00533051730920561,268.312705164135,523237.787215289,5648010.46939679
0.0019996346189821,268.312705164135,523737.787215289,5648010.46939679
0.00281947866193775,268.312705164135,524237.787215289,5648010.46939679
0.000254013114559792,268.312705164135,486737.787215289,5648510.46939679
0.000265133141625069,268.312705164135,487237.787215289,5648510.46939679
0.000630270409921235,268.312705164135,487737.787215289,5648510.46939679
0.000270286912778275,268.312705164135,488237.787215289,5648510.46939679
0.000278355148443927,268.312705164135,488737.787215289,5648510.46939679
0.000282119363991251,268.312705164135,489237.787215289,5648510.46939679
0.000389856633283631,268.312705164135,489737.787215289,5648510.46939679
0.0014071299350646,268.312705164135,490237.787215289,5648510.46939679
0.000548569507210291,268.312705164135,490737.787215289,5648510.46939679
0.000458059226151706,268.312705164135,491237.787215289,5648510.46939679
0.000363262845809772,268.312705164135,491737.787215289,5648510.46939679
0.000338653526609547,268.312705164135,492237.787215289,5648510.46939679
0.000898612020334015,268.312705164135,492737.787215289,5648510.46939679
0.000789294241398773,268.312705164135,493237.787215289,5648510.46939679
0.00135705703920809,268.312705164135,493737.787215289,5648510.46939679
0.000509253022052095,268.312705164135,494237.787215289,5648510.46939679
0.000433008957576336,268.312705164135,494737.787215289,5648510.46939679
0.000433008957576336,268.312705164135,495237.787215289,5648510.46939679
0.000418874260664642,268.312705164135,495737.787215289,5648510.46939679
0.000528416193879546,268.312705164135,496237.787215289,5648510.46939679
0.00301736569428178,268.312705164135,496737.787215289,5648510.46939679
0.0029530896292263,268.312705164135,497237.787215289,5648510.46939679
0.0021905732071154,268.312705164135,497737.787215289,5648510.46939679
0.00302826791907536,268.312705164135,498237.787215289,5648510.46939679
0.00305870761186557,268.312705164135,498737.787215289,5648510.46939679
0.00334067119720884,268.312705164135,499237.787215289,5648510.46939679
0.00363187888774502,268.312705164135,499737.787215289,5648510.46939679
0.00367134032929715,268.312705164135,500237.787215289,5648510.46939679
0.00291026275101852,268.312705164135,500737.787215289,5648510.46939679
0.000693155630745337,268.312705164135,501237.787215289,5648510.46939679
0.000845882409026274,268.312705164135,501737.787215289,5648510.46939679
0.00256169890164664,268.312705164135,502237.787215289,5648510.46939679
0.00302408583338297,268.312705164135,502737.787215289,5648510.46939679
0.00217001157515311,268.312705164135,503237.787215289,5648510.46939679
0.00334067119720884,268.312705164135,503737.787215289,5648510.46939679
0.000410726786744547,268.312705164135,504237.787215289,5648510.46939679
0.000531526724160727,268.312705164135,504737.787215289,5648510.46939679
0.0005494628206269,268.312705164135,505237.787215289,5648510.46939679
0.000606984960063783,268.312705164135,505737.787215289,5648510.46939679
0.00067052897468709,268.312705164135,506237.787215289,5648510.46939679
0.00110310192905313,268.312705164135,506737.787215289,5648510.46939679
0.00164276000152565,268.312705164135,507237.787215289,5648510.46939679
0.00389329654541035,268.312705164135,507737.787215289,5648510.46939679
0.000587171170324927,268.312705164135,508237.787215289,5648510.46939679
0.000410726786744547,268.312705164135,508737.787215289,5648510.46939679
0.000587171170324927,268.312705164135,509237.787215289,5648510.46939679
0.00340929560882494,268.312705164135,509737.787215289,5648510.46939679
0.00230695836405538,268.312705164135,510237.787215289,5648510.46939679
0.000399382037143932,268.312705164135,510737.787215289,5648510.46939679
0.00256169890164664,268.312705164135,511237.787215289,5648510.46939679
0.00334067119720884,268.312705164135,511737.787215289,5648510.46939679
0.00323162177911257,268.312705164135,512237.787215289,5648510.46939679
0.00209917595992395,268.312705164135,512737.787215289,5648510.46939679
0.00226297217949652,268.312705164135,513237.787215289,5648510.46939679
0.00284449966958833,268.312705164135,513737.787215289,5648510.46939679
0.00393671779068368,268.312705164135,514237.787215289,5648510.46939679
0.000835740943900987,268.312705164135,514737.787215289,5648510.46939679
0.00243672355686357,268.312705164135,515237.787215289,5648510.46939679
0.00373496525583085,268.312705164135,515737.787215289,5648510.46939679
0.00364516095195674,268.312705164135,516237.787215289,5648510.46939679
0.00478997665357019,268.312705164135,516737.787215289,5648510.46939679
0.00400411442336597,268.312705164135,517237.787215289,5648510.46939679
0.00427890744163594,268.312705164135,517737.787215289,5648510.46939679
0.00163436821954266,268.312705164135,518237.787215289,5648510.46939679
0.0015810175924456,268.312705164135,518737.787215289,5648510.46939679
0.00324611250525064,268.312705164135,519237.787215289,5648510.46939679
0.00239139903394079,268.312705164135,519737.787215289,5648510.46939679
0.00412845998137077,268.312705164135,520237.787215289,5648510.46939679
0.00387494866701891,268.312705164135,520737.787215289,5648510.46939679
0.00417979550673123,268.312705164135,521237.787215289,5648510.46939679
0.00378368885537272,268.312705164135,521737.787215289,5648510.46939679
0.00383738038049739,268.312705164135,522237.787215289,5648510.46939679
0.00340065009506722,268.312705164135,522737.787215289,5648510.46939679
0.00196957792559022,268.312705164135,523237.787215289,5648510.46939679
0.00307838071145029,268.312705164135,523737.787215289,5648510.46939679
0.00315231763534636,268.312705164135,524237.787215289,5648510.46939679
0.000239711990561329,268.312705164135,486737.787215289,5649010.46939679
0.000309981215960207,268.312705164135,487237.787215289,5649010.46939679
0.000837226798632415,268.312705164135,487737.787215289,5649010.46939679
0.000853124336381308,268.312705164135,488237.787215289,5649010.46939679
0.000270286912778275,268.312705164135,488737.787215289,5649010.46939679
0.000278355148443927,268.312705164135,489237.787215289,5649010.46939679
0.000295742340111266,268.312705164135,489737.787215289,5649010.46939679
0.000342810882095368,268.312705164135,490237.787215289,5649010.46939679
0.00233002475468009,268.312705164135,490737.787215289,5649010.46939679
0.00046180642202249,268.312705164135,491237.787215289,5649010.46939679
0.000405186784327381,268.312705164135,491737.787215289,5649010.46939679
0.000466690727762326,268.312705164135,492237.787215289,5649010.46939679
0.000615141103849912,268.312705164135,492737.787215289,5649010.46939679
0.000429256029398599,268.312705164135,493237.787215289,5649010.46939679
0.000433008957576336,268.312705164135,493737.787215289,5649010.46939679
0.0024725706536643,268.312705164135,494237.787215289,5649010.46939679
0.000597607024243888,268.312705164135,494737.787215289,5649010.46939679
0.000489707161902629,268.312705164135,495237.787215289,5649010.46939679
0.0027505730562242,268.312705164135,495737.787215289,5649010.46939679
0.00284338973209612,268.312705164135,496237.787215289,5649010.46939679
0.00305870761186557,268.312705164135,496737.787215289,5649010.46939679
0.00312613205752191,268.312705164135,497237.787215289,5649010.46939679
0.00292537070072366,268.312705164135,497737.787215289,5649010.46939679
0.0031803764751416,268.312705164135,498237.787215289,5649010.46939679
0.00343556549566389,268.312705164135,498737.787215289,5649010.46939679
0.00402467383884777,268.312705164135,499237.787215289,5649010.46939679
0.00416048439161431,268.312705164135,499737.787215289,5649010.46939679
0.001032260315235,268.312705164135,500237.787215289,5649010.46939679
0.00062746735596666,268.312705164135,500737.787215289,5649010.46939679
0.00261432158418121,268.312705164135,501237.787215289,5649010.46939679
0.00332341844615874,268.312705164135,501737.787215289,5649010.46939679
0.0020723665046555,268.312705164135,502237.787215289,5649010.46939679
0.00430087780177036,268.312705164135,502737.787215289,5649010.46939679
0.00389329654541035,268.312705164135,503237.787215289,5649010.46939679
0.00402467383884777,268.312705164135,503737.787215289,5649010.46939679
0.00352434053910223,268.312705164135,504237.787215289,5649010.46939679
0.000740725282299704,268.312705164135,504737.787215289,5649010.46939679
0.000587171170324927,268.312705164135,505237.787215289,5649010.46939679
0.00062746735596666,268.312705164135,505737.787215289,5649010.46939679
0.000874426276714752,268.312705164135,506237.787215289,5649010.46939679
0.000518138032715483,268.312705164135,506737.787215289,5649010.46939679
0.000648640919805361,268.312705164135,507237.787215289,5649010.46939679
0.000535622334661451,268.312705164135,507737.787215289,5649010.46939679
0.000453724934409256,268.312705164135,508237.787215289,5649010.46939679
0.000453340240303764,268.312705164135,508737.787215289,5649010.46939679
0.000614837304761929,268.312705164135,509237.787215289,5649010.46939679
0.00288800956643003,268.312705164135,509737.787215289,5649010.46939679
0.00261432158418121,268.312705164135,510237.787215289,5649010.46939679
0.00376620779656611,268.312705164135,510737.787215289,5649010.46939679
0.00270254052406897,268.312705164135,511237.787215289,5649010.46939679
0.00376620779656611,268.312705164135,511737.787215289,5649010.46939679
0.00402467383884777,268.312705164135,512237.787215289,5649010.46939679
0.00430087780177036,268.312705164135,512737.787215289,5649010.46939679
0.00430087780177036,268.312705164135,513237.787215289,5649010.46939679
0.00376620779656611,268.312705164135,513737.787215289,5649010.46939679
0.00402467383884777,268.312705164135,514237.787215289,5649010.46939679
0.00325232062736967,268.312705164135,514737.787215289,5649010.46939679
0.00339577045235889,268.312705164135,515237.787215289,5649010.46939679
0.00168410674166375,268.312705164135,515737.787215289,5649010.46939679
0.00430311290219452,268.312705164135,516237.787215289,5649010.46939679
0.0034371725392902,268.312705164135,516737.787215289,5649010.46939679
0.00472685751442608,268.312705164135,517237.787215289,5649010.46939679
0.00457255886276505,268.312705164135,517737.787215289,5649010.46939679
0.00199447752490472,268.312705164135,518237.787215289,5649010.46939679
0.00406397475802528,268.312705164135,518737.787215289,5649010.46939679
0.00397914291443138,268.312705164135,519237.787215289,5649010.46939679
0.00242759803891792,268.312705164135,519737.787215289,5649010.46939679
0.0036042569313609,268.312705164135,520237.787215289,5649010.46939679
0.003851106919738,268.312705164135,520737.787215289,5649010.46939679
0.00458438206755689,268.312705164135,521237.787215289,5649010.46939679
0.00401446780891184,268.312705164135,521737.787215289,5649010.46939679
0.000836716022191008,268.312705164135,522237.787215289,5649010.46939679
0.00132255789471455,268.312705164135,522737.787215289,5649010.46939679
0.00533051730920561,268.312705164135,523237.787215289,5649010.46939679
0.00361304490997387,268.312705164135,523737.787215289,5649010.46939679
0.00226890193078602,268.312705164135,524237.787215289,5649010.46939679
0.00030240028947761,268.312705164135,486737.787215289,5649510.46939679
0.000509956900006463,268.312705164135,487237.787215289,5649510.46939679
0.000274079923392394,268.312705164135,487737.787215289,5649510.46939679
0.000274913938765621,268.312705164135,488237.787215289,5649510.46939679
0.00027441753877863,268.312705164135,488737.787215289,5649510.46939679
0.000452649251418199,268.312705164135,489237.787215289,5649510.46939679
0.000452649251418199,268.312705164135,489737.787215289,5649510.46939679
0.000458261555761561,268.312705164135,490237.787215289,5649510.46939679
0.000338653526609547,268.312705164135,490737.787215289,5649510.46939679
0.000338653526609547,268.312705164135,491237.787215289,5649510.46939679
0.00047430889808105,268.312705164135,491737.787215289,5649510.46939679
0.00158940940536756,268.312705164135,492237.787215289,5649510.46939679
0.00245849529751097,268.312705164135,492737.787215289,5649510.46939679
0.000502706854332822,268.312705164135,493237.787215289,5649510.46939679
0.00315575327132938,268.312705164135,493737.787215289,5649510.46939679
0.00298606542988863,268.312705164135,494237.787215289,5649510.46939679
0.00282987792283629,268.312705164135,494737.787215289,5649510.46939679
0.0024780774501264,268.312705164135,495237.787215289,5649510.46939679
0.00323162177911257,268.312705164135,495737.787215289,5649510.46939679
0.00323162177911257,268.312705164135,496237.787215289,5649510.46939679
0.00345340043194208,268.312705164135,496737.787215289,5649510.46939679
0.00321493220903764,268.312705164135,497237.787215289,5649510.46939679
0.00343556549566389,268.312705164135,497737.787215289,5649510.46939679
0.00343556549566389,268.312705164135,498237.787215289,5649510.46939679
0.00110310192905313,268.312705164135,498737.787215289,5649510.46939679
0.000740725282299704,268.312705164135,499237.787215289,5649510.46939679
0.00376620779656611,268.312705164135,499737.787215289,5649510.46939679
0.00298546396679063,268.312705164135,500237.787215289,5649510.46939679
0.00158913544177015,268.312705164135,500737.787215289,5649510.46939679
0.00364326760149743,268.312705164135,501237.787215289,5649510.46939679
0.00402467383884777,268.312705164135,501737.787215289,5649510.46939679
0.00121858341495912,268.312705164135,502237.787215289,5649510.46939679
0.00288800956643003,268.312705164135,502737.787215289,5649510.46939679
0.00364326760149743,268.312705164135,503237.787215289,5649510.46939679
0.000874426276714752,268.312705164135,503737.787215289,5649510.46939679
0.00134615442154839,268.312705164135,504237.787215289,5649510.46939679
0.00148708057602693,268.312705164135,504737.787215289,5649510.46939679
0.000934436109208757,268.312705164135,505237.787215289,5649510.46939679
0.00062746735596666,268.312705164135,505737.787215289,5649510.46939679
0.000438914006559056,268.312705164135,506237.787215289,5649510.46939679
0.000434196334574787,268.312705164135,506737.787215289,5649510.46939679
0.000484863016643643,268.312705164135,507237.787215289,5649510.46939679
0.000479651461223572,268.312705164135,507737.787215289,5649510.46939679
0.000399382037143932,268.312705164135,508237.787215289,5649510.46939679
0.000390768161605714,268.312705164135,508737.787215289,5649510.46939679
0.000443299086738389,268.312705164135,509237.787215289,5649510.46939679
0.000722067062873274,268.312705164135,509737.787215289,5649510.46939679
0.00228931831753542,268.312705164135,510237.787215289,5649510.46939679
0.00261432158418121,268.312705164135,510737.787215289,5649510.46939679
0.00288800956643003,268.312705164135,511237.787215289,5649510.46939679
0.00402467383884777,268.312705164135,511737.787215289,5649510.46939679
0.00340929560882494,268.312705164135,512237.787215289,5649510.46939679
0.00106709340969791,268.312705164135,512737.787215289,5649510.46939679
0.0020723665046555,268.312705164135,513237.787215289,5649510.46939679
0.00376620779656611,268.312705164135,513737.787215289,5649510.46939679
0.00402467383884777,268.312705164135,514237.787215289,5649510.46939679
0.00383206601097349,268.312705164135,514737.787215289,5649510.46939679
0.00316761730960226,268.312705164135,515237.787215289,5649510.46939679
0.00101995487148071,268.312705164135,515737.787215289,5649510.46939679
0.00414138798846991,268.312705164135,516237.787215289,5649510.46939679
0.00298914183696512,268.312705164135,516737.787215289,5649510.46939679
0.00387340825024011,268.312705164135,517237.787215289,5649510.46939679
0.00287325662222409,268.312705164135,517737.787215289,5649510.46939679
0.00413923120921053,268.312705164135,518237.787215289,5649510.46939679
0.00367884409074394,268.312705164135,518737.787215289,5649510.46939679
0.0037945805571399,268.312705164135,519237.787215289,5649510.46939679
0.00312162294681193,268.312705164135,519737.787215289,5649510.46939679
0.00396687081165244,268.312705164135,520237.787215289,5649510.46939679
0.00363402876632858,268.312705164135,520737.787215289,5649510.46939679
0.0037001905388794,268.312705164135,521237.787215289,5649510.46939679
0.00482536021289366,268.312705164135,521737.787215289,5649510.46939679
0.00458438206755689,268.312705164135,522237.787215289,5649510.46939679
0.00422548839856817,268.312705164135,522737.787215289,5649510.46939679
0.00515651341106481,268.312705164135,523237.787215289,5649510.46939679
0.00285358197219141,268.312705164135,523737.787215289,5649510.46939679
0.00345308973143527,268.312705164135,524237.787215289,5649510.46939679
0.000265133141625069,268.312705164135,486737.787215289,5650010.46939679
0.000364210183390662,268.312705164135,487237.787215289,5650010.46939679
0.000352476906603067,268.312705164135,487737.787215289,5650010.46939679
0.000282119363991251,268.312705164135,488237.787215289,5650010.46939679
0.000298950495372532,268.312705164135,488737.787215289,5650010.46939679
0.000790272615088742,268.312705164135,489237.787215289,5650010.46939679
0.000446731690442576,268.312705164135,489737.787215289,5650010.46939679
0.000340352706815398,268.312705164135,490237.787215289,5650010.46939679
0.000353499126780572,268.312705164135,490737.787215289,5650010.46939679
0.000394349335170941,268.312705164135,491237.787215289,5650010.46939679
0.000360349962116715,268.312705164135,491737.787215289,5650010.46939679
0.000456711066665871,268.312705164135,492237.787215289,5650010.46939679
0.00293933845905115,268.312705164135,492737.787215289,5650010.46939679
0.00273750231250186,268.312705164135,493237.787215289,5650010.46939679
0.00379522782415528,268.312705164135,493737.787215289,5650010.46939679
0.00312627162986537,268.312705164135,494237.787215289,5650010.46939679
0.00280858876572806,268.312705164135,494737.787215289,5650010.46939679
0.000452649251418199,268.312705164135,495237.787215289,5650010.46939679
0.00389329654541035,268.312705164135,495737.787215289,5650010.46939679
0.00402467383884777,268.312705164135,496237.787215289,5650010.46939679
0.0013022119478143,268.312705164135,496737.787215289,5650010.46939679
0.00143853785454823,268.312705164135,497237.787215289,5650010.46939679
0.00143853785454823,268.312705164135,497737.787215289,5650010.46939679
0.000740725282299704,268.312705164135,498237.787215289,5650010.46939679
0.00376620779656611,268.312705164135,498737.787215289,5650010.46939679
0.00134615442154839,268.312705164135,499237.787215289,5650010.46939679
0.00332341844615874,268.312705164135,499737.787215289,5650010.46939679
0.000693155630745337,268.312705164135,500237.787215289,5650010.46939679
0.00263446590138247,268.312705164135,500737.787215289,5650010.46939679
0.00403404973178004,268.312705164135,501237.787215289,5650010.46939679
0.00149853908327737,268.312705164135,501737.787215289,5650010.46939679
0.00297613152178387,268.312705164135,502237.787215289,5650010.46939679
0.00334067119720884,268.312705164135,502737.787215289,5650010.46939679
0.00345340043194208,268.312705164135,503237.787215289,5650010.46939679
0.000456080341489466,268.312705164135,503737.787215289,5650010.46939679
0.00079765878757994,268.312705164135,504237.787215289,5650010.46939679
0.000722067062873274,268.312705164135,504737.787215289,5650010.46939679
0.000934436109208757,268.312705164135,505237.787215289,5650010.46939679
0.000484863016643643,268.312705164135,505737.787215289,5650010.46939679
0.000386879309089922,268.312705164135,506237.787215289,5650010.46939679
0.00184855411200084,268.312705164135,506737.787215289,5650010.46939679
0.000445372982366657,268.312705164135,507237.787215289,5650010.46939679
0.000474122656093104,268.312705164135,507737.787215289,5650010.46939679
0.000447620622579764,268.312705164135,508237.787215289,5650010.46939679
0.00041524383919582,268.312705164135,508737.787215289,5650010.46939679
0.000379178806553323,268.312705164135,509237.787215289,5650010.46939679
0.000488054080180682,268.312705164135,509737.787215289,5650010.46939679
0.000487380069808952,268.312705164135,510237.787215289,5650010.46939679
0.000856825283540126,268.312705164135,510737.787215289,5650010.46939679
0.00196436610348856,268.312705164135,511237.787215289,5650010.46939679
0.00094652457088519,268.312705164135,511737.787215289,5650010.46939679
0.000915627200992847,268.312705164135,512237.787215289,5650010.46939679
0.000487380069808952,268.312705164135,512737.787215289,5650010.46939679
0.0015063183991118,268.312705164135,513237.787215289,5650010.46939679
0.0015063183991118,268.312705164135,513737.787215289,5650010.46939679
0.00360133982308126,268.312705164135,514237.787215289,5650010.46939679
0.00364326760149743,268.312705164135,514737.787215289,5650010.46939679
0.00389329654541035,268.312705164135,515237.787215289,5650010.46939679
0.00329800608635677,268.312705164135,515737.787215289,5650010.46939679
0.00364326760149743,268.312705164135,516237.787215289,5650010.46939679
0.00262358996689303,268.312705164135,516737.787215289,5650010.46939679
0.0046409172748467,268.312705164135,517237.787215289,5650010.46939679
0.00413923120921053,268.312705164135,517737.787215289,5650010.46939679
0.00529976548437915,268.312705164135,518237.787215289,5650010.46939679
0.00423320419984554,268.312705164135,518737.787215289,5650010.46939679
0.00343683406061924,268.312705164135,519237.787215289,5650010.46939679
0.00253735649027345,268.312705164135,519737.787215289,5650010.46939679
0.00301112142827984,268.312705164135,520237.787215289,5650010.46939679
0.00326226731315375,268.312705164135,520737.787215289,5650010.46939679
0.00382505156925064,268.312705164135,521237.787215289,5650010.46939679
0.00146101377703671,268.312705164135,521737.787215289,5650010.46939679
0.00346256293411777,268.312705164135,522237.787215289,5650010.46939679
0.0046678461409429,268.312705164135,522737.787215289,5650010.46939679
0.00315577723042094,268.312705164135,523237.787215289,5650010.46939679
0.00317507680193061,268.312705164135,523737.787215289,5650010.46939679
0.00378047683694585,268.312705164135,524237.787215289,5650010.46939679
0.000619388853850899,268.312705164135,486737.787215289,5650510.46939679
0.000430140074838507,268.312705164135,487237.787215289,5650510.46939679
0.000297458011974883,268.312705164135,487737.787215289,5650510.46939679
0.000319466769447353,268.312705164135,488237.787215289,5650510.46939679
0.000298847950140007,268.312705164135,488737.787215289,5650510.46939679
0.00031796283860216,268.312705164135,489237.787215289,5650510.46939679
0.000338653526609547,268.312705164135,489737.787215289,5650510.46939679
0.000369944630415792,268.312705164135,490237.787215289,5650510.46939679
0.00092091627788511,268.312705164135,490737.787215289,5650510.46939679
0.00243211221821994,268.312705164135,491237.787215289,5650510.46939679
0.000447620622579764,268.312705164135,491737.787215289,5650510.46939679
0.0014972685356207,268.312705164135,492237.787215289,5650510.46939679
0.00345340043194208,268.312705164135,492737.787215289,5650510.46939679
0.00254846911912498,268.312705164135,493237.787215289,5650510.46939679
0.00244642888525178,268.312705164135,493737.787215289,5650510.46939679
0.00430589686085083,268.312705164135,494237.787215289,5650510.46939679
0.00100434703801572,268.312705164135,494737.787215289,5650510.46939679
0.00289473748267031,268.312705164135,495237.787215289,5650510.46939679
0.00270254052406897,268.312705164135,495737.787215289,5650510.46939679
0.00221458817630722,268.312705164135,496237.787215289,5650510.46939679
0.00261432158418121,268.312705164135,496737.787215289,5650510.46939679
0.00125970388677979,268.312705164135,497237.787215289,5650510.46939679
0.0012694103723279,268.312705164135,497737.787215289,5650510.46939679
0.000611662004252189,268.312705164135,498237.787215289,5650510.46939679
0.000453724934409256,268.312705164135,498737.787215289,5650510.46939679
0.00223165239937895,268.312705164135,499237.787215289,5650510.46939679
0.00328769664676035,268.312705164135,499737.787215289,5650510.46939679
0.00279373636679913,268.312705164135,500237.787215289,5650510.46939679
0.00352434053910223,268.312705164135,500737.787215289,5650510.46939679
0.000452649251418199,268.312705164135,501237.787215289,5650510.46939679
0.00376620779656611,268.312705164135,501737.787215289,5650510.46939679
0.00252107687101624,268.312705164135,502237.787215289,5650510.46939679
0.00284338973209612,268.312705164135,502737.787215289,5650510.46939679
0.00132535629540104,268.312705164135,503237.787215289,5650510.46939679
0.000526790614311054,268.312705164135,503737.787215289,5650510.46939679
0.00104561429325216,268.312705164135,504237.787215289,5650510.46939679
0.00177820903478939,268.312705164135,504737.787215289,5650510.46939679
0.000535622334661451,268.312705164135,505237.787215289,5650510.46939679
0.00052986519215832,268.312705164135,505737.787215289,5650510.46939679
0.00046554296200362,268.312705164135,506237.787215289,5650510.46939679
0.000689099237188815,268.312705164135,506737.787215289,5650510.46939679
0.00227592107215477,268.312705164135,507237.787215289,5650510.46939679
0.00350371586028597,268.312705164135,507737.787215289,5650510.46939679
0.000549557546857921,268.312705164135,508237.787215289,5650510.46939679
0.000353499126780572,268.312705164135,508737.787215289,5650510.46939679
0.000372509786615309,268.312705164135,509237.787215289,5650510.46939679
0.000490121681748703,268.312705164135,509737.787215289,5650510.46939679
0.00050623207870701,268.312705164135,510237.787215289,5650510.46939679
0.000401288965306503,268.312705164135,510737.787215289,5650510.46939679
0.000473721667404494,268.312705164135,511237.787215289,5650510.46939679
0.000388189703040976,268.312705164135,511737.787215289,5650510.46939679
0.000428828489484813,268.312705164135,512237.787215289,5650510.46939679
0.000473721667404494,268.312705164135,512737.787215289,5650510.46939679
0.00119975626468595,268.312705164135,513237.787215289,5650510.46939679
0.000779329909482324,268.312705164135,513737.787215289,5650510.46939679
0.00345340043194208,268.312705164135,514237.787215289,5650510.46939679
0.00251187232505126,268.312705164135,514737.787215289,5650510.46939679
0.00402467383884777,268.312705164135,515237.787215289,5650510.46939679
0.00444600871548608,268.312705164135,515737.787215289,5650510.46939679
0.00262041191603052,268.312705164135,516237.787215289,5650510.46939679
0.0031185858215358,268.312705164135,516737.787215289,5650510.46939679
0.00495941258508419,268.312705164135,517237.787215289,5650510.46939679
0.00180546688734421,268.312705164135,517737.787215289,5650510.46939679
0.00291621096487842,268.312705164135,518237.787215289,5650510.46939679
0.00299956680331509,268.312705164135,518737.787215289,5650510.46939679
0.00363471605508244,268.312705164135,519237.787215289,5650510.46939679
0.00350263802037538,268.312705164135,519737.787215289,5650510.46939679
0.000572885662313758,268.312705164135,520237.787215289,5650510.46939679
0.000938773345351433,268.312705164135,520737.787215289,5650510.46939679
0.000843737365344606,268.312705164135,521237.787215289,5650510.46939679
0.00357940534294414,268.312705164135,521737.787215289,5650510.46939679
0.00220897227943504,268.312705164135,522237.787215289,5650510.46939679
0.00318225908837924,268.312705164135,522737.787215289,5650510.46939679
0.0036601780266864,268.312705164135,523237.787215289,5650510.46939679
0.00292510750675666,268.312705164135,523737.787215289,5650510.46939679
0.00370293075218203,268.312705164135,524237.787215289,5650510.46939679
0.00197232478186145,268.312705164135,486737.787215289,5651010.46939679
0.00206645177992662,268.312705164135,487237.787215289,5651010.46939679
0.000289191864356344,268.312705164135,487737.787215289,5651010.46939679
0.000336666493940484,268.312705164135,488237.787215289,5651010.46939679
0.00102168966714477,268.312705164135,488737.787215289,5651010.46939679
0.000710937872590727,268.312705164135,489237.787215289,5651010.46939679
0.00151538677753815,268.312705164135,489737.787215289,5651010.46939679
0.00115129522150506,268.312705164135,490237.787215289,5651010.46939679
0.000716690169783565,268.312705164135,490737.787215289,5651010.46939679
0.00293933845905115,268.312705164135,491237.787215289,5651010.46939679
0.00303852492654536,268.312705164135,491737.787215289,5651010.46939679
0.00332341844615874,268.312705164135,492237.787215289,5651010.46939679
0.00402467383884777,268.312705164135,492737.787215289,5651010.46939679
0.00143853785454823,268.312705164135,493237.787215289,5651010.46939679
0.00244642888525178,268.312705164135,493737.787215289,5651010.46939679
0.000998564276308954,268.312705164135,494237.787215289,5651010.46939679
0.000852400246642541,268.312705164135,494737.787215289,5651010.46939679
0.000471470538500156,268.312705164135,495237.787215289,5651010.46939679
0.000702122734216075,268.312705164135,495737.787215289,5651010.46939679
0.00145714769801793,268.312705164135,496237.787215289,5651010.46939679
0.00094652457088519,268.312705164135,496737.787215289,5651010.46939679
0.000856825283540126,268.312705164135,497237.787215289,5651010.46939679
0.000388189703040976,268.312705164135,497737.787215289,5651010.46939679
0.000860916364539336,268.312705164135,498237.787215289,5651010.46939679
0.000682446355481506,268.312705164135,498737.787215289,5651010.46939679
0.00144839324891792,268.312705164135,499237.787215289,5651010.46939679
0.00263446590138247,268.312705164135,499737.787215289,5651010.46939679
0.000722067062873274,268.312705164135,500237.787215289,5651010.46939679
0.000693155630745337,268.312705164135,500737.787215289,5651010.46939679
0.00462047100475767,268.312705164135,501237.787215289,5651010.46939679
0.00342742051819387,268.312705164135,501737.787215289,5651010.46939679
0.00431089714033016,268.312705164135,502237.787215289,5651010.46939679
0.00321220640453235,268.312705164135,502737.787215289,5651010.46939679
0.00279429920371455,268.312705164135,503237.787215289,5651010.46939679
0.000486297011309717,268.312705164135,503737.787215289,5651010.46939679
0.00285669202328341,268.312705164135,504237.787215289,5651010.46939679
0.00348612263006906,268.312705164135,504737.787215289,5651010.46939679
0.00101631186243531,268.312705164135,505237.787215289,5651010.46939679
0.00248150444685196,268.312705164135,505737.787215289,5651010.46939679
0.000736390507930141,268.312705164135,506237.787215289,5651010.46939679
0.000810435587744931,268.312705164135,506737.787215289,5651010.46939679
0.0032161882915136,268.312705164135,507237.787215289,5651010.46939679
0.00170272384934555,268.312705164135,507737.787215289,5651010.46939679
0.000456104230634856,268.312705164135,508237.787215289,5651010.46939679
0.000396972295989619,268.312705164135,508737.787215289,5651010.46939679
0.000382428222071051,268.312705164135,509237.787215289,5651010.46939679
0.000908391772742707,268.312705164135,509737.787215289,5651010.46939679
0.000462725350718346,268.312705164135,510237.787215289,5651010.46939679
0.000366801285460068,268.312705164135,510737.787215289,5651010.46939679
0.000761239627619963,268.312705164135,511237.787215289,5651010.46939679
0.000447620622579764,268.312705164135,511737.787215289,5651010.46939679
0.000511167121745971,268.312705164135,512237.787215289,5651010.46939679
0.000494481110496818,268.312705164135,512737.787215289,5651010.46939679
0.00040861647318253,268.312705164135,513237.787215289,5651010.46939679
0.000827159533298305,268.312705164135,513737.787215289,5651010.46939679
0.00204261874398983,268.312705164135,514237.787215289,5651010.46939679
0.000819524012692102,268.312705164135,514737.787215289,5651010.46939679
0.003220739169956,268.312705164135,515237.787215289,5651010.46939679
0.0039061882623872,268.312705164135,515737.787215289,5651010.46939679
0.00419409054138988,268.312705164135,516237.787215289,5651010.46939679
0.0040786908847494,268.312705164135,516737.787215289,5651010.46939679
0.00488636289488361,268.312705164135,517237.787215289,5651010.46939679
0.00220327529972123,268.312705164135,517737.787215289,5651010.46939679
0.00241967141108595,268.312705164135,518237.787215289,5651010.46939679
0.00326069591617769,268.312705164135,518737.787215289,5651010.46939679
0.00356382086582118,268.312705164135,519237.787215289,5651010.46939679
0.00392580639172779,268.312705164135,519737.787215289,5651010.46939679
0.0032313310319072,268.312705164135,520237.787215289,5651010.46939679
0.00321776765717527,268.312705164135,520737.787215289,5651010.46939679
0.00384688505312373,268.312705164135,521237.787215289,5651010.46939679
0.00100776533644516,268.312705164135,521737.787215289,5651010.46939679
0.00259263450449768,268.312705164135,522237.787215289,5651010.46939679
0.00384688505312373,268.312705164135,522737.787215289,5651010.46939679
0.00088194120865482,268.312705164135,523237.787215289,5651010.46939679
0.00303435474452019,268.312705164135,523737.787215289,5651010.46939679
0.00289528727736771,268.312705164135,524237.787215289,5651010.46939679
0.00113707094337977,268.312705164135,486737.787215289,5651510.46939679
0.00221498721672614,268.312705164135,487237.787215289,5651510.46939679
0.00249974372036625,268.312705164135,487737.787215289,5651510.46939679
0.000819425877810029,268.312705164135,488237.787215289,5651510.46939679
0.000432149042821155,268.312705164135,488737.787215289,5651510.46939679
0.000430136749052652,268.312705164135,489237.787215289,5651510.46939679
0.000848138711726461,268.312705164135,489737.787215289,5651510.46939679
0.0008693090750977,268.312705164135,490237.787215289,5651510.46939679
0.00295886232164986,268.312705164135,490737.787215289,5651510.46939679
0.00323162177911257,268.312705164135,491237.787215289,5651510.46939679
0.00282987792283629,268.312705164135,491737.787215289,5651510.46939679
0.00330568913178947,268.312705164135,492237.787215289,5651510.46939679
0.00340929560882494,268.312705164135,492737.787215289,5651510.46939679
0.00288800956643003,268.312705164135,493237.787215289,5651510.46939679
0.000903933342566382,268.312705164135,493737.787215289,5651510.46939679
0.00215880464478737,268.312705164135,494237.787215289,5651510.46939679
0.000471470538500156,268.312705164135,494737.787215289,5651510.46939679
0.00286227627790138,268.312705164135,495237.787215289,5651510.46939679
0.000428828489484813,268.312705164135,495737.787215289,5651510.46939679
0.000638619398159333,268.312705164135,496237.787215289,5651510.46939679
0.00210919888880877,268.312705164135,496737.787215289,5651510.46939679
0.00240863148567302,268.312705164135,497237.787215289,5651510.46939679
0.00157190287497329,268.312705164135,497737.787215289,5651510.46939679
0.000460401865039995,268.312705164135,498237.787215289,5651510.46939679
0.00037727483365624,268.312705164135,498737.787215289,5651510.46939679
0.000406312085399734,268.312705164135,499237.787215289,5651510.46939679
0.000874426276714752,268.312705164135,499737.787215289,5651510.46939679
0.00165541807647577,268.312705164135,500237.787215289,5651510.46939679
0.00279373636679913,268.312705164135,500737.787215289,5651510.46939679
0.00492858207025929,268.312705164135,501237.787215289,5651510.46939679
0.000452649251418199,268.312705164135,501737.787215289,5651510.46939679
0.00417017666924079,268.312705164135,502237.787215289,5651510.46939679
0.00302408583338297,268.312705164135,502737.787215289,5651510.46939679
0.00337891745890426,268.312705164135,503237.787215289,5651510.46939679
0.0030415543210865,268.312705164135,503737.787215289,5651510.46939679
0.00287110873943416,268.312705164135,504237.787215289,5651510.46939679
0.0022016282567592,268.312705164135,504737.787215289,5651510.46939679
0.00267323420512466,268.312705164135,505237.787215289,5651510.46939679
0.00249201713938689,268.312705164135,505737.787215289,5651510.46939679
0.000485784146616242,268.312705164135,506237.787215289,5651510.46939679
0.000466690727762326,268.312705164135,506737.787215289,5651510.46939679
0.00312629580196874,268.312705164135,507237.787215289,5651510.46939679
0.00203075899337023,268.312705164135,507737.787215289,5651510.46939679
0.0003766636608938,268.312705164135,508237.787215289,5651510.46939679
0.000327598870873335,268.312705164135,508737.787215289,5651510.46939679
0.000373753150908119,268.312705164135,509237.787215289,5651510.46939679
0.000349905073876926,268.312705164135,509737.787215289,5651510.46939679
0.000627575530015001,268.312705164135,510237.787215289,5651510.46939679
0.000481238485033471,268.312705164135,510737.787215289,5651510.46939679
0.000369024075033286,268.312705164135,511237.787215289,5651510.46939679
0.00364389569314537,268.312705164135,511737.787215289,5651510.46939679
0.000998736426683422,268.312705164135,512237.787215289,5651510.46939679
0.000358676906223816,268.312705164135,512737.787215289,5651510.46939679
0.000455066837407575,268.312705164135,513237.787215289,5651510.46939679
0.00070547515743729,268.312705164135,513737.787215289,5651510.46939679
0.00305939231121997,268.312705164135,514237.787215289,5651510.46939679
0.00367099922222215,268.312705164135,514737.787215289,5651510.46939679
0.00382148671280597,268.312705164135,515237.787215289,5651510.46939679
0.00420167708960021,268.312705164135,515737.787215289,5651510.46939679
0.00265891656880482,268.312705164135,516237.787215289,5651510.46939679
0.00167898251364593,268.312705164135,516737.787215289,5651510.46939679
0.00576835193148084,268.312705164135,517237.787215289,5651510.46939679
0.00522170256460232,268.312705164135,517737.787215289,5651510.46939679
0.00485773395586315,268.312705164135,518237.787215289,5651510.46939679
0.00145784514960661,268.312705164135,518737.787215289,5651510.46939679
0.00237440651813698,268.312705164135,519237.787215289,5651510.46939679
0.0022838235188371,268.312705164135,519737.787215289,5651510.46939679
0.00308361049509113,268.312705164135,520237.787215289,5651510.46939679
0.00259100678337736,268.312705164135,520737.787215289,5651510.46939679
0.00308816793638896,268.312705164135,521237.787215289,5651510.46939679
0.00133010708612876,268.312705164135,521737.787215289,5651510.46939679
0.0031127301752234,268.312705164135,522237.787215289,5651510.46939679
0.00164380383499636,268.312705164135,522737.787215289,5651510.46939679
0.00337889114424716,268.312705164135,523237.787215289,5651510.46939679
0.000515471825874297,268.312705164135,523737.787215289,5651510.46939679
0.00165195701814362,268.312705164135,524237.787215289,5651510.46939679
0.000923632691852162,268.312705164135,486737.787215289,5652010.46939679
0.00136948551713341,268.312705164135,487237.787215289,5652010.46939679
0.00261801358867554,268.312705164135,487737.787215289,5652010.46939679
0.00265078433045655,268.312705164135,488237.787215289,5652010.46939679
0.002243355000951,268.312705164135,488737.787215289,5652010.46939679
0.00262129501309592,268.312705164135,489237.787215289,5652010.46939679
0.000573468238175813,268.312705164135,489737.787215289,5652010.46939679
0.00270308498831779,268.312705164135,490237.787215289,5652010.46939679
0.00269409248681245,268.312705164135,490737.787215289,5652010.46939679
0.00402467383884777,268.312705164135,491237.787215289,5652010.46939679
0.00262041191603052,268.312705164135,491737.787215289,5652010.46939679
0.00342742051819387,268.312705164135,492237.787215289,5652010.46939679
0.00176902555159658,268.312705164135,492737.787215289,5652010.46939679
0.000881164055415676,268.312705164135,493237.787215289,5652010.46939679
0.0024780774501264,268.312705164135,493737.787215289,5652010.46939679
0.000417585667605249,268.312705164135,494237.787215289,5652010.46939679
0.000531633807586868,268.312705164135,494737.787215289,5652010.46939679
0.000593445496484858,268.312705164135,495237.787215289,5652010.46939679
0.00163314645906919,268.312705164135,495737.787215289,5652010.46939679
0.00227592107215477,268.312705164135,496237.787215289,5652010.46939679
0.00143011943388601,268.312705164135,496737.787215289,5652010.46939679
0.000418874260664642,268.312705164135,497237.787215289,5652010.46939679
0.000423418126999961,268.312705164135,497737.787215289,5652010.46939679
0.000497477630684,268.312705164135,498237.787215289,5652010.46939679
0.000379178806553323,268.312705164135,498737.787215289,5652010.46939679
0.000406312085399734,268.312705164135,499237.787215289,5652010.46939679
0.00389329654541035,268.312705164135,499737.787215289,5652010.46939679
0.00228931831753542,268.312705164135,500237.787215289,5652010.46939679
0.00153726134672422,268.312705164135,500737.787215289,5652010.46939679
0.001032260315235,268.312705164135,501237.787215289,5652010.46939679
0.00342118629180135,268.312705164135,501737.787215289,5652010.46939679
0.00329800608635677,268.312705164135,502237.787215289,5652010.46939679
0.00389329654541035,268.312705164135,502737.787215289,5652010.46939679
0.00328769664676035,268.312705164135,503237.787215289,5652010.46939679
0.00306814622459853,268.312705164135,503737.787215289,5652010.46939679
0.00267666445154898,268.312705164135,504237.787215289,5652010.46939679
0.00312767671992387,268.312705164135,504737.787215289,5652010.46939679
0.00110329210149838,268.312705164135,505237.787215289,5652010.46939679
0.00319089939354909,268.312705164135,505737.787215289,5652010.46939679
0.000672317540473534,268.312705164135,506237.787215289,5652010.46939679
0.00376822165380036,268.312705164135,506737.787215289,5652010.46939679
0.0022714013085856,268.312705164135,507237.787215289,5652010.46939679
0.00275059447756739,268.312705164135,507737.787215289,5652010.46939679
0.000905209897823977,268.312705164135,508237.787215289,5652010.46939679
0.000312987282672216,268.312705164135,508737.787215289,5652010.46939679
0.00212553107656909,268.312705164135,509237.787215289,5652010.46939679
0.00277729005296164,268.312705164135,509737.787215289,5652010.46939679
0.00196446899550818,268.312705164135,510237.787215289,5652010.46939679
0.00256183308150913,268.312705164135,510737.787215289,5652010.46939679
0.00283002614971428,268.312705164135,511237.787215289,5652010.46939679
0.00275398269734442,268.312705164135,511737.787215289,5652010.46939679
0.000930079496759662,268.312705164135,512237.787215289,5652010.46939679
0.000396896869266044,268.312705164135,512737.787215289,5652010.46939679
0.000553501482172793,268.312705164135,513237.787215289,5652010.46939679
0.000937952120961201,268.312705164135,513737.787215289,5652010.46939679
0.00353257796949044,268.312705164135,514237.787215289,5652010.46939679
0.00383206601097349,268.312705164135,514737.787215289,5652010.46939679
0.0037273536723757,268.312705164135,515237.787215289,5652010.46939679
0.00335194032933739,268.312705164135,515737.787215289,5652010.46939679
0.00412845998137077,268.312705164135,516237.787215289,5652010.46939679
0.00402963193850618,268.312705164135,516737.787215289,5652010.46939679
0.00413923120921053,268.312705164135,517237.787215289,5652010.46939679
0.00243393168674265,268.312705164135,517737.787215289,5652010.46939679
0.00385071415833924,268.312705164135,518237.787215289,5652010.46939679
0.00421632421500212,268.312705164135,518737.787215289,5652010.46939679
0.00400540724629214,268.312705164135,519237.787215289,5652010.46939679
0.00325334613887845,268.312705164135,519737.787215289,5652010.46939679
0.00376227848191194,268.312705164135,520237.787215289,5652010.46939679
0.00383424695236723,268.312705164135,520737.787215289,5652010.46939679
0.00339040093091816,268.312705164135,521237.787215289,5652010.46939679
0.00302381375807066,268.312705164135,521737.787215289,5652010.46939679
0.00342221241515548,268.312705164135,522237.787215289,5652010.46939679
0.00349362001838967,268.312705164135,522737.787215289,5652010.46939679
0.000578265550562874,268.312705164135,523237.787215289,5652010.46939679
0.000630980241412314,268.312705164135,523737.787215289,5652010.46939679
0.000747287710247769,268.312705164135,524237.787215289,5652010.46939679
0.000654935696644631,268.312705164135,486737.787215289,5652510.46939679
0.00201846831930867,268.312705164135,487237.787215289,5652510.46939679
0.00142063325315921,268.312705164135,487737.787215289,5652510.46939679
0.00179932520828524,268.312705164135,488237.787215289,5652510.46939679
0.00226739873250855,268.312705164135,488737.787215289,5652510.46939679
0.000706178512730571,268.312705164135,489237.787215289,5652510.46939679
0.00128317798049726,268.312705164135,489737.787215289,5652510.46939679
0.00144839324891792,268.312705164135,490237.787215289,5652510.46939679
0.00298546396679063,268.312705164135,490737.787215289,5652510.46939679
0.00181473718782786,268.312705164135,491237.787215289,5652510.46939679
0.000903933342566382,268.312705164135,491737.787215289,5652510.46939679
0.00246527952695288,268.312705164135,492237.787215289,5652510.46939679
0.000823876251470786,268.312705164135,492737.787215289,5652510.46939679
0.00266078619199669,268.312705164135,493237.787215289,5652510.46939679
0.000531633807586868,268.312705164135,493737.787215289,5652510.46939679
0.000411941521630872,268.312705164135,494237.787215289,5652510.46939679
0.00041524383919582,268.312705164135,494737.787215289,5652510.46939679
0.000417305757801289,268.312705164135,495237.787215289,5652510.46939679
0.000469218902879845,268.312705164135,495737.787215289,5652510.46939679
0.000348062025191552,268.312705164135,496237.787215289,5652510.46939679
0.000348062025191552,268.312705164135,496737.787215289,5652510.46939679
0.000348062025191552,268.312705164135,497237.787215289,5652510.46939679
0.000417761665703737,268.312705164135,497737.787215289,5652510.46939679
0.000527012638565266,268.312705164135,498237.787215289,5652510.46939679
0.00310142887681896,268.312705164135,498737.787215289,5652510.46939679
0.00259102696202537,268.312705164135,499237.787215289,5652510.46939679
0.0031803764751416,268.312705164135,499737.787215289,5652510.46939679
0.00343556549566389,268.312705164135,500237.787215289,5652510.46939679
0.00297613152178387,268.312705164135,500737.787215289,5652510.46939679
0.00310998728452443,268.312705164135,501237.787215289,5652510.46939679
0.000746432845262091,268.312705164135,501737.787215289,5652510.46939679
0.00367134032929715,268.312705164135,502237.787215289,5652510.46939679
0.002528982372196,268.312705164135,502737.787215289,5652510.46939679
0.00310998728452443,268.312705164135,503237.787215289,5652510.46939679
0.00329867051539694,268.312705164135,503737.787215289,5652510.46939679
0.0030415543210865,268.312705164135,504237.787215289,5652510.46939679
0.00280118836584859,268.312705164135,504737.787215289,5652510.46939679
0.00101153532155314,268.312705164135,505237.787215289,5652510.46939679
0.00292552392944156,268.312705164135,505737.787215289,5652510.46939679
0.00266890365405672,268.312705164135,506237.787215289,5652510.46939679
0.0027402336870005,268.312705164135,506737.787215289,5652510.46939679
0.00283270146616532,268.312705164135,507237.787215289,5652510.46939679
0.00132037429790052,268.312705164135,507737.787215289,5652510.46939679
0.000947468976690233,268.312705164135,508237.787215289,5652510.46939679
0.000361894526962024,268.312705164135,508737.787215289,5652510.46939679
0.00345684610204445,268.312705164135,509237.787215289,5652510.46939679
0.00268138949304541,268.312705164135,509737.787215289,5652510.46939679
0.00212553107656909,268.312705164135,510237.787215289,5652510.46939679
0.00235263853945146,268.312705164135,510737.787215289,5652510.46939679
0.00249299603845461,268.312705164135,511237.787215289,5652510.46939679
0.00264945059749568,268.312705164135,511737.787215289,5652510.46939679
0.0008693090750977,268.312705164135,512237.787215289,5652510.46939679
0.000570160600521731,268.312705164135,512737.787215289,5652510.46939679
0.000592989333813257,268.312705164135,513237.787215289,5652510.46939679
0.0035229934850498,268.312705164135,513737.787215289,5652510.46939679
0.00308470183151951,268.312705164135,514237.787215289,5652510.46939679
0.00374185094091057,268.312705164135,514737.787215289,5652510.46939679
0.00118146124486977,268.312705164135,515237.787215289,5652510.46939679
0.00415071882419645,268.312705164135,515737.787215289,5652510.46939679
0.00431612542153711,268.312705164135,516237.787215289,5652510.46939679
0.00320542006529368,268.312705164135,516737.787215289,5652510.46939679
0.00576835193148084,268.312705164135,517237.787215289,5652510.46939679
0.00505125070252817,268.312705164135,517737.787215289,5652510.46939679
0.000938850230376292,268.312705164135,518237.787215289,5652510.46939679
0.00377955988585843,268.312705164135,518737.787215289,5652510.46939679
0.00440018106920305,268.312705164135,519237.787215289,5652510.46939679
0.00274220735057839,268.312705164135,519737.787215289,5652510.46939679
0.00339337405537853,268.312705164135,520237.787215289,5652510.46939679
0.0026446461530716,268.312705164135,520737.787215289,5652510.46939679
0.00116685517743606,268.312705164135,521237.787215289,5652510.46939679
0.00164980153401851,268.312705164135,521737.787215289,5652510.46939679
0.00307744026775934,268.312705164135,522237.787215289,5652510.46939679
0.00334924554265423,268.312705164135,522737.787215289,5652510.46939679
0.000537692116689873,268.312705164135,523237.787215289,5652510.46939679
0.000453204309814505,268.312705164135,523737.787215289,5652510.46939679
0.000837530241229401,268.312705164135,524237.787215289,5652510.46939679
0.000384026877530168,268.312705164135,486737.787215289,5653010.46939679
0.000418859604376062,268.312705164135,487237.787215289,5653010.46939679
0.00119411755765248,268.312705164135,487737.787215289,5653010.46939679
0.00222049535823781,268.312705164135,488237.787215289,5653010.46939679
0.00131473894403014,268.312705164135,488737.787215289,5653010.46939679
0.00239185861256032,268.312705164135,489237.787215289,5653010.46939679
0.00210207896408173,268.312705164135,489737.787215289,5653010.46939679
0.00193321625212471,268.312705164135,490237.787215289,5653010.46939679
0.00221458817630722,268.312705164135,490737.787215289,5653010.46939679
0.00352434053910223,268.312705164135,491237.787215289,5653010.46939679
0.00143853785454823,268.312705164135,491737.787215289,5653010.46939679
0.00243878144308247,268.312705164135,492237.787215289,5653010.46939679
0.000544566893181465,268.312705164135,492737.787215289,5653010.46939679
0.00083670966972874,268.312705164135,493237.787215289,5653010.46939679
0.000574073675002517,268.312705164135,493737.787215289,5653010.46939679
0.000401689048448918,268.312705164135,494237.787215289,5653010.46939679
0.000377758945989778,268.312705164135,494737.787215289,5653010.46939679
0.000466690727762326,268.312705164135,495237.787215289,5653010.46939679
0.000399402956474768,268.312705164135,495737.787215289,5653010.46939679
0.000338333688687421,268.312705164135,496237.787215289,5653010.46939679
0.000412880604221488,268.312705164135,496737.787215289,5653010.46939679
0.000412880604221488,268.312705164135,497237.787215289,5653010.46939679
0.000418859604376062,268.312705164135,497737.787215289,5653010.46939679
0.000361552739310523,268.312705164135,498237.787215289,5653010.46939679
0.000492629492695195,268.312705164135,498737.787215289,5653010.46939679
0.00298606542988863,268.312705164135,499237.787215289,5653010.46939679
0.0029077952628096,268.312705164135,499737.787215289,5653010.46939679
0.00302408583338297,268.312705164135,500237.787215289,5653010.46939679
0.00263223224961127,268.312705164135,500737.787215289,5653010.46939679
0.00297613152178387,268.312705164135,501237.787215289,5653010.46939679
0.00312613205752191,268.312705164135,501737.787215289,5653010.46939679
0.00323162177911257,268.312705164135,502237.787215289,5653010.46939679
0.00236657018901926,268.312705164135,502737.787215289,5653010.46939679
0.00376620779656611,268.312705164135,503237.787215289,5653010.46939679
0.00274128807450888,268.312705164135,503737.787215289,5653010.46939679
0.00092896772599978,268.312705164135,504237.787215289,5653010.46939679
0.000829265512966849,268.312705164135,504737.787215289,5653010.46939679
0.00272442862663144,268.312705164135,505237.787215289,5653010.46939679
0.000342333458885183,268.312705164135,505737.787215289,5653010.46939679
0.00150639729893704,268.312705164135,506237.787215289,5653010.46939679
0.00273764570081484,268.312705164135,506737.787215289,5653010.46939679
0.00292552392944156,268.312705164135,507237.787215289,5653010.46939679
0.00302424423272531,268.312705164135,507737.787215289,5653010.46939679
0.000946574149130582,268.312705164135,508237.787215289,5653010.46939679
0.00104566906174271,268.312705164135,508737.787215289,5653010.46939679
0.00256183308150913,268.312705164135,509237.787215289,5653010.46939679
0.00266890365405672,268.312705164135,509737.787215289,5653010.46939679
0.00232124814340722,268.312705164135,510237.787215289,5653010.46939679
0.00247820724996013,268.312705164135,510737.787215289,5653010.46939679
0.00309443904946259,268.312705164135,511237.787215289,5653010.46939679
0.00286035767950593,268.312705164135,511737.787215289,5653010.46939679
0.00331988376067499,268.312705164135,512237.787215289,5653010.46939679
0.000459788145712961,268.312705164135,512737.787215289,5653010.46939679
0.000928927987238457,268.312705164135,513237.787215289,5653010.46939679
0.00203596571562578,268.312705164135,513737.787215289,5653010.46939679
0.00323319338538508,268.312705164135,514237.787215289,5653010.46939679
0.00238087052593343,268.312705164135,514737.787215289,5653010.46939679
0.0040582807132414,268.312705164135,515237.787215289,5653010.46939679
0.0036517549692502,268.312705164135,515737.787215289,5653010.46939679
0.00301678592892562,268.312705164135,516237.787215289,5653010.46939679
0.00164522145158501,268.312705164135,516737.787215289,5653010.46939679
0.00297021319205537,268.312705164135,517237.787215289,5653010.46939679
0.00596300200642719,268.312705164135,517737.787215289,5653010.46939679
0.0028915673800115,268.312705164135,518237.787215289,5653010.46939679
0.00120920363810543,268.312705164135,518737.787215289,5653010.46939679
0.00370621127050734,268.312705164135,519237.787215289,5653010.46939679
0.00393038227937095,268.312705164135,519737.787215289,5653010.46939679
0.00293332039207799,268.312705164135,520237.787215289,5653010.46939679
0.000811007568154275,268.312705164135,520737.787215289,5653010.46939679
0.00330978653011525,268.312705164135,521237.787215289,5653010.46939679
0.0030318476138939,268.312705164135,521737.787215289,5653010.46939679
0.00216714681942704,268.312705164135,522237.787215289,5653010.46939679
0.000511774891074178,268.312705164135,522737.787215289,5653010.46939679
0.000601597537705632,268.312705164135,523237.787215289,5653010.46939679
0.000431146354040646,268.312705164135,523737.787215289,5653010.46939679
0.000434196334574787,268.312705164135,524237.787215289,5653010.46939679
0.000365827004392502,268.312705164135,486737.787215289,5653510.46939679
0.00038653592075799,268.312705164135,487237.787215289,5653510.46939679
0.00081841136592851,268.312705164135,487737.787215289,5653510.46939679
0.000639256098586487,268.312705164135,488237.787215289,5653510.46939679
0.000779989584772479,268.312705164135,488737.787215289,5653510.46939679
0.00124847943518656,268.312705164135,489237.787215289,5653510.46939679
0.00193321625212471,268.312705164135,489737.787215289,5653510.46939679
0.00175549878253504,268.312705164135,490237.787215289,5653510.46939679
0.00364326760149743,268.312705164135,490737.787215289,5653510.46939679
0.00329800608635677,268.312705164135,491237.787215289,5653510.46939679
0.00364326760149743,268.312705164135,491737.787215289,5653510.46939679
0.000456711066665871,268.312705164135,492237.787215289,5653510.46939679
0.000415181394637965,268.312705164135,492737.787215289,5653510.46939679
0.000356978034501216,268.312705164135,493237.787215289,5653510.46939679
0.000390506227712876,268.312705164135,493737.787215289,5653510.46939679
0.000346186649442532,268.312705164135,494237.787215289,5653510.46939679
0.000347622096019896,268.312705164135,494737.787215289,5653510.46939679
0.00036436824161614,268.312705164135,495237.787215289,5653510.46939679
0.00034256351888017,268.312705164135,495737.787215289,5653510.46939679
0.000320563963015444,268.312705164135,496237.787215289,5653510.46939679
0.000972593579366923,268.312705164135,496737.787215289,5653510.46939679
0.000332029012618226,268.312705164135,497237.787215289,5653510.46939679
0.000876758717191363,268.312705164135,497737.787215289,5653510.46939679
0.0015739199126896,268.312705164135,498237.787215289,5653510.46939679
0.00126591706817004,268.312705164135,498737.787215289,5653510.46939679
0.00306814622459853,268.312705164135,499237.787215289,5653510.46939679
0.00284579656124989,268.312705164135,499737.787215289,5653510.46939679
0.00258597191042547,268.312705164135,500237.787215289,5653510.46939679
0.0030868286750281,268.312705164135,500737.787215289,5653510.46939679
0.00265180429962879,268.312705164135,501237.787215289,5653510.46939679
0.00248150444685196,268.312705164135,501737.787215289,5653510.46939679
0.00307655955229356,268.312705164135,502237.787215289,5653510.46939679
0.00389329654541035,268.312705164135,502737.787215289,5653510.46939679
0.00352434053910223,268.312705164135,503237.787215289,5653510.46939679
0.00321220640453235,268.312705164135,503737.787215289,5653510.46939679
0.003041096930761,268.312705164135,504237.787215289,5653510.46939679
0.00296799283006324,268.312705164135,504737.787215289,5653510.46939679
0.00327870593204124,268.312705164135,505237.787215289,5653510.46939679
0.00262721608612362,268.312705164135,505737.787215289,5653510.46939679
0.00236697818072686,268.312705164135,506237.787215289,5653510.46939679
0.00308673897142763,268.312705164135,506737.787215289,5653510.46939679
0.00279421800105455,268.312705164135,507237.787215289,5653510.46939679
0.00221496996663649,268.312705164135,507737.787215289,5653510.46939679
0.0027030064363535,268.312705164135,508237.787215289,5653510.46939679
0.0027030064363535,268.312705164135,508737.787215289,5653510.46939679
0.00288850745318617,268.312705164135,509237.787215289,5653510.46939679
0.00291139979833532,268.312705164135,509737.787215289,5653510.46939679
0.000957764518869857,268.312705164135,510237.787215289,5653510.46939679
0.00273885494790549,268.312705164135,510737.787215289,5653510.46939679
0.00290225396742085,268.312705164135,511237.787215289,5653510.46939679
0.00227592107215477,268.312705164135,511737.787215289,5653510.46939679
0.000765874941769599,268.312705164135,512237.787215289,5653510.46939679
0.00101447680972262,268.312705164135,512737.787215289,5653510.46939679
0.00121216138522815,268.312705164135,513237.787215289,5653510.46939679
0.00383374693240678,268.312705164135,513737.787215289,5653510.46939679
0.00342838260165459,268.312705164135,514237.787215289,5653510.46939679
0.00309316055722885,268.312705164135,514737.787215289,5653510.46939679
0.00376352907074629,268.312705164135,515237.787215289,5653510.46939679
0.00370541430282582,268.312705164135,515737.787215289,5653510.46939679
0.00501974876759021,268.312705164135,516237.787215289,5653510.46939679
0.0046409172748467,268.312705164135,516737.787215289,5653510.46939679
0.00522170256460232,268.312705164135,517237.787215289,5653510.46939679
0.00475824681875895,268.312705164135,517737.787215289,5653510.46939679
0.00204892193089259,268.312705164135,518237.787215289,5653510.46939679
0.00358445858773887,268.312705164135,518737.787215289,5653510.46939679
0.00262021200410365,268.312705164135,519237.787215289,5653510.46939679
0.00316971672551138,268.312705164135,519737.787215289,5653510.46939679
0.00341569081092909,268.312705164135,520237.787215289,5653510.46939679
0.00156122252973187,268.312705164135,520737.787215289,5653510.46939679
0.00318119463957078,268.312705164135,521237.787215289,5653510.46939679
0.00321124324982128,268.312705164135,521737.787215289,5653510.46939679
0.00353095154401863,268.312705164135,522237.787215289,5653510.46939679
0.000618014118606579,268.312705164135,522737.787215289,5653510.46939679
0.000457273649584249,268.312705164135,523237.787215289,5653510.46939679
0.000490252075450256,268.312705164135,523737.787215289,5653510.46939679
0.00039329238835674,268.312705164135,524237.787215289,5653510.46939679
0.000487620890623763,268.312705164135,486737.787215289,5654010.46939679
0.000769497406724282,268.312705164135,487237.787215289,5654010.46939679
0.000418874260664642,268.312705164135,487737.787215289,5654010.46939679
0.000425842276822551,268.312705164135,488237.787215289,5654010.46939679
0.000456711066665871,268.312705164135,488737.787215289,5654010.46939679
0.000611143402011615,268.312705164135,489237.787215289,5654010.46939679
0.00272336460091381,268.312705164135,489737.787215289,5654010.46939679
0.000998564276308954,268.312705164135,490237.787215289,5654010.46939679
0.000653638938609681,268.312705164135,490737.787215289,5654010.46939679
0.00319034938404627,268.312705164135,491237.787215289,5654010.46939679
0.00236657018901926,268.312705164135,491737.787215289,5654010.46939679
0.00050623207870701,268.312705164135,492237.787215289,5654010.46939679
0.000391974000742302,268.312705164135,492737.787215289,5654010.46939679
0.000453902205935359,268.312705164135,493237.787215289,5654010.46939679
0.000420134179124003,268.312705164135,493737.787215289,5654010.46939679
0.000452649251418199,268.312705164135,494237.787215289,5654010.46939679
0.000386730502871943,268.312705164135,494737.787215289,5654010.46939679
0.000320563963015444,268.312705164135,495237.787215289,5654010.46939679
0.000354378859341714,268.312705164135,495737.787215289,5654010.46939679
0.000310323725645398,268.312705164135,496237.787215289,5654010.46939679
0.000379165539197139,268.312705164135,496737.787215289,5654010.46939679
0.000643132220995638,268.312705164135,497237.787215289,5654010.46939679
0.00283127620222728,268.312705164135,497737.787215289,5654010.46939679
0.00284622457779954,268.312705164135,498237.787215289,5654010.46939679
0.00306814622459853,268.312705164135,498737.787215289,5654010.46939679
0.00305274012289938,268.312705164135,499237.787215289,5654010.46939679
0.00204989378566607,268.312705164135,499737.787215289,5654010.46939679
0.00293933845905115,268.312705164135,500237.787215289,5654010.46939679
0.00293933845905115,268.312705164135,500737.787215289,5654010.46939679
0.00293933845905115,268.312705164135,501237.787215289,5654010.46939679
0.0025463083803738,268.312705164135,501737.787215289,5654010.46939679
0.00272336460091381,268.312705164135,502237.787215289,5654010.46939679
0.002528982372196,268.312705164135,502737.787215289,5654010.46939679
0.0020723665046555,268.312705164135,503237.787215289,5654010.46939679
0.00273750231250186,268.312705164135,503737.787215289,5654010.46939679
0.00256524154061757,268.312705164135,504237.787215289,5654010.46939679
0.00276344112116542,268.312705164135,504737.787215289,5654010.46939679
0.00326224254557495,268.312705164135,505237.787215289,5654010.46939679
0.00235272086047024,268.312705164135,505737.787215289,5654010.46939679
0.00287110873943416,268.312705164135,506237.787215289,5654010.46939679
0.00192792957343118,268.312705164135,506737.787215289,5654010.46939679
0.00180411722326439,268.312705164135,507237.787215289,5654010.46939679
0.00296799283006324,268.312705164135,507737.787215289,5654010.46939679
0.00317167924402219,268.312705164135,508237.787215289,5654010.46939679
0.00296799283006324,268.312705164135,508737.787215289,5654010.46939679
0.00296799283006324,268.312705164135,509237.787215289,5654010.46939679
0.0027030064363535,268.312705164135,509737.787215289,5654010.46939679
0.00232008021543826,268.312705164135,510237.787215289,5654010.46939679
0.00227864485084912,268.312705164135,510737.787215289,5654010.46939679
0.0029552220388531,268.312705164135,511237.787215289,5654010.46939679
0.00344572626773068,268.312705164135,511737.787215289,5654010.46939679
0.00108239281237038,268.312705164135,512237.787215289,5654010.46939679
0.0013872296870925,268.312705164135,512737.787215289,5654010.46939679
0.00272648358081312,268.312705164135,513237.787215289,5654010.46939679
0.00201187914735703,268.312705164135,513737.787215289,5654010.46939679
0.00360633421789236,268.312705164135,514237.787215289,5654010.46939679
0.00335981060785087,268.312705164135,514737.787215289,5654010.46939679
0.00395198290309535,268.312705164135,515237.787215289,5654010.46939679
0.00487364745924151,268.312705164135,515737.787215289,5654010.46939679
0.00429098504970594,268.312705164135,516237.787215289,5654010.46939679
0.00140516848017293,268.312705164135,516737.787215289,5654010.46939679
0.00297021319205537,268.312705164135,517237.787215289,5654010.46939679
0.00337200691438271,268.312705164135,517737.787215289,5654010.46939679
0.00392262673022553,268.312705164135,518237.787215289,5654010.46939679
0.00202091134788603,268.312705164135,518737.787215289,5654010.46939679
0.00252291233425484,268.312705164135,519237.787215289,5654010.46939679
0.00372802811488976,268.312705164135,519737.787215289,5654010.46939679
0.00374635958745242,268.312705164135,520237.787215289,5654010.46939679
0.00328769664676035,268.312705164135,520737.787215289,5654010.46939679
0.0026413924498411,268.312705164135,521237.787215289,5654010.46939679
0.00335793217084775,268.312705164135,521737.787215289,5654010.46939679
0.00283728213636046,268.312705164135,522237.787215289,5654010.46939679
0.00109965367504496,268.312705164135,522737.787215289,5654010.46939679
0.000689069759361601,268.312705164135,523237.787215289,5654010.46939679
0.000435838025686309,268.312705164135,523737.787215289,5654010.46939679
0.00127776483330683,268.312705164135,524237.787215289,5654010.46939679
0.000460401865039995,268.312705164135,486737.787215289,5654510.46939679
0.000388189703040976,268.312705164135,487237.787215289,5654510.46939679
0.000399382037143932,268.312705164135,487737.787215289,5654510.46939679
0.000399382037143932,268.312705164135,488237.787215289,5654510.46939679
0.000526143192700668,268.312705164135,488737.787215289,5654510.46939679
0.000552383941282932,268.312705164135,489237.787215289,5654510.46939679
0.00181473718782786,268.312705164135,489737.787215289,5654510.46939679
0.00149853908327737,268.312705164135,490237.787215289,5654510.46939679
0.00217001157515311,268.312705164135,490737.787215289,5654510.46939679
0.00158913544177015,268.312705164135,491237.787215289,5654510.46939679
0.00117880523732401,268.312705164135,491737.787215289,5654510.46939679
0.000488054080180682,268.312705164135,492237.787215289,5654510.46939679
0.000478339780154481,268.312705164135,492737.787215289,5654510.46939679
0.000506859609652981,268.312705164135,493237.787215289,5654510.46939679
0.0003766636608938,268.312705164135,493737.787215289,5654510.46939679
0.0003784257933768,268.312705164135,494237.787215289,5654510.46939679
0.000406923532845903,268.312705164135,494737.787215289,5654510.46939679
0.000371911420951335,268.312705164135,495237.787215289,5654510.46939679
0.000320563963015444,268.312705164135,495737.787215289,5654510.46939679
0.0003766636608938,268.312705164135,496237.787215289,5654510.46939679
0.00205252417278855,268.312705164135,496737.787215289,5654510.46939679
0.00243211221821994,268.312705164135,497237.787215289,5654510.46939679
0.00383638961921813,268.312705164135,497737.787215289,5654510.46939679
0.00316192213014753,268.312705164135,498237.787215289,5654510.46939679
0.00356993365683578,268.312705164135,498737.787215289,5654510.46939679
0.00300846807367017,268.312705164135,499237.787215289,5654510.46939679
0.00254846911912498,268.312705164135,499737.787215289,5654510.46939679
0.00376620779656611,268.312705164135,500237.787215289,5654510.46939679
0.00352434053910223,268.312705164135,500737.787215289,5654510.46939679
0.00430087780177036,268.312705164135,501237.787215289,5654510.46939679
0.00389329654541035,268.312705164135,501737.787215289,5654510.46939679
0.00402467383884777,268.312705164135,502237.787215289,5654510.46939679
0.00364326760149743,268.312705164135,502737.787215289,5654510.46939679
0.000998564276308954,268.312705164135,503237.787215289,5654510.46939679
0.00402467383884777,268.312705164135,503737.787215289,5654510.46939679
0.00343556549566389,268.312705164135,504237.787215289,5654510.46939679
0.00246527952695288,268.312705164135,504737.787215289,5654510.46939679
0.00310998728452443,268.312705164135,505237.787215289,5654510.46939679
0.00334067119720884,268.312705164135,505737.787215289,5654510.46939679
0.00312613205752191,268.312705164135,506237.787215289,5654510.46939679
0.00302408583338297,268.312705164135,506737.787215289,5654510.46939679
0.00264814211612427,268.312705164135,507237.787215289,5654510.46939679
0.00100540542040217,268.312705164135,507737.787215289,5654510.46939679
0.00196436610348856,268.312705164135,508237.787215289,5654510.46939679
0.00323162177911257,268.312705164135,508737.787215289,5654510.46939679
0.00321220640453235,268.312705164135,509237.787215289,5654510.46939679
0.00324705179350539,268.312705164135,509737.787215289,5654510.46939679
0.00211906639922218,268.312705164135,510237.787215289,5654510.46939679
0.0029530896292263,268.312705164135,510737.787215289,5654510.46939679
0.00176840204943634,268.312705164135,511237.787215289,5654510.46939679
0.00351550045718771,268.312705164135,511737.787215289,5654510.46939679
0.00297613152178387,268.312705164135,512237.787215289,5654510.46939679
0.00308470183151951,268.312705164135,512737.787215289,5654510.46939679
0.00336206851747536,268.312705164135,513237.787215289,5654510.46939679
0.00358205610755563,268.312705164135,513737.787215289,5654510.46939679
0.0032313310319072,268.312705164135,514237.787215289,5654510.46939679
0.00411593556842527,268.312705164135,514737.787215289,5654510.46939679
0.00456066001710214,268.312705164135,515237.787215289,5654510.46939679
0.00461774791373245,268.312705164135,515737.787215289,5654510.46939679
0.00460292352708701,268.312705164135,516237.787215289,5654510.46939679
0.00472685751442608,268.312705164135,516737.787215289,5654510.46939679
0.00416671830560247,268.312705164135,517237.787215289,5654510.46939679
0.00446701092311555,268.312705164135,517737.787215289,5654510.46939679
0.00240693904104901,268.312705164135,518237.787215289,5654510.46939679
0.00247065082595111,268.312705164135,518737.787215289,5654510.46939679
0.00431171590486509,268.312705164135,519237.787215289,5654510.46939679
0.00244515344726669,268.312705164135,519737.787215289,5654510.46939679
0.00355149688978782,268.312705164135,520237.787215289,5654510.46939679
0.0034221237982646,268.312705164135,520737.787215289,5654510.46939679
0.00172254187423268,268.312705164135,521237.787215289,5654510.46939679
0.00226147438849108,268.312705164135,521737.787215289,5654510.46939679
0.00285288403022517,268.312705164135,522237.787215289,5654510.46939679
0.00215043072331518,268.312705164135,522737.787215289,5654510.46939679
0.000934624364315293,268.312705164135,523237.787215289,5654510.46939679
0.00231378125191309,268.312705164135,523737.787215289,5654510.46939679
0.00296799283006324,268.312705164135,524237.787215289,5654510.46939679
0.00070547515743729,268.312705164135,486737.787215289,5655010.46939679
0.00057535222567924,268.312705164135,487237.787215289,5655010.46939679
0.000411806671282112,268.312705164135,487737.787215289,5655010.46939679
0.000500649342533557,268.312705164135,488237.787215289,5655010.46939679
0.000452649251418199,268.312705164135,488737.787215289,5655010.46939679
0.00262822015655841,268.312705164135,489237.787215289,5655010.46939679
0.00149853908327737,268.312705164135,489737.787215289,5655010.46939679
0.00369039923558527,268.312705164135,490237.787215289,5655010.46939679
0.00339863828248134,268.312705164135,490737.787215289,5655010.46939679
0.000765720676725523,268.312705164135,491237.787215289,5655010.46939679
0.000497391881373047,268.312705164135,491737.787215289,5655010.46939679
0.000435645620822899,268.312705164135,492237.787215289,5655010.46939679
0.000494481110496818,268.312705164135,492737.787215289,5655010.46939679
0.000369944630415792,268.312705164135,493237.787215289,5655010.46939679
0.000386365259132421,268.312705164135,493737.787215289,5655010.46939679
0.000327598870873335,268.312705164135,494237.787215289,5655010.46939679
0.000336666493940484,268.312705164135,494737.787215289,5655010.46939679
0.000345753281462273,268.312705164135,495237.787215289,5655010.46939679
0.000776400418239408,268.312705164135,495737.787215289,5655010.46939679
0.00264828082381735,268.312705164135,496237.787215289,5655010.46939679
0.0035582439299218,268.312705164135,496737.787215289,5655010.46939679
0.00233197887713114,268.312705164135,497237.787215289,5655010.46939679
0.00313045526554926,268.312705164135,497737.787215289,5655010.46939679
0.00302408583338297,268.312705164135,498237.787215289,5655010.46939679
0.00332341844615874,268.312705164135,498737.787215289,5655010.46939679
0.00389329654541035,268.312705164135,499237.787215289,5655010.46939679
0.00364326760149743,268.312705164135,499737.787215289,5655010.46939679
0.00329800608635677,268.312705164135,500237.787215289,5655010.46939679
0.00402467383884777,268.312705164135,500737.787215289,5655010.46939679
0.00389329654541035,268.312705164135,501237.787215289,5655010.46939679
0.00270254052406897,268.312705164135,501737.787215289,5655010.46939679
0.00298546396679063,268.312705164135,502237.787215289,5655010.46939679
0.00261432158418121,268.312705164135,502737.787215289,5655010.46939679
0.00402467383884777,268.312705164135,503237.787215289,5655010.46939679
0.00298546396679063,268.312705164135,503737.787215289,5655010.46939679
0.00153726134672422,268.312705164135,504237.787215289,5655010.46939679
0.00364326760149743,268.312705164135,504737.787215289,5655010.46939679
0.00416048439161431,268.312705164135,505237.787215289,5655010.46939679
0.00321493220903764,268.312705164135,505737.787215289,5655010.46939679
0.00367134032929715,268.312705164135,506237.787215289,5655010.46939679
0.00367134032929715,268.312705164135,506737.787215289,5655010.46939679
0.00310998728452443,268.312705164135,507237.787215289,5655010.46939679
0.0031803764751416,268.312705164135,507737.787215289,5655010.46939679
0.00321493220903764,268.312705164135,508237.787215289,5655010.46939679
0.00321493220903764,268.312705164135,508737.787215289,5655010.46939679
0.00307655955229356,268.312705164135,509237.787215289,5655010.46939679
0.00273750231250186,268.312705164135,509737.787215289,5655010.46939679
0.00284338973209612,268.312705164135,510237.787215289,5655010.46939679
0.00274128807450888,268.312705164135,510737.787215289,5655010.46939679
0.00259102696202537,268.312705164135,511237.787215289,5655010.46939679
0.00131905819237892,268.312705164135,511737.787215289,5655010.46939679
0.00324007713242969,268.312705164135,512237.787215289,5655010.46939679
0.00301876031646365,268.312705164135,512737.787215289,5655010.46939679
0.00352066356648822,268.312705164135,513237.787215289,5655010.46939679
0.00402128788740169,268.312705164135,513737.787215289,5655010.46939679
0.00374817851170932,268.312705164135,514237.787215289,5655010.46939679
0.00213726900760992,268.312705164135,514737.787215289,5655010.46939679
0.00182117085646294,268.312705164135,515237.787215289,5655010.46939679
0.00409501985681245,268.312705164135,515737.787215289,5655010.46939679
0.00422548839856817,268.312705164135,516237.787215289,5655010.46939679
0.00199447752490472,268.312705164135,516737.787215289,5655010.46939679
0.0039613462606647,268.312705164135,517237.787215289,5655010.46939679
0.00337072642610504,268.312705164135,517737.787215289,5655010.46939679
0.00176967875521698,268.312705164135,518237.787215289,5655010.46939679
0.00365533140764259,268.312705164135,518737.787215289,5655010.46939679
0.00372802811488976,268.312705164135,519237.787215289,5655010.46939679
0.00276300380307241,268.312705164135,519737.787215289,5655010.46939679
0.00389180847102293,268.312705164135,520237.787215289,5655010.46939679
0.0027778328979091,268.312705164135,520737.787215289,5655010.46939679
0.00317938664237621,268.312705164135,521237.787215289,5655010.46939679
0.00153757104933069,268.312705164135,521737.787215289,5655010.46939679
0.00288859139598825,268.312705164135,522237.787215289,5655010.46939679
0.00275290131933444,268.312705164135,522737.787215289,5655010.46939679
0.00311918515077631,268.312705164135,523237.787215289,5655010.46939679
0.00285875482473413,268.312705164135,523737.787215289,5655010.46939679
0.00280751578828509,268.312705164135,524237.787215289,5655010.46939679
0.00291026275101852,268.312705164135,486737.787215289,5655510.46939679
0.0030862069158666,268.312705164135,487237.787215289,5655510.46939679
0.001032260315235,268.312705164135,487737.787215289,5655510.46939679
0.000452649251418199,268.312705164135,488237.787215289,5655510.46939679
0.00280991510667999,268.312705164135,488737.787215289,5655510.46939679
0.00310998728452443,268.312705164135,489237.787215289,5655510.46939679
0.0028128761993539,268.312705164135,489737.787215289,5655510.46939679
0.00051427970299672,268.312705164135,490237.787215289,5655510.46939679
0.000572380844142482,268.312705164135,490737.787215289,5655510.46939679
0.000648640919805361,268.312705164135,491237.787215289,5655510.46939679
0.000535622334661451,268.312705164135,491737.787215289,5655510.46939679
0.00039698257570266,268.312705164135,492237.787215289,5655510.46939679
0.000407668297949037,268.312705164135,492737.787215289,5655510.46939679
0.000458714867847543,268.312705164135,493237.787215289,5655510.46939679
0.000365427773357384,268.312705164135,493737.787215289,5655510.46939679
0.000340352706815398,268.312705164135,494237.787215289,5655510.46939679
0.00046180642202249,268.312705164135,494737.787215289,5655510.46939679
0.000662183310390801,268.312705164135,495237.787215289,5655510.46939679
0.000523963327002089,268.312705164135,495737.787215289,5655510.46939679
0.000377758945989778,268.312705164135,496237.787215289,5655510.46939679
0.00257610897856577,268.312705164135,496737.787215289,5655510.46939679
0.00305870761186557,268.312705164135,497237.787215289,5655510.46939679
0.00287898176011332,268.312705164135,497737.787215289,5655510.46939679
0.0030862069158666,268.312705164135,498237.787215289,5655510.46939679
0.00430087780177036,268.312705164135,498737.787215289,5655510.46939679
0.00236657018901926,268.312705164135,499237.787215289,5655510.46939679
0.00228931831753542,268.312705164135,499737.787215289,5655510.46939679
0.00238480548985414,268.312705164135,500237.787215289,5655510.46939679
0.00154910651542,268.312705164135,500737.787215289,5655510.46939679
0.00236657018901926,268.312705164135,501237.787215289,5655510.46939679
0.00272336460091381,268.312705164135,501737.787215289,5655510.46939679
0.00202016541215897,268.312705164135,502237.787215289,5655510.46939679
0.00310998728452443,268.312705164135,502737.787215289,5655510.46939679
0.000693155630745337,268.312705164135,503237.787215289,5655510.46939679
0.00254846911912498,268.312705164135,503737.787215289,5655510.46939679
0.00270254052406897,268.312705164135,504237.787215289,5655510.46939679
0.00364326760149743,268.312705164135,504737.787215289,5655510.46939679
0.00389329654541035,268.312705164135,505237.787215289,5655510.46939679
0.00236657018901926,268.312705164135,505737.787215289,5655510.46939679
0.00067052897468709,268.312705164135,506237.787215289,5655510.46939679
0.000587171170324927,268.312705164135,506737.787215289,5655510.46939679
0.00279373636679913,268.312705164135,507237.787215289,5655510.46939679
0.000693155630745337,268.312705164135,507737.787215289,5655510.46939679
0.00110310192905313,268.312705164135,508237.787215289,5655510.46939679
0.00148708057602693,268.312705164135,508737.787215289,5655510.46939679
0.00143853785454823,268.312705164135,509237.787215289,5655510.46939679
0.00352434053910223,268.312705164135,509737.787215289,5655510.46939679
0.00355149688978782,268.312705164135,510237.787215289,5655510.46939679
0.00328769664676035,268.312705164135,510737.787215289,5655510.46939679
0.00206588836703478,268.312705164135,511237.787215289,5655510.46939679
0.00178286161689477,268.312705164135,511737.787215289,5655510.46939679
0.00324756169204073,268.312705164135,512237.787215289,5655510.46939679
0.00161382503720667,268.312705164135,512737.787215289,5655510.46939679
0.00249062531972142,268.312705164135,513237.787215289,5655510.46939679
0.00412338074475428,268.312705164135,513737.787215289,5655510.46939679
0.00361304490997387,268.312705164135,514237.787215289,5655510.46939679
0.00340065009506722,268.312705164135,514737.787215289,5655510.46939679
0.00608726464535973,268.312705164135,515237.787215289,5655510.46939679
0.00498818951634806,268.312705164135,515737.787215289,5655510.46939679
0.00206178014518743,268.312705164135,516237.787215289,5655510.46939679
0.0046409172748467,268.312705164135,516737.787215289,5655510.46939679
0.00187165950142967,268.312705164135,517237.787215289,5655510.46939679
0.0039379744023041,268.312705164135,517737.787215289,5655510.46939679
0.0036981850995893,268.312705164135,518237.787215289,5655510.46939679
0.00382573900896147,268.312705164135,518737.787215289,5655510.46939679
0.00355116691745966,268.312705164135,519237.787215289,5655510.46939679
0.00103419664288078,268.312705164135,519737.787215289,5655510.46939679
0.00231893439986995,268.312705164135,520237.787215289,5655510.46939679
0.00119161112472234,268.312705164135,520737.787215289,5655510.46939679
0.00281226891427278,268.312705164135,521237.787215289,5655510.46939679
0.00287110873943416,268.312705164135,521737.787215289,5655510.46939679
0.00285875482473413,268.312705164135,522237.787215289,5655510.46939679
0.00119014508777766,268.312705164135,522737.787215289,5655510.46939679
0.0027030064363535,268.312705164135,523237.787215289,5655510.46939679
0.00108703226307819,268.312705164135,523737.787215289,5655510.46939679
0.00214801180256684,268.312705164135,524237.787215289,5655510.46939679
0.00475112790664946,268.312705164135,486737.787215289,5656010.46939679
0.00175549878253504,268.312705164135,487237.787215289,5656010.46939679
0.00244642888525178,268.312705164135,487737.787215289,5656010.46939679
0.00389329654541035,268.312705164135,488237.787215289,5656010.46939679
0.000824575373916618,268.312705164135,488737.787215289,5656010.46939679
0.000657032152575115,268.312705164135,489237.787215289,5656010.46939679
0.000539147464116764,268.312705164135,489737.787215289,5656010.46939679
0.000475937889644595,268.312705164135,490237.787215289,5656010.46939679
0.000632302224610408,268.312705164135,490737.787215289,5656010.46939679
0.000716545811697668,268.312705164135,491237.787215289,5656010.46939679
0.000514176115091276,268.312705164135,491737.787215289,5656010.46939679
0.000420022878155467,268.312705164135,492237.787215289,5656010.46939679
0.000403954432631946,268.312705164135,492737.787215289,5656010.46939679
0.00223825256793665,268.312705164135,493237.787215289,5656010.46939679
0.000439747843814027,268.312705164135,493737.787215289,5656010.46939679
0.000382428222071051,268.312705164135,494237.787215289,5656010.46939679
0.000374106472008474,268.312705164135,494737.787215289,5656010.46939679
0.000520855105928982,268.312705164135,495237.787215289,5656010.46939679
0.00110604433787326,268.312705164135,495737.787215289,5656010.46939679
0.000975260580187057,268.312705164135,496237.787215289,5656010.46939679
0.00252949187074942,268.312705164135,496737.787215289,5656010.46939679
0.00238278351454461,268.312705164135,497237.787215289,5656010.46939679
0.00321493220903764,268.312705164135,497737.787215289,5656010.46939679
0.00169819409452381,268.312705164135,498237.787215289,5656010.46939679
0.00261432158418121,268.312705164135,498737.787215289,5656010.46939679
0.00310998728452443,268.312705164135,499237.787215289,5656010.46939679
0.00300846807367017,268.312705164135,499737.787215289,5656010.46939679
0.00307655955229356,268.312705164135,500237.787215289,5656010.46939679
0.00269409248681245,268.312705164135,500737.787215289,5656010.46939679
0.00189042964231967,268.312705164135,501237.787215289,5656010.46939679
0.00104561429325216,268.312705164135,501737.787215289,5656010.46939679
0.00297613152178387,268.312705164135,502237.787215289,5656010.46939679
0.00172016301677381,268.312705164135,502737.787215289,5656010.46939679
0.00272336460091381,268.312705164135,503237.787215289,5656010.46939679
0.00297613152178387,268.312705164135,503737.787215289,5656010.46939679
0.00238480548985414,268.312705164135,504237.787215289,5656010.46939679
0.00230695836405538,268.312705164135,504737.787215289,5656010.46939679
0.00158913544177015,268.312705164135,505237.787215289,5656010.46939679
0.002528982372196,268.312705164135,505737.787215289,5656010.46939679
0.00221458817630722,268.312705164135,506237.787215289,5656010.46939679
0.00288800956643003,268.312705164135,506737.787215289,5656010.46939679
0.00148708057602693,268.312705164135,507237.787215289,5656010.46939679
0.00389329654541035,268.312705164135,507737.787215289,5656010.46939679
0.000818270297855543,268.312705164135,508237.787215289,5656010.46939679
0.00181473718782786,268.312705164135,508737.787215289,5656010.46939679
0.000765720676725523,268.312705164135,509237.787215289,5656010.46939679
0.000740725282299704,268.312705164135,509737.787215289,5656010.46939679
0.000740725282299704,268.312705164135,510237.787215289,5656010.46939679
0.00104021426372786,268.312705164135,510737.787215289,5656010.46939679
0.00127933880144859,268.312705164135,511237.787215289,5656010.46939679
0.00221350816382255,268.312705164135,511737.787215289,5656010.46939679
0.00330978653011525,268.312705164135,512237.787215289,5656010.46939679
0.00363946655133001,268.312705164135,512737.787215289,5656010.46939679
0.00376303929217405,268.312705164135,513237.787215289,5656010.46939679
0.00318376506505542,268.312705164135,513737.787215289,5656010.46939679
0.00432084056055422,268.312705164135,514237.787215289,5656010.46939679
0.00515651341106481,268.312705164135,514737.787215289,5656010.46939679
0.00324019586201018,268.312705164135,515237.787215289,5656010.46939679
0.00498818951634806,268.312705164135,515737.787215289,5656010.46939679
0.00576835193148084,268.312705164135,516237.787215289,5656010.46939679
0.00420111150013571,268.312705164135,516737.787215289,5656010.46939679
0.00384925188543601,268.312705164135,517237.787215289,5656010.46939679
0.00244068658124024,268.312705164135,517737.787215289,5656010.46939679
0.0040218112783331,268.312705164135,518237.787215289,5656010.46939679
0.00377469357183231,268.312705164135,518737.787215289,5656010.46939679
0.0034075181833097,268.312705164135,519237.787215289,5656010.46939679
0.00158076057392908,268.312705164135,519737.787215289,5656010.46939679
0.00229793235762892,268.312705164135,520237.787215289,5656010.46939679
0.00139186006452405,268.312705164135,520737.787215289,5656010.46939679
0.00199298656725148,268.312705164135,521237.787215289,5656010.46939679
0.00165086251353441,268.312705164135,521737.787215289,5656010.46939679
0.00187629797675601,268.312705164135,522237.787215289,5656010.46939679
0.00226739873250855,268.312705164135,522737.787215289,5656010.46939679
0.00141027856726256,268.312705164135,523237.787215289,5656010.46939679
0.000931761938239702,268.312705164135,523737.787215289,5656010.46939679
0.000490314208376931,268.312705164135,524237.787215289,5656010.46939679
0.000531526724160727,268.312705164135,486737.787215289,5656510.46939679
0.000693155630745337,268.312705164135,487237.787215289,5656510.46939679
0.000406312085399734,268.312705164135,487737.787215289,5656510.46939679
0.000503826460085163,268.312705164135,488237.787215289,5656510.46939679
0.000403954432631946,268.312705164135,488737.787215289,5656510.46939679
0.000381487689096332,268.312705164135,489237.787215289,5656510.46939679
0.000391974000742302,268.312705164135,489737.787215289,5656510.46939679
0.000440212105862707,268.312705164135,490237.787215289,5656510.46939679
0.00039698257570266,268.312705164135,490737.787215289,5656510.46939679
0.000553696635401633,268.312705164135,491237.787215289,5656510.46939679
0.000587171170324927,268.312705164135,491737.787215289,5656510.46939679
0.000568004161461456,268.312705164135,492237.787215289,5656510.46939679
0.000463994214626193,268.312705164135,492737.787215289,5656510.46939679
0.000621876377771472,268.312705164135,493237.787215289,5656510.46939679
0.00045864588609658,268.312705164135,493737.787215289,5656510.46939679
0.0010081702478496,268.312705164135,494237.787215289,5656510.46939679
0.00241161725219845,268.312705164135,494737.787215289,5656510.46939679
0.000581549169970202,268.312705164135,495237.787215289,5656510.46939679
0.00168825614801194,268.312705164135,495737.787215289,5656510.46939679
0.003041096930761,268.312705164135,496237.787215289,5656510.46939679
0.00312613205752191,268.312705164135,496737.787215289,5656510.46939679
0.00176902555159658,268.312705164135,497237.787215289,5656510.46939679
0.00200471831419494,268.312705164135,497737.787215289,5656510.46939679
0.00158913544177015,268.312705164135,498237.787215289,5656510.46939679
0.00291026275101852,268.312705164135,498737.787215289,5656510.46939679
0.0029077952628096,268.312705164135,499237.787215289,5656510.46939679
0.00197374535617385,268.312705164135,499737.787215289,5656510.46939679
0.00217301253969604,268.312705164135,500237.787215289,5656510.46939679
0.00302826791907536,268.312705164135,500737.787215289,5656510.46939679
0.0027505730562242,268.312705164135,501237.787215289,5656510.46939679
0.0015894555951321,268.312705164135,501737.787215289,5656510.46939679
0.00274128807450888,268.312705164135,502237.787215289,5656510.46939679
0.00288859139598825,268.312705164135,502737.787215289,5656510.46939679
0.00124024142398491,268.312705164135,503237.787215289,5656510.46939679
0.00127776483330683,268.312705164135,503737.787215289,5656510.46939679
0.00210919888880877,268.312705164135,504237.787215289,5656510.46939679
0.00266078619199669,268.312705164135,504737.787215289,5656510.46939679
0.00155714834027402,268.312705164135,505237.787215289,5656510.46939679
0.00292537070072366,268.312705164135,505737.787215289,5656510.46939679
0.00264814211612427,268.312705164135,506237.787215289,5656510.46939679
0.00231893439986995,268.312705164135,506737.787215289,5656510.46939679
0.00351332358675172,268.312705164135,507237.787215289,5656510.46939679
0.00340929560882494,268.312705164135,507737.787215289,5656510.46939679
0.00221458817630722,268.312705164135,508237.787215289,5656510.46939679
0.00272336460091381,268.312705164135,508737.787215289,5656510.46939679
0.00165541807647577,268.312705164135,509237.787215289,5656510.46939679
0.000903933342566382,268.312705164135,509737.787215289,5656510.46939679
0.00221458817630722,268.312705164135,510237.787215289,5656510.46939679
0.00221458817630722,268.312705164135,510737.787215289,5656510.46939679
0.0030862069158666,268.312705164135,511237.787215289,5656510.46939679
0.00187597456269932,268.312705164135,511737.787215289,5656510.46939679
0.000765720676725523,268.312705164135,512237.787215289,5656510.46939679
0.00164276000152565,268.312705164135,512737.787215289,5656510.46939679
0.00206808950533974,268.312705164135,513237.787215289,5656510.46939679
0.00158913544177015,268.312705164135,513737.787215289,5656510.46939679
0.00234092490121816,268.312705164135,514237.787215289,5656510.46939679
0.00265516812089224,268.312705164135,514737.787215289,5656510.46939679
0.0046678461409429,268.312705164135,515237.787215289,5656510.46939679
0.00382505156925064,268.312705164135,515737.787215289,5656510.46939679
0.00558005581241708,268.312705164135,516237.787215289,5656510.46939679
0.00420111150013571,268.312705164135,516737.787215289,5656510.46939679
0.0045854653288606,268.312705164135,517237.787215289,5656510.46939679
0.0014501575877445,268.312705164135,517737.787215289,5656510.46939679
0.00431511912624327,268.312705164135,518237.787215289,5656510.46939679
0.00458500563581678,268.312705164135,518737.787215289,5656510.46939679
0.00156137988901245,268.312705164135,519237.787215289,5656510.46939679
0.00310998728452443,268.312705164135,519737.787215289,5656510.46939679
0.00184699069949635,268.312705164135,520237.787215289,5656510.46939679
0.00184138752680451,268.312705164135,520737.787215289,5656510.46939679
0.00291579159144578,268.312705164135,521237.787215289,5656510.46939679
0.00260683991388263,268.312705164135,521737.787215289,5656510.46939679
0.00242565215119636,268.312705164135,522237.787215289,5656510.46939679
0.00197619203298981,268.312705164135,522737.787215289,5656510.46939679
0.00238272181327038,268.312705164135,523237.787215289,5656510.46939679
0.00143006939442287,268.312705164135,523737.787215289,5656510.46939679
0.000521347487327522,268.312705164135,524237.787215289,5656510.46939679
0.000399382037143932,268.312705164135,486737.787215289,5657010.46939679
0.000399382037143932,268.312705164135,487237.787215289,5657010.46939679
0.000456711066665871,268.312705164135,487737.787215289,5657010.46939679
0.00037727483365624,268.312705164135,488237.787215289,5657010.46939679
0.000411941521630872,268.312705164135,488737.787215289,5657010.46939679
0.000363622185222654,268.312705164135,489237.787215289,5657010.46939679
0.000373918241631955,268.312705164135,489737.787215289,5657010.46939679
0.000411507074662646,268.312705164135,490237.787215289,5657010.46939679
0.000394360795341541,268.312705164135,490737.787215289,5657010.46939679
0.000431676881605608,268.312705164135,491237.787215289,5657010.46939679
0.000399382037143932,268.312705164135,491737.787215289,5657010.46939679
0.0005494628206269,268.312705164135,492237.787215289,5657010.46939679
0.000965968176053951,268.312705164135,492737.787215289,5657010.46939679
0.00058533569593382,268.312705164135,493237.787215289,5657010.46939679
0.000509594605916933,268.312705164135,493737.787215289,5657010.46939679
0.000541431518666189,268.312705164135,494237.787215289,5657010.46939679
0.00133326536803564,268.312705164135,494737.787215289,5657010.46939679
0.00251418259658413,268.312705164135,495237.787215289,5657010.46939679
0.00323609087157563,268.312705164135,495737.787215289,5657010.46939679
0.00305870761186557,268.312705164135,496237.787215289,5657010.46939679
0.00352434053910223,268.312705164135,496737.787215289,5657010.46939679
0.00389329654541035,268.312705164135,497237.787215289,5657010.46939679
0.000716545811697668,268.312705164135,497737.787215289,5657010.46939679
0.0031803764751416,268.312705164135,498237.787215289,5657010.46939679
0.00109327286181361,268.312705164135,498737.787215289,5657010.46939679
0.00266303845369214,268.312705164135,499237.787215289,5657010.46939679
0.00180411722326439,268.312705164135,499737.787215289,5657010.46939679
0.0012945913155637,268.312705164135,500237.787215289,5657010.46939679
0.00277738723293331,268.312705164135,500737.787215289,5657010.46939679
0.00287110873943416,268.312705164135,501237.787215289,5657010.46939679
0.00266343898286069,268.312705164135,501737.787215289,5657010.46939679
0.00227592107215477,268.312705164135,502237.787215289,5657010.46939679
0.00275331536415418,268.312705164135,502737.787215289,5657010.46939679
0.00235272086047024,268.312705164135,503237.787215289,5657010.46939679
0.0032498003083615,268.312705164135,503737.787215289,5657010.46939679
0.00150840152537613,268.312705164135,504237.787215289,5657010.46939679
0.0019219986368695,268.312705164135,504737.787215289,5657010.46939679
0.00239718565084979,268.312705164135,505237.787215289,5657010.46939679
0.00292537070072366,268.312705164135,505737.787215289,5657010.46939679
0.00203065262931222,268.312705164135,506237.787215289,5657010.46939679
0.00235917238204877,268.312705164135,506737.787215289,5657010.46939679
0.00223165239937895,268.312705164135,507237.787215289,5657010.46939679
0.00340929560882494,268.312705164135,507737.787215289,5657010.46939679
0.00254846911912498,268.312705164135,508237.787215289,5657010.46939679
0.00245563408679236,268.312705164135,508737.787215289,5657010.46939679
0.000401735492967767,268.312705164135,509237.787215289,5657010.46939679
0.00222573422088664,268.312705164135,509737.787215289,5657010.46939679
0.00236541605780094,268.312705164135,510237.787215289,5657010.46939679
0.00144367629694228,268.312705164135,510737.787215289,5657010.46939679
0.00398387397481518,268.312705164135,511237.787215289,5657010.46939679
0.00279373636679913,268.312705164135,511737.787215289,5657010.46939679
0.0007192605905079,268.312705164135,512237.787215289,5657010.46939679
0.0013022119478143,268.312705164135,512737.787215289,5657010.46939679
0.00222486730805819,268.312705164135,513237.787215289,5657010.46939679
0.003851106919738,268.312705164135,513737.787215289,5657010.46939679
0.0046678461409429,268.312705164135,514237.787215289,5657010.46939679
0.00248465224226991,268.312705164135,514737.787215289,5657010.46939679
0.00357940534294414,268.312705164135,515237.787215289,5657010.46939679
0.00274476540619418,268.312705164135,515737.787215289,5657010.46939679
0.00301461700695346,268.312705164135,516237.787215289,5657010.46939679
0.00427890744163594,268.312705164135,516737.787215289,5657010.46939679
0.00452371911426469,268.312705164135,517237.787215289,5657010.46939679
0.00205208539424182,268.312705164135,517737.787215289,5657010.46939679
0.00172379215130869,268.312705164135,518237.787215289,5657010.46939679
0.00419522531273344,268.312705164135,518737.787215289,5657010.46939679
0.00364136819542158,268.312705164135,519237.787215289,5657010.46939679
0.00328062533680814,268.312705164135,519737.787215289,5657010.46939679
0.00154304561480675,268.312705164135,520237.787215289,5657010.46939679
0.00329867051539694,268.312705164135,520737.787215289,5657010.46939679
0.00287110873943416,268.312705164135,521237.787215289,5657010.46939679
0.000833845865390443,268.312705164135,521737.787215289,5657010.46939679
0.00266890365405672,268.312705164135,522237.787215289,5657010.46939679
0.00246320850433562,268.312705164135,522737.787215289,5657010.46939679
0.00261328635688368,268.312705164135,523237.787215289,5657010.46939679
0.00292828952307297,268.312705164135,523737.787215289,5657010.46939679
0.000478323043184666,268.312705164135,524237.787215289,5657010.46939679
0.000414830255453132,268.312705164135,486737.787215289,5657510.46939679
0.000388189703040976,268.312705164135,487237.787215289,5657510.46939679
0.000415181394637965,268.312705164135,487737.787215289,5657510.46939679
0.00117190678947626,268.312705164135,488237.787215289,5657510.46939679
0.000452649251418199,268.312705164135,488737.787215289,5657510.46939679
0.000500036176208435,268.312705164135,489237.787215289,5657510.46939679
0.000483713512041972,268.312705164135,489737.787215289,5657510.46939679
0.000365427773357384,268.312705164135,490237.787215289,5657510.46939679
0.00115251069688644,268.312705164135,490737.787215289,5657510.46939679
0.000874602442008728,268.312705164135,491237.787215289,5657510.46939679
0.000446243596389179,268.312705164135,491737.787215289,5657510.46939679
0.000606984960063783,268.312705164135,492237.787215289,5657510.46939679
0.000648640919805361,268.312705164135,492737.787215289,5657510.46939679
0.000722067062873274,268.312705164135,493237.787215289,5657510.46939679
0.000424226562423254,268.312705164135,493737.787215289,5657510.46939679
0.000934624364315293,268.312705164135,494237.787215289,5657510.46939679
0.00311589555635347,268.312705164135,494737.787215289,5657510.46939679
0.0011615750618537,268.312705164135,495237.787215289,5657510.46939679
0.00343265262556356,268.312705164135,495737.787215289,5657510.46939679
0.00356993365683578,268.312705164135,496237.787215289,5657510.46939679
0.00416048439161431,268.312705164135,496737.787215289,5657510.46939679
0.00352434053910223,268.312705164135,497237.787215289,5657510.46939679
0.00281526314142779,268.312705164135,497737.787215289,5657510.46939679
0.0028128761993539,268.312705164135,498237.787215289,5657510.46939679
0.00288859139598825,268.312705164135,498737.787215289,5657510.46939679
0.00133827663497428,268.312705164135,499237.787215289,5657510.46939679
0.00130863478982123,268.312705164135,499737.787215289,5657510.46939679
0.00207272377626863,268.312705164135,500237.787215289,5657510.46939679
0.00261477228770664,268.312705164135,500737.787215289,5657510.46939679
0.00158940940536756,268.312705164135,501237.787215289,5657510.46939679
0.000810435587744931,268.312705164135,501737.787215289,5657510.46939679
0.000706178512730571,268.312705164135,502237.787215289,5657510.46939679
0.00259902239773827,268.312705164135,502737.787215289,5657510.46939679
0.00306814622459853,268.312705164135,503237.787215289,5657510.46939679
0.00136545484864072,268.312705164135,503737.787215289,5657510.46939679
0.00332060066077962,268.312705164135,504237.787215289,5657510.46939679
0.00273750231250186,268.312705164135,504737.787215289,5657510.46939679
0.00149853908327737,268.312705164135,505237.787215289,5657510.46939679
0.00149853908327737,268.312705164135,505737.787215289,5657510.46939679
0.00332341844615874,268.312705164135,506237.787215289,5657510.46939679
0.00300846807367017,268.312705164135,506737.787215289,5657510.46939679
0.00340929560882494,268.312705164135,507237.787215289,5657510.46939679
0.00067052897468709,268.312705164135,507737.787215289,5657510.46939679
0.00125970388677979,268.312705164135,508237.787215289,5657510.46939679
0.00267905941678422,268.312705164135,508737.787215289,5657510.46939679
0.000850139743704034,268.312705164135,509237.787215289,5657510.46939679
0.00258784260983166,268.312705164135,509737.787215289,5657510.46939679
0.00358754228666279,268.312705164135,510237.787215289,5657510.46939679
0.00438442060936709,268.312705164135,510737.787215289,5657510.46939679
0.00355791176957369,268.312705164135,511237.787215289,5657510.46939679
0.00317266812934203,268.312705164135,511737.787215289,5657510.46939679
0.0029588392783384,268.312705164135,512237.787215289,5657510.46939679
0.00430087780177036,268.312705164135,512737.787215289,5657510.46939679
0.00454623213966982,268.312705164135,513237.787215289,5657510.46939679
0.0041499339644371,268.312705164135,513737.787215289,5657510.46939679
0.00357940534294414,268.312705164135,514237.787215289,5657510.46939679
0.0014348899166046,268.312705164135,514737.787215289,5657510.46939679
0.00351540328692062,268.312705164135,515237.787215289,5657510.46939679
0.0019052850592763,268.312705164135,515737.787215289,5657510.46939679
0.00115146081037309,268.312705164135,516237.787215289,5657510.46939679
0.00596300200642719,268.312705164135,516737.787215289,5657510.46939679
0.000955403034074312,268.312705164135,517237.787215289,5657510.46939679
0.00227169679511689,268.312705164135,517737.787215289,5657510.46939679
0.00198325258248762,268.312705164135,518237.787215289,5657510.46939679
0.00396055989137237,268.312705164135,518737.787215289,5657510.46939679
0.00379487520659714,268.312705164135,519237.787215289,5657510.46939679
0.00309923461166251,268.312705164135,519737.787215289,5657510.46939679
0.00273750231250186,268.312705164135,520237.787215289,5657510.46939679
0.000771348876734503,268.312705164135,520737.787215289,5657510.46939679
0.00280079832398773,268.312705164135,521237.787215289,5657510.46939679
0.0026795887161987,268.312705164135,521737.787215289,5657510.46939679
0.0027402336870005,268.312705164135,522237.787215289,5657510.46939679
0.00268138949304541,268.312705164135,522737.787215289,5657510.46939679
0.00268138949304541,268.312705164135,523237.787215289,5657510.46939679
0.00206016678877432,268.312705164135,523737.787215289,5657510.46939679
0.00160977782624491,268.312705164135,524237.787215289,5657510.46939679
0.00119735562432562,268.312705164135,486737.787215289,5658010.46939679
0.000366801285460068,268.312705164135,487237.787215289,5658010.46939679
0.00117083507612067,268.312705164135,487737.787215289,5658010.46939679
0.00147759058791893,268.312705164135,488237.787215289,5658010.46939679
0.000420134179124003,268.312705164135,488737.787215289,5658010.46939679
0.000386365259132421,268.312705164135,489237.787215289,5658010.46939679
0.000371491101018255,268.312705164135,489737.787215289,5658010.46939679
0.000506859609652981,268.312705164135,490237.787215289,5658010.46939679
0.000365427773357384,268.312705164135,490737.787215289,5658010.46939679
0.000780106897603404,268.312705164135,491237.787215289,5658010.46939679
0.000483713512041972,268.312705164135,491737.787215289,5658010.46939679
0.000406312085399734,268.312705164135,492237.787215289,5658010.46939679
0.000453724934409256,268.312705164135,492737.787215289,5658010.46939679
0.00329800608635677,268.312705164135,493237.787215289,5658010.46939679
0.00149853908327737,268.312705164135,493737.787215289,5658010.46939679
0.00179856717364201,268.312705164135,494237.787215289,5658010.46939679
0.0029530896292263,268.312705164135,494737.787215289,5658010.46939679
0.00305870761186557,268.312705164135,495237.787215289,5658010.46939679
0.00300846807367017,268.312705164135,495737.787215289,5658010.46939679
0.00298546396679063,268.312705164135,496237.787215289,5658010.46939679
0.00134615442154839,268.312705164135,496737.787215289,5658010.46939679
0.00291026275101852,268.312705164135,497237.787215289,5658010.46939679
0.0028128761993539,268.312705164135,497737.787215289,5658010.46939679
0.00298606542988863,268.312705164135,498237.787215289,5658010.46939679
0.00259902239773827,268.312705164135,498737.787215289,5658010.46939679
0.000848138711726461,268.312705164135,499237.787215289,5658010.46939679
0.000582184514336521,268.312705164135,499737.787215289,5658010.46939679
0.00312629580196874,268.312705164135,500237.787215289,5658010.46939679
0.00256183308150913,268.312705164135,500737.787215289,5658010.46939679
0.000526437503874037,268.312705164135,501237.787215289,5658010.46939679
0.000366801285460068,268.312705164135,501737.787215289,5658010.46939679
0.00051427970299672,268.312705164135,502237.787215289,5658010.46939679
0.000597607024243888,268.312705164135,502737.787215289,5658010.46939679
0.00240863148567302,268.312705164135,503237.787215289,5658010.46939679
0.00125576610110261,268.312705164135,503737.787215289,5658010.46939679
0.00195422122021388,268.312705164135,504237.787215289,5658010.46939679
0.00319034938404627,268.312705164135,504737.787215289,5658010.46939679
0.000903933342566382,268.312705164135,505237.787215289,5658010.46939679
0.00270254052406897,268.312705164135,505737.787215289,5658010.46939679
0.00298546396679063,268.312705164135,506237.787215289,5658010.46939679
0.00169819409452381,268.312705164135,506737.787215289,5658010.46939679
0.00121858341495912,268.312705164135,507237.787215289,5658010.46939679
0.0030862069158666,268.312705164135,507737.787215289,5658010.46939679
0.00144577803004791,268.312705164135,508237.787215289,5658010.46939679
0.0022827490921318,268.312705164135,508737.787215289,5658010.46939679
0.000800387650811023,268.312705164135,509237.787215289,5658010.46939679
0.00386695611371229,268.312705164135,509737.787215289,5658010.46939679
0.00234257924073332,268.312705164135,510237.787215289,5658010.46939679
0.00249062531972142,268.312705164135,510737.787215289,5658010.46939679
0.00381458663634517,268.312705164135,511237.787215289,5658010.46939679
0.0035170669212164,268.312705164135,511737.787215289,5658010.46939679
0.00471171497056631,268.312705164135,512237.787215289,5658010.46939679
0.00360378740918776,268.312705164135,512737.787215289,5658010.46939679
0.00551039287957035,268.312705164135,513237.787215289,5658010.46939679
0.00451547379557169,268.312705164135,513737.787215289,5658010.46939679
0.00141332195320514,268.312705164135,514237.787215289,5658010.46939679
0.00451547379557169,268.312705164135,514737.787215289,5658010.46939679
0.00334953460813263,268.312705164135,515237.787215289,5658010.46939679
0.00425222219638281,268.312705164135,515737.787215289,5658010.46939679
0.00295281087172379,268.312705164135,516237.787215289,5658010.46939679
0.00539790623726666,268.312705164135,516737.787215289,5658010.46939679
0.00389913011513685,268.312705164135,517237.787215289,5658010.46939679
0.00393414302298707,268.312705164135,517737.787215289,5658010.46939679
0.00392474449581956,268.312705164135,518237.787215289,5658010.46939679
0.00188218640216134,268.312705164135,518737.787215289,5658010.46939679
0.0010959679375395,268.312705164135,519237.787215289,5658010.46939679
0.00372477753761557,268.312705164135,519737.787215289,5658010.46939679
0.00297613152178387,268.312705164135,520237.787215289,5658010.46939679
0.00234548312815726,268.312705164135,520737.787215289,5658010.46939679
0.00136592338417824,268.312705164135,521237.787215289,5658010.46939679
0.00263549519414421,268.312705164135,521737.787215289,5658010.46939679
0.00270398561979369,268.312705164135,522237.787215289,5658010.46939679
0.00238280207155887,268.312705164135,522737.787215289,5658010.46939679
0.00220155122242668,268.312705164135,523237.787215289,5658010.46939679
0.00270974926776283,268.312705164135,523737.787215289,5658010.46939679
0.00204217687609047,268.312705164135,524237.787215289,5658010.46939679
0.00116528942049542,268.312705164135,486737.787215289,5658510.46939679
0.000356978034501216,268.312705164135,487237.787215289,5658510.46939679
0.000349905073876926,268.312705164135,487737.787215289,5658510.46939679
0.000483713512041972,268.312705164135,488237.787215289,5658510.46939679
0.000424215577237523,268.312705164135,488737.787215289,5658510.46939679
0.00052491113591352,268.312705164135,489237.787215289,5658510.46939679
0.000443302539132374,268.312705164135,489737.787215289,5658510.46939679
0.000366788451189748,268.312705164135,490237.787215289,5658510.46939679
0.000629141059396876,268.312705164135,490737.787215289,5658510.46939679
0.000377758945989778,268.312705164135,491237.787215289,5658510.46939679
0.000494481110496818,268.312705164135,491737.787215289,5658510.46939679
0.000484451921880432,268.312705164135,492237.787215289,5658510.46939679
0.00052986519215832,268.312705164135,492737.787215289,5658510.46939679
0.00389329654541035,268.312705164135,493237.787215289,5658510.46939679
0.0039232958389341,268.312705164135,493737.787215289,5658510.46939679
0.00394366271343443,268.312705164135,494237.787215289,5658510.46939679
0.00257393023737347,268.312705164135,494737.787215289,5658510.46939679
0.0029077952628096,268.312705164135,495237.787215289,5658510.46939679
0.00376620779656611,268.312705164135,495737.787215289,5658510.46939679
0.000716545811697668,268.312705164135,496237.787215289,5658510.46939679
0.00321493220903764,268.312705164135,496737.787215289,5658510.46939679
0.00104561429325216,268.312705164135,497237.787215289,5658510.46939679
0.00326861956936736,268.312705164135,497737.787215289,5658510.46939679
0.000748640439328759,268.312705164135,498237.787215289,5658510.46939679
0.00301418348197961,268.312705164135,498737.787215289,5658510.46939679
0.00057538236219625,268.312705164135,499237.787215289,5658510.46939679
0.000366788451189748,268.312705164135,499737.787215289,5658510.46939679
0.00117943556511875,268.312705164135,500237.787215289,5658510.46939679
0.000408673377504492,268.312705164135,500737.787215289,5658510.46939679
0.000363622185222654,268.312705164135,501237.787215289,5658510.46939679
0.000388518291937505,268.312705164135,501737.787215289,5658510.46939679
0.000390768161605714,268.312705164135,502237.787215289,5658510.46939679
0.000426790693297503,268.312705164135,502737.787215289,5658510.46939679
0.00119405501394859,268.312705164135,503237.787215289,5658510.46939679
0.00272336460091381,268.312705164135,503737.787215289,5658510.46939679
0.00062746735596666,268.312705164135,504237.787215289,5658510.46939679
0.00067052897468709,268.312705164135,504737.787215289,5658510.46939679
0.000693155630745337,268.312705164135,505237.787215289,5658510.46939679
0.000587171170324927,268.312705164135,505737.787215289,5658510.46939679
0.000765720676725523,268.312705164135,506237.787215289,5658510.46939679
0.00067052897468709,268.312705164135,506737.787215289,5658510.46939679
0.000611662004252189,268.312705164135,507237.787215289,5658510.46939679
0.00291026275101852,268.312705164135,507737.787215289,5658510.46939679
0.0008454698882822,268.312705164135,508237.787215289,5658510.46939679
0.000506311574511787,268.312705164135,508737.787215289,5658510.46939679
0.00169026345689639,268.312705164135,509237.787215289,5658510.46939679
0.00395378472916988,268.312705164135,509737.787215289,5658510.46939679
0.00355791176957369,268.312705164135,510237.787215289,5658510.46939679
0.00222297859176466,268.312705164135,510737.787215289,5658510.46939679
0.00362582684598287,268.312705164135,511237.787215289,5658510.46939679
0.00423910788786083,268.312705164135,511737.787215289,5658510.46939679
0.00479490617372854,268.312705164135,512237.787215289,5658510.46939679
0.00375665720164692,268.312705164135,512737.787215289,5658510.46939679
0.00451547379557169,268.312705164135,513237.787215289,5658510.46939679
0.00313442625691843,268.312705164135,513737.787215289,5658510.46939679
0.00334953460813263,268.312705164135,514237.787215289,5658510.46939679
0.00334953460813263,268.312705164135,514737.787215289,5658510.46939679
0.00240354582227338,268.312705164135,515237.787215289,5658510.46939679
0.00292677090500321,268.312705164135,515737.787215289,5658510.46939679
0.00411497967480154,268.312705164135,516237.787215289,5658510.46939679
0.00522170256460232,268.312705164135,516737.787215289,5658510.46939679
0.0038029847961803,268.312705164135,517237.787215289,5658510.46939679
0.00439571125167039,268.312705164135,517737.787215289,5658510.46939679
0.00423145375460066,268.312705164135,518237.787215289,5658510.46939679
0.00380839756587194,268.312705164135,518737.787215289,5658510.46939679
0.00403481591495376,268.312705164135,519237.787215289,5658510.46939679
0.00138797742567846,268.312705164135,519737.787215289,5658510.46939679
0.00229466913425359,268.312705164135,520237.787215289,5658510.46939679
0.0027778328979091,268.312705164135,520737.787215289,5658510.46939679
0.00167977889692724,268.312705164135,521237.787215289,5658510.46939679
0.00217108380602189,268.312705164135,521737.787215289,5658510.46939679
0.00127606705587902,268.312705164135,522237.787215289,5658510.46939679
0.00266890365405672,268.312705164135,522737.787215289,5658510.46939679
0.00247820724996013,268.312705164135,523237.787215289,5658510.46939679
0.00250476807062239,268.312705164135,523737.787215289,5658510.46939679
0.00300018903778102,268.312705164135,524237.787215289,5658510.46939679
0.000361894526962024,268.312705164135,486737.787215289,5659010.46939679
0.000350081216029057,268.312705164135,487237.787215289,5659010.46939679
0.000452649251418199,268.312705164135,487737.787215289,5659010.46939679
0.000483713512041972,268.312705164135,488237.787215289,5659010.46939679
0.000320795440473485,268.312705164135,488737.787215289,5659010.46939679
0.00030476162267953,268.312705164135,489237.787215289,5659010.46939679
0.000626447223236061,268.312705164135,489737.787215289,5659010.46939679
0.00208658049663371,268.312705164135,490237.787215289,5659010.46939679
0.000550928455131889,268.312705164135,490737.787215289,5659010.46939679
0.000360349962116715,268.312705164135,491237.787215289,5659010.46939679
0.000440212105862707,268.312705164135,491737.787215289,5659010.46939679
0.000663257766052632,268.312705164135,492237.787215289,5659010.46939679
0.000403954432631946,268.312705164135,492737.787215289,5659010.46939679
0.00079765878757994,268.312705164135,493237.787215289,5659010.46939679
0.00507718671506817,268.312705164135,493737.787215289,5659010.46939679
0.00329800608635677,268.312705164135,494237.787215289,5659010.46939679
0.00402467383884777,268.312705164135,494737.787215289,5659010.46939679
0.00263446590138247,268.312705164135,495237.787215289,5659010.46939679
0.00376620779656611,268.312705164135,495737.787215289,5659010.46939679
0.00215880464478737,268.312705164135,496237.787215289,5659010.46939679
0.00305870761186557,268.312705164135,496737.787215289,5659010.46939679
0.00294182650541925,268.312705164135,497237.787215289,5659010.46939679
0.00294226896516767,268.312705164135,497737.787215289,5659010.46939679
0.000357868540225176,268.312705164135,498237.787215289,5659010.46939679
0.00177830217604171,268.312705164135,498737.787215289,5659010.46939679
0.000507776479269835,268.312705164135,499237.787215289,5659010.46939679
0.000347622096019896,268.312705164135,499737.787215289,5659010.46939679
0.000581549169970202,268.312705164135,500237.787215289,5659010.46939679
0.000712352537222789,268.312705164135,500737.787215289,5659010.46939679
0.000431676881605608,268.312705164135,501237.787215289,5659010.46939679
0.000426790693297503,268.312705164135,501737.787215289,5659010.46939679
0.000453724934409256,268.312705164135,502237.787215289,5659010.46939679
0.000531526724160727,268.312705164135,502737.787215289,5659010.46939679
0.00062746735596666,268.312705164135,503237.787215289,5659010.46939679
0.0005494628206269,268.312705164135,503737.787215289,5659010.46939679
0.000722067062873274,268.312705164135,504237.787215289,5659010.46939679
0.000750307777132259,268.312705164135,504737.787215289,5659010.46939679
0.000468637974006477,268.312705164135,505237.787215289,5659010.46939679
0.000428828489484813,268.312705164135,505737.787215289,5659010.46939679
0.000578099358150172,268.312705164135,506237.787215289,5659010.46939679
0.00207369946606877,268.312705164135,506737.787215289,5659010.46939679
0.0042144952281494,268.312705164135,507237.787215289,5659010.46939679
0.00379087300739717,268.312705164135,507737.787215289,5659010.46939679
0.0019769480572804,268.312705164135,508237.787215289,5659010.46939679
0.00393038227937095,268.312705164135,508737.787215289,5659010.46939679
0.00360568179118273,268.312705164135,509237.787215289,5659010.46939679
0.00380332697938301,268.312705164135,509737.787215289,5659010.46939679
0.00414056765778272,268.312705164135,510237.787215289,5659010.46939679
0.00205517520814788,268.312705164135,510737.787215289,5659010.46939679
0.00367683772321015,268.312705164135,511237.787215289,5659010.46939679
0.00428997135584375,268.312705164135,511737.787215289,5659010.46939679
0.00357940534294414,268.312705164135,512237.787215289,5659010.46939679
0.00569633825872422,268.312705164135,512737.787215289,5659010.46939679
0.00436807533557135,268.312705164135,513237.787215289,5659010.46939679
0.00274476540619418,268.312705164135,513737.787215289,5659010.46939679
0.0019996346189821,268.312705164135,514237.787215289,5659010.46939679
0.0023104127588351,268.312705164135,514737.787215289,5659010.46939679
0.0022703272993402,268.312705164135,515237.787215289,5659010.46939679
0.00250951608861875,268.312705164135,515737.787215289,5659010.46939679
0.00285533766541443,268.312705164135,516237.787215289,5659010.46939679
0.00231167349904121,268.312705164135,516737.787215289,5659010.46939679
0.00522170256460232,268.312705164135,517237.787215289,5659010.46939679
0.00383203616724268,268.312705164135,517737.787215289,5659010.46939679
0.00264174971012052,268.312705164135,518237.787215289,5659010.46939679
0.00280024466389473,268.312705164135,518737.787215289,5659010.46939679
0.00371520769590442,268.312705164135,519237.787215289,5659010.46939679
0.002179758972826,268.312705164135,519737.787215289,5659010.46939679
0.00317353599372351,268.312705164135,520237.787215289,5659010.46939679
0.00116523920534601,268.312705164135,520737.787215289,5659010.46939679
0.00304867079617397,268.312705164135,521237.787215289,5659010.46939679
0.00275331536415418,268.312705164135,521737.787215289,5659010.46939679
0.00115564825487125,268.312705164135,522237.787215289,5659010.46939679
0.00103501376147257,268.312705164135,522737.787215289,5659010.46939679
0.0026899404954792,268.312705164135,523237.787215289,5659010.46939679
0.00322444045256478,268.312705164135,523737.787215289,5659010.46939679
0.000815458541269719,268.312705164135,524237.787215289,5659010.46939679
0.000331381229397115,268.312705164135,486737.787215289,5659510.46939679
0.000527366809394437,268.312705164135,487237.787215289,5659510.46939679
0.000337236470525553,268.312705164135,487737.787215289,5659510.46939679
0.000452649251418199,268.312705164135,488237.787215289,5659510.46939679
0.000312037762955081,268.312705164135,488737.787215289,5659510.46939679
0.000337727426189251,268.312705164135,489237.787215289,5659510.46939679
0.000325676700845194,268.312705164135,489737.787215289,5659510.46939679
0.00038937398278356,268.312705164135,490237.787215289,5659510.46939679
0.00179736158488732,268.312705164135,490737.787215289,5659510.46939679
0.00199298656725148,268.312705164135,491237.787215289,5659510.46939679
0.00244692175226097,268.312705164135,491737.787215289,5659510.46939679
0.000805627997236085,268.312705164135,492237.787215289,5659510.46939679
0.000388189703040976,268.312705164135,492737.787215289,5659510.46939679
0.000738409803687643,268.312705164135,493237.787215289,5659510.46939679
0.00279373636679913,268.312705164135,493737.787215289,5659510.46939679
0.00279373636679913,268.312705164135,494237.787215289,5659510.46939679
0.00364326760149743,268.312705164135,494737.787215289,5659510.46939679
0.00364326760149743,268.312705164135,495237.787215289,5659510.46939679
0.00298546396679063,268.312705164135,495737.787215289,5659510.46939679
0.0031803764751416,268.312705164135,496237.787215289,5659510.46939679
0.000846052823762455,268.312705164135,496737.787215289,5659510.46939679
0.000366801285460068,268.312705164135,497237.787215289,5659510.46939679
0.000837783320644654,268.312705164135,497737.787215289,5659510.46939679
0.000714495199581167,268.312705164135,498237.787215289,5659510.46939679
0.000348062025191552,268.312705164135,498737.787215289,5659510.46939679
0.000386365259132421,268.312705164135,499237.787215289,5659510.46939679
0.000344277607408344,268.312705164135,499737.787215289,5659510.46939679
0.000372509786615309,268.312705164135,500237.787215289,5659510.46939679
0.000375835902335396,268.312705164135,500737.787215289,5659510.46939679
0.000520827825359067,268.312705164135,501237.787215289,5659510.46939679
0.000572380844142482,268.312705164135,501737.787215289,5659510.46939679
0.000716545811697668,268.312705164135,502237.787215289,5659510.46939679
0.000531526724160727,268.312705164135,502737.787215289,5659510.46939679
0.0005494628206269,268.312705164135,503237.787215289,5659510.46939679
0.000722067062873274,268.312705164135,503737.787215289,5659510.46939679
0.000738409803687643,268.312705164135,504237.787215289,5659510.46939679
0.000710161109814837,268.312705164135,504737.787215289,5659510.46939679
0.000488054080180682,268.312705164135,505237.787215289,5659510.46939679
0.000445372982366657,268.312705164135,505737.787215289,5659510.46939679
0.00314105839047127,268.312705164135,506237.787215289,5659510.46939679
0.00358050235854654,268.312705164135,506737.787215289,5659510.46939679
0.00339132835480459,268.312705164135,507237.787215289,5659510.46939679
0.00385874077511012,268.312705164135,507737.787215289,5659510.46939679
0.00377569854479397,268.312705164135,508237.787215289,5659510.46939679
0.00387171948297237,268.312705164135,508737.787215289,5659510.46939679
0.00367917510407181,268.312705164135,509237.787215289,5659510.46939679
0.00401636762118973,268.312705164135,509737.787215289,5659510.46939679
0.000825302618087348,268.312705164135,510237.787215289,5659510.46939679
0.00380091072480398,268.312705164135,510737.787215289,5659510.46939679
0.00458438206755689,268.312705164135,511237.787215289,5659510.46939679
0.00533051730920561,268.312705164135,511737.787215289,5659510.46939679
0.00498818951634806,268.312705164135,512237.787215289,5659510.46939679
0.00382505156925064,268.312705164135,512737.787215289,5659510.46939679
0.0020360403216754,268.312705164135,513237.787215289,5659510.46939679
0.0024402250716165,268.312705164135,513737.787215289,5659510.46939679
0.00154439662907049,268.312705164135,514237.787215289,5659510.46939679
0.0026703238826639,268.312705164135,514737.787215289,5659510.46939679
0.0031127301752234,268.312705164135,515237.787215289,5659510.46939679
0.00131715559219668,268.312705164135,515737.787215289,5659510.46939679
0.00224431120877214,268.312705164135,516237.787215289,5659510.46939679
0.0017726412190482,268.312705164135,516737.787215289,5659510.46939679
0.00522170256460232,268.312705164135,517237.787215289,5659510.46939679
0.004253837551647,268.312705164135,517737.787215289,5659510.46939679
0.00381675584780408,268.312705164135,518237.787215289,5659510.46939679
0.0033095086221667,268.312705164135,518737.787215289,5659510.46939679
0.0022838235188371,268.312705164135,519237.787215289,5659510.46939679
0.00192673664149062,268.312705164135,519737.787215289,5659510.46939679
0.0031963338839063,268.312705164135,520237.787215289,5659510.46939679
0.00117835468087116,268.312705164135,520737.787215289,5659510.46939679
0.00288986715547355,268.312705164135,521237.787215289,5659510.46939679
0.00227592107215477,268.312705164135,521737.787215289,5659510.46939679
0.00124764257305009,268.312705164135,522237.787215289,5659510.46939679
0.000595061073382388,268.312705164135,522737.787215289,5659510.46939679
0.000723438826837545,268.312705164135,523237.787215289,5659510.46939679
0.000900827228931599,268.312705164135,523737.787215289,5659510.46939679
0.000886963323231258,268.312705164135,524237.787215289,5659510.46939679
0.000301851924701156,268.312705164135,486737.787215289,5660010.46939679
0.000530662571144082,268.312705164135,487237.787215289,5660010.46939679
0.000330133731111988,268.312705164135,487737.787215289,5660010.46939679
0.000373083420028384,268.312705164135,488237.787215289,5660010.46939679
0.000298847950140007,268.312705164135,488737.787215289,5660010.46939679
0.000295742340111266,268.312705164135,489237.787215289,5660010.46939679
0.000310323725645398,268.312705164135,489737.787215289,5660010.46939679
0.000347622096019896,268.312705164135,490237.787215289,5660010.46939679
0.000458714867847543,268.312705164135,490737.787215289,5660010.46939679
0.000846052823762455,268.312705164135,491237.787215289,5660010.46939679
0.00405224679966059,268.312705164135,491737.787215289,5660010.46939679
0.000410726786744547,268.312705164135,492237.787215289,5660010.46939679
0.000501224470252831,268.312705164135,492737.787215289,5660010.46939679
0.000775626527927363,268.312705164135,493237.787215289,5660010.46939679
0.00312613205752191,268.312705164135,493737.787215289,5660010.46939679
0.00297613152178387,268.312705164135,494237.787215289,5660010.46939679
0.00364326760149743,268.312705164135,494737.787215289,5660010.46939679
0.00340929560882494,268.312705164135,495237.787215289,5660010.46939679
0.0031803764751416,268.312705164135,495737.787215289,5660010.46939679
0.00226891960089547,268.312705164135,496237.787215289,5660010.46939679
0.00211130174982008,268.312705164135,496737.787215289,5660010.46939679
0.000377758945989778,268.312705164135,497237.787215289,5660010.46939679
0.000356978034501216,268.312705164135,497737.787215289,5660010.46939679
0.000363622185222654,268.312705164135,498237.787215289,5660010.46939679
0.000405200962191224,268.312705164135,498737.787215289,5660010.46939679
0.00053161835824656,268.312705164135,499237.787215289,5660010.46939679
0.000401689048448918,268.312705164135,499737.787215289,5660010.46939679
0.000559701847338669,268.312705164135,500237.787215289,5660010.46939679
0.000664554300720279,268.312705164135,500737.787215289,5660010.46939679
0.001032260315235,268.312705164135,501237.787215289,5660010.46939679
0.00143853785454823,268.312705164135,501737.787215289,5660010.46939679
0.0005494628206269,268.312705164135,502237.787215289,5660010.46939679
0.000611662004252189,268.312705164135,502737.787215289,5660010.46939679
0.000479651461223572,268.312705164135,503237.787215289,5660010.46939679
0.000468637974006477,268.312705164135,503737.787215289,5660010.46939679
0.000636463640317695,268.312705164135,504237.787215289,5660010.46939679
0.00105149608614508,268.312705164135,504737.787215289,5660010.46939679
0.00296799283006324,268.312705164135,505237.787215289,5660010.46939679
0.00276344112116542,268.312705164135,505737.787215289,5660010.46939679
0.0023120027218819,268.312705164135,506237.787215289,5660010.46939679
0.0031181640757369,268.312705164135,506737.787215289,5660010.46939679
0.00337903569038051,268.312705164135,507237.787215289,5660010.46939679
0.00336206851747536,268.312705164135,507737.787215289,5660010.46939679
0.00331050124981052,268.312705164135,508237.787215289,5660010.46939679
0.00362582684598287,268.312705164135,508737.787215289,5660010.46939679
0.004530027958596,268.312705164135,509237.787215289,5660010.46939679
0.00417979550673123,268.312705164135,509737.787215289,5660010.46939679
0.00122981179509251,268.312705164135,510237.787215289,5660010.46939679
0.00196957792559022,268.312705164135,510737.787215289,5660010.46939679
0.00436807533557135,268.312705164135,511237.787215289,5660010.46939679
0.00551039287957035,268.312705164135,511737.787215289,5660010.46939679
0.00533051730920561,268.312705164135,512237.787215289,5660010.46939679
0.0019052850592763,268.312705164135,512737.787215289,5660010.46939679
0.00179507182667308,268.312705164135,513237.787215289,5660010.46939679
0.00320515756463763,268.312705164135,513737.787215289,5660010.46939679
0.0026089260850735,268.312705164135,514237.787215289,5660010.46939679
0.00369006721242855,268.312705164135,514737.787215289,5660010.46939679
0.00160000071838264,268.312705164135,515237.787215289,5660010.46939679
0.00229730282855155,268.312705164135,515737.787215289,5660010.46939679
0.00450568069549732,268.312705164135,516237.787215289,5660010.46939679
0.00209260315283292,268.312705164135,516737.787215289,5660010.46939679
0.00472685751442608,268.312705164135,517237.787215289,5660010.46939679
0.00162479254350287,268.312705164135,517737.787215289,5660010.46939679
0.00337072642610504,268.312705164135,518237.787215289,5660010.46939679
0.00227169679511689,268.312705164135,518737.787215289,5660010.46939679
0.00383127546737684,268.312705164135,519237.787215289,5660010.46939679
0.00332942135999249,268.312705164135,519737.787215289,5660010.46939679
0.00199115522049967,268.312705164135,520237.787215289,5660010.46939679
0.00286580206884264,268.312705164135,520737.787215289,5660010.46939679
0.00267905941678422,268.312705164135,521237.787215289,5660010.46939679
0.00240132447640171,268.312705164135,521737.787215289,5660010.46939679
0.00195793379815289,268.312705164135,522237.787215289,5660010.46939679
0.00104219043535439,268.312705164135,522737.787215289,5660010.46939679
0.000553107740716457,268.312705164135,523237.787215289,5660010.46939679
0.00163863947661659,268.312705164135,523737.787215289,5660010.46939679
0.00101744274665661,268.312705164135,524237.787215289,5660010.46939679
0.000295742340111266,268.312705164135,486737.787215289,5660510.46939679
0.000295742340111266,268.312705164135,487237.787215289,5660510.46939679
0.000402873905061643,268.312705164135,487737.787215289,5660510.46939679
0.000333452185628986,268.312705164135,488237.787215289,5660510.46939679
0.000590292760667119,268.312705164135,488737.787215289,5660510.46939679
0.000315045647198143,268.312705164135,489237.787215289,5660510.46939679
0.000312987282672216,268.312705164135,489737.787215289,5660510.46939679
0.000349750585340426,268.312705164135,490237.787215289,5660510.46939679
0.000366801285460068,268.312705164135,490737.787215289,5660510.46939679
0.000441802662600348,268.312705164135,491237.787215289,5660510.46939679
0.00328769664676035,268.312705164135,491737.787215289,5660510.46939679
0.00340929560882494,268.312705164135,492237.787215289,5660510.46939679
0.00214229744857832,268.312705164135,492737.787215289,5660510.46939679
0.00300846807367017,268.312705164135,493237.787215289,5660510.46939679
0.00246527952695288,268.312705164135,493737.787215289,5660510.46939679
0.00281526314142779,268.312705164135,494237.787215289,5660510.46939679
0.000965968176053951,268.312705164135,494737.787215289,5660510.46939679
0.00402467383884777,268.312705164135,495237.787215289,5660510.46939679
0.00282987792283629,268.312705164135,495737.787215289,5660510.46939679
0.000568118593772959,268.312705164135,496237.787215289,5660510.46939679
0.000476548604650793,268.312705164135,496737.787215289,5660510.46939679
0.000370780274310109,268.312705164135,497237.787215289,5660510.46939679
0.000366801285460068,268.312705164135,497737.787215289,5660510.46939679
0.000372903062350757,268.312705164135,498237.787215289,5660510.46939679
0.000403166324082368,268.312705164135,498737.787215289,5660510.46939679
0.000447620622579764,268.312705164135,499237.787215289,5660510.46939679
0.000519670439085323,268.312705164135,499737.787215289,5660510.46939679
0.00110332416422698,268.312705164135,500237.787215289,5660510.46939679
0.000721454852871594,268.312705164135,500737.787215289,5660510.46939679
0.000903933342566382,268.312705164135,501237.787215289,5660510.46939679
0.000587171170324927,268.312705164135,501737.787215289,5660510.46939679
0.000501224470252831,268.312705164135,502237.787215289,5660510.46939679
0.000538402892977082,268.312705164135,502737.787215289,5660510.46939679
0.000468637974006477,268.312705164135,503237.787215289,5660510.46939679
0.000413429932226624,268.312705164135,503737.787215289,5660510.46939679
0.000429191477681193,268.312705164135,504237.787215289,5660510.46939679
0.000379178806553323,268.312705164135,504737.787215289,5660510.46939679
0.00139844333815082,268.312705164135,505237.787215289,5660510.46939679
0.00278413647462537,268.312705164135,505737.787215289,5660510.46939679
0.00314455355126125,268.312705164135,506237.787215289,5660510.46939679
0.00315803615218626,268.312705164135,506737.787215289,5660510.46939679
0.00331647002311821,268.312705164135,507237.787215289,5660510.46939679
0.00377569854479397,268.312705164135,507737.787215289,5660510.46939679
0.00337889114424716,268.312705164135,508237.787215289,5660510.46939679
0.00367457831206707,268.312705164135,508737.787215289,5660510.46939679
0.00331331396140092,268.312705164135,509237.787215289,5660510.46939679
0.003851106919738,268.312705164135,509737.787215289,5660510.46939679
0.00252256921405411,268.312705164135,510237.787215289,5660510.46939679
0.00141332195320514,268.312705164135,510737.787215289,5660510.46939679
0.00498818951634806,268.312705164135,511237.787215289,5660510.46939679
0.00551039287957035,268.312705164135,511737.787215289,5660510.46939679
0.00178292694818263,268.312705164135,512237.787215289,5660510.46939679
0.00210474545720033,268.312705164135,512737.787215289,5660510.46939679
0.0018231603894175,268.312705164135,513237.787215289,5660510.46939679
0.00233258111897956,268.312705164135,513737.787215289,5660510.46939679
0.00302381375807066,268.312705164135,514237.787215289,5660510.46939679
0.00142599859182202,268.312705164135,514737.787215289,5660510.46939679
0.00176483225800002,268.312705164135,515237.787215289,5660510.46939679
0.00262041191603052,268.312705164135,515737.787215289,5660510.46939679
0.00434600041358304,268.312705164135,516237.787215289,5660510.46939679
0.00159151654279759,268.312705164135,516737.787215289,5660510.46939679
0.00243393168674265,268.312705164135,517237.787215289,5660510.46939679
0.00403070425939024,268.312705164135,517737.787215289,5660510.46939679
0.00262667120565854,268.312705164135,518237.787215289,5660510.46939679
0.00182117085646294,268.312705164135,518737.787215289,5660510.46939679
0.00112857152640398,268.312705164135,519237.787215289,5660510.46939679
0.00336864068083479,268.312705164135,519737.787215289,5660510.46939679
0.00230213510062647,268.312705164135,520237.787215289,5660510.46939679
0.00271394866253262,268.312705164135,520737.787215289,5660510.46939679
0.00252801575846637,268.312705164135,521237.787215289,5660510.46939679
0.0019182488486864,268.312705164135,521737.787215289,5660510.46939679
0.000984116610547249,268.312705164135,522237.787215289,5660510.46939679
0.00125233201457273,268.312705164135,522737.787215289,5660510.46939679
0.000663257766052632,268.312705164135,523237.787215289,5660510.46939679
0.0022432375018572,268.312705164135,523737.787215289,5660510.46939679
0.0024587417864526,268.312705164135,524237.787215289,5660510.46939679
0.000298950495372532,268.312705164135,486737.787215289,5661010.46939679
0.000368360613273643,268.312705164135,487237.787215289,5661010.46939679
0.00079924126741834,268.312705164135,487737.787215289,5661010.46939679
0.000318103286154376,268.312705164135,488237.787215289,5661010.46939679
0.000418042416078037,268.312705164135,488737.787215289,5661010.46939679
0.00105425898799136,268.312705164135,489237.787215289,5661010.46939679
0.00198902868479646,268.312705164135,489737.787215289,5661010.46939679
0.000340352706815398,268.312705164135,490237.787215289,5661010.46939679
0.000379178806553323,268.312705164135,490737.787215289,5661010.46939679
0.000427380913069832,268.312705164135,491237.787215289,5661010.46939679
0.000605087548531524,268.312705164135,491737.787215289,5661010.46939679
0.00134615442154839,268.312705164135,492237.787215289,5661010.46939679
0.00430087780177036,268.312705164135,492737.787215289,5661010.46939679
0.00352434053910223,268.312705164135,493237.787215289,5661010.46939679
0.00416048439161431,268.312705164135,493737.787215289,5661010.46939679
0.002528982372196,268.312705164135,494237.787215289,5661010.46939679
0.00340929560882494,268.312705164135,494737.787215289,5661010.46939679
0.00352434053910223,268.312705164135,495237.787215289,5661010.46939679
0.000989666680215311,268.312705164135,495737.787215289,5661010.46939679
0.000700562473462907,268.312705164135,496237.787215289,5661010.46939679
0.000411941521630872,268.312705164135,496737.787215289,5661010.46939679
0.00037727483365624,268.312705164135,497237.787215289,5661010.46939679
0.000386879309089922,268.312705164135,497737.787215289,5661010.46939679
0.000390768161605714,268.312705164135,498237.787215289,5661010.46939679
0.000487380069808952,268.312705164135,498737.787215289,5661010.46939679
0.000388189703040976,268.312705164135,499237.787215289,5661010.46939679
0.000390768161605714,268.312705164135,499737.787215289,5661010.46939679
0.000594767191197868,268.312705164135,500237.787215289,5661010.46939679
0.00114911216851079,268.312705164135,500737.787215289,5661010.46939679
0.00134615442154839,268.312705164135,501237.787215289,5661010.46939679
0.000738409803687643,268.312705164135,501737.787215289,5661010.46939679
0.00135537689884707,268.312705164135,502237.787215289,5661010.46939679
0.000648771597509548,268.312705164135,502737.787215289,5661010.46939679
0.000401628642266676,268.312705164135,503237.787215289,5661010.46939679
0.000379178806553323,268.312705164135,503737.787215289,5661010.46939679
0.000467744905131386,268.312705164135,504237.787215289,5661010.46939679
0.000373918241631955,268.312705164135,504737.787215289,5661010.46939679
0.00101278134455275,268.312705164135,505237.787215289,5661010.46939679
0.00282408597180688,268.312705164135,505737.787215289,5661010.46939679
0.0033146049841812,268.312705164135,506237.787215289,5661010.46939679
0.00301876031646365,268.312705164135,506737.787215289,5661010.46939679
0.00221227767878713,268.312705164135,507237.787215289,5661010.46939679
0.00130111639905573,268.312705164135,507737.787215289,5661010.46939679
0.0021245260405946,268.312705164135,508237.787215289,5661010.46939679
0.00392917050614807,268.312705164135,508737.787215289,5661010.46939679
0.00297789323290319,268.312705164135,509237.787215289,5661010.46939679
0.0037001905388794,268.312705164135,509737.787215289,5661010.46939679
0.00436807533557135,268.312705164135,510237.787215289,5661010.46939679
0.00303210928550615,268.312705164135,510737.787215289,5661010.46939679
0.00428997135584375,268.312705164135,511237.787215289,5661010.46939679
0.0041499339644371,268.312705164135,511737.787215289,5661010.46939679
0.00551039287957035,268.312705164135,512237.787215289,5661010.46939679
0.00305276329989511,268.312705164135,512737.787215289,5661010.46939679
0.00216070862851442,268.312705164135,513237.787215289,5661010.46939679
0.00282962332030115,268.312705164135,513737.787215289,5661010.46939679
0.00265713443233733,268.312705164135,514237.787215289,5661010.46939679
0.0033747341007732,268.312705164135,514737.787215289,5661010.46939679
0.00388395189437338,268.312705164135,515237.787215289,5661010.46939679
0.000836825034371925,268.312705164135,515737.787215289,5661010.46939679
0.00125000759417095,268.312705164135,516237.787215289,5661010.46939679
0.00210858875202341,268.312705164135,516737.787215289,5661010.46939679
0.00307044151156634,268.312705164135,517237.787215289,5661010.46939679
0.00596300200642719,268.312705164135,517737.787215289,5661010.46939679
0.00157175449487833,268.312705164135,518237.787215289,5661010.46939679
0.00323316856791574,268.312705164135,518737.787215289,5661010.46939679
0.00178196063260626,268.312705164135,519237.787215289,5661010.46939679
0.0032407781912327,268.312705164135,519737.787215289,5661010.46939679
0.000992106351718861,268.312705164135,520237.787215289,5661010.46939679
0.00326172629151837,268.312705164135,520737.787215289,5661010.46939679
0.000951415185585697,268.312705164135,521237.787215289,5661010.46939679
0.00281427088744437,268.312705164135,521737.787215289,5661010.46939679
0.000793560418027192,268.312705164135,522237.787215289,5661010.46939679
0.00173646217354838,268.312705164135,522737.787215289,5661010.46939679
0.000662373638205329,268.312705164135,523237.787215289,5661010.46939679
0.0023972926779404,268.312705164135,523737.787215289,5661010.46939679
0.00379087300739717,268.312705164135,524237.787215289,5661010.46939679
0.000301851924701156,268.312705164135,486737.787215289,5661510.46939679
0.000312987282672216,268.312705164135,487237.787215289,5661510.46939679
0.000583714580269311,268.312705164135,487737.787215289,5661510.46939679
0.000399402956474768,268.312705164135,488237.787215289,5661510.46939679
0.000426813048273141,268.312705164135,488737.787215289,5661510.46939679
0.0011174848852476,268.312705164135,489237.787215289,5661510.46939679
0.000452649251418199,268.312705164135,489737.787215289,5661510.46939679
0.00237915163548584,268.312705164135,490237.787215289,5661510.46939679
0.000452649251418199,268.312705164135,490737.787215289,5661510.46939679
0.000375835902335396,268.312705164135,491237.787215289,5661510.46939679
0.000390768161605714,268.312705164135,491737.787215289,5661510.46939679
0.00063558467400592,268.312705164135,492237.787215289,5661510.46939679
0.00220766545923613,268.312705164135,492737.787215289,5661510.46939679
0.00281526314142779,268.312705164135,493237.787215289,5661510.46939679
0.00200471831419494,268.312705164135,493737.787215289,5661510.46939679
0.00200471831419494,268.312705164135,494237.787215289,5661510.46939679
0.00062746735596666,268.312705164135,494737.787215289,5661510.46939679
0.000469035649417089,268.312705164135,495237.787215289,5661510.46939679
0.000427380913069832,268.312705164135,495737.787215289,5661510.46939679
0.000366801285460068,268.312705164135,496237.787215289,5661510.46939679
0.000390768161605714,268.312705164135,496737.787215289,5661510.46939679
0.000503826460085163,268.312705164135,497237.787215289,5661510.46939679
0.000434196334574787,268.312705164135,497737.787215289,5661510.46939679
0.000484863016643643,268.312705164135,498237.787215289,5661510.46939679
0.0005494628206269,268.312705164135,498737.787215289,5661510.46939679
0.000438914006559056,268.312705164135,499237.787215289,5661510.46939679
0.000632302224610408,268.312705164135,499737.787215289,5661510.46939679
0.0005494628206269,268.312705164135,500237.787215289,5661510.46939679
0.000998564276308954,268.312705164135,500737.787215289,5661510.46939679
0.000791559527905729,268.312705164135,501237.787215289,5661510.46939679
0.00444600871548608,268.312705164135,501737.787215289,5661510.46939679
0.000518138032715483,268.312705164135,502237.787215289,5661510.46939679
0.000500799503307857,268.312705164135,502737.787215289,5661510.46939679
0.000399934352784216,268.312705164135,503237.787215289,5661510.46939679
0.000405200962191224,268.312705164135,503737.787215289,5661510.46939679
0.000960315265060591,268.312705164135,504237.787215289,5661510.46939679
0.000609978764955237,268.312705164135,504737.787215289,5661510.46939679
0.00062111128442355,268.312705164135,505237.787215289,5661510.46939679
0.000892939215773947,268.312705164135,505737.787215289,5661510.46939679
0.00293302476563251,268.312705164135,506237.787215289,5661510.46939679
0.00337903569038051,268.312705164135,506737.787215289,5661510.46939679
0.000559389247547274,268.312705164135,507237.787215289,5661510.46939679
0.00385857570847284,268.312705164135,507737.787215289,5661510.46939679
0.00142294916951204,268.312705164135,508237.787215289,5661510.46939679
0.00141332195320514,268.312705164135,508737.787215289,5661510.46939679
0.00313442625691843,268.312705164135,509237.787215289,5661510.46939679
0.00551039287957035,268.312705164135,509737.787215289,5661510.46939679
0.000691397881570892,268.312705164135,510237.787215289,5661510.46939679
0.00109114818832921,268.312705164135,510737.787215289,5661510.46939679
0.00380091072480398,268.312705164135,511237.787215289,5661510.46939679
0.00101416598828555,268.312705164135,511737.787215289,5661510.46939679
0.00482536021289366,268.312705164135,512237.787215289,5661510.46939679
0.00258315658952341,268.312705164135,512737.787215289,5661510.46939679
0.00292510750675666,268.312705164135,513237.787215289,5661510.46939679
0.00293530440413827,268.312705164135,513737.787215289,5661510.46939679
0.00274452853241377,268.312705164135,514237.787215289,5661510.46939679
0.00182855050293741,268.312705164135,514737.787215289,5661510.46939679
0.00357005033776726,268.312705164135,515237.787215289,5661510.46939679
0.00100187078221808,268.312705164135,515737.787215289,5661510.46939679
0.000746708461765464,268.312705164135,516237.787215289,5661510.46939679
0.00233979730437896,268.312705164135,516737.787215289,5661510.46939679
0.0038029847961803,268.312705164135,517237.787215289,5661510.46939679
0.00400411442336597,268.312705164135,517737.787215289,5661510.46939679
0.00403070425939024,268.312705164135,518237.787215289,5661510.46939679
0.00391168783243707,268.312705164135,518737.787215289,5661510.46939679
0.00263543866441749,268.312705164135,519237.787215289,5661510.46939679
0.0040380005801965,268.312705164135,519737.787215289,5661510.46939679
0.00123438813131281,268.312705164135,520237.787215289,5661510.46939679
0.00332310966477552,268.312705164135,520737.787215289,5661510.46939679
0.0022187423302997,268.312705164135,521237.787215289,5661510.46939679
0.00259102696202537,268.312705164135,521737.787215289,5661510.46939679
0.00094815877893166,268.312705164135,522237.787215289,5661510.46939679
0.000703093717714179,268.312705164135,522737.787215289,5661510.46939679
0.00312613205752191,268.312705164135,523237.787215289,5661510.46939679
0.000853376472607494,268.312705164135,523737.787215289,5661510.46939679
0.000822851396445953,268.312705164135,524237.787215289,5661510.46939679
0.000307583588302167,268.312705164135,486737.787215289,5662010.46939679
0.00034256351888017,268.312705164135,487237.787215289,5662010.46939679
0.000417761665703737,268.312705164135,487737.787215289,5662010.46939679
0.000346186649442532,268.312705164135,488237.787215289,5662010.46939679
0.000348062025191552,268.312705164135,488737.787215289,5662010.46939679
0.000357868540225176,268.312705164135,489237.787215289,5662010.46939679
0.000373918241631955,268.312705164135,489737.787215289,5662010.46939679
0.000349905073876926,268.312705164135,490237.787215289,5662010.46939679
0.00037421354513488,268.312705164135,490737.787215289,5662010.46939679
0.000375835902335396,268.312705164135,491237.787215289,5662010.46939679
0.000886963323231258,268.312705164135,491737.787215289,5662010.46939679
0.000417585667605249,268.312705164135,492237.787215289,5662010.46939679
0.000750307777132259,268.312705164135,492737.787215289,5662010.46939679
0.00169288560539976,268.312705164135,493237.787215289,5662010.46939679
0.00389329654541035,268.312705164135,493737.787215289,5662010.46939679
0.000809039048840121,268.312705164135,494237.787215289,5662010.46939679
0.000453724934409256,268.312705164135,494737.787215289,5662010.46939679
0.000406312085399734,268.312705164135,495237.787215289,5662010.46939679
0.000450346258674143,268.312705164135,495737.787215289,5662010.46939679
0.000372903062350757,268.312705164135,496237.787215289,5662010.46939679
0.000410378548942642,268.312705164135,496737.787215289,5662010.46939679
0.000469035649417089,268.312705164135,497237.787215289,5662010.46939679
0.000484863016643643,268.312705164135,497737.787215289,5662010.46939679
0.00067052897468709,268.312705164135,498237.787215289,5662010.46939679
0.00062746735596666,268.312705164135,498737.787215289,5662010.46939679
0.00067052897468709,268.312705164135,499237.787215289,5662010.46939679
0.000845882409026274,268.312705164135,499737.787215289,5662010.46939679
0.000903933342566382,268.312705164135,500237.787215289,5662010.46939679
0.000998564276308954,268.312705164135,500737.787215289,5662010.46939679
0.000693155630745337,268.312705164135,501237.787215289,5662010.46939679
0.000740725282299704,268.312705164135,501737.787215289,5662010.46939679
0.00430087780177036,268.312705164135,502237.787215289,5662010.46939679
0.000434196334574787,268.312705164135,502737.787215289,5662010.46939679
0.000468637974006477,268.312705164135,503237.787215289,5662010.46939679
0.000491998169424602,268.312705164135,503737.787215289,5662010.46939679
0.000375835902335396,268.312705164135,504237.787215289,5662010.46939679
0.00227592107215477,268.312705164135,504737.787215289,5662010.46939679
0.00317167924402219,268.312705164135,505237.787215289,5662010.46939679
0.00258252478941857,268.312705164135,505737.787215289,5662010.46939679
0.00275164676206399,268.312705164135,506237.787215289,5662010.46939679
0.00142880530331284,268.312705164135,506737.787215289,5662010.46939679
0.00348798164113583,268.312705164135,507237.787215289,5662010.46939679
0.00458655158684388,268.312705164135,507737.787215289,5662010.46939679
0.00388342367056808,268.312705164135,508237.787215289,5662010.46939679
0.00451547379557169,268.312705164135,508737.787215289,5662010.46939679
0.00551039287957035,268.312705164135,509237.787215289,5662010.46939679
0.00187121734427304,268.312705164135,509737.787215289,5662010.46939679
0.00104177186042246,268.312705164135,510237.787215289,5662010.46939679
0.00378368885537272,268.312705164135,510737.787215289,5662010.46939679
0.00398106054591368,268.312705164135,511237.787215289,5662010.46939679
0.00346256293411777,268.312705164135,511737.787215289,5662010.46939679
0.00375665720164692,268.312705164135,512237.787215289,5662010.46939679
0.00396687081165244,268.312705164135,512737.787215289,5662010.46939679
0.00228739231782012,268.312705164135,513237.787215289,5662010.46939679
0.00270935085771888,268.312705164135,513737.787215289,5662010.46939679
0.0026899195465029,268.312705164135,514237.787215289,5662010.46939679
0.00364136819542158,268.312705164135,514737.787215289,5662010.46939679
0.00337412357314813,268.312705164135,515237.787215289,5662010.46939679
0.00205960508946955,268.312705164135,515737.787215289,5662010.46939679
0.00227852948252131,268.312705164135,516237.787215289,5662010.46939679
0.00302553328683719,268.312705164135,516737.787215289,5662010.46939679
0.00420111150013571,268.312705164135,517237.787215289,5662010.46939679
0.00522170256460232,268.312705164135,517737.787215289,5662010.46939679
0.00434287585121431,268.312705164135,518237.787215289,5662010.46939679
0.00452371911426469,268.312705164135,518737.787215289,5662010.46939679
0.00167078213065146,268.312705164135,519237.787215289,5662010.46939679
0.00380839756587194,268.312705164135,519737.787215289,5662010.46939679
0.00128877766392036,268.312705164135,520237.787215289,5662010.46939679
0.00370697600841582,268.312705164135,520737.787215289,5662010.46939679
0.000956184434562092,268.312705164135,521237.787215289,5662010.46939679
0.00306863854532957,268.312705164135,521737.787215289,5662010.46939679
0.00294182650541925,268.312705164135,522237.787215289,5662010.46939679
0.00316192213014753,268.312705164135,522737.787215289,5662010.46939679
0.00317154356804449,268.312705164135,523237.787215289,5662010.46939679
0.00361093101554484,268.312705164135,523737.787215289,5662010.46939679
0.00162000375344417,268.312705164135,524237.787215289,5662010.46939679
0.000331381229397115,268.312705164135,486737.787215289,5662510.46939679
0.00033417378612223,268.312705164135,487237.787215289,5662510.46939679
0.000452649251418199,268.312705164135,487737.787215289,5662510.46939679
0.000494481110496818,268.312705164135,488237.787215289,5662510.46939679
0.000623795374629751,268.312705164135,488737.787215289,5662510.46939679
0.000960315265060591,268.312705164135,489237.787215289,5662510.46939679
0.000452649251418199,268.312705164135,489737.787215289,5662510.46939679
0.000720355199144766,268.312705164135,490237.787215289,5662510.46939679
0.00037727483365624,268.312705164135,490737.787215289,5662510.46939679
0.000838345267755757,268.312705164135,491237.787215289,5662510.46939679
0.0022821619969303,268.312705164135,491737.787215289,5662510.46939679
0.00300846807367017,268.312705164135,492237.787215289,5662510.46939679
0.00402467383884777,268.312705164135,492737.787215289,5662510.46939679
0.002528982372196,268.312705164135,493237.787215289,5662510.46939679
0.00270254052406897,268.312705164135,493737.787215289,5662510.46939679
0.00416048439161431,268.312705164135,494237.787215289,5662510.46939679
0.00215880464478737,268.312705164135,494737.787215289,5662510.46939679
0.000426790693297503,268.312705164135,495237.787215289,5662510.46939679
0.00044119252616477,268.312705164135,495737.787215289,5662510.46939679
0.000446243596389179,268.312705164135,496237.787215289,5662510.46939679
0.000484863016643643,268.312705164135,496737.787215289,5662510.46939679
0.000497391881373047,268.312705164135,497237.787215289,5662510.46939679
0.000648640919805361,268.312705164135,497737.787215289,5662510.46939679
0.00062746735596666,268.312705164135,498237.787215289,5662510.46939679
0.000791559527905729,268.312705164135,498737.787215289,5662510.46939679
0.000514176115091276,268.312705164135,499237.787215289,5662510.46939679
0.000497391881373047,268.312705164135,499737.787215289,5662510.46939679
0.000572380844142482,268.312705164135,500237.787215289,5662510.46939679
0.000469035649417089,268.312705164135,500737.787215289,5662510.46939679
0.000479651461223572,268.312705164135,501237.787215289,5662510.46939679
0.0012694103723279,268.312705164135,501737.787215289,5662510.46939679
0.00175549878253504,268.312705164135,502237.787215289,5662510.46939679
0.00475112790664946,268.312705164135,502737.787215289,5662510.46939679
0.00238480548985414,268.312705164135,503237.787215289,5662510.46939679
0.000828855964482838,268.312705164135,503737.787215289,5662510.46939679
0.00215697428599777,268.312705164135,504237.787215289,5662510.46939679
0.00314105839047127,268.312705164135,504737.787215289,5662510.46939679
0.0037080197732634,268.312705164135,505237.787215289,5662510.46939679
0.00285288403022517,268.312705164135,505737.787215289,5662510.46939679
0.00218122384669487,268.312705164135,506237.787215289,5662510.46939679
0.00174362180495626,268.312705164135,506737.787215289,5662510.46939679
0.00120601188574494,268.312705164135,507237.787215289,5662510.46939679
0.00134337619601399,268.312705164135,507737.787215289,5662510.46939679
0.00443473423714012,268.312705164135,508237.787215289,5662510.46939679
0.00401446780891184,268.312705164135,508737.787215289,5662510.46939679
0.00276346210174696,268.312705164135,509237.787215289,5662510.46939679
0.00250800322312883,268.312705164135,509737.787215289,5662510.46939679
0.00417979550673123,268.312705164135,510237.787215289,5662510.46939679
0.0041499339644371,268.312705164135,510737.787215289,5662510.46939679
0.00112033695236233,268.312705164135,511237.787215289,5662510.46939679
0.00283738610589699,268.312705164135,511737.787215289,5662510.46939679
0.00267325450083777,268.312705164135,512237.787215289,5662510.46939679
0.00318376506505542,268.312705164135,512737.787215289,5662510.46939679
0.00223568331431711,268.312705164135,513237.787215289,5662510.46939679
0.0032082106031379,268.312705164135,513737.787215289,5662510.46939679
0.00339132835480459,268.312705164135,514237.787215289,5662510.46939679
0.00183910774827296,268.312705164135,514737.787215289,5662510.46939679
0.00330631697813712,268.312705164135,515237.787215289,5662510.46939679
0.00319753767246688,268.312705164135,515737.787215289,5662510.46939679
0.00434346052620496,268.312705164135,516237.787215289,5662510.46939679
0.00130682859435743,268.312705164135,516737.787215289,5662510.46939679
0.00293848818431983,268.312705164135,517237.787215289,5662510.46939679
0.00186639144068443,268.312705164135,517737.787215289,5662510.46939679
0.00505125070252817,268.312705164135,518237.787215289,5662510.46939679
0.00393131456599833,268.312705164135,518737.787215289,5662510.46939679
0.00461233102567639,268.312705164135,519237.787215289,5662510.46939679
0.00351606814053069,268.312705164135,519737.787215289,5662510.46939679
0.00353228135474274,268.312705164135,520237.787215289,5662510.46939679
0.00361970582586595,268.312705164135,520737.787215289,5662510.46939679
0.00340763296027437,268.312705164135,521237.787215289,5662510.46939679
0.0034221237982646,268.312705164135,521737.787215289,5662510.46939679
0.00339758051980576,268.312705164135,522237.787215289,5662510.46939679
0.00311678753239345,268.312705164135,522737.787215289,5662510.46939679
0.00324007713242969,268.312705164135,523237.787215289,5662510.46939679
0.00359279942520273,268.312705164135,523737.787215289,5662510.46939679
0.00370293075218203,268.312705164135,524237.787215289,5662510.46939679
0.000396985667385673,268.312705164135,486737.787215289,5663010.46939679
0.00108740526204347,268.312705164135,487237.787215289,5663010.46939679
0.000452649251418199,268.312705164135,487737.787215289,5663010.46939679
0.000375835902335396,268.312705164135,488237.787215289,5663010.46939679
0.000475937889644595,268.312705164135,488737.787215289,5663010.46939679
0.000388518291937505,268.312705164135,489237.787215289,5663010.46939679
0.000391475008887103,268.312705164135,489737.787215289,5663010.46939679
0.000391475008887103,268.312705164135,490237.787215289,5663010.46939679
0.000458257986868313,268.312705164135,490737.787215289,5663010.46939679
0.000425514945413303,268.312705164135,491237.787215289,5663010.46939679
0.00343556549566389,268.312705164135,491737.787215289,5663010.46939679
0.00106709340969791,268.312705164135,492237.787215289,5663010.46939679
0.00298546396679063,268.312705164135,492737.787215289,5663010.46939679
0.000741589697455312,268.312705164135,493237.787215289,5663010.46939679
0.00110310192905313,268.312705164135,493737.787215289,5663010.46939679
0.00114032553741029,268.312705164135,494237.787215289,5663010.46939679
0.00430087780177036,268.312705164135,494737.787215289,5663010.46939679
0.00300846807367017,268.312705164135,495237.787215289,5663010.46939679
0.00291026275101852,268.312705164135,495737.787215289,5663010.46939679
0.00136356913398842,268.312705164135,496237.787215289,5663010.46939679
0.000453724934409256,268.312705164135,496737.787215289,5663010.46939679
0.000648640919805361,268.312705164135,497237.787215289,5663010.46939679
0.000818270297855543,268.312705164135,497737.787215289,5663010.46939679
0.000469035649417089,268.312705164135,498237.787215289,5663010.46939679
0.000591695541916407,268.312705164135,498737.787215289,5663010.46939679
0.000501224470252831,268.312705164135,499237.787215289,5663010.46939679
0.000698496651903584,268.312705164135,499737.787215289,5663010.46939679
0.000420022878155467,268.312705164135,500237.787215289,5663010.46939679
0.000412858978978571,268.312705164135,500737.787215289,5663010.46939679
0.000535168203227872,268.312705164135,501237.787215289,5663010.46939679
0.00129814128358076,268.312705164135,501737.787215289,5663010.46939679
0.00238480548985414,268.312705164135,502237.787215289,5663010.46939679
0.00352434053910223,268.312705164135,502737.787215289,5663010.46939679
0.00416048439161431,268.312705164135,503237.787215289,5663010.46939679
0.00321493220903764,268.312705164135,503737.787215289,5663010.46939679
0.00287898176011332,268.312705164135,504237.787215289,5663010.46939679
0.00312613205752191,268.312705164135,504737.787215289,5663010.46939679
0.00256169890164664,268.312705164135,505237.787215289,5663010.46939679
0.00325789395046334,268.312705164135,505737.787215289,5663010.46939679
0.00324007713242969,268.312705164135,506237.787215289,5663010.46939679
0.00157503073675699,268.312705164135,506737.787215289,5663010.46939679
0.00314196138416083,268.312705164135,507237.787215289,5663010.46939679
0.00244642888525178,268.312705164135,507737.787215289,5663010.46939679
0.00250157710820688,268.312705164135,508237.787215289,5663010.46939679
0.00360378740918776,268.312705164135,508737.787215289,5663010.46939679
0.00280670364644915,268.312705164135,509237.787215289,5663010.46939679
0.00301112142827984,268.312705164135,509737.787215289,5663010.46939679
0.0051916383660584,268.312705164135,510237.787215289,5663010.46939679
0.00217576901225618,268.312705164135,510737.787215289,5663010.46939679
0.00334953460813263,268.312705164135,511237.787215289,5663010.46939679
0.00293313224356769,268.312705164135,511737.787215289,5663010.46939679
0.00461736975366852,268.312705164135,512237.787215289,5663010.46939679
0.00337889114424716,268.312705164135,512737.787215289,5663010.46939679
0.00318702086707009,268.312705164135,513237.787215289,5663010.46939679
0.00278068950082363,268.312705164135,513737.787215289,5663010.46939679
0.00312627162986537,268.312705164135,514237.787215289,5663010.46939679
0.00309923461166251,268.312705164135,514737.787215289,5663010.46939679
0.00124693372220003,268.312705164135,515237.787215289,5663010.46939679
0.00375716818266023,268.312705164135,515737.787215289,5663010.46939679
0.00237440651813698,268.312705164135,516237.787215289,5663010.46939679
0.00426777274424177,268.312705164135,516737.787215289,5663010.46939679
0.00378399873742587,268.312705164135,517237.787215289,5663010.46939679
0.00216321697206072,268.312705164135,517737.787215289,5663010.46939679
0.00539790623726666,268.312705164135,518237.787215289,5663010.46939679
0.00420111150013571,268.312705164135,518737.787215289,5663010.46939679
0.00247209556680016,268.312705164135,519237.787215289,5663010.46939679
0.00330568913178947,268.312705164135,519737.787215289,5663010.46939679
0.00354307843073689,268.312705164135,520237.787215289,5663010.46939679
0.00260689536876775,268.312705164135,520737.787215289,5663010.46939679
0.00309199606389797,268.312705164135,521237.787215289,5663010.46939679
0.00322196192778032,268.312705164135,521737.787215289,5663010.46939679
0.00342223906719676,268.312705164135,522237.787215289,5663010.46939679
0.00241131165053458,268.312705164135,522737.787215289,5663010.46939679
0.00219215787397943,268.312705164135,523237.787215289,5663010.46939679
0.001937255096759,268.312705164135,523737.787215289,5663010.46939679
0.00402128788740169,268.312705164135,524237.787215289,5663010.46939679
0.00063174976305961,268.312705164135,486737.787215289,5663510.46939679
0.000509253022052095,268.312705164135,487237.787215289,5663510.46939679
0.00168306252462875,268.312705164135,487737.787215289,5663510.46939679
0.000452649251418199,268.312705164135,488237.787215289,5663510.46939679
0.000452649251418199,268.312705164135,488737.787215289,5663510.46939679
0.000406312085399734,268.312705164135,489237.787215289,5663510.46939679
0.000406312085399734,268.312705164135,489737.787215289,5663510.46939679
0.000426809748211413,268.312705164135,490237.787215289,5663510.46939679
0.000425702876017992,268.312705164135,490737.787215289,5663510.46939679
0.0013477253633153,268.312705164135,491237.787215289,5663510.46939679
0.000819225206866686,268.312705164135,491737.787215289,5663510.46939679
0.000518138032715483,268.312705164135,492237.787215289,5663510.46939679
0.000819225206866686,268.312705164135,492737.787215289,5663510.46939679
0.000613270188480549,268.312705164135,493237.787215289,5663510.46939679
0.0020245826731579,268.312705164135,493737.787215289,5663510.46939679
0.00044119252616477,268.312705164135,494237.787215289,5663510.46939679
0.000845882409026274,268.312705164135,494737.787215289,5663510.46939679
0.00143853785454823,268.312705164135,495237.787215289,5663510.46939679
0.00110310192905313,268.312705164135,495737.787215289,5663510.46939679
0.000765720676725523,268.312705164135,496237.787215289,5663510.46939679
0.000531526724160727,268.312705164135,496737.787215289,5663510.46939679
0.000675695649070404,268.312705164135,497237.787215289,5663510.46939679
0.000738409803687643,268.312705164135,497737.787215289,5663510.46939679
0.000427380913069832,268.312705164135,498237.787215289,5663510.46939679
0.000561844730744605,268.312705164135,498737.787215289,5663510.46939679
0.00258597191042547,268.312705164135,499237.787215289,5663510.46939679
0.000561844730744605,268.312705164135,499737.787215289,5663510.46939679
0.000415181394637965,268.312705164135,500237.787215289,5663510.46939679
0.000366801285460068,268.312705164135,500737.787215289,5663510.46939679
0.000405200962191224,268.312705164135,501237.787215289,5663510.46939679
0.000443674323785128,268.312705164135,501737.787215289,5663510.46939679
0.00234548312815726,268.312705164135,502237.787215289,5663510.46939679
0.00180906438949717,268.312705164135,502737.787215289,5663510.46939679
0.00189042964231967,268.312705164135,503237.787215289,5663510.46939679
0.00298546396679063,268.312705164135,503737.787215289,5663510.46939679
0.00352434053910223,268.312705164135,504237.787215289,5663510.46939679
0.00298546396679063,268.312705164135,504737.787215289,5663510.46939679
0.00352434053910223,268.312705164135,505237.787215289,5663510.46939679
0.00352434053910223,268.312705164135,505737.787215289,5663510.46939679
0.00376620779656611,268.312705164135,506237.787215289,5663510.46939679
0.00364326760149743,268.312705164135,506737.787215289,5663510.46939679
0.0013915797115023,268.312705164135,507237.787215289,5663510.46939679
0.00265713443233733,268.312705164135,507737.787215289,5663510.46939679
0.0023616860051375,268.312705164135,508237.787215289,5663510.46939679
0.00375843500727776,268.312705164135,508737.787215289,5663510.46939679
0.00327064750842804,268.312705164135,509237.787215289,5663510.46939679
0.00428997135584375,268.312705164135,509737.787215289,5663510.46939679
0.00395412597099873,268.312705164135,510237.787215289,5663510.46939679
0.0037001905388794,268.312705164135,510737.787215289,5663510.46939679
0.00307838071145029,268.312705164135,511237.787215289,5663510.46939679
0.00250157710820688,268.312705164135,511737.787215289,5663510.46939679
0.0023869087977453,268.312705164135,512237.787215289,5663510.46939679
0.00370908575741263,268.312705164135,512737.787215289,5663510.46939679
0.00253801587117136,268.312705164135,513237.787215289,5663510.46939679
0.00187505968562633,268.312705164135,513737.787215289,5663510.46939679
0.00135949320059773,268.312705164135,514237.787215289,5663510.46939679
0.00332341844615874,268.312705164135,514737.787215289,5663510.46939679
0.00169730874638749,268.312705164135,515237.787215289,5663510.46939679
0.00144216293349534,268.312705164135,515737.787215289,5663510.46939679
0.0028945166423725,268.312705164135,516237.787215289,5663510.46939679
0.00256710347659754,268.312705164135,516737.787215289,5663510.46939679
0.00361522435332842,268.312705164135,517237.787215289,5663510.46939679
0.00398065453098313,268.312705164135,517737.787215289,5663510.46939679
0.00168951913616543,268.312705164135,518237.787215289,5663510.46939679
0.00539790623726666,268.312705164135,518737.787215289,5663510.46939679
0.00218953465621931,268.312705164135,519237.787215289,5663510.46939679
0.00383045160642999,268.312705164135,519737.787215289,5663510.46939679
0.00305439555247364,268.312705164135,520237.787215289,5663510.46939679
0.00265269356780032,268.312705164135,520737.787215289,5663510.46939679
0.00384213724013058,268.312705164135,521237.787215289,5663510.46939679
0.00367134032929715,268.312705164135,521737.787215289,5663510.46939679
0.00292537070072366,268.312705164135,522237.787215289,5663510.46939679
0.00307655955229356,268.312705164135,522737.787215289,5663510.46939679
0.00310641874388032,268.312705164135,523237.787215289,5663510.46939679
0.00337412357314813,268.312705164135,523737.787215289,5663510.46939679
0.00307983752858023,268.312705164135,524237.787215289,5663510.46939679
0.000338333688687421,268.312705164135,486737.787215289,5664010.46939679
0.000369024075033286,268.312705164135,487237.787215289,5664010.46939679
0.0025463083803738,268.312705164135,487737.787215289,5664010.46939679
0.0025424272539402,268.312705164135,488237.787215289,5664010.46939679
0.0005494628206269,268.312705164135,488737.787215289,5664010.46939679
0.000410726786744547,268.312705164135,489237.787215289,5664010.46939679
0.000453724934409256,268.312705164135,489737.787215289,5664010.46939679
0.000497972330145094,268.312705164135,490237.787215289,5664010.46939679
0.00058785639016377,268.312705164135,490737.787215289,5664010.46939679
0.000766614261126839,268.312705164135,491237.787215289,5664010.46939679
0.000649397873908353,268.312705164135,491737.787215289,5664010.46939679
0.000675695649070404,268.312705164135,492237.787215289,5664010.46939679
0.000819225206866686,268.312705164135,492737.787215289,5664010.46939679
0.000655357488764516,268.312705164135,493237.787215289,5664010.46939679
0.00094369525258558,268.312705164135,493737.787215289,5664010.46939679
0.000428054196758347,268.312705164135,494237.787215289,5664010.46939679
0.000469035649417089,268.312705164135,494737.787215289,5664010.46939679
0.000501224470252831,268.312705164135,495237.787215289,5664010.46939679
0.001032260315235,268.312705164135,495737.787215289,5664010.46939679
0.000874426276714752,268.312705164135,496237.787215289,5664010.46939679
0.0005494628206269,268.312705164135,496737.787215289,5664010.46939679
0.000740725282299704,268.312705164135,497237.787215289,5664010.46939679
0.000572380844142482,268.312705164135,497737.787215289,5664010.46939679
0.000553227179535939,268.312705164135,498237.787215289,5664010.46939679
0.000934624364315293,268.312705164135,498737.787215289,5664010.46939679
0.00174522548511943,268.312705164135,499237.787215289,5664010.46939679
0.000405200962191224,268.312705164135,499737.787215289,5664010.46939679
0.000405200962191224,268.312705164135,500237.787215289,5664010.46939679
0.000358676906223816,268.312705164135,500737.787215289,5664010.46939679
0.000370780274310109,268.312705164135,501237.787215289,5664010.46939679
0.000379178806553323,268.312705164135,501737.787215289,5664010.46939679
0.000435645620822899,268.312705164135,502237.787215289,5664010.46939679
0.00238278351454461,268.312705164135,502737.787215289,5664010.46939679
0.00180906438949717,268.312705164135,503237.787215289,5664010.46939679
0.0020883348570111,268.312705164135,503737.787215289,5664010.46939679
0.00376620779656611,268.312705164135,504237.787215289,5664010.46939679
0.00288800956643003,268.312705164135,504737.787215289,5664010.46939679
0.00329800608635677,268.312705164135,505237.787215289,5664010.46939679
0.00364326760149743,268.312705164135,505737.787215289,5664010.46939679
0.00376620779656611,268.312705164135,506237.787215289,5664010.46939679
0.00340929560882494,268.312705164135,506737.787215289,5664010.46939679
0.00178277308124542,268.312705164135,507237.787215289,5664010.46939679
0.00330631697813712,268.312705164135,507737.787215289,5664010.46939679
0.00355907591427171,268.312705164135,508237.787215289,5664010.46939679
0.0036357485391097,268.312705164135,508737.787215289,5664010.46939679
0.00331331396140092,268.312705164135,509237.787215289,5664010.46939679
0.00482536021289366,268.312705164135,509737.787215289,5664010.46939679
0.0046678461409429,268.312705164135,510237.787215289,5664010.46939679
0.00220897227943504,268.312705164135,510737.787215289,5664010.46939679
0.00311464411925888,268.312705164135,511237.787215289,5664010.46939679
0.0036601780266864,268.312705164135,511737.787215289,5664010.46939679
0.00297117219554635,268.312705164135,512237.787215289,5664010.46939679
0.00255307228323986,268.312705164135,512737.787215289,5664010.46939679
0.0028623764316204,268.312705164135,513237.787215289,5664010.46939679
0.00267516803032205,268.312705164135,513737.787215289,5664010.46939679
0.00164381663686905,268.312705164135,514237.787215289,5664010.46939679
0.00340799252661288,268.312705164135,514737.787215289,5664010.46939679
0.00226413461662487,268.312705164135,515237.787215289,5664010.46939679
0.0033747341007732,268.312705164135,515737.787215289,5664010.46939679
0.00372129678727463,268.312705164135,516237.787215289,5664010.46939679
0.0024446888558707,268.312705164135,516737.787215289,5664010.46939679
0.00129218845878862,268.312705164135,517237.787215289,5664010.46939679
0.00267298186463242,268.312705164135,517737.787215289,5664010.46939679
0.00539790623726666,268.312705164135,518237.787215289,5664010.46939679
0.00522170256460232,268.312705164135,518737.787215289,5664010.46939679
0.00375754487665261,268.312705164135,519237.787215289,5664010.46939679
0.00470463123270312,268.312705164135,519737.787215289,5664010.46939679
0.00251340916447572,268.312705164135,520237.787215289,5664010.46939679
0.00303939844384214,268.312705164135,520737.787215289,5664010.46939679
0.00295262229901425,268.312705164135,521237.787215289,5664010.46939679
0.00328062533680814,268.312705164135,521737.787215289,5664010.46939679
0.00134194639483982,268.312705164135,522237.787215289,5664010.46939679
0.0031803764751416,268.312705164135,522737.787215289,5664010.46939679
0.00272023968869456,268.312705164135,523237.787215289,5664010.46939679
0.00412421881355544,268.312705164135,523737.787215289,5664010.46939679
0.00416312802358629,268.312705164135,524237.787215289,5664010.46939679
0.000361552739310523,268.312705164135,486737.787215289,5664510.46939679
0.000435632960910466,268.312705164135,487237.787215289,5664510.46939679
0.00195256431902281,268.312705164135,487737.787215289,5664510.46939679
0.00195422122021388,268.312705164135,488237.787215289,5664510.46939679
0.002528982372196,268.312705164135,488737.787215289,5664510.46939679
0.00062746735596666,268.312705164135,489237.787215289,5664510.46939679
0.000818270297855543,268.312705164135,489737.787215289,5664510.46939679
0.000514176115091276,268.312705164135,490237.787215289,5664510.46939679
0.0005494628206269,268.312705164135,490737.787215289,5664510.46939679
0.000555152416846546,268.312705164135,491237.787215289,5664510.46939679
0.000425702876017992,268.312705164135,491737.787215289,5664510.46939679
0.000741589697455312,268.312705164135,492237.787215289,5664510.46939679
0.000717382009778278,268.312705164135,492737.787215289,5664510.46939679
0.000421178928378097,268.312705164135,493237.787215289,5664510.46939679
0.000454917869851474,268.312705164135,493737.787215289,5664510.46939679
0.000671311471817732,268.312705164135,494237.787215289,5664510.46939679
0.000587171170324927,268.312705164135,494737.787215289,5664510.46939679
0.000514176115091276,268.312705164135,495237.787215289,5664510.46939679
0.000903933342566382,268.312705164135,495737.787215289,5664510.46939679
0.000424586551331028,268.312705164135,496237.787215289,5664510.46939679
0.000653638938609681,268.312705164135,496737.787215289,5664510.46939679
0.000765720676725523,268.312705164135,497237.787215289,5664510.46939679
0.000845882409026274,268.312705164135,497737.787215289,5664510.46939679
0.00291026275101852,268.312705164135,498237.787215289,5664510.46939679
0.00292537070072366,268.312705164135,498737.787215289,5664510.46939679
0.000680142653015582,268.312705164135,499237.787215289,5664510.46939679
0.000443674323785128,268.312705164135,499737.787215289,5664510.46939679
0.000423418126999961,268.312705164135,500237.787215289,5664510.46939679
0.00038653592075799,268.312705164135,500737.787215289,5664510.46939679
0.000365827004392502,268.312705164135,501237.787215289,5664510.46939679
0.000390506227712876,268.312705164135,501737.787215289,5664510.46939679
0.000506736789621963,268.312705164135,502237.787215289,5664510.46939679
0.000683024022259195,268.312705164135,502737.787215289,5664510.46939679
0.00123605479861308,268.312705164135,503237.787215289,5664510.46939679
0.00088041695382971,268.312705164135,503737.787215289,5664510.46939679
0.00256169890164664,268.312705164135,504237.787215289,5664510.46939679
0.00239718565084979,268.312705164135,504737.787215289,5664510.46939679
0.00291026275101852,268.312705164135,505237.787215289,5664510.46939679
0.00279373636679913,268.312705164135,505737.787215289,5664510.46939679
0.00238753672913959,268.312705164135,506237.787215289,5664510.46939679
0.00165195701814362,268.312705164135,506737.787215289,5664510.46939679
0.00225085488040907,268.312705164135,507237.787215289,5664510.46939679
0.00253856393368643,268.312705164135,507737.787215289,5664510.46939679
0.00359094239337335,268.312705164135,508237.787215289,5664510.46939679
0.00399128719553218,268.312705164135,508737.787215289,5664510.46939679
0.00411539939049751,268.312705164135,509237.787215289,5664510.46939679
0.00303210928550615,268.312705164135,509737.787215289,5664510.46939679
0.00318225908837924,268.312705164135,510237.787215289,5664510.46939679
0.00250800322312883,268.312705164135,510737.787215289,5664510.46939679
0.00145090083397602,268.312705164135,511237.787215289,5664510.46939679
0.00318376506505542,268.312705164135,511737.787215289,5664510.46939679
0.00389002112146401,268.312705164135,512237.787215289,5664510.46939679
0.00336206851747536,268.312705164135,512737.787215289,5664510.46939679
0.00121798913503121,268.312705164135,513237.787215289,5664510.46939679
0.00129814128358076,268.312705164135,513737.787215289,5664510.46939679
0.00141153142159967,268.312705164135,514237.787215289,5664510.46939679
0.00312613205752191,268.312705164135,514737.787215289,5664510.46939679
0.00318119463957078,268.312705164135,515237.787215289,5664510.46939679
0.00073726606417244,268.312705164135,515737.787215289,5664510.46939679
0.00296615634521695,268.312705164135,516237.787215289,5664510.46939679
0.00191928907017498,268.312705164135,516737.787215289,5664510.46939679
0.00151244713223917,268.312705164135,517237.787215289,5664510.46939679
0.00114571224608192,268.312705164135,517737.787215289,5664510.46939679
0.00189429344458139,268.312705164135,518237.787215289,5664510.46939679
0.00522170256460232,268.312705164135,518737.787215289,5664510.46939679
0.00416560979980063,268.312705164135,519237.787215289,5664510.46939679
0.00361522435332842,268.312705164135,519737.787215289,5664510.46939679
0.00106198510657407,268.312705164135,520237.787215289,5664510.46939679
0.00257891974998692,268.312705164135,520737.787215289,5664510.46939679
0.00316971672551138,268.312705164135,521237.787215289,5664510.46939679
0.00352250313527535,268.312705164135,521737.787215289,5664510.46939679
0.00341569081092909,268.312705164135,522237.787215289,5664510.46939679
0.00314228452505051,268.312705164135,522737.787215289,5664510.46939679
0.00353095154401863,268.312705164135,523237.787215289,5664510.46939679
0.00423564642754532,268.312705164135,523737.787215289,5664510.46939679
0.00398878136509054,268.312705164135,524237.787215289,5664510.46939679
0.000386365259132421,268.312705164135,486737.787215289,5665010.46939679
0.000544201867214008,268.312705164135,487237.787215289,5665010.46939679
0.00234548312815726,268.312705164135,487737.787215289,5665010.46939679
0.00272336460091381,268.312705164135,488237.787215289,5665010.46939679
0.00288800956643003,268.312705164135,488737.787215289,5665010.46939679
0.00389329654541035,268.312705164135,489237.787215289,5665010.46939679
0.00062746735596666,268.312705164135,489737.787215289,5665010.46939679
0.000469035649417089,268.312705164135,490237.787215289,5665010.46939679
0.000572380844142482,268.312705164135,490737.787215289,5665010.46939679
0.00062746735596666,268.312705164135,491237.787215289,5665010.46939679
0.000874426276714752,268.312705164135,491737.787215289,5665010.46939679
0.000568667013692031,268.312705164135,492237.787215289,5665010.46939679
0.000532147007775927,268.312705164135,492737.787215289,5665010.46939679
0.000458767905866399,268.312705164135,493237.787215289,5665010.46939679
0.000820176542935156,268.312705164135,493737.787215289,5665010.46939679
0.000694770408299865,268.312705164135,494237.787215289,5665010.46939679
0.000497391881373047,268.312705164135,494737.787215289,5665010.46939679
0.000497391881373047,268.312705164135,495237.787215289,5665010.46939679
0.000497391881373047,268.312705164135,495737.787215289,5665010.46939679
0.000420022878155467,268.312705164135,496237.787215289,5665010.46939679
0.000434196334574787,268.312705164135,496737.787215289,5665010.46939679
0.000518138032715483,268.312705164135,497237.787215289,5665010.46939679
0.000765720676725523,268.312705164135,497737.787215289,5665010.46939679
0.000903933342566382,268.312705164135,498237.787215289,5665010.46939679
0.0012694103723279,268.312705164135,498737.787215289,5665010.46939679
0.0025463083803738,268.312705164135,499237.787215289,5665010.46939679
0.000481252470286255,268.312705164135,499737.787215289,5665010.46939679
0.000405200962191224,268.312705164135,500237.787215289,5665010.46939679
0.000452476323846076,268.312705164135,500737.787215289,5665010.46939679
0.000397474679742967,268.312705164135,501237.787215289,5665010.46939679
0.000405685898932331,268.312705164135,501737.787215289,5665010.46939679
0.00037421354513488,268.312705164135,502237.787215289,5665010.46939679
0.000498649179740194,268.312705164135,502737.787215289,5665010.46939679
0.000806309932930286,268.312705164135,503237.787215289,5665010.46939679
0.00101288114568397,268.312705164135,503737.787215289,5665010.46939679
0.00324705179350539,268.312705164135,504237.787215289,5665010.46939679
0.00266078619199669,268.312705164135,504737.787215289,5665010.46939679
0.00101148234086859,268.312705164135,505237.787215289,5665010.46939679
0.0018382958565741,268.312705164135,505737.787215289,5665010.46939679
0.00116834250412746,268.312705164135,506237.787215289,5665010.46939679
0.00304345539395043,268.312705164135,506737.787215289,5665010.46939679
0.0036402025264882,268.312705164135,507237.787215289,5665010.46939679
0.00385857570847284,268.312705164135,507737.787215289,5665010.46939679
0.00432084056055422,268.312705164135,508237.787215289,5665010.46939679
0.00406175834797595,268.312705164135,508737.787215289,5665010.46939679
0.00388342367056808,268.312705164135,509237.787215289,5665010.46939679
0.00274476540619418,268.312705164135,509737.787215289,5665010.46939679
0.00425427143043368,268.312705164135,510237.787215289,5665010.46939679
0.00367457831206707,268.312705164135,510737.787215289,5665010.46939679
0.00398878136509054,268.312705164135,511237.787215289,5665010.46939679
0.00238989475214489,268.312705164135,511737.787215289,5665010.46939679
0.00265713443233733,268.312705164135,512237.787215289,5665010.46939679
0.0019501354404745,268.312705164135,512737.787215289,5665010.46939679
0.00326460246107452,268.312705164135,513237.787215289,5665010.46939679
0.00294260915932267,268.312705164135,513737.787215289,5665010.46939679
0.00270308498831779,268.312705164135,514237.787215289,5665010.46939679
0.00244800244634583,268.312705164135,514737.787215289,5665010.46939679
0.0022491068043155,268.312705164135,515237.787215289,5665010.46939679
0.00204513486960622,268.312705164135,515737.787215289,5665010.46939679
0.0035015478897242,268.312705164135,516237.787215289,5665010.46939679
0.00348801307284145,268.312705164135,516737.787215289,5665010.46939679
0.00324477022599102,268.312705164135,517237.787215289,5665010.46939679
0.00280693351394667,268.312705164135,517737.787215289,5665010.46939679
0.00366263638105206,268.312705164135,518237.787215289,5665010.46939679
0.00505125070252817,268.312705164135,518737.787215289,5665010.46939679
0.00430617616422498,268.312705164135,519237.787215289,5665010.46939679
0.00441178654478451,268.312705164135,519737.787215289,5665010.46939679
0.00339297490507923,268.312705164135,520237.787215289,5665010.46939679
0.00416985852534585,268.312705164135,520737.787215289,5665010.46939679
0.00407687283290781,268.312705164135,521237.787215289,5665010.46939679
0.00370697600841582,268.312705164135,521737.787215289,5665010.46939679
0.00385046824363829,268.312705164135,522237.787215289,5665010.46939679
0.00290020061878421,268.312705164135,522737.787215289,5665010.46939679
0.00339951259562386,268.312705164135,523237.787215289,5665010.46939679
0.0038020829421541,268.312705164135,523737.787215289,5665010.46939679
0.00345308973143527,268.312705164135,524237.787215289,5665010.46939679
0.00042475243841417,268.312705164135,487237.787215289,5665510.46939679
0.000414830255453132,268.312705164135,487737.787215289,5665510.46939679
0.00332341844615874,268.312705164135,488237.787215289,5665510.46939679
0.00228931831753542,268.312705164135,488737.787215289,5665510.46939679
0.00254846911912498,268.312705164135,489237.787215289,5665510.46939679
0.00044119252616477,268.312705164135,489737.787215289,5665510.46939679
0.000469035649417089,268.312705164135,490237.787215289,5665510.46939679
0.000587171170324927,268.312705164135,490737.787215289,5665510.46939679
0.000648640919805361,268.312705164135,491237.787215289,5665510.46939679
0.000693155630745337,268.312705164135,491737.787215289,5665510.46939679
0.000673641271477704,268.312705164135,492237.787215289,5665510.46939679
0.000453724934409256,268.312705164135,492737.787215289,5665510.46939679
0.000580413834489474,268.312705164135,493237.787215289,5665510.46939679
0.000588539046144513,268.312705164135,493737.787215289,5665510.46939679
0.000569327385756439,268.312705164135,494237.787215289,5665510.46939679
0.000968225930524381,268.312705164135,494737.787215289,5665510.46939679
0.000411806671282112,268.312705164135,495237.787215289,5665510.46939679
0.000414081237938225,268.312705164135,495737.787215289,5665510.46939679
0.000420022878155467,268.312705164135,496237.787215289,5665510.46939679
0.000791559527905729,268.312705164135,496737.787215289,5665510.46939679
0.000818270297855543,268.312705164135,497237.787215289,5665510.46939679
0.000998564276308954,268.312705164135,497737.787215289,5665510.46939679
0.000874426276714752,268.312705164135,498237.787215289,5665510.46939679
0.000998564276308954,268.312705164135,498737.787215289,5665510.46939679
0.0009416362859208,268.312705164135,499237.787215289,5665510.46939679
0.000856825283540126,268.312705164135,499737.787215289,5665510.46939679
0.000830002210608476,268.312705164135,500237.787215289,5665510.46939679
0.00045864588609658,268.312705164135,500737.787215289,5665510.46939679
0.000519122377686113,268.312705164135,501237.787215289,5665510.46939679
0.00053065843839927,268.312705164135,501737.787215289,5665510.46939679
0.000460401865039995,268.312705164135,502237.787215289,5665510.46939679
0.000425917174770277,268.312705164135,502737.787215289,5665510.46939679
0.000389485898469164,268.312705164135,503237.787215289,5665510.46939679
0.000533526704887574,268.312705164135,503737.787215289,5665510.46939679
0.000502320439568428,268.312705164135,504237.787215289,5665510.46939679
0.00257679433568795,268.312705164135,504737.787215289,5665510.46939679
0.0029179144256755,268.312705164135,505237.787215289,5665510.46939679
0.00272023968869456,268.312705164135,505737.787215289,5665510.46939679
0.00347551979379742,268.312705164135,506237.787215289,5665510.46939679
0.00358205610755563,268.312705164135,506737.787215289,5665510.46939679
0.00374817851170932,268.312705164135,507237.787215289,5665510.46939679
0.0041259711331579,268.312705164135,507737.787215289,5665510.46939679
0.00307838071145029,268.312705164135,508237.787215289,5665510.46939679
0.00324019586201018,268.312705164135,508737.787215289,5665510.46939679
0.00217576901225618,268.312705164135,509237.787215289,5665510.46939679
0.00252256921405411,268.312705164135,509737.787215289,5665510.46939679
0.00277056095350333,268.312705164135,510237.787215289,5665510.46939679
0.00356961247189986,268.312705164135,510737.787215289,5665510.46939679
0.00249062531972142,268.312705164135,511237.787215289,5665510.46939679
0.00289528727736771,268.312705164135,511737.787215289,5665510.46939679
0.00156114500052313,268.312705164135,512237.787215289,5665510.46939679
0.00332722464798977,268.312705164135,512737.787215289,5665510.46939679
0.00351332358675172,268.312705164135,513237.787215289,5665510.46939679
0.00307846580185145,268.312705164135,513737.787215289,5665510.46939679
0.00343435461292323,268.312705164135,514237.787215289,5665510.46939679
0.00297797554570123,268.312705164135,514737.787215289,5665510.46939679
0.00264826034766221,268.312705164135,515237.787215289,5665510.46939679
0.00348557094670267,268.312705164135,515737.787215289,5665510.46939679
0.0017536672566437,268.312705164135,516237.787215289,5665510.46939679
0.00243471753908168,268.312705164135,516737.787215289,5665510.46939679
0.00412845998137077,268.312705164135,517237.787215289,5665510.46939679
0.004253837551647,268.312705164135,517737.787215289,5665510.46939679
0.00558005581241708,268.312705164135,518237.787215289,5665510.46939679
0.00488636289488361,268.312705164135,518737.787215289,5665510.46939679
0.00389809279798753,268.312705164135,519237.787215289,5665510.46939679
0.00412845998137077,268.312705164135,519737.787215289,5665510.46939679
0.00395696592514388,268.312705164135,520237.787215289,5665510.46939679
0.00434346052620496,268.312705164135,520737.787215289,5665510.46939679
0.00383127546737684,268.312705164135,521237.787215289,5665510.46939679
0.00397017372042656,268.312705164135,521737.787215289,5665510.46939679
0.0035015478897242,268.312705164135,522237.787215289,5665510.46939679
0.00342838260165459,268.312705164135,522737.787215289,5665510.46939679
0.00334229583652829,268.312705164135,523237.787215289,5665510.46939679
0.00359279942520273,268.312705164135,523737.787215289,5665510.46939679
0.000539147464116764,268.312705164135,487737.787215289,5666010.46939679
0.000871692853960136,268.312705164135,488237.787215289,5666010.46939679
0.00320731030503281,268.312705164135,488737.787215289,5666010.46939679
0.00332341844615874,268.312705164135,489237.787215289,5666010.46939679
0.00067052897468709,268.312705164135,489737.787215289,5666010.46939679
0.000587171170324927,268.312705164135,490237.787215289,5666010.46939679
0.000497391881373047,268.312705164135,490737.787215289,5666010.46939679
0.000453724934409256,268.312705164135,491237.787215289,5666010.46939679
0.000406312085399734,268.312705164135,491737.787215289,5666010.46939679
0.000533380542807056,268.312705164135,492237.787215289,5666010.46939679
0.00069557316644895,268.312705164135,492737.787215289,5666010.46939679
0.000503848954413117,268.312705164135,493237.787215289,5666010.46939679
0.000820176542935156,268.312705164135,493737.787215289,5666010.46939679
0.000550742850955503,268.312705164135,494237.787215289,5666010.46939679
0.000402628900184058,268.312705164135,494737.787215289,5666010.46939679
0.000405265981528413,268.312705164135,495237.787215289,5666010.46939679
0.000470268839853453,268.312705164135,495737.787215289,5666010.46939679
0.000607693302294354,268.312705164135,496237.787215289,5666010.46939679
0.000765720676725523,268.312705164135,496737.787215289,5666010.46939679
0.000765720676725523,268.312705164135,497237.787215289,5666010.46939679
0.000438914006559056,268.312705164135,497737.787215289,5666010.46939679
0.000572380844142482,268.312705164135,498237.787215289,5666010.46939679
0.00160138031960327,268.312705164135,498737.787215289,5666010.46939679
0.000874426276714752,268.312705164135,499237.787215289,5666010.46939679
0.00389329654541035,268.312705164135,499737.787215289,5666010.46939679
0.000901107681864019,268.312705164135,500237.787215289,5666010.46939679
0.000758897807668722,268.312705164135,500737.787215289,5666010.46939679
0.00100518835869415,268.312705164135,501237.787215289,5666010.46939679
0.000874602442008728,268.312705164135,501737.787215289,5666010.46939679
0.000734125131929201,268.312705164135,502237.787215289,5666010.46939679
0.000523896930037815,268.312705164135,502737.787215289,5666010.46939679
0.00043299043460817,268.312705164135,503237.787215289,5666010.46939679
0.000440068001049555,268.312705164135,503737.787215289,5666010.46939679
0.000951415185585697,268.312705164135,504237.787215289,5666010.46939679
0.000956184434562092,268.312705164135,504737.787215289,5666010.46939679
0.00324756169204073,268.312705164135,505237.787215289,5666010.46939679
0.0035369294471938,268.312705164135,505737.787215289,5666010.46939679
0.00382788424964458,268.312705164135,506237.787215289,5666010.46939679
0.00282962332030115,268.312705164135,506737.787215289,5666010.46939679
0.00306060531592984,268.312705164135,507237.787215289,5666010.46939679
0.00398106054591368,268.312705164135,507737.787215289,5666010.46939679
0.00482536021289366,268.312705164135,508237.787215289,5666010.46939679
0.00382505156925064,268.312705164135,508737.787215289,5666010.46939679
0.00265516812089224,268.312705164135,509237.787215289,5666010.46939679
0.00222486730805819,268.312705164135,509737.787215289,5666010.46939679
0.00317507680193061,268.312705164135,510237.787215289,5666010.46939679
0.00232680882295094,268.312705164135,510737.787215289,5666010.46939679
0.00325232062736967,268.312705164135,511237.787215289,5666010.46939679
0.000604150314849149,268.312705164135,511737.787215289,5666010.46939679
0.000914014750679152,268.312705164135,512237.787215289,5666010.46939679
0.00209382551550751,268.312705164135,512737.787215289,5666010.46939679
0.00341148849289385,268.312705164135,513237.787215289,5666010.46939679
0.00309792376161002,268.312705164135,513737.787215289,5666010.46939679
0.00344307764758071,268.312705164135,514237.787215289,5666010.46939679
0.00280779727004995,268.312705164135,514737.787215289,5666010.46939679
0.00396403929470176,268.312705164135,515237.787215289,5666010.46939679
0.00326172629151837,268.312705164135,515737.787215289,5666010.46939679
0.00352066356648822,268.312705164135,516237.787215289,5666010.46939679
0.00387465887159076,268.312705164135,516737.787215289,5666010.46939679
0.00250951608861875,268.312705164135,517237.787215289,5666010.46939679
0.00137635950281172,268.312705164135,517737.787215289,5666010.46939679
0.00413923120921053,268.312705164135,518237.787215289,5666010.46939679
0.00577607049400625,268.312705164135,518737.787215289,5666010.46939679
0.00483417138854545,268.312705164135,519237.787215289,5666010.46939679
0.00384925188543601,268.312705164135,519737.787215289,5666010.46939679
0.00426777274424177,268.312705164135,520237.787215289,5666010.46939679
0.00293727310882936,268.312705164135,520737.787215289,5666010.46939679
0.00425482570141039,268.312705164135,521237.787215289,5666010.46939679
0.00411759981372293,268.312705164135,521737.787215289,5666010.46939679
0.0041504984390081,268.312705164135,522237.787215289,5666010.46939679
0.00331793475713895,268.312705164135,522737.787215289,5666010.46939679
0.00225331382046108,268.312705164135,523237.787215289,5666010.46939679
