"D_mod","EN","x","y"
0.000527713355641373,258.180708947237,487737.787215289,5631510.46939679
0.00221243506247094,258.180708947237,488237.787215289,5631510.46939679
0.00060622990309823,258.180708947237,488737.787215289,5631510.46939679
0.00121292430856927,258.180708947237,489237.787215289,5631510.46939679
0.000696428641575348,258.180708947237,489737.787215289,5631510.46939679
0.000437319189139471,258.180708947237,490237.787215289,5631510.46939679
0.00060622990309823,258.180708947237,490737.787215289,5631510.46939679
0.000900142701251537,258.180708947237,491237.787215289,5631510.46939679
0.00046752109436986,258.180708947237,491737.787215289,5631510.46939679
0.00110363887221921,258.180708947237,492237.787215289,5631510.46939679
0.00221058147866173,258.180708947237,492737.787215289,5631510.46939679
0.00130063887907531,258.180708947237,493237.787215289,5631510.46939679
0.00269928277701096,258.180708947237,493737.787215289,5631510.46939679
0.00269597987964954,258.180708947237,494237.787215289,5631510.46939679
0.00155739526985053,258.180708947237,494737.787215289,5631510.46939679
0.000213001242413711,258.180708947237,495237.787215289,5631510.46939679
0.000213001242413711,258.180708947237,495737.787215289,5631510.46939679
0.000213001242413711,258.180708947237,496237.787215289,5631510.46939679
0.000213001242413711,258.180708947237,496737.787215289,5631510.46939679
0.000213001242413711,258.180708947237,497237.787215289,5631510.46939679
0.000925603447092876,258.180708947237,497737.787215289,5631510.46939679
0.00587222610748627,258.180708947237,498237.787215289,5631510.46939679
0.00571785585741092,258.180708947237,498737.787215289,5631510.46939679
0.0117489516019982,258.180708947237,499237.787215289,5631510.46939679
0.00111155649572638,258.180708947237,499737.787215289,5631510.46939679
0.000367651316456024,258.180708947237,500237.787215289,5631510.46939679
0.000213001242413711,258.180708947237,500737.787215289,5631510.46939679
0.000213001242413711,258.180708947237,501237.787215289,5631510.46939679
0.000213001242413711,258.180708947237,501737.787215289,5631510.46939679
0.000213001242413711,258.180708947237,502237.787215289,5631510.46939679
0.000213001242413711,258.180708947237,502737.787215289,5631510.46939679
0.000213001242413711,258.180708947237,503237.787215289,5631510.46939679
0.000213001242413711,258.180708947237,503737.787215289,5631510.46939679
0.00112526125432017,258.180708947237,504237.787215289,5631510.46939679
0.00240231522147298,258.180708947237,504737.787215289,5631510.46939679
0.00422656080615399,258.180708947237,505237.787215289,5631510.46939679
0.00588433658190264,258.180708947237,505737.787215289,5631510.46939679
0.0062642408575433,258.180708947237,506237.787215289,5631510.46939679
0.0109863900051902,258.180708947237,506737.787215289,5631510.46939679
0.00446004278829743,258.180708947237,507237.787215289,5631510.46939679
0.00706515664018047,258.180708947237,507737.787215289,5631510.46939679
0.00288273662251675,258.180708947237,508237.787215289,5631510.46939679
0.00168519184222182,258.180708947237,508737.787215289,5631510.46939679
0.000213001242413711,258.180708947237,509237.787215289,5631510.46939679
0.000213001242413711,258.180708947237,509737.787215289,5631510.46939679
0.00589144064194853,258.180708947237,510237.787215289,5631510.46939679
0.0051260216488274,258.180708947237,510737.787215289,5631510.46939679
0.00140064050572012,258.180708947237,511237.787215289,5631510.46939679
0.00248253448463991,258.180708947237,511737.787215289,5631510.46939679
0.00499265714747666,258.180708947237,512237.787215289,5631510.46939679
0.00549667439002617,258.180708947237,512737.787215289,5631510.46939679
0.00528673624483812,258.180708947237,513237.787215289,5631510.46939679
0.00638458012640878,258.180708947237,513737.787215289,5631510.46939679
0.00329912465175557,258.180708947237,514237.787215289,5631510.46939679
0.00133793938744778,258.180708947237,514737.787215289,5631510.46939679
0.000264989425892294,258.180708947237,515237.787215289,5631510.46939679
0.000263328257859082,258.180708947237,515737.787215289,5631510.46939679
0.000194445835026797,258.180708947237,516237.787215289,5631510.46939679
0.000404988600383712,258.180708947237,516737.787215289,5631510.46939679
0.000456531279085237,258.180708947237,517237.787215289,5631510.46939679
0.000168186077614987,258.180708947237,517737.787215289,5631510.46939679
0.000211928236337598,258.180708947237,518237.787215289,5631510.46939679
0.000669353468736347,258.180708947237,518737.787215289,5631510.46939679
0.000521669163321971,258.180708947237,519237.787215289,5631510.46939679
0.000335330425125428,258.180708947237,519737.787215289,5631510.46939679
0.000197503501920154,258.180708947237,520237.787215289,5631510.46939679
0.000194638102857263,258.180708947237,520737.787215289,5631510.46939679
0.000427153255671304,258.180708947237,521237.787215289,5631510.46939679
0.000416794133875014,258.180708947237,521737.787215289,5631510.46939679
0.00063627592216183,258.180708947237,522237.787215289,5631510.46939679
0.00243197117531462,258.180708947237,522737.787215289,5631510.46939679
0.000406140787772669,258.180708947237,523237.787215289,5631510.46939679
0.000730684070175888,258.180708947237,487237.787215289,5632010.46939679
0.00321454327803762,258.180708947237,487737.787215289,5632010.46939679
0.000529674151416277,258.180708947237,488237.787215289,5632010.46939679
0.000318516151464459,258.180708947237,488737.787215289,5632010.46939679
0.000732094381643283,258.180708947237,489237.787215289,5632010.46939679
0.000461072808206705,258.180708947237,489737.787215289,5632010.46939679
0.000400583269373271,258.180708947237,490237.787215289,5632010.46939679
0.00123131293397922,258.180708947237,490737.787215289,5632010.46939679
0.000632101525038648,258.180708947237,491237.787215289,5632010.46939679
0.00125522279309232,258.180708947237,491737.787215289,5632010.46939679
0.000962575754073524,258.180708947237,492237.787215289,5632010.46939679
0.000664962060705706,258.180708947237,492737.787215289,5632010.46939679
0.0018170164855854,258.180708947237,493237.787215289,5632010.46939679
0.00204850436409887,258.180708947237,493737.787215289,5632010.46939679
0.000891253563299228,258.180708947237,494237.787215289,5632010.46939679
0.00179461053950434,258.180708947237,494737.787215289,5632010.46939679
0.000650371987782934,258.180708947237,495237.787215289,5632010.46939679
0.00162121019761962,258.180708947237,495737.787215289,5632010.46939679
0.00172255576436204,258.180708947237,496237.787215289,5632010.46939679
0.000213001242413711,258.180708947237,496737.787215289,5632010.46939679
0.000213001242413711,258.180708947237,497237.787215289,5632010.46939679
0.000213001242413711,258.180708947237,497737.787215289,5632010.46939679
0.00410663914923144,258.180708947237,498237.787215289,5632010.46939679
0.000213001242413711,258.180708947237,498737.787215289,5632010.46939679
0.000213001242413711,258.180708947237,499237.787215289,5632010.46939679
0.000213001242413711,258.180708947237,499737.787215289,5632010.46939679
0.000213001242413711,258.180708947237,500237.787215289,5632010.46939679
0.000213001242413711,258.180708947237,500737.787215289,5632010.46939679
0.000213001242413711,258.180708947237,501237.787215289,5632010.46939679
0.000213001242413711,258.180708947237,501737.787215289,5632010.46939679
0.000213001242413711,258.180708947237,502237.787215289,5632010.46939679
0.00266967738168393,258.180708947237,502737.787215289,5632010.46939679
0.00241963311229685,258.180708947237,503237.787215289,5632010.46939679
0.0024606753124484,258.180708947237,503737.787215289,5632010.46939679
0.00191734820194662,258.180708947237,504237.787215289,5632010.46939679
0.00364392110361815,258.180708947237,504737.787215289,5632010.46939679
0.00489078397851383,258.180708947237,505237.787215289,5632010.46939679
0.00165519013499448,258.180708947237,505737.787215289,5632010.46939679
0.000406910339706171,258.180708947237,506237.787215289,5632010.46939679
0.00195979407993434,258.180708947237,506737.787215289,5632010.46939679
0.00483925387923004,258.180708947237,507237.787215289,5632010.46939679
0.0073994859740059,258.180708947237,507737.787215289,5632010.46939679
0.00104243821943411,258.180708947237,508237.787215289,5632010.46939679
0.00265076363055045,258.180708947237,508737.787215289,5632010.46939679
0.00171853957580827,258.180708947237,509237.787215289,5632010.46939679
0.000367138421483795,258.180708947237,509737.787215289,5632010.46939679
0.00415395244972533,258.180708947237,510237.787215289,5632010.46939679
0.00715349051982519,258.180708947237,510737.787215289,5632010.46939679
0.00456057355792233,258.180708947237,511237.787215289,5632010.46939679
0.00697472284553106,258.180708947237,511737.787215289,5632010.46939679
0.00695928114107071,258.180708947237,512237.787215289,5632010.46939679
0.00570903164901334,258.180708947237,512737.787215289,5632010.46939679
0.00428050809843828,258.180708947237,513237.787215289,5632010.46939679
0.00439343809284489,258.180708947237,513737.787215289,5632010.46939679
0.00432683540446153,258.180708947237,514237.787215289,5632010.46939679
0.00368818903443356,258.180708947237,514737.787215289,5632010.46939679
0.00382698607529077,258.180708947237,515237.787215289,5632010.46939679
0.00254248618000204,258.180708947237,515737.787215289,5632010.46939679
0.000746999322498809,258.180708947237,516237.787215289,5632010.46939679
0.00058624729205124,258.180708947237,516737.787215289,5632010.46939679
0.000245025380082792,258.180708947237,517237.787215289,5632010.46939679
0.000486015126515599,258.180708947237,517737.787215289,5632010.46939679
0.000211453156222539,258.180708947237,518237.787215289,5632010.46939679
0.000963799994459836,258.180708947237,518737.787215289,5632010.46939679
0.00345281928097068,258.180708947237,519237.787215289,5632010.46939679
0.000728706535372751,258.180708947237,519737.787215289,5632010.46939679
0.00210114869389827,258.180708947237,520237.787215289,5632010.46939679
0.000716528887178787,258.180708947237,520737.787215289,5632010.46939679
0.000518412433967565,258.180708947237,521237.787215289,5632010.46939679
0.00244280441438218,258.180708947237,521737.787215289,5632010.46939679
0.00169737522813532,258.180708947237,522237.787215289,5632010.46939679
0.00245706084108635,258.180708947237,522737.787215289,5632010.46939679
0.000326761167899724,258.180708947237,523237.787215289,5632010.46939679
0.000173812184403674,258.180708947237,523737.787215289,5632010.46939679
0.000447363969146349,258.180708947237,486737.787215289,5632510.46939679
0.000646220607511287,258.180708947237,487237.787215289,5632510.46939679
0.00215463008126565,258.180708947237,487737.787215289,5632510.46939679
0.0012371308662807,258.180708947237,488237.787215289,5632510.46939679
0.000447363969146349,258.180708947237,488737.787215289,5632510.46939679
0.000538245029966126,258.180708947237,489237.787215289,5632510.46939679
0.000618328546873501,258.180708947237,489737.787215289,5632510.46939679
0.000589143771384317,258.180708947237,490237.787215289,5632510.46939679
0.000720652413806587,258.180708947237,490737.787215289,5632510.46939679
0.00148145159815165,258.180708947237,491237.787215289,5632510.46939679
0.00127966462484191,258.180708947237,491737.787215289,5632510.46939679
0.00107230987287776,258.180708947237,492237.787215289,5632510.46939679
0.000535949610155607,258.180708947237,492737.787215289,5632510.46939679
0.000507575951525137,258.180708947237,493237.787215289,5632510.46939679
0.00114302597529782,258.180708947237,493737.787215289,5632510.46939679
0.000753942616973002,258.180708947237,494237.787215289,5632510.46939679
0.00100365488242257,258.180708947237,494737.787215289,5632510.46939679
0.00133238352657507,258.180708947237,495237.787215289,5632510.46939679
0.0021814573511146,258.180708947237,495737.787215289,5632510.46939679
0.000835953069476551,258.180708947237,496237.787215289,5632510.46939679
0.00288271787790652,258.180708947237,496737.787215289,5632510.46939679
0.000213001242413711,258.180708947237,497237.787215289,5632510.46939679
0.000302070965666259,258.180708947237,497737.787215289,5632510.46939679
0.000286050500879751,258.180708947237,498237.787215289,5632510.46939679
0.000213001242413711,258.180708947237,498737.787215289,5632510.46939679
0.000213001242413711,258.180708947237,499237.787215289,5632510.46939679
0.000213001242413711,258.180708947237,499737.787215289,5632510.46939679
0.000213001242413711,258.180708947237,500237.787215289,5632510.46939679
0.000213001242413711,258.180708947237,500737.787215289,5632510.46939679
0.000213001242413711,258.180708947237,501237.787215289,5632510.46939679
0.00273409945446108,258.180708947237,501737.787215289,5632510.46939679
0.00388132222502968,258.180708947237,502237.787215289,5632510.46939679
0.00298433473550472,258.180708947237,502737.787215289,5632510.46939679
0.00122986648522315,258.180708947237,503237.787215289,5632510.46939679
0.00330464559023799,258.180708947237,503737.787215289,5632510.46939679
0.00246356931825111,258.180708947237,504237.787215289,5632510.46939679
0.00132226149297597,258.180708947237,504737.787215289,5632510.46939679
0.00525825687098998,258.180708947237,505237.787215289,5632510.46939679
0.0034683585777633,258.180708947237,505737.787215289,5632510.46939679
0.000967592006509268,258.180708947237,506237.787215289,5632510.46939679
0.00272678042313975,258.180708947237,506737.787215289,5632510.46939679
0.0070029132039619,258.180708947237,507237.787215289,5632510.46939679
0.00457722782072135,258.180708947237,507737.787215289,5632510.46939679
0.00604061375231175,258.180708947237,508237.787215289,5632510.46939679
0.00693937466348008,258.180708947237,508737.787215289,5632510.46939679
0.000614342249264577,258.180708947237,509237.787215289,5632510.46939679
0.00127694093675803,258.180708947237,509737.787215289,5632510.46939679
0.000613645818774848,258.180708947237,510237.787215289,5632510.46939679
0.00229661354432614,258.180708947237,510737.787215289,5632510.46939679
0.00331599099048864,258.180708947237,511237.787215289,5632510.46939679
0.00819970602427456,258.180708947237,511737.787215289,5632510.46939679
0.00720384988184216,258.180708947237,512237.787215289,5632510.46939679
0.00722334056925376,258.180708947237,512737.787215289,5632510.46939679
0.000608806138013676,258.180708947237,513237.787215289,5632510.46939679
0.0040106106727772,258.180708947237,513737.787215289,5632510.46939679
0.00470079054914712,258.180708947237,514237.787215289,5632510.46939679
0.00383679786745452,258.180708947237,514737.787215289,5632510.46939679
0.00397619820498209,258.180708947237,515237.787215289,5632510.46939679
0.00273831659678672,258.180708947237,515737.787215289,5632510.46939679
0.000968006033312856,258.180708947237,516237.787215289,5632510.46939679
0.000436599250238128,258.180708947237,516737.787215289,5632510.46939679
0.000264067251590999,258.180708947237,517237.787215289,5632510.46939679
0.000477871003434229,258.180708947237,517737.787215289,5632510.46939679
0.00021774832401256,258.180708947237,518237.787215289,5632510.46939679
0.000272162280157681,258.180708947237,518737.787215289,5632510.46939679
0.00268906172516303,258.180708947237,519237.787215289,5632510.46939679
0.000409657200419693,258.180708947237,519737.787215289,5632510.46939679
0.0003320448941955,258.180708947237,520237.787215289,5632510.46939679
0.00252593123536955,258.180708947237,520737.787215289,5632510.46939679
0.000630999235226137,258.180708947237,521237.787215289,5632510.46939679
0.000444956577617104,258.180708947237,521737.787215289,5632510.46939679
0.00328102567187879,258.180708947237,522237.787215289,5632510.46939679
0.00156579004246429,258.180708947237,522737.787215289,5632510.46939679
0.00054835700878799,258.180708947237,523237.787215289,5632510.46939679
0.00022145930278879,258.180708947237,523737.787215289,5632510.46939679
0.000232951149164252,258.180708947237,524237.787215289,5632510.46939679
0.00223148500291189,258.180708947237,486737.787215289,5633010.46939679
0.000882886210280201,258.180708947237,487237.787215289,5633010.46939679
0.00025400684722434,258.180708947237,487737.787215289,5633010.46939679
0.000221108864837573,258.180708947237,488237.787215289,5633010.46939679
0.000211118552031558,258.180708947237,488737.787215289,5633010.46939679
0.000211118552031558,258.180708947237,489237.787215289,5633010.46939679
0.000211118552031558,258.180708947237,489737.787215289,5633010.46939679
0.000210587353536203,258.180708947237,490237.787215289,5633010.46939679
0.000236129139309593,258.180708947237,490737.787215289,5633010.46939679
0.00031952338884169,258.180708947237,491237.787215289,5633010.46939679
0.000262683507572828,258.180708947237,491737.787215289,5633010.46939679
0.00255105895561523,258.180708947237,492237.787215289,5633010.46939679
0.00193304496906024,258.180708947237,492737.787215289,5633010.46939679
0.00110129902204319,258.180708947237,493237.787215289,5633010.46939679
0.00156216445420139,258.180708947237,493737.787215289,5633010.46939679
0.000338986548309158,258.180708947237,494237.787215289,5633010.46939679
0.000477253759168206,258.180708947237,494737.787215289,5633010.46939679
0.000728627756324279,258.180708947237,495237.787215289,5633010.46939679
0.000679665664398727,258.180708947237,495737.787215289,5633010.46939679
0.000752515143331397,258.180708947237,496237.787215289,5633010.46939679
0.000849610587993682,258.180708947237,496737.787215289,5633010.46939679
0.0018170164855854,258.180708947237,497237.787215289,5633010.46939679
0.00349570274894669,258.180708947237,497737.787215289,5633010.46939679
0.0043119683060445,258.180708947237,498237.787215289,5633010.46939679
0.000213001242413711,258.180708947237,498737.787215289,5633010.46939679
0.000213001242413711,258.180708947237,499237.787215289,5633010.46939679
0.000213001242413711,258.180708947237,499737.787215289,5633010.46939679
0.000258319947021582,258.180708947237,500237.787215289,5633010.46939679
0.000367207992456549,258.180708947237,500737.787215289,5633010.46939679
0.00325262845484524,258.180708947237,501237.787215289,5633010.46939679
0.00111392742228597,258.180708947237,501737.787215289,5633010.46939679
0.000994985681054281,258.180708947237,502237.787215289,5633010.46939679
0.0031042991674232,258.180708947237,502737.787215289,5633010.46939679
0.00306338855964966,258.180708947237,503237.787215289,5633010.46939679
0.000742369417191482,258.180708947237,503737.787215289,5633010.46939679
0.00107234356326092,258.180708947237,504237.787215289,5633010.46939679
0.00474102382455683,258.180708947237,504737.787215289,5633010.46939679
0.00461552903780365,258.180708947237,505237.787215289,5633010.46939679
0.00398440301354867,258.180708947237,505737.787215289,5633010.46939679
0.00308250021931848,258.180708947237,506237.787215289,5633010.46939679
0.000213001242413711,258.180708947237,506737.787215289,5633010.46939679
0.000213001242413711,258.180708947237,507237.787215289,5633010.46939679
0.00444963339999448,258.180708947237,507737.787215289,5633010.46939679
0.00576768204073048,258.180708947237,508237.787215289,5633010.46939679
0.0051249079201637,258.180708947237,508737.787215289,5633010.46939679
0.00283734214182241,258.180708947237,509237.787215289,5633010.46939679
0.000834405377891553,258.180708947237,509737.787215289,5633010.46939679
0.00149528179609932,258.180708947237,510237.787215289,5633010.46939679
0.00193730805684716,258.180708947237,510737.787215289,5633010.46939679
0.00159711641784506,258.180708947237,511237.787215289,5633010.46939679
0.00572023236305544,258.180708947237,511737.787215289,5633010.46939679
0.00749514860314377,258.180708947237,512237.787215289,5633010.46939679
0.00666473326176302,258.180708947237,512737.787215289,5633010.46939679
0.000970096277695295,258.180708947237,513237.787215289,5633010.46939679
0.00487499831917234,258.180708947237,513737.787215289,5633010.46939679
0.00481727002017864,258.180708947237,514237.787215289,5633010.46939679
0.00452000169275545,258.180708947237,514737.787215289,5633010.46939679
0.0040498046148008,258.180708947237,515237.787215289,5633010.46939679
0.00401859578120076,258.180708947237,515737.787215289,5633010.46939679
0.0027016515208295,258.180708947237,516237.787215289,5633010.46939679
0.000582446644939134,258.180708947237,516737.787215289,5633010.46939679
0.000707334870880665,258.180708947237,517237.787215289,5633010.46939679
0.000461957436358219,258.180708947237,517737.787215289,5633010.46939679
0.000350044633937856,258.180708947237,518237.787215289,5633010.46939679
0.000347679697440537,258.180708947237,518737.787215289,5633010.46939679
0.00342260531495574,258.180708947237,519237.787215289,5633010.46939679
0.000179518878991318,258.180708947237,519737.787215289,5633010.46939679
0.000340487809391698,258.180708947237,520237.787215289,5633010.46939679
0.000618049265193319,258.180708947237,520737.787215289,5633010.46939679
0.00272703431657351,258.180708947237,521237.787215289,5633010.46939679
0.00043718131519532,258.180708947237,521737.787215289,5633010.46939679
0.00256756244557152,258.180708947237,522237.787215289,5633010.46939679
0.000443088290990821,258.180708947237,522737.787215289,5633010.46939679
0.000338664259222353,258.180708947237,523237.787215289,5633010.46939679
0.000180982171839756,258.180708947237,523737.787215289,5633010.46939679
0.000251145145725962,258.180708947237,524237.787215289,5633010.46939679
0.00453056483562221,258.180708947237,486737.787215289,5633510.46939679
0.000898174824119544,258.180708947237,487237.787215289,5633510.46939679
0.000246109115619936,258.180708947237,487737.787215289,5633510.46939679
0.000204554328748305,258.180708947237,488237.787215289,5633510.46939679
0.000204554328748305,258.180708947237,488737.787215289,5633510.46939679
0.000246109115619936,258.180708947237,489237.787215289,5633510.46939679
0.00106315933708476,258.180708947237,489737.787215289,5633510.46939679
0.000204554328748305,258.180708947237,490237.787215289,5633510.46939679
0.000252079516479679,258.180708947237,490737.787215289,5633510.46939679
0.00021527325196629,258.180708947237,491237.787215289,5633510.46939679
0.000405255484180899,258.180708947237,491737.787215289,5633510.46939679
0.000407850961267486,258.180708947237,492237.787215289,5633510.46939679
0.000355027685490384,258.180708947237,492737.787215289,5633510.46939679
0.000975538180351035,258.180708947237,493237.787215289,5633510.46939679
0.000501717951785097,258.180708947237,493737.787215289,5633510.46939679
0.000434747692407068,258.180708947237,494237.787215289,5633510.46939679
0.00178324604352226,258.180708947237,494737.787215289,5633510.46939679
0.0017890020011625,258.180708947237,495237.787215289,5633510.46939679
0.000692150858105653,258.180708947237,495737.787215289,5633510.46939679
0.000696883378035461,258.180708947237,496237.787215289,5633510.46939679
0.00346102428288155,258.180708947237,496737.787215289,5633510.46939679
0.00467013400318068,258.180708947237,497237.787215289,5633510.46939679
0.00246532975918045,258.180708947237,497737.787215289,5633510.46939679
0.0030271139872779,258.180708947237,498237.787215289,5633510.46939679
0.00205253323386239,258.180708947237,498737.787215289,5633510.46939679
0.002941041556049,258.180708947237,499237.787215289,5633510.46939679
0.00169590859332071,258.180708947237,499737.787215289,5633510.46939679
0.00439383463124774,258.180708947237,500237.787215289,5633510.46939679
0.000977599097362125,258.180708947237,500737.787215289,5633510.46939679
0.00288171632534802,258.180708947237,501237.787215289,5633510.46939679
0.00171752951919543,258.180708947237,501737.787215289,5633510.46939679
0.00279820809141574,258.180708947237,502237.787215289,5633510.46939679
0.000951052263942303,258.180708947237,502737.787215289,5633510.46939679
0.000935446283826895,258.180708947237,503237.787215289,5633510.46939679
0.00131567748862793,258.180708947237,503737.787215289,5633510.46939679
0.00133370117129699,258.180708947237,504237.787215289,5633510.46939679
0.00116242418571208,258.180708947237,504737.787215289,5633510.46939679
0.00391968967583002,258.180708947237,505237.787215289,5633510.46939679
0.00515030840307709,258.180708947237,505737.787215289,5633510.46939679
0.000924306670110012,258.180708947237,506237.787215289,5633510.46939679
0.000213001242413711,258.180708947237,506737.787215289,5633510.46939679
0.000213001242413711,258.180708947237,507237.787215289,5633510.46939679
0.00259095773067793,258.180708947237,507737.787215289,5633510.46939679
0.00525825687098998,258.180708947237,508237.787215289,5633510.46939679
0.00551687148125534,258.180708947237,508737.787215289,5633510.46939679
0.00529971241048592,258.180708947237,509237.787215289,5633510.46939679
0.0041707664871342,258.180708947237,509737.787215289,5633510.46939679
0.00413502067963137,258.180708947237,510237.787215289,5633510.46939679
0.000281099889404452,258.180708947237,510737.787215289,5633510.46939679
0.00265425190510042,258.180708947237,511237.787215289,5633510.46939679
0.00367546449340927,258.180708947237,511737.787215289,5633510.46939679
0.00428997958567685,258.180708947237,512237.787215289,5633510.46939679
0.00552948194105349,258.180708947237,512737.787215289,5633510.46939679
0.00394165520286128,258.180708947237,513237.787215289,5633510.46939679
0.00207174247530542,258.180708947237,513737.787215289,5633510.46939679
0.00574529423559498,258.180708947237,514237.787215289,5633510.46939679
0.00484561679858923,258.180708947237,514737.787215289,5633510.46939679
0.00398157152334115,258.180708947237,515237.787215289,5633510.46939679
0.00394407688856755,258.180708947237,515737.787215289,5633510.46939679
0.00319745402629598,258.180708947237,516237.787215289,5633510.46939679
0.00478395460876224,258.180708947237,516737.787215289,5633510.46939679
0.000604635977919043,258.180708947237,517237.787215289,5633510.46939679
0.000455402596666951,258.180708947237,517737.787215289,5633510.46939679
0.000299467324401502,258.180708947237,518237.787215289,5633510.46939679
0.000541160232058074,258.180708947237,518737.787215289,5633510.46939679
0.00202157415366294,258.180708947237,519237.787215289,5633510.46939679
0.00147800524984128,258.180708947237,519737.787215289,5633510.46939679
0.00303739261660895,258.180708947237,520237.787215289,5633510.46939679
0.00346110308154913,258.180708947237,520737.787215289,5633510.46939679
0.000828926100628429,258.180708947237,521237.787215289,5633510.46939679
0.00203508977235719,258.180708947237,521737.787215289,5633510.46939679
0.00284470866106529,258.180708947237,522237.787215289,5633510.46939679
0.00042890699753491,258.180708947237,522737.787215289,5633510.46939679
0.000312566938158056,258.180708947237,523237.787215289,5633510.46939679
0.00336176225112396,258.180708947237,523737.787215289,5633510.46939679
0.00322071079741286,258.180708947237,524237.787215289,5633510.46939679
0.000232428941927215,258.180708947237,486737.787215289,5634010.46939679
0.00100075058842056,258.180708947237,487237.787215289,5634010.46939679
0.000221927156588441,258.180708947237,487737.787215289,5634010.46939679
0.000202325646204076,258.180708947237,488237.787215289,5634010.46939679
0.00100406276783448,258.180708947237,488737.787215289,5634010.46939679
0.00019318401140014,258.180708947237,489237.787215289,5634010.46939679
0.000213001242413711,258.180708947237,489737.787215289,5634010.46939679
0.000201658218965727,258.180708947237,490237.787215289,5634010.46939679
0.0001987356987894,258.180708947237,490737.787215289,5634010.46939679
0.000203987610073271,258.180708947237,491237.787215289,5634010.46939679
0.000252079516479679,258.180708947237,491737.787215289,5634010.46939679
0.000211118552031558,258.180708947237,492237.787215289,5634010.46939679
0.000211118552031558,258.180708947237,492737.787215289,5634010.46939679
0.000219431154501119,258.180708947237,493237.787215289,5634010.46939679
0.000206789850204066,258.180708947237,493737.787215289,5634010.46939679
0.00028272679423194,258.180708947237,494237.787215289,5634010.46939679
0.000406327262078225,258.180708947237,494737.787215289,5634010.46939679
0.000919289843139508,258.180708947237,495237.787215289,5634010.46939679
0.00198074301169615,258.180708947237,495737.787215289,5634010.46939679
0.000598972412686655,258.180708947237,496237.787215289,5634010.46939679
0.00272071986614109,258.180708947237,496737.787215289,5634010.46939679
0.00268709786426223,258.180708947237,497237.787215289,5634010.46939679
0.00322620003400752,258.180708947237,497737.787215289,5634010.46939679
0.00148210372587629,258.180708947237,498237.787215289,5634010.46939679
0.00102385993369102,258.180708947237,498737.787215289,5634010.46939679
0.000726149607880761,258.180708947237,499237.787215289,5634010.46939679
0.000753942616973002,258.180708947237,499737.787215289,5634010.46939679
0.00226664104126202,258.180708947237,500237.787215289,5634010.46939679
0.000505742001695384,258.180708947237,500737.787215289,5634010.46939679
0.000856426149008652,258.180708947237,501237.787215289,5634010.46939679
0.00067391670313542,258.180708947237,501737.787215289,5634010.46939679
0.000380172853493109,258.180708947237,502237.787215289,5634010.46939679
0.00206456606152284,258.180708947237,502737.787215289,5634010.46939679
0.000924665150728307,258.180708947237,503237.787215289,5634010.46939679
0.000818844365366345,258.180708947237,503737.787215289,5634010.46939679
0.00295961952236167,258.180708947237,504237.787215289,5634010.46939679
0.00122586938799411,258.180708947237,504737.787215289,5634010.46939679
0.00427166928072493,258.180708947237,505237.787215289,5634010.46939679
0.00363248431082585,258.180708947237,505737.787215289,5634010.46939679
0.00316201902147005,258.180708947237,506237.787215289,5634010.46939679
0.00342836477423212,258.180708947237,506737.787215289,5634010.46939679
0.000213001242413711,258.180708947237,507237.787215289,5634010.46939679
0.00142044196791245,258.180708947237,507737.787215289,5634010.46939679
0.00535356717995949,258.180708947237,508237.787215289,5634010.46939679
0.00545950724421892,258.180708947237,508737.787215289,5634010.46939679
0.00418036621157612,258.180708947237,509237.787215289,5634010.46939679
0.0013875684433579,258.180708947237,509737.787215289,5634010.46939679
0.00369832613074564,258.180708947237,510237.787215289,5634010.46939679
0.00059007623591943,258.180708947237,510737.787215289,5634010.46939679
0.00289571134410617,258.180708947237,511237.787215289,5634010.46939679
0.00303472615119237,258.180708947237,511737.787215289,5634010.46939679
0.00782876936356871,258.180708947237,512237.787215289,5634010.46939679
0.0041368059779404,258.180708947237,512737.787215289,5634010.46939679
0.00107708648755366,258.180708947237,513237.787215289,5634010.46939679
0.00266967738168393,258.180708947237,513737.787215289,5634010.46939679
0.000961577403956894,258.180708947237,514237.787215289,5634010.46939679
0.00511386634517896,258.180708947237,514737.787215289,5634010.46939679
0.00421765061885194,258.180708947237,515237.787215289,5634010.46939679
0.00316430289685287,258.180708947237,515737.787215289,5634010.46939679
0.00407228286558995,258.180708947237,516237.787215289,5634010.46939679
0.00401835846693985,258.180708947237,516737.787215289,5634010.46939679
0.000350194730378482,258.180708947237,517237.787215289,5634010.46939679
0.00160634543687753,258.180708947237,517737.787215289,5634010.46939679
0.00110685252550614,258.180708947237,518237.787215289,5634010.46939679
0.00174381746941183,258.180708947237,518737.787215289,5634010.46939679
0.000321162133529008,258.180708947237,519237.787215289,5634010.46939679
0.000307743900948685,258.180708947237,519737.787215289,5634010.46939679
0.000882507797739562,258.180708947237,520237.787215289,5634010.46939679
0.00110451912400778,258.180708947237,520737.787215289,5634010.46939679
0.000264350658751373,258.180708947237,521237.787215289,5634010.46939679
0.00341777555163118,258.180708947237,521737.787215289,5634010.46939679
0.00316531558611775,258.180708947237,522237.787215289,5634010.46939679
0.00302229783394258,258.180708947237,522737.787215289,5634010.46939679
0.00304075556932543,258.180708947237,523237.787215289,5634010.46939679
0.00373411444426496,258.180708947237,523737.787215289,5634010.46939679
0.00341392331664965,258.180708947237,524237.787215289,5634010.46939679
0.000208740040258013,258.180708947237,486737.787215289,5634510.46939679
0.000331438783586592,258.180708947237,487237.787215289,5634510.46939679
0.000218617799826041,258.180708947237,487737.787215289,5634510.46939679
0.000181704839266931,258.180708947237,488237.787215289,5634510.46939679
0.000944400432111241,258.180708947237,488737.787215289,5634510.46939679
0.000181704839266931,258.180708947237,489237.787215289,5634510.46939679
0.000181704839266931,258.180708947237,489737.787215289,5634510.46939679
0.000181704839266931,258.180708947237,490237.787215289,5634510.46939679
0.000226949038520762,258.180708947237,490737.787215289,5634510.46939679
0.00019318401140014,258.180708947237,491237.787215289,5634510.46939679
0.00102979213732588,258.180708947237,491737.787215289,5634510.46939679
0.00103291734314748,258.180708947237,492237.787215289,5634510.46939679
0.00103291734314748,258.180708947237,492737.787215289,5634510.46939679
0.000198134401921904,258.180708947237,493237.787215289,5634510.46939679
0.00101386779807604,258.180708947237,493737.787215289,5634510.46939679
0.000211899871087713,258.180708947237,494237.787215289,5634510.46939679
0.000211839297319908,258.180708947237,494737.787215289,5634510.46939679
0.000794593789159486,258.180708947237,495237.787215289,5634510.46939679
0.000561609255200715,258.180708947237,495737.787215289,5634510.46939679
0.00298140372887898,258.180708947237,496237.787215289,5634510.46939679
0.00205460812693843,258.180708947237,496737.787215289,5634510.46939679
0.0023330936770675,258.180708947237,497237.787215289,5634510.46939679
0.000457498719573914,258.180708947237,497737.787215289,5634510.46939679
0.00092249889726009,258.180708947237,498237.787215289,5634510.46939679
0.000461072808206705,258.180708947237,498737.787215289,5634510.46939679
0.000754754310437925,258.180708947237,499237.787215289,5634510.46939679
0.00297804333625959,258.180708947237,499737.787215289,5634510.46939679
0.0012874275825766,258.180708947237,500237.787215289,5634510.46939679
0.00083432827233484,258.180708947237,500737.787215289,5634510.46939679
0.000405327770917302,258.180708947237,501237.787215289,5634510.46939679
0.000303288946493287,258.180708947237,501737.787215289,5634510.46939679
0.000754679227824986,258.180708947237,502237.787215289,5634510.46939679
0.000443897428115898,258.180708947237,502737.787215289,5634510.46939679
0.000228304859316719,258.180708947237,503237.787215289,5634510.46939679
0.00272105774401152,258.180708947237,503737.787215289,5634510.46939679
0.000360152384759109,258.180708947237,504237.787215289,5634510.46939679
0.00200840979673364,258.180708947237,504737.787215289,5634510.46939679
0.000792386386756204,258.180708947237,505237.787215289,5634510.46939679
0.00134012498159266,258.180708947237,505737.787215289,5634510.46939679
0.000598540096820282,258.180708947237,506237.787215289,5634510.46939679
0.00525825687098998,258.180708947237,506737.787215289,5634510.46939679
0.000213001242413711,258.180708947237,507237.787215289,5634510.46939679
0.000213001242413711,258.180708947237,507737.787215289,5634510.46939679
0.000213001242413711,258.180708947237,508237.787215289,5634510.46939679
0.00598518879236538,258.180708947237,508737.787215289,5634510.46939679
0.00598842975082558,258.180708947237,509237.787215289,5634510.46939679
0.00521283153912441,258.180708947237,509737.787215289,5634510.46939679
0.00127694093675803,258.180708947237,510237.787215289,5634510.46939679
0.000767880236813625,258.180708947237,510737.787215289,5634510.46939679
0.00183015328589992,258.180708947237,511237.787215289,5634510.46939679
0.00188834649073037,258.180708947237,511737.787215289,5634510.46939679
0.00458322983522105,258.180708947237,512237.787215289,5634510.46939679
0.00490989550889291,258.180708947237,512737.787215289,5634510.46939679
0.00282701517681541,258.180708947237,513237.787215289,5634510.46939679
0.000373426170759659,258.180708947237,513737.787215289,5634510.46939679
0.00776561837690451,258.180708947237,514237.787215289,5634510.46939679
0.00324737804508218,258.180708947237,514737.787215289,5634510.46939679
0.00513945001962601,258.180708947237,515237.787215289,5634510.46939679
0.00462336381394562,258.180708947237,515737.787215289,5634510.46939679
0.00248173581844299,258.180708947237,516237.787215289,5634510.46939679
0.000768208950490497,258.180708947237,516737.787215289,5634510.46939679
0.00373669258929794,258.180708947237,517237.787215289,5634510.46939679
0.00234833278874962,258.180708947237,517737.787215289,5634510.46939679
0.00324577145453557,258.180708947237,518237.787215289,5634510.46939679
0.00404550446633402,258.180708947237,518737.787215289,5634510.46939679
0.000389862542665038,258.180708947237,519237.787215289,5634510.46939679
0.000406991153820514,258.180708947237,519737.787215289,5634510.46939679
0.000617025022940088,258.180708947237,520237.787215289,5634510.46939679
0.000971385145758329,258.180708947237,520737.787215289,5634510.46939679
0.00409587917567147,258.180708947237,521237.787215289,5634510.46939679
0.00043215517712592,258.180708947237,521737.787215289,5634510.46939679
0.00279051837966559,258.180708947237,522237.787215289,5634510.46939679
0.0036826752699476,258.180708947237,522737.787215289,5634510.46939679
0.0040498046148008,258.180708947237,523237.787215289,5634510.46939679
0.00414060257716965,258.180708947237,523737.787215289,5634510.46939679
0.00397226514917305,258.180708947237,524237.787215289,5634510.46939679
0.000233637015205676,258.180708947237,486737.787215289,5635010.46939679
0.000223080645759869,258.180708947237,487237.787215289,5635010.46939679
0.000202780219183714,258.180708947237,487737.787215289,5635010.46939679
0.00017651691111943,258.180708947237,488237.787215289,5635010.46939679
0.00017651691111943,258.180708947237,488737.787215289,5635010.46939679
0.000917436474497183,258.180708947237,489237.787215289,5635010.46939679
0.000917436474497183,258.180708947237,489737.787215289,5635010.46939679
0.00017651691111943,258.180708947237,490237.787215289,5635010.46939679
0.000955489512913234,258.180708947237,490737.787215289,5635010.46939679
0.000976911904630665,258.180708947237,491237.787215289,5635010.46939679
0.00100075058842056,258.180708947237,491737.787215289,5635010.46939679
0.00100406276783448,258.180708947237,492237.787215289,5635010.46939679
0.00100406276783448,258.180708947237,492737.787215289,5635010.46939679
0.00110706168414276,258.180708947237,493237.787215289,5635010.46939679
0.000189953531136203,258.180708947237,493737.787215289,5635010.46939679
0.000187960122182534,258.180708947237,494237.787215289,5635010.46939679
0.000206238977683559,258.180708947237,494737.787215289,5635010.46939679
0.000306651136071899,258.180708947237,495237.787215289,5635010.46939679
0.0014417135669425,258.180708947237,495737.787215289,5635010.46939679
0.00057489280282275,258.180708947237,496237.787215289,5635010.46939679
0.00105138406344325,258.180708947237,496737.787215289,5635010.46939679
0.00227539943159065,258.180708947237,497237.787215289,5635010.46939679
0.00245945793102857,258.180708947237,497737.787215289,5635010.46939679
0.0012371308662807,258.180708947237,498237.787215289,5635010.46939679
0.000447363969146349,258.180708947237,498737.787215289,5635010.46939679
0.00122128096386491,258.180708947237,499237.787215289,5635010.46939679
0.000300330358630634,258.180708947237,499737.787215289,5635010.46939679
0.000375812011052959,258.180708947237,500237.787215289,5635010.46939679
0.000336889391090557,258.180708947237,500737.787215289,5635010.46939679
0.000827793304061049,258.180708947237,501237.787215289,5635010.46939679
0.00312111243818851,258.180708947237,501737.787215289,5635010.46939679
0.000231026086271727,258.180708947237,502237.787215289,5635010.46939679
0.000215998384803515,258.180708947237,502737.787215289,5635010.46939679
0.000232428941927215,258.180708947237,503237.787215289,5635010.46939679
0.000292879508428819,258.180708947237,503737.787215289,5635010.46939679
0.00094326888789573,258.180708947237,504237.787215289,5635010.46939679
0.0019045285822616,258.180708947237,504737.787215289,5635010.46939679
0.00359247371844613,258.180708947237,505237.787215289,5635010.46939679
0.000760520613655656,258.180708947237,505737.787215289,5635010.46939679
0.000521019503268816,258.180708947237,506237.787215289,5635010.46939679
0.00363248431082585,258.180708947237,506737.787215289,5635010.46939679
0.00446419306318586,258.180708947237,507237.787215289,5635010.46939679
0.000213001242413711,258.180708947237,507737.787215289,5635010.46939679
0.000213001242413711,258.180708947237,508237.787215289,5635010.46939679
0.00436806431601377,258.180708947237,508737.787215289,5635010.46939679
0.000842273239965923,258.180708947237,509237.787215289,5635010.46939679
0.00106133328508296,258.180708947237,509737.787215289,5635010.46939679
0.00353122548133499,258.180708947237,510237.787215289,5635010.46939679
0.00161207992074885,258.180708947237,510737.787215289,5635010.46939679
0.000687594697039191,258.180708947237,511237.787215289,5635010.46939679
0.000503274117515787,258.180708947237,511737.787215289,5635010.46939679
0.00552844880688,258.180708947237,512237.787215289,5635010.46939679
0.00376374529672144,258.180708947237,512737.787215289,5635010.46939679
0.00504109557431102,258.180708947237,513237.787215289,5635010.46939679
0.001113043725435,258.180708947237,513737.787215289,5635010.46939679
0.00480014131641317,258.180708947237,514237.787215289,5635010.46939679
0.00555316417189926,258.180708947237,514737.787215289,5635010.46939679
0.00553659159761756,258.180708947237,515237.787215289,5635010.46939679
0.00598977061819981,258.180708947237,515737.787215289,5635010.46939679
0.00535610771743415,258.180708947237,516237.787215289,5635010.46939679
0.00316089987689406,258.180708947237,516737.787215289,5635010.46939679
0.00403495057615542,258.180708947237,517237.787215289,5635010.46939679
0.00351235941597068,258.180708947237,517737.787215289,5635010.46939679
0.00440857206152381,258.180708947237,518237.787215289,5635010.46939679
0.00198884922204872,258.180708947237,518737.787215289,5635010.46939679
0.000332428172501438,258.180708947237,519237.787215289,5635010.46939679
0.000919963792515189,258.180708947237,519737.787215289,5635010.46939679
0.0018406324749778,258.180708947237,520237.787215289,5635010.46939679
0.00303709306609343,258.180708947237,520737.787215289,5635010.46939679
0.00402905402262069,258.180708947237,521237.787215289,5635010.46939679
0.00428424140541881,258.180708947237,521737.787215289,5635010.46939679
0.0028806880243981,258.180708947237,522237.787215289,5635010.46939679
0.00416023617780506,258.180708947237,522737.787215289,5635010.46939679
0.00456328400772971,258.180708947237,523237.787215289,5635010.46939679
0.00354485657196809,258.180708947237,523737.787215289,5635010.46939679
0.00390514318160965,258.180708947237,524237.787215289,5635010.46939679
0.000166820368211258,258.180708947237,486737.787215289,5635510.46939679
0.000182982091854134,258.180708947237,487237.787215289,5635510.46939679
0.000174714452576691,258.180708947237,487737.787215289,5635510.46939679
0.000867039251454544,258.180708947237,488237.787215289,5635510.46939679
0.000867039251454544,258.180708947237,488737.787215289,5635510.46939679
0.000867039251454544,258.180708947237,489237.787215289,5635510.46939679
0.000169351838842049,258.180708947237,489737.787215289,5635510.46939679
0.000174976038047358,258.180708947237,490237.787215289,5635510.46939679
0.00110706168414276,258.180708947237,490737.787215289,5635510.46939679
0.000925304948315423,258.180708947237,491237.787215289,5635510.46939679
0.000181704839266931,258.180708947237,491737.787215289,5635510.46939679
0.000380752352595835,258.180708947237,492237.787215289,5635510.46939679
0.000275476337911874,258.180708947237,492737.787215289,5635510.46939679
0.000181704839266931,258.180708947237,493237.787215289,5635510.46939679
0.000215987766262324,258.180708947237,493737.787215289,5635510.46939679
0.000187237927323915,258.180708947237,494237.787215289,5635510.46939679
0.000187285963979223,258.180708947237,494737.787215289,5635510.46939679
0.000241002131864066,258.180708947237,495237.787215289,5635510.46939679
0.000282377245148549,258.180708947237,495737.787215289,5635510.46939679
0.00130269049690299,258.180708947237,496237.787215289,5635510.46939679
0.00126318261585551,258.180708947237,496737.787215289,5635510.46939679
0.000427444655569691,258.180708947237,497237.787215289,5635510.46939679
0.000764630662203094,258.180708947237,497737.787215289,5635510.46939679
0.000532257176233165,258.180708947237,498237.787215289,5635510.46939679
0.0008069364488451,258.180708947237,498737.787215289,5635510.46939679
0.000239446882253823,258.180708947237,499237.787215289,5635510.46939679
0.000448915429218777,258.180708947237,499737.787215289,5635510.46939679
0.000269204507831471,258.180708947237,500237.787215289,5635510.46939679
0.000291111795374803,258.180708947237,500737.787215289,5635510.46939679
0.000780880066347725,258.180708947237,501237.787215289,5635510.46939679
0.000971242421572558,258.180708947237,501737.787215289,5635510.46939679
0.000228542196309802,258.180708947237,502237.787215289,5635510.46939679
0.000185922594144747,258.180708947237,502737.787215289,5635510.46939679
0.000191798864013585,258.180708947237,503237.787215289,5635510.46939679
0.00021821602493632,258.180708947237,503737.787215289,5635510.46939679
0.000264625118727147,258.180708947237,504237.787215289,5635510.46939679
0.00106492217583506,258.180708947237,504737.787215289,5635510.46939679
0.00415053646690807,258.180708947237,505237.787215289,5635510.46939679
0.00424353252861333,258.180708947237,505737.787215289,5635510.46939679
0.00479382620714154,258.180708947237,506237.787215289,5635510.46939679
0.00086642564904918,258.180708947237,506737.787215289,5635510.46939679
0.00197423481777622,258.180708947237,507237.787215289,5635510.46939679
0.000213001242413711,258.180708947237,507737.787215289,5635510.46939679
0.000213001242413711,258.180708947237,508237.787215289,5635510.46939679
0.000213001242413711,258.180708947237,508737.787215289,5635510.46939679
0.0040840149419983,258.180708947237,509237.787215289,5635510.46939679
0.00587222610748627,258.180708947237,509737.787215289,5635510.46939679
0.00202753506355499,258.180708947237,510237.787215289,5635510.46939679
0.00525825687098998,258.180708947237,510737.787215289,5635510.46939679
0.000995337964540472,258.180708947237,511237.787215289,5635510.46939679
0.000873396333288813,258.180708947237,511737.787215289,5635510.46939679
0.0009732305344593,258.180708947237,512237.787215289,5635510.46939679
0.00437735886197848,258.180708947237,512737.787215289,5635510.46939679
0.00612665491946286,258.180708947237,513237.787215289,5635510.46939679
0.0008930688370021,258.180708947237,513737.787215289,5635510.46939679
0.00151513477532962,258.180708947237,514237.787215289,5635510.46939679
0.00645780383438884,258.180708947237,514737.787215289,5635510.46939679
0.00587272318194432,258.180708947237,515237.787215289,5635510.46939679
0.00604057447402686,258.180708947237,515737.787215289,5635510.46939679
0.00516596095909982,258.180708947237,516237.787215289,5635510.46939679
0.0031789625601902,258.180708947237,516737.787215289,5635510.46939679
0.00491524884840499,258.180708947237,517237.787215289,5635510.46939679
0.00355620849996812,258.180708947237,517737.787215289,5635510.46939679
0.00426467096890486,258.180708947237,518237.787215289,5635510.46939679
0.00120754528643871,258.180708947237,518737.787215289,5635510.46939679
0.000766737722106559,258.180708947237,519237.787215289,5635510.46939679
0.00282539171552612,258.180708947237,519737.787215289,5635510.46939679
0.00269773266821309,258.180708947237,520237.787215289,5635510.46939679
0.00321050908517339,258.180708947237,520737.787215289,5635510.46939679
0.00338469010359769,258.180708947237,521237.787215289,5635510.46939679
0.00236834277389451,258.180708947237,521737.787215289,5635510.46939679
0.00483567891952943,258.180708947237,522237.787215289,5635510.46939679
0.00384513053760581,258.180708947237,522737.787215289,5635510.46939679
0.00484517948737765,258.180708947237,523237.787215289,5635510.46939679
0.00495633773935877,258.180708947237,523737.787215289,5635510.46939679
0.00395477863155726,258.180708947237,524237.787215289,5635510.46939679
0.000161507806136469,258.180708947237,486737.787215289,5636010.46939679
0.000194317781379592,258.180708947237,487237.787215289,5636010.46939679
0.000169150495461448,258.180708947237,487737.787215289,5636010.46939679
0.000839427516184916,258.180708947237,488237.787215289,5636010.46939679
0.000839427516184916,258.180708947237,488737.787215289,5636010.46939679
0.000858036143033342,258.180708947237,489237.787215289,5636010.46939679
0.000190206773197221,258.180708947237,489737.787215289,5636010.46939679
0.000180253561777912,258.180708947237,490237.787215289,5636010.46939679
0.000223080645759869,258.180708947237,490737.787215289,5636010.46939679
0.000253118896637233,258.180708947237,491237.787215289,5636010.46939679
0.000208740040258013,258.180708947237,491737.787215289,5636010.46939679
0.000223383740519804,258.180708947237,492237.787215289,5636010.46939679
0.000917436474497183,258.180708947237,492737.787215289,5636010.46939679
0.000175749924271835,258.180708947237,493237.787215289,5636010.46939679
0.000174195100045437,258.180708947237,493737.787215289,5636010.46939679
0.000241844866384649,258.180708947237,494237.787215289,5636010.46939679
0.000191054051103814,258.180708947237,494737.787215289,5636010.46939679
0.000185922594144747,258.180708947237,495237.787215289,5636010.46939679
0.000189293825682217,258.180708947237,495737.787215289,5636010.46939679
0.00021821602493632,258.180708947237,496237.787215289,5636010.46939679
0.000202988599605777,258.180708947237,496737.787215289,5636010.46939679
0.000208140044250861,258.180708947237,497237.787215289,5636010.46939679
0.000203987610073271,258.180708947237,497737.787215289,5636010.46939679
0.000234989222026971,258.180708947237,498237.787215289,5636010.46939679
0.000204554328748305,258.180708947237,498737.787215289,5636010.46939679
0.000534074268327959,258.180708947237,499237.787215289,5636010.46939679
0.000346124994941184,258.180708947237,499737.787215289,5636010.46939679
0.00026147996995852,258.180708947237,500237.787215289,5636010.46939679
0.000224094354249267,258.180708947237,500737.787215289,5636010.46939679
0.000208356418674036,258.180708947237,501237.787215289,5636010.46939679
0.000224515610541721,258.180708947237,501737.787215289,5636010.46939679
0.000193271001573497,258.180708947237,502237.787215289,5636010.46939679
0.000180253561777912,258.180708947237,502737.787215289,5636010.46939679
0.000213001242413711,258.180708947237,503237.787215289,5636010.46939679
0.000226143830469009,258.180708947237,503737.787215289,5636010.46939679
0.00027301715057298,258.180708947237,504237.787215289,5636010.46939679
0.000573376639185434,258.180708947237,504737.787215289,5636010.46939679
0.0038882858119589,258.180708947237,505237.787215289,5636010.46939679
0.00240353891536822,258.180708947237,505737.787215289,5636010.46939679
0.000969587501578058,258.180708947237,506237.787215289,5636010.46939679
0.00114343067376037,258.180708947237,506737.787215289,5636010.46939679
0.00228773746111789,258.180708947237,507237.787215289,5636010.46939679
0.00162888872074512,258.180708947237,507737.787215289,5636010.46939679
0.000213001242413711,258.180708947237,508237.787215289,5636010.46939679
0.000213001242413711,258.180708947237,508737.787215289,5636010.46939679
0.000213001242413711,258.180708947237,509237.787215289,5636010.46939679
0.000533566808978965,258.180708947237,509737.787215289,5636010.46939679
0.00862053050462523,258.180708947237,510237.787215289,5636010.46939679
0.00375057952739909,258.180708947237,510737.787215289,5636010.46939679
0.00550708214214719,258.180708947237,511237.787215289,5636010.46939679
0.00100334579149036,258.180708947237,511737.787215289,5636010.46939679
0.000489112841652057,258.180708947237,512237.787215289,5636010.46939679
0.00067743246407011,258.180708947237,512737.787215289,5636010.46939679
0.00400792049113844,258.180708947237,513237.787215289,5636010.46939679
0.00447890956696222,258.180708947237,513737.787215289,5636010.46939679
0.000780654282032759,258.180708947237,514237.787215289,5636010.46939679
0.00527964458474977,258.180708947237,514737.787215289,5636010.46939679
0.00437316413293605,258.180708947237,515237.787215289,5636010.46939679
0.00469541218759134,258.180708947237,515737.787215289,5636010.46939679
0.00610395635759619,258.180708947237,516237.787215289,5636010.46939679
0.0052018421537783,258.180708947237,516737.787215289,5636010.46939679
0.00506268609407021,258.180708947237,517237.787215289,5636010.46939679
0.00506268609407021,258.180708947237,517737.787215289,5636010.46939679
0.00382476219919047,258.180708947237,518237.787215289,5636010.46939679
0.00453158500479155,258.180708947237,518737.787215289,5636010.46939679
0.00475818369350076,258.180708947237,519237.787215289,5636010.46939679
0.000229111005241131,258.180708947237,519737.787215289,5636010.46939679
0.00462626081708484,258.180708947237,520237.787215289,5636010.46939679
0.00397922232996659,258.180708947237,520737.787215289,5636010.46939679
0.00382241990187722,258.180708947237,521237.787215289,5636010.46939679
0.0046975606945136,258.180708947237,521737.787215289,5636010.46939679
0.00395477863155726,258.180708947237,522237.787215289,5636010.46939679
0.00188732232561199,258.180708947237,522737.787215289,5636010.46939679
0.00475818369350076,258.180708947237,523237.787215289,5636010.46939679
0.000401476345021637,258.180708947237,523737.787215289,5636010.46939679
0.00492323603093748,258.180708947237,524237.787215289,5636010.46939679
0.000151765494813133,258.180708947237,486737.787215289,5636510.46939679
0.000162973718152716,258.180708947237,487237.787215289,5636510.46939679
0.00016415562730763,258.180708947237,487737.787215289,5636510.46939679
0.000169150495461448,258.180708947237,488237.787215289,5636510.46939679
0.000875855438666529,258.180708947237,488737.787215289,5636510.46939679
0.00110706168414276,258.180708947237,489237.787215289,5636510.46939679
0.000969878206532312,258.180708947237,489737.787215289,5636510.46939679
0.000213001242413711,258.180708947237,490237.787215289,5636510.46939679
0.00103911038436861,258.180708947237,490737.787215289,5636510.46939679
0.000264625118727147,258.180708947237,491237.787215289,5636510.46939679
0.000577316844615095,258.180708947237,491737.787215289,5636510.46939679
0.000585983425495213,258.180708947237,492237.787215289,5636510.46939679
0.000189953531136203,258.180708947237,492737.787215289,5636510.46939679
0.000597117263474824,258.180708947237,493237.787215289,5636510.46939679
0.000294114438080168,258.180708947237,493737.787215289,5636510.46939679
0.000746393155526262,258.180708947237,494237.787215289,5636510.46939679
0.000253289175008699,258.180708947237,494737.787215289,5636510.46939679
0.000170997470237235,258.180708947237,495237.787215289,5636510.46939679
0.000190206773197221,258.180708947237,495737.787215289,5636510.46939679
0.000182438163111107,258.180708947237,496237.787215289,5636510.46939679
0.000225274923225404,258.180708947237,496737.787215289,5636510.46939679
0.000220335918169039,258.180708947237,497237.787215289,5636510.46939679
0.000746999322498809,258.180708947237,497737.787215289,5636510.46939679
0.000973408006214494,258.180708947237,498237.787215289,5636510.46939679
0.000187285963979223,258.180708947237,498737.787215289,5636510.46939679
0.000223080645759869,258.180708947237,499237.787215289,5636510.46939679
0.000233637015205676,258.180708947237,499737.787215289,5636510.46939679
0.000181704839266931,258.180708947237,500237.787215289,5636510.46939679
0.000179518878991318,258.180708947237,500737.787215289,5636510.46939679
0.000174195100045437,258.180708947237,501237.787215289,5636510.46939679
0.000213001242413711,258.180708947237,501737.787215289,5636510.46939679
0.000169351838842049,258.180708947237,502237.787215289,5636510.46939679
0.000173406936271829,258.180708947237,502737.787215289,5636510.46939679
0.000233637015205676,258.180708947237,503237.787215289,5636510.46939679
0.000271108591989992,258.180708947237,503737.787215289,5636510.46939679
0.000354679001917421,258.180708947237,504237.787215289,5636510.46939679
0.000529452997158038,258.180708947237,504737.787215289,5636510.46939679
0.000755426764624108,258.180708947237,505237.787215289,5636510.46939679
0.00343015577510618,258.180708947237,505737.787215289,5636510.46939679
0.00366288012584454,258.180708947237,506237.787215289,5636510.46939679
0.00466980477061145,258.180708947237,506737.787215289,5636510.46939679
0.00576768204073048,258.180708947237,507237.787215289,5636510.46939679
0.00316201902147005,258.180708947237,507737.787215289,5636510.46939679
0.00322385647081926,258.180708947237,508237.787215289,5636510.46939679
0.000213001242413711,258.180708947237,508737.787215289,5636510.46939679
0.000213001242413711,258.180708947237,509237.787215289,5636510.46939679
0.000213001242413711,258.180708947237,509737.787215289,5636510.46939679
0.000213001242413711,258.180708947237,510237.787215289,5636510.46939679
0.000213001242413711,258.180708947237,510737.787215289,5636510.46939679
0.00121924519759175,258.180708947237,511237.787215289,5636510.46939679
0.00267575848699496,258.180708947237,511737.787215289,5636510.46939679
0.0028023776970132,258.180708947237,512237.787215289,5636510.46939679
0.000564571877567875,258.180708947237,512737.787215289,5636510.46939679
0.000407609462682667,258.180708947237,513237.787215289,5636510.46939679
0.000319282958120484,258.180708947237,513737.787215289,5636510.46939679
0.00104848593647937,258.180708947237,514237.787215289,5636510.46939679
0.00501118571981635,258.180708947237,514737.787215289,5636510.46939679
0.0059607285368302,258.180708947237,515237.787215289,5636510.46939679
0.00471253521185116,258.180708947237,515737.787215289,5636510.46939679
0.00694244655797481,258.180708947237,516237.787215289,5636510.46939679
0.00517506342148935,258.180708947237,516737.787215289,5636510.46939679
0.00503535422892455,258.180708947237,517237.787215289,5636510.46939679
0.00552318436840011,258.180708947237,517737.787215289,5636510.46939679
0.00577130884395588,258.180708947237,518237.787215289,5636510.46939679
0.00491760316065279,258.180708947237,518737.787215289,5636510.46939679
0.00584178293689706,258.180708947237,519237.787215289,5636510.46939679
0.00420786671402765,258.180708947237,519737.787215289,5636510.46939679
0.00333935963413395,258.180708947237,520237.787215289,5636510.46939679
0.00475347713687268,258.180708947237,520737.787215289,5636510.46939679
0.00387517221995079,258.180708947237,521237.787215289,5636510.46939679
0.00453870183354648,258.180708947237,521737.787215289,5636510.46939679
0.00481951371231051,258.180708947237,522237.787215289,5636510.46939679
0.00530225678661109,258.180708947237,522737.787215289,5636510.46939679
0.00401774360544022,258.180708947237,523237.787215289,5636510.46939679
0.0044968857176238,258.180708947237,523737.787215289,5636510.46939679
0.00463115735489375,258.180708947237,524237.787215289,5636510.46939679
0.000155610112787092,258.180708947237,486737.787215289,5637010.46939679
0.000150919756434923,258.180708947237,487237.787215289,5637010.46939679
0.000788792414441674,258.180708947237,487737.787215289,5637010.46939679
0.000244692921200236,258.180708947237,488237.787215289,5637010.46939679
0.000892963704666154,258.180708947237,488737.787215289,5637010.46939679
0.000179518878991318,258.180708947237,489237.787215289,5637010.46939679
0.00021971584197054,258.180708947237,489737.787215289,5637010.46939679
0.000200517613799763,258.180708947237,490237.787215289,5637010.46939679
0.000206235592407202,258.180708947237,490737.787215289,5637010.46939679
0.000519946603446876,258.180708947237,491237.787215289,5637010.46939679
0.00094326888789573,258.180708947237,491737.787215289,5637010.46939679
0.00047983862494431,258.180708947237,492237.787215289,5637010.46939679
0.000224807348681348,258.180708947237,492737.787215289,5637010.46939679
0.000202325646204076,258.180708947237,493237.787215289,5637010.46939679
0.000380052607494581,258.180708947237,493737.787215289,5637010.46939679
0.000461701623042532,258.180708947237,494237.787215289,5637010.46939679
0.000188783316502123,258.180708947237,494737.787215289,5637010.46939679
0.000266448300012367,258.180708947237,495237.787215289,5637010.46939679
0.000178231711879143,258.180708947237,495737.787215289,5637010.46939679
0.000185758813884281,258.180708947237,496237.787215289,5637010.46939679
0.000174195100045437,258.180708947237,496737.787215289,5637010.46939679
0.000186455396615811,258.180708947237,497237.787215289,5637010.46939679
0.000944400432111241,258.180708947237,497737.787215289,5637010.46939679
0.000944400432111241,258.180708947237,498237.787215289,5637010.46939679
0.000190303269699384,258.180708947237,498737.787215289,5637010.46939679
0.000936857500985834,258.180708947237,499237.787215289,5637010.46939679
0.000925304948315423,258.180708947237,499737.787215289,5637010.46939679
0.000913450104551207,258.180708947237,500237.787215289,5637010.46939679
0.000174195100045437,258.180708947237,500737.787215289,5637010.46939679
0.000169351838842049,258.180708947237,501237.787215289,5637010.46939679
0.000223080645759869,258.180708947237,501737.787215289,5637010.46939679
0.000232916921995724,258.180708947237,502237.787215289,5637010.46939679
0.000178030823779575,258.180708947237,502737.787215289,5637010.46939679
0.000244692921200236,258.180708947237,503237.787215289,5637010.46939679
0.000191259097681059,258.180708947237,503737.787215289,5637010.46939679
0.000437457323195342,258.180708947237,504237.787215289,5637010.46939679
0.000393985471704065,258.180708947237,504737.787215289,5637010.46939679
0.00383679786745452,258.180708947237,505237.787215289,5637010.46939679
0.00399694781423264,258.180708947237,505737.787215289,5637010.46939679
0.00140354085687426,258.180708947237,506237.787215289,5637010.46939679
0.00502067421687903,258.180708947237,506737.787215289,5637010.46939679
0.00173351516632358,258.180708947237,507237.787215289,5637010.46939679
0.0066258344369621,258.180708947237,507737.787215289,5637010.46939679
0.0066258344369621,258.180708947237,508237.787215289,5637010.46939679
0.00321933326405992,258.180708947237,508737.787215289,5637010.46939679
0.00214966088490824,258.180708947237,509237.787215289,5637010.46939679
0.00148501863442724,258.180708947237,509737.787215289,5637010.46939679
0.000213001242413711,258.180708947237,510237.787215289,5637010.46939679
0.000213001242413711,258.180708947237,510737.787215289,5637010.46939679
0.00695269165488153,258.180708947237,511237.787215289,5637010.46939679
0.00587222610748627,258.180708947237,511737.787215289,5637010.46939679
0.00425256810620151,258.180708947237,512237.787215289,5637010.46939679
0.00530056130685101,258.180708947237,512737.787215289,5637010.46939679
0.00102217015273194,258.180708947237,513237.787215289,5637010.46939679
0.000414140316022225,258.180708947237,513737.787215289,5637010.46939679
0.000408299726969581,258.180708947237,514237.787215289,5637010.46939679
0.000324434775541722,258.180708947237,514737.787215289,5637010.46939679
0.000213001242413711,258.180708947237,515237.787215289,5637010.46939679
0.00633946243714679,258.180708947237,515737.787215289,5637010.46939679
0.00598671789630022,258.180708947237,516237.787215289,5637010.46939679
0.00533315431964528,258.180708947237,516737.787215289,5637010.46939679
0.00519671328687098,258.180708947237,517237.787215289,5637010.46939679
0.00431477949142274,258.180708947237,517737.787215289,5637010.46939679
0.00187137591981822,258.180708947237,518237.787215289,5637010.46939679
0.00263580598008037,258.180708947237,518737.787215289,5637010.46939679
0.00497360289162338,258.180708947237,519237.787215289,5637010.46939679
0.00453431402663488,258.180708947237,519737.787215289,5637010.46939679
0.00545545049995637,258.180708947237,520237.787215289,5637010.46939679
0.00445239915976468,258.180708947237,520737.787215289,5637010.46939679
0.00714018417518214,258.180708947237,521237.787215289,5637010.46939679
0.00437038753311454,258.180708947237,521737.787215289,5637010.46939679
0.00307413504166351,258.180708947237,522237.787215289,5637010.46939679
0.0051249079201637,258.180708947237,522737.787215289,5637010.46939679
0.00562141411055875,258.180708947237,523237.787215289,5637010.46939679
0.00521887154557036,258.180708947237,523737.787215289,5637010.46939679
0.00533902237026435,258.180708947237,524237.787215289,5637010.46939679
0.000142935686327027,258.180708947237,486737.787215289,5637510.46939679
0.000144100782548462,258.180708947237,487237.787215289,5637510.46939679
0.0014336067894533,258.180708947237,487737.787215289,5637510.46939679
0.000880196424192712,258.180708947237,488237.787215289,5637510.46939679
0.000925304948315423,258.180708947237,488737.787215289,5637510.46939679
0.000235139883764333,258.180708947237,489237.787215289,5637510.46939679
0.00103602328514438,258.180708947237,489737.787215289,5637510.46939679
0.00109727650936365,258.180708947237,490237.787215289,5637510.46939679
0.00021828506696707,258.180708947237,490737.787215289,5637510.46939679
0.000605006485938289,258.180708947237,491237.787215289,5637510.46939679
0.00158295463678845,258.180708947237,491737.787215289,5637510.46939679
0.00070065778517048,258.180708947237,492237.787215289,5637510.46939679
0.000259873742159281,258.180708947237,492737.787215289,5637510.46939679
0.000214824251372014,258.180708947237,493237.787215289,5637510.46939679
0.000365754232378193,258.180708947237,493737.787215289,5637510.46939679
0.00215251395301466,258.180708947237,494237.787215289,5637510.46939679
0.000198942296814997,258.180708947237,494737.787215289,5637510.46939679
0.000962738776413488,258.180708947237,495237.787215289,5637510.46939679
0.000188783316502123,258.180708947237,495737.787215289,5637510.46939679
0.00020189911515759,258.180708947237,496237.787215289,5637510.46939679
0.000220154523622517,258.180708947237,496737.787215289,5637510.46939679
0.000168516623132192,258.180708947237,497237.787215289,5637510.46939679
0.000213001242413711,258.180708947237,497737.787215289,5637510.46939679
0.000171808293294444,258.180708947237,498237.787215289,5637510.46939679
0.000892963704666154,258.180708947237,498737.787215289,5637510.46939679
0.000884494028822952,258.180708947237,499237.787215289,5637510.46939679
0.000280233510755075,258.180708947237,499737.787215289,5637510.46939679
0.000165958867021012,258.180708947237,500237.787215289,5637510.46939679
0.000164207943540078,258.180708947237,500737.787215289,5637510.46939679
0.000169150495461448,258.180708947237,501237.787215289,5637510.46939679
0.000202750424985399,258.180708947237,501737.787215289,5637510.46939679
0.000464055612834802,258.180708947237,502237.787215289,5637510.46939679
0.000214371371500048,258.180708947237,502737.787215289,5637510.46939679
0.00019254674037869,258.180708947237,503237.787215289,5637510.46939679
0.000200517613799763,258.180708947237,503737.787215289,5637510.46939679
0.000217152638884151,258.180708947237,504237.787215289,5637510.46939679
0.000285435778503866,258.180708947237,504737.787215289,5637510.46939679
0.00108142210047487,258.180708947237,505237.787215289,5637510.46939679
0.00158537991175311,258.180708947237,505737.787215289,5637510.46939679
0.00185226703455411,258.180708947237,506237.787215289,5637510.46939679
0.00125420737778191,258.180708947237,506737.787215289,5637510.46939679
0.00726775188518413,258.180708947237,507237.787215289,5637510.46939679
0.00125420737778191,258.180708947237,507737.787215289,5637510.46939679
0.00502067421687903,258.180708947237,508237.787215289,5637510.46939679
0.00181554660599997,258.180708947237,508737.787215289,5637510.46939679
0.0034683585777633,258.180708947237,509237.787215289,5637510.46939679
0.00119753880396937,258.180708947237,509737.787215289,5637510.46939679
0.00121981684143922,258.180708947237,510237.787215289,5637510.46939679
0.00341931306734151,258.180708947237,510737.787215289,5637510.46939679
0.00613540604712474,258.180708947237,511237.787215289,5637510.46939679
0.00615010493488876,258.180708947237,511737.787215289,5637510.46939679
0.00307093408379548,258.180708947237,512237.787215289,5637510.46939679
0.00447659549084781,258.180708947237,512737.787215289,5637510.46939679
0.000768959118927599,258.180708947237,513237.787215289,5637510.46939679
0.00120849337284092,258.180708947237,513737.787215289,5637510.46939679
0.00327933368517129,258.180708947237,514237.787215289,5637510.46939679
0.00123475783376758,258.180708947237,514737.787215289,5637510.46939679
0.000213001242413711,258.180708947237,515237.787215289,5637510.46939679
0.000408023941647358,258.180708947237,515737.787215289,5637510.46939679
0.000392525844974975,258.180708947237,516237.787215289,5637510.46939679
0.0043009688719747,258.180708947237,516737.787215289,5637510.46939679
0.00654847808393882,258.180708947237,517237.787215289,5637510.46939679
0.0069010348925915,258.180708947237,517737.787215289,5637510.46939679
0.00644956612699917,258.180708947237,518237.787215289,5637510.46939679
0.00604932101693669,258.180708947237,518737.787215289,5637510.46939679
0.00527964458474977,258.180708947237,519237.787215289,5637510.46939679
0.00481332487090941,258.180708947237,519737.787215289,5637510.46939679
0.00534488623215733,258.180708947237,520237.787215289,5637510.46939679
0.00448875294948862,258.180708947237,520737.787215289,5637510.46939679
0.00329071203198889,258.180708947237,521237.787215289,5637510.46939679
0.00469541218759134,258.180708947237,521737.787215289,5637510.46939679
0.00694373824424514,258.180708947237,522237.787215289,5637510.46939679
0.00552318436840011,258.180708947237,522737.787215289,5637510.46939679
0.00552948194105349,258.180708947237,523237.787215289,5637510.46939679
0.00512011152129824,258.180708947237,523737.787215289,5637510.46939679
0.00446639499753696,258.180708947237,524237.787215289,5637510.46939679
0.000139318595733129,258.180708947237,486737.787215289,5638010.46939679
0.000210254414540322,258.180708947237,487237.787215289,5638010.46939679
0.000330572356443887,258.180708947237,487737.787215289,5638010.46939679
0.000170997470237235,258.180708947237,488237.787215289,5638010.46939679
0.000197716706610498,258.180708947237,488737.787215289,5638010.46939679
0.00145263549088834,258.180708947237,489237.787215289,5638010.46939679
0.00162921222493384,258.180708947237,489737.787215289,5638010.46939679
0.000865809929270713,258.180708947237,490237.787215289,5638010.46939679
0.000516082507716179,258.180708947237,490737.787215289,5638010.46939679
0.000785657038079522,258.180708947237,491237.787215289,5638010.46939679
0.00310576324008654,258.180708947237,491737.787215289,5638010.46939679
0.000475767535570923,258.180708947237,492237.787215289,5638010.46939679
0.000244342291210908,258.180708947237,492737.787215289,5638010.46939679
0.000402298928373405,258.180708947237,493237.787215289,5638010.46939679
0.000625572675615942,258.180708947237,493737.787215289,5638010.46939679
0.000527894193474419,258.180708947237,494237.787215289,5638010.46939679
0.000195691172176063,258.180708947237,494737.787215289,5638010.46939679
0.000198942296814997,258.180708947237,495237.787215289,5638010.46939679
0.000268137052973977,258.180708947237,495737.787215289,5638010.46939679
0.000207072832479147,258.180708947237,496237.787215289,5638010.46939679
0.000431106739676202,258.180708947237,496737.787215289,5638010.46939679
0.000167672882532568,258.180708947237,497237.787215289,5638010.46939679
0.000268399015439268,258.180708947237,497737.787215289,5638010.46939679
0.000230572426433443,258.180708947237,498237.787215289,5638010.46939679
0.000166820368211258,258.180708947237,498737.787215289,5638010.46939679
0.000858036143033342,258.180708947237,499237.787215289,5638010.46939679
0.000858036143033342,258.180708947237,499737.787215289,5638010.46939679
0.000167672882532568,258.180708947237,500237.787215289,5638010.46939679
0.000167672882532568,258.180708947237,500737.787215289,5638010.46939679
0.000165088149215,258.180708947237,501237.787215289,5638010.46939679
0.00020767705443685,258.180708947237,501737.787215289,5638010.46939679
0.000298529633287804,258.180708947237,502237.787215289,5638010.46939679
0.000765622685276388,258.180708947237,502737.787215289,5638010.46939679
0.000226919022611396,258.180708947237,503237.787215289,5638010.46939679
0.000312666552925216,258.180708947237,503737.787215289,5638010.46939679
0.000307133947911109,258.180708947237,504237.787215289,5638010.46939679
0.000278748198111153,258.180708947237,504737.787215289,5638010.46939679
0.000350712521370254,258.180708947237,505237.787215289,5638010.46939679
0.00376247268750548,258.180708947237,505737.787215289,5638010.46939679
0.00366288012584454,258.180708947237,506237.787215289,5638010.46939679
0.00726775188518413,258.180708947237,506737.787215289,5638010.46939679
0.00437041595116109,258.180708947237,507237.787215289,5638010.46939679
0.00185226703455411,258.180708947237,507737.787215289,5638010.46939679
0.00363248431082585,258.180708947237,508237.787215289,5638010.46939679
0.000754209557029078,258.180708947237,508737.787215289,5638010.46939679
0.0041729484164398,258.180708947237,509237.787215289,5638010.46939679
0.00114343067376037,258.180708947237,509737.787215289,5638010.46939679
0.00218437112674953,258.180708947237,510237.787215289,5638010.46939679
0.00160905019292925,258.180708947237,510737.787215289,5638010.46939679
0.00358111792435536,258.180708947237,511237.787215289,5638010.46939679
0.00603724259144154,258.180708947237,511737.787215289,5638010.46939679
0.00375594597467807,258.180708947237,512237.787215289,5638010.46939679
0.00357476316290852,258.180708947237,512737.787215289,5638010.46939679
0.00480324454774922,258.180708947237,513237.787215289,5638010.46939679
0.000582400520788981,258.180708947237,513737.787215289,5638010.46939679
0.00080202255241395,258.180708947237,514237.787215289,5638010.46939679
0.00124720847412268,258.180708947237,514737.787215289,5638010.46939679
0.000964007589716521,258.180708947237,515237.787215289,5638010.46939679
0.00185746088642592,258.180708947237,515737.787215289,5638010.46939679
0.000559337780751946,258.180708947237,516237.787215289,5638010.46939679
0.000307702169801322,258.180708947237,516737.787215289,5638010.46939679
0.000320643257265598,258.180708947237,517237.787215289,5638010.46939679
0.000307702169801322,258.180708947237,517737.787215289,5638010.46939679
0.00166602741225733,258.180708947237,518237.787215289,5638010.46939679
0.00430807543823449,258.180708947237,518737.787215289,5638010.46939679
0.00286076597686392,258.180708947237,519237.787215289,5638010.46939679
0.00502791128595751,258.180708947237,519737.787215289,5638010.46939679
0.00494455956089555,258.180708947237,520237.787215289,5638010.46939679
0.00481879417086813,258.180708947237,520737.787215289,5638010.46939679
0.00134102522640635,258.180708947237,521237.787215289,5638010.46939679
0.00468649444985477,258.180708947237,521737.787215289,5638010.46939679
0.00182937627099707,258.180708947237,522237.787215289,5638010.46939679
0.000476577336109781,258.180708947237,522737.787215289,5638010.46939679
0.0055678230925753,258.180708947237,523237.787215289,5638010.46939679
0.000213001242413711,258.180708947237,523737.787215289,5638010.46939679
0.000213001242413711,258.180708947237,524237.787215289,5638010.46939679
0.000135498898824095,258.180708947237,486737.787215289,5638510.46939679
0.000338988479559593,258.180708947237,487237.787215289,5638510.46939679
0.00213883184388975,258.180708947237,487737.787215289,5638510.46939679
0.000210522056619505,258.180708947237,488237.787215289,5638510.46939679
0.000707997485387806,258.180708947237,488737.787215289,5638510.46939679
0.00197496340200525,258.180708947237,489237.787215289,5638510.46939679
0.00371083199354614,258.180708947237,489737.787215289,5638510.46939679
0.00378394418091913,258.180708947237,490237.787215289,5638510.46939679
0.00240353891536822,258.180708947237,490737.787215289,5638510.46939679
0.00290183830032336,258.180708947237,491237.787215289,5638510.46939679
0.00272216885957803,258.180708947237,491737.787215289,5638510.46939679
0.000316668048197533,258.180708947237,492237.787215289,5638510.46939679
0.000311629008831043,258.180708947237,492737.787215289,5638510.46939679
0.00107234356326092,258.180708947237,493237.787215289,5638510.46939679
0.000286099754002689,258.180708947237,493737.787215289,5638510.46939679
0.000369527571280443,258.180708947237,494237.787215289,5638510.46939679
0.000215994839332947,258.180708947237,494737.787215289,5638510.46939679
0.000200517613799763,258.180708947237,495237.787215289,5638510.46939679
0.000429464324169043,258.180708947237,495737.787215289,5638510.46939679
0.000603449983870934,258.180708947237,496237.787215289,5638510.46939679
0.00062811226883468,258.180708947237,496737.787215289,5638510.46939679
0.000178030823779575,258.180708947237,497237.787215289,5638510.46939679
0.000178030823779575,258.180708947237,497737.787215289,5638510.46939679
0.00017651691111943,258.180708947237,498237.787215289,5638510.46939679
0.000302011542493211,258.180708947237,498737.787215289,5638510.46939679
0.000172611405960105,258.180708947237,499237.787215289,5638510.46939679
0.000174976038047358,258.180708947237,499737.787215289,5638510.46939679
0.000178030823779575,258.180708947237,500237.787215289,5638510.46939679
0.000213001242413711,258.180708947237,500737.787215289,5638510.46939679
0.000173406936271829,258.180708947237,501237.787215289,5638510.46939679
0.000188013867889501,258.180708947237,501737.787215289,5638510.46939679
0.000392447288035689,258.180708947237,502237.787215289,5638510.46939679
0.00350368236243577,258.180708947237,502737.787215289,5638510.46939679
0.00276154236793216,258.180708947237,503237.787215289,5638510.46939679
0.0025307608816426,258.180708947237,503737.787215289,5638510.46939679
0.000812559947116449,258.180708947237,504237.787215289,5638510.46939679
0.00336665825119863,258.180708947237,504737.787215289,5638510.46939679
0.00170535999426462,258.180708947237,505237.787215289,5638510.46939679
0.00413133695991718,258.180708947237,505737.787215289,5638510.46939679
0.0037059533036729,258.180708947237,506237.787215289,5638510.46939679
0.00604061375231175,258.180708947237,506737.787215289,5638510.46939679
0.000497478394595883,258.180708947237,507237.787215289,5638510.46939679
0.00479382620714154,258.180708947237,507737.787215289,5638510.46939679
0.00632646082896703,258.180708947237,508237.787215289,5638510.46939679
0.000561465163006236,258.180708947237,508737.787215289,5638510.46939679
0.00208567517054404,258.180708947237,509237.787215289,5638510.46939679
0.00398440301354867,258.180708947237,509737.787215289,5638510.46939679
0.0030191502172443,258.180708947237,510237.787215289,5638510.46939679
0.00331164850130058,258.180708947237,510737.787215289,5638510.46939679
0.00208567517054404,258.180708947237,511237.787215289,5638510.46939679
0.00525825687098998,258.180708947237,511737.787215289,5638510.46939679
0.00457722782072135,258.180708947237,512237.787215289,5638510.46939679
0.000950365830018562,258.180708947237,512737.787215289,5638510.46939679
0.000689843280631568,258.180708947237,513237.787215289,5638510.46939679
0.00200183774315884,258.180708947237,513737.787215289,5638510.46939679
0.00604853098621274,258.180708947237,514237.787215289,5638510.46939679
0.00380381508285408,258.180708947237,514737.787215289,5638510.46939679
0.00450243953615511,258.180708947237,515237.787215289,5638510.46939679
0.00158350903643029,258.180708947237,515737.787215289,5638510.46939679
0.00092364898499395,258.180708947237,516237.787215289,5638510.46939679
0.00263718392972078,258.180708947237,516737.787215289,5638510.46939679
0.00112444313789522,258.180708947237,517237.787215289,5638510.46939679
0.000465996930298359,258.180708947237,517737.787215289,5638510.46939679
0.000213001242413711,258.180708947237,518237.787215289,5638510.46939679
0.000298590070347003,258.180708947237,518737.787215289,5638510.46939679
0.000298590070347003,258.180708947237,519237.787215289,5638510.46939679
0.000213001242413711,258.180708947237,519737.787215289,5638510.46939679
0.000213001242413711,258.180708947237,520237.787215289,5638510.46939679
0.000213001242413711,258.180708947237,520737.787215289,5638510.46939679
0.000213001242413711,258.180708947237,521237.787215289,5638510.46939679
0.000213001242413711,258.180708947237,521737.787215289,5638510.46939679
0.000213001242413711,258.180708947237,522237.787215289,5638510.46939679
0.000213001242413711,258.180708947237,522737.787215289,5638510.46939679
0.000213001242413711,258.180708947237,523237.787215289,5638510.46939679
0.000213001242413711,258.180708947237,523737.787215289,5638510.46939679
0.000213001242413711,258.180708947237,524237.787215289,5638510.46939679
0.000227484610303637,258.180708947237,486737.787215289,5639010.46939679
0.000410877822860485,258.180708947237,487237.787215289,5639010.46939679
0.00197215559669036,258.180708947237,487737.787215289,5639010.46939679
0.002472856352409,258.180708947237,488237.787215289,5639010.46939679
0.00301197317492606,258.180708947237,488737.787215289,5639010.46939679
0.00278051950004522,258.180708947237,489237.787215289,5639010.46939679
0.00316712215697489,258.180708947237,489737.787215289,5639010.46939679
0.00376247268750548,258.180708947237,490237.787215289,5639010.46939679
0.00401774360544022,258.180708947237,490737.787215289,5639010.46939679
0.002941041556049,258.180708947237,491237.787215289,5639010.46939679
0.00453158500479155,258.180708947237,491737.787215289,5639010.46939679
0.00350927519893274,258.180708947237,492237.787215289,5639010.46939679
0.0046075575880667,258.180708947237,492737.787215289,5639010.46939679
0.0041269847937989,258.180708947237,493237.787215289,5639010.46939679
0.000229111005241131,258.180708947237,493737.787215289,5639010.46939679
0.000224534729834847,258.180708947237,494237.787215289,5639010.46939679
0.000260830258438216,258.180708947237,494737.787215289,5639010.46939679
0.000243741253616099,258.180708947237,495237.787215289,5639010.46939679
0.000412629205594211,258.180708947237,495737.787215289,5639010.46939679
0.000230351898969048,258.180708947237,496237.787215289,5639010.46939679
0.000478897421023241,258.180708947237,496737.787215289,5639010.46939679
0.000980390298579467,258.180708947237,497237.787215289,5639010.46939679
0.000980390298579467,258.180708947237,497737.787215289,5639010.46939679
0.000214371371500048,258.180708947237,498237.787215289,5639010.46939679
0.000241682281663079,258.180708947237,498737.787215289,5639010.46939679
0.000277641307779858,258.180708947237,499237.787215289,5639010.46939679
0.000962738776413488,258.180708947237,499737.787215289,5639010.46939679
0.000188629373267015,258.180708947237,500237.787215289,5639010.46939679
0.000980390298579467,258.180708947237,500737.787215289,5639010.46939679
0.000183132858474902,258.180708947237,501237.787215289,5639010.46939679
0.00022533271842743,258.180708947237,501737.787215289,5639010.46939679
0.000539443899230948,258.180708947237,502237.787215289,5639010.46939679
0.00263676821153199,258.180708947237,502737.787215289,5639010.46939679
0.00416998293766232,258.180708947237,503237.787215289,5639010.46939679
0.00337955355324154,258.180708947237,503737.787215289,5639010.46939679
0.0062567769917431,258.180708947237,504237.787215289,5639010.46939679
0.00420059933519936,258.180708947237,504737.787215289,5639010.46939679
0.00425734859304754,258.180708947237,505237.787215289,5639010.46939679
0.00190145984447808,258.180708947237,505737.787215289,5639010.46939679
0.00550708214214719,258.180708947237,506237.787215289,5639010.46939679
0.00275248657298818,258.180708947237,506737.787215289,5639010.46939679
0.0034683585777633,258.180708947237,507237.787215289,5639010.46939679
0.00632646082896703,258.180708947237,507737.787215289,5639010.46939679
0.0034683585777633,258.180708947237,508237.787215289,5639010.46939679
0.00550708214214719,258.180708947237,508737.787215289,5639010.46939679
0.00228773746111789,258.180708947237,509237.787215289,5639010.46939679
0.00604061375231175,258.180708947237,509737.787215289,5639010.46939679
0.00270417336493232,258.180708947237,510237.787215289,5639010.46939679
0.00483162022453982,258.180708947237,510737.787215289,5639010.46939679
0.00408728059927412,258.180708947237,511237.787215289,5639010.46939679
0.00331164850130058,258.180708947237,511737.787215289,5639010.46939679
0.00246877384229563,258.180708947237,512237.787215289,5639010.46939679
0.000420481975315742,258.180708947237,512737.787215289,5639010.46939679
0.00437614411170053,258.180708947237,513237.787215289,5639010.46939679
0.00233051302940594,258.180708947237,513737.787215289,5639010.46939679
0.00576768204073048,258.180708947237,514237.787215289,5639010.46939679
0.000412835291670784,258.180708947237,514737.787215289,5639010.46939679
0.000965746883351105,258.180708947237,515237.787215289,5639010.46939679
0.00229073592341434,258.180708947237,515737.787215289,5639010.46939679
0.00347290444135244,258.180708947237,516237.787215289,5639010.46939679
0.004586220614534,258.180708947237,516737.787215289,5639010.46939679
0.00131613827955114,258.180708947237,517237.787215289,5639010.46939679
0.00112564030813571,258.180708947237,517737.787215289,5639010.46939679
0.000213001242413711,258.180708947237,518237.787215289,5639010.46939679
0.000213001242413711,258.180708947237,518737.787215289,5639010.46939679
0.000397974738801095,258.180708947237,519237.787215289,5639010.46939679
0.000397974738801095,258.180708947237,519737.787215289,5639010.46939679
0.000213001242413711,258.180708947237,520237.787215289,5639010.46939679
0.000213001242413711,258.180708947237,520737.787215289,5639010.46939679
0.000213001242413711,258.180708947237,521237.787215289,5639010.46939679
0.000213001242413711,258.180708947237,521737.787215289,5639010.46939679
0.000213001242413711,258.180708947237,522237.787215289,5639010.46939679
0.000213001242413711,258.180708947237,522737.787215289,5639010.46939679
0.000213001242413711,258.180708947237,523237.787215289,5639010.46939679
0.000213001242413711,258.180708947237,523737.787215289,5639010.46939679
0.000541777683649294,258.180708947237,524237.787215289,5639010.46939679
0.000361201532923499,258.180708947237,486737.787215289,5639510.46939679
0.0028853643977377,258.180708947237,487237.787215289,5639510.46939679
0.00249884730594933,258.180708947237,487737.787215289,5639510.46939679
0.00248336933075866,258.180708947237,488237.787215289,5639510.46939679
0.00275572064647367,258.180708947237,488737.787215289,5639510.46939679
0.00231792344497888,258.180708947237,489237.787215289,5639510.46939679
0.00265051867934224,258.180708947237,489737.787215289,5639510.46939679
0.00166040146283129,258.180708947237,490237.787215289,5639510.46939679
0.00337862841345846,258.180708947237,490737.787215289,5639510.46939679
0.00604061375231175,258.180708947237,491237.787215289,5639510.46939679
0.00466980477061145,258.180708947237,491737.787215289,5639510.46939679
0.00313048826577768,258.180708947237,492237.787215289,5639510.46939679
0.00453158500479155,258.180708947237,492737.787215289,5639510.46939679
0.00422217716418512,258.180708947237,493237.787215289,5639510.46939679
0.000339880325729315,258.180708947237,493737.787215289,5639510.46939679
0.000610813107179735,258.180708947237,494237.787215289,5639510.46939679
0.00115720930380915,258.180708947237,494737.787215289,5639510.46939679
0.000239432741951343,258.180708947237,495237.787215289,5639510.46939679
0.000305607810474206,258.180708947237,495737.787215289,5639510.46939679
0.000236920634779974,258.180708947237,496237.787215289,5639510.46939679
0.000370970361148039,258.180708947237,496737.787215289,5639510.46939679
0.000213001242413711,258.180708947237,497237.787215289,5639510.46939679
0.000203647180418055,258.180708947237,497737.787215289,5639510.46939679
0.000191905133302882,258.180708947237,498237.787215289,5639510.46939679
0.000377403277166741,258.180708947237,498737.787215289,5639510.46939679
0.000216694850442358,258.180708947237,499237.787215289,5639510.46939679
0.00039803702617819,258.180708947237,499737.787215289,5639510.46939679
0.00311590369423175,258.180708947237,500237.787215289,5639510.46939679
0.0029751185086099,258.180708947237,500737.787215289,5639510.46939679
0.000299506936700039,258.180708947237,501237.787215289,5639510.46939679
0.00211723679420924,258.180708947237,501737.787215289,5639510.46939679
0.00366947964759535,258.180708947237,502237.787215289,5639510.46939679
0.000534915150194789,258.180708947237,502737.787215289,5639510.46939679
0.00213167674838903,258.180708947237,503237.787215289,5639510.46939679
0.00480891945801945,258.180708947237,503737.787215289,5639510.46939679
0.00422217716418512,258.180708947237,504237.787215289,5639510.46939679
0.002989044108694,258.180708947237,504737.787215289,5639510.46939679
0.00190145984447808,258.180708947237,505237.787215289,5639510.46939679
0.00331164850130058,258.180708947237,505737.787215289,5639510.46939679
0.00632646082896703,258.180708947237,506237.787215289,5639510.46939679
0.00693937466348008,258.180708947237,506737.787215289,5639510.46939679
0.00761166820154199,258.180708947237,507237.787215289,5639510.46939679
0.00576768204073048,258.180708947237,507737.787215289,5639510.46939679
0.00165519013499448,258.180708947237,508237.787215289,5639510.46939679
0.000669805883178932,258.180708947237,508737.787215289,5639510.46939679
0.00479382620714154,258.180708947237,509237.787215289,5639510.46939679
0.00445881001725453,258.180708947237,509737.787215289,5639510.46939679
0.00288507050681231,258.180708947237,510237.787215289,5639510.46939679
0.00235393931139228,258.180708947237,510737.787215289,5639510.46939679
0.00345448615118941,258.180708947237,511237.787215289,5639510.46939679
0.00331164850130058,258.180708947237,511737.787215289,5639510.46939679
0.002941041556049,258.180708947237,512237.787215289,5639510.46939679
0.00431759529389091,258.180708947237,512737.787215289,5639510.46939679
0.00350022134736946,258.180708947237,513237.787215289,5639510.46939679
0.00248764172449336,258.180708947237,513737.787215289,5639510.46939679
0.00218825404498933,258.180708947237,514237.787215289,5639510.46939679
0.0029334371790922,258.180708947237,514737.787215289,5639510.46939679
0.000395057371808102,258.180708947237,515237.787215289,5639510.46939679
0.000790934701943175,258.180708947237,515737.787215289,5639510.46939679
0.000908614994466605,258.180708947237,516237.787215289,5639510.46939679
0.00158350903643029,258.180708947237,516737.787215289,5639510.46939679
0.00365380983173091,258.180708947237,517237.787215289,5639510.46939679
0.00168834733200114,258.180708947237,517737.787215289,5639510.46939679
0.000322923717758612,258.180708947237,518237.787215289,5639510.46939679
0.00033820474788053,258.180708947237,518737.787215289,5639510.46939679
0.000467453046569057,258.180708947237,519237.787215289,5639510.46939679
0.000294401779730354,258.180708947237,519737.787215289,5639510.46939679
0.000213001242413711,258.180708947237,520237.787215289,5639510.46939679
0.000213001242413711,258.180708947237,520737.787215289,5639510.46939679
0.000213001242413711,258.180708947237,521237.787215289,5639510.46939679
0.000426165689548941,258.180708947237,521737.787215289,5639510.46939679
0.000388525000065207,258.180708947237,522237.787215289,5639510.46939679
0.000752281480991723,258.180708947237,522737.787215289,5639510.46939679
0.00117489952009161,258.180708947237,523237.787215289,5639510.46939679
0.00060794319550645,258.180708947237,523737.787215289,5639510.46939679
0.000447188886072247,258.180708947237,524237.787215289,5639510.46939679
0.00182196930897078,258.180708947237,486737.787215289,5640010.46939679
0.00173509536208743,258.180708947237,487237.787215289,5640010.46939679
0.00157377323678904,258.180708947237,487737.787215289,5640010.46939679
0.00124120914891942,258.180708947237,488237.787215289,5640010.46939679
0.00137733265684824,258.180708947237,488737.787215289,5640010.46939679
0.00242760959076239,258.180708947237,489237.787215289,5640010.46939679
0.000693454443055833,258.180708947237,489737.787215289,5640010.46939679
0.000953358034841693,258.180708947237,490237.787215289,5640010.46939679
0.00406498975569364,258.180708947237,490737.787215289,5640010.46939679
0.0041729484164398,258.180708947237,491237.787215289,5640010.46939679
0.00104243821943411,258.180708947237,491737.787215289,5640010.46939679
0.00457722782072135,258.180708947237,492237.787215289,5640010.46939679
0.00457722782072135,258.180708947237,492737.787215289,5640010.46939679
0.00425734859304754,258.180708947237,493237.787215289,5640010.46939679
0.00453158500479155,258.180708947237,493737.787215289,5640010.46939679
0.000280999516787594,258.180708947237,494237.787215289,5640010.46939679
0.000295860343230276,258.180708947237,494737.787215289,5640010.46939679
0.000278325174403676,258.180708947237,495237.787215289,5640010.46939679
0.000977629812073426,258.180708947237,495737.787215289,5640010.46939679
0.000432739179036163,258.180708947237,496237.787215289,5640010.46939679
0.000226215902279129,258.180708947237,496737.787215289,5640010.46939679
0.000206235592407202,258.180708947237,497237.787215289,5640010.46939679
0.000412629205594211,258.180708947237,497737.787215289,5640010.46939679
0.000811999318340709,258.180708947237,498237.787215289,5640010.46939679
0.000290262264141041,258.180708947237,498737.787215289,5640010.46939679
0.000200517613799763,258.180708947237,499237.787215289,5640010.46939679
0.000580746931548138,258.180708947237,499737.787215289,5640010.46939679
0.00172994545712534,258.180708947237,500237.787215289,5640010.46939679
0.00262270967156845,258.180708947237,500737.787215289,5640010.46939679
0.000219943960201641,258.180708947237,501237.787215289,5640010.46939679
0.000698724464042846,258.180708947237,501737.787215289,5640010.46939679
0.00219155779832116,258.180708947237,502237.787215289,5640010.46939679
0.00338469010359769,258.180708947237,502737.787215289,5640010.46939679
0.00405058787984177,258.180708947237,503237.787215289,5640010.46939679
0.000662020931358827,258.180708947237,503737.787215289,5640010.46939679
0.00489078397851383,258.180708947237,504237.787215289,5640010.46939679
0.00761166820154199,258.180708947237,504737.787215289,5640010.46939679
0.0066258344369621,258.180708947237,505237.787215289,5640010.46939679
0.00761166820154199,258.180708947237,505737.787215289,5640010.46939679
0.00550708214214719,258.180708947237,506237.787215289,5640010.46939679
0.00525825687098998,258.180708947237,506737.787215289,5640010.46939679
0.00244445550016734,258.180708947237,507237.787215289,5640010.46939679
0.00111384889323585,258.180708947237,507737.787215289,5640010.46939679
0.00142644891260471,258.180708947237,508237.787215289,5640010.46939679
0.00112485945616584,258.180708947237,508737.787215289,5640010.46939679
0.003278625682929,258.180708947237,509237.787215289,5640010.46939679
0.00122586938799411,258.180708947237,509737.787215289,5640010.46939679
0.00147490220711001,258.180708947237,510237.787215289,5640010.46939679
0.000886922976209029,258.180708947237,510737.787215289,5640010.46939679
0.00174802083291947,258.180708947237,511237.787215289,5640010.46939679
0.00457722782072135,258.180708947237,511737.787215289,5640010.46939679
0.00109176729919938,258.180708947237,512237.787215289,5640010.46939679
0.00398440301354867,258.180708947237,512737.787215289,5640010.46939679
0.00228773746111789,258.180708947237,513237.787215289,5640010.46939679
0.00363248431082585,258.180708947237,513737.787215289,5640010.46939679
0.00363248431082585,258.180708947237,514237.787215289,5640010.46939679
0.00437328217876742,258.180708947237,514737.787215289,5640010.46939679
0.000646094864475062,258.180708947237,515237.787215289,5640010.46939679
0.00090920846368746,258.180708947237,515737.787215289,5640010.46939679
0.000790417442453166,258.180708947237,516237.787215289,5640010.46939679
0.00172030325956955,258.180708947237,516737.787215289,5640010.46939679
0.000979521777886133,258.180708947237,517237.787215289,5640010.46939679
0.000738306691853866,258.180708947237,517737.787215289,5640010.46939679
0.00114716993973073,258.180708947237,518237.787215289,5640010.46939679
0.000830522365178613,258.180708947237,518737.787215289,5640010.46939679
0.00120145501524534,258.180708947237,519237.787215289,5640010.46939679
0.00247424092759503,258.180708947237,519737.787215289,5640010.46939679
0.00210704784745606,258.180708947237,520237.787215289,5640010.46939679
0.00254697917301595,258.180708947237,520737.787215289,5640010.46939679
0.00110295503834421,258.180708947237,521237.787215289,5640010.46939679
0.000647334945346301,258.180708947237,521737.787215289,5640010.46939679
0.00102703161422412,258.180708947237,522237.787215289,5640010.46939679
0.000669302487002904,258.180708947237,522737.787215289,5640010.46939679
0.00109255479854543,258.180708947237,523237.787215289,5640010.46939679
0.000754753573628023,258.180708947237,523737.787215289,5640010.46939679
0.00053295989056739,258.180708947237,524237.787215289,5640010.46939679
0.00114747569004417,258.180708947237,486737.787215289,5640510.46939679
0.00103587613531881,258.180708947237,487237.787215289,5640510.46939679
0.00248507761948464,258.180708947237,487737.787215289,5640510.46939679
0.00170828700906743,258.180708947237,488237.787215289,5640510.46939679
0.000544377434692217,258.180708947237,488737.787215289,5640510.46939679
0.000302202213043233,258.180708947237,489237.787215289,5640510.46939679
0.000521860368901753,258.180708947237,489737.787215289,5640510.46939679
0.000390449881037128,258.180708947237,490237.787215289,5640510.46939679
0.000315933456756837,258.180708947237,490737.787215289,5640510.46939679
0.000556711166427976,258.180708947237,491237.787215289,5640510.46939679
0.000950365830018562,258.180708947237,491737.787215289,5640510.46939679
0.00181554660599997,258.180708947237,492237.787215289,5640510.46939679
0.00239599517999042,258.180708947237,492737.787215289,5640510.46939679
0.00479382620714154,258.180708947237,493237.787215289,5640510.46939679
0.00489078397851383,258.180708947237,493737.787215289,5640510.46939679
0.00483393987100231,258.180708947237,494237.787215289,5640510.46939679
0.000503347203877068,258.180708947237,494737.787215289,5640510.46939679
0.00045496703383112,258.180708947237,495237.787215289,5640510.46939679
0.00105360521208221,258.180708947237,495737.787215289,5640510.46939679
0.00140605898811895,258.180708947237,496237.787215289,5640510.46939679
0.000211118552031558,258.180708947237,496737.787215289,5640510.46939679
0.000243741253616099,258.180708947237,497237.787215289,5640510.46939679
0.000280006626667882,258.180708947237,497737.787215289,5640510.46939679
0.000288090018871954,258.180708947237,498237.787215289,5640510.46939679
0.000206235592407202,258.180708947237,498737.787215289,5640510.46939679
0.000206235592407202,258.180708947237,499237.787215289,5640510.46939679
0.000312666552925216,258.180708947237,499737.787215289,5640510.46939679
0.000889533315520895,258.180708947237,500237.787215289,5640510.46939679
0.00372936306321553,258.180708947237,500737.787215289,5640510.46939679
0.000788272820939283,258.180708947237,501237.787215289,5640510.46939679
0.00315550769200192,258.180708947237,501737.787215289,5640510.46939679
0.00214130035461166,258.180708947237,502237.787215289,5640510.46939679
0.00415053646690807,258.180708947237,502737.787215289,5640510.46939679
0.00474102382455683,258.180708947237,503237.787215289,5640510.46939679
0.00445881001725453,258.180708947237,503737.787215289,5640510.46939679
0.00363248431082585,258.180708947237,504237.787215289,5640510.46939679
0.00726775188518413,258.180708947237,504737.787215289,5640510.46939679
0.00275248657298818,258.180708947237,505237.787215289,5640510.46939679
0.00106352210570413,258.180708947237,505737.787215289,5640510.46939679
0.00280815712763856,258.180708947237,506237.787215289,5640510.46939679
0.00561846590705533,258.180708947237,506737.787215289,5640510.46939679
0.00149394971109726,258.180708947237,507237.787215289,5640510.46939679
0.00260191470050826,258.180708947237,507737.787215289,5640510.46939679
0.00463122589864425,258.180708947237,508237.787215289,5640510.46939679
0.00229494034957304,258.180708947237,508737.787215289,5640510.46939679
0.00371841923138565,258.180708947237,509237.787215289,5640510.46939679
0.00295093450623851,258.180708947237,509737.787215289,5640510.46939679
0.00355041071986471,258.180708947237,510237.787215289,5640510.46939679
0.00111759561065192,258.180708947237,510737.787215289,5640510.46939679
0.00187057697127079,258.180708947237,511237.787215289,5640510.46939679
0.00140354085687426,258.180708947237,511737.787215289,5640510.46939679
0.00150899700064383,258.180708947237,512237.787215289,5640510.46939679
0.00181554660599997,258.180708947237,512737.787215289,5640510.46939679
0.000827278131090029,258.180708947237,513237.787215289,5640510.46939679
0.00149528179609932,258.180708947237,513737.787215289,5640510.46939679
0.0041729484164398,258.180708947237,514237.787215289,5640510.46939679
0.00150998663845163,258.180708947237,514737.787215289,5640510.46939679
0.000777347693766942,258.180708947237,515237.787215289,5640510.46939679
0.000639122675366608,258.180708947237,515737.787215289,5640510.46939679
0.00121981684143922,258.180708947237,516237.787215289,5640510.46939679
0.000968045662606064,258.180708947237,516737.787215289,5640510.46939679
0.00122209747677013,258.180708947237,517237.787215289,5640510.46939679
0.000770392820798484,258.180708947237,517737.787215289,5640510.46939679
0.000829983509767194,258.180708947237,518237.787215289,5640510.46939679
0.000523062720863719,258.180708947237,518737.787215289,5640510.46939679
0.000829443833689187,258.180708947237,519237.787215289,5640510.46939679
0.00173805327528633,258.180708947237,519737.787215289,5640510.46939679
0.00077883969449059,258.180708947237,520237.787215289,5640510.46939679
0.000937059360189015,258.180708947237,520737.787215289,5640510.46939679
0.000894720414923433,258.180708947237,521237.787215289,5640510.46939679
0.0011452471455293,258.180708947237,521737.787215289,5640510.46939679
0.0011452471455293,258.180708947237,522237.787215289,5640510.46939679
0.00238096458276167,258.180708947237,522737.787215289,5640510.46939679
0.00111049307567906,258.180708947237,523237.787215289,5640510.46939679
0.00111049307567906,258.180708947237,523737.787215289,5640510.46939679
0.00104185645289861,258.180708947237,524237.787215289,5640510.46939679
0.00170631768010855,258.180708947237,486737.787215289,5641010.46939679
0.00295563623349997,258.180708947237,487237.787215289,5641010.46939679
0.000462399618968001,258.180708947237,487737.787215289,5641010.46939679
0.000288365821943966,258.180708947237,488237.787215289,5641010.46939679
0.000210380529240936,258.180708947237,488737.787215289,5641010.46939679
0.000211200860614153,258.180708947237,489237.787215289,5641010.46939679
0.000217152638884151,258.180708947237,489737.787215289,5641010.46939679
0.00024264581184869,258.180708947237,490237.787215289,5641010.46939679
0.000253742361375431,258.180708947237,490737.787215289,5641010.46939679
0.000286538092887868,258.180708947237,491237.787215289,5641010.46939679
0.0013290537457221,258.180708947237,491737.787215289,5641010.46939679
0.00188249902690931,258.180708947237,492237.787215289,5641010.46939679
0.00212785909787148,258.180708947237,492737.787215289,5641010.46939679
0.00502067421687903,258.180708947237,493237.787215289,5641010.46939679
0.00165519013499448,258.180708947237,493737.787215289,5641010.46939679
0.00502067421687903,258.180708947237,494237.787215289,5641010.46939679
0.000328137917085762,258.180708947237,494737.787215289,5641010.46939679
0.00337862841345846,258.180708947237,495237.787215289,5641010.46939679
0.00391968967583002,258.180708947237,495737.787215289,5641010.46939679
0.000549290363352989,258.180708947237,496237.787215289,5641010.46939679
0.000551520070365194,258.180708947237,496737.787215289,5641010.46939679
0.000253742361375431,258.180708947237,497237.787215289,5641010.46939679
0.000402893759600267,258.180708947237,497737.787215289,5641010.46939679
0.000822835009854777,258.180708947237,498237.787215289,5641010.46939679
0.000225465233647573,258.180708947237,498737.787215289,5641010.46939679
0.000271268027401772,258.180708947237,499237.787215289,5641010.46939679
0.000568427016220108,258.180708947237,499737.787215289,5641010.46939679
0.000969852995104163,258.180708947237,500237.787215289,5641010.46939679
0.000610813107179735,258.180708947237,500737.787215289,5641010.46939679
0.00227545054754895,258.180708947237,501237.787215289,5641010.46939679
0.000518221226931082,258.180708947237,501737.787215289,5641010.46939679
0.00220777093678948,258.180708947237,502237.787215289,5641010.46939679
0.00507990368244358,258.180708947237,502737.787215289,5641010.46939679
0.00461552903780365,258.180708947237,503237.787215289,5641010.46939679
0.00604061375231175,258.180708947237,503737.787215289,5641010.46939679
0.00489078397851383,258.180708947237,504237.787215289,5641010.46939679
0.00337862841345846,258.180708947237,504737.787215289,5641010.46939679
0.00313048826577768,258.180708947237,505237.787215289,5641010.46939679
0.000998471763088433,258.180708947237,505737.787215289,5641010.46939679
0.00154576917473617,258.180708947237,506237.787215289,5641010.46939679
0.00269216527802971,258.180708947237,506737.787215289,5641010.46939679
0.00201277161534983,258.180708947237,507237.787215289,5641010.46939679
0.000945261632963275,258.180708947237,507737.787215289,5641010.46939679
0.00235336780168362,258.180708947237,508237.787215289,5641010.46939679
0.00281760308685357,258.180708947237,508737.787215289,5641010.46939679
0.002038550713512,258.180708947237,509237.787215289,5641010.46939679
0.0030905752839139,258.180708947237,509737.787215289,5641010.46939679
0.00256874090605971,258.180708947237,510237.787215289,5641010.46939679
0.00407866339491552,258.180708947237,510737.787215289,5641010.46939679
0.00268127678688805,258.180708947237,511237.787215289,5641010.46939679
0.00761166820154199,258.180708947237,511737.787215289,5641010.46939679
0.00604061375231175,258.180708947237,512237.787215289,5641010.46939679
0.00304441378995774,258.180708947237,512737.787215289,5641010.46939679
0.00111384889323585,258.180708947237,513237.787215289,5641010.46939679
0.00269597987964954,258.180708947237,513737.787215289,5641010.46939679
0.00571785585741092,258.180708947237,514237.787215289,5641010.46939679
0.00706515664018047,258.180708947237,514737.787215289,5641010.46939679
0.00133799391356569,258.180708947237,515237.787215289,5641010.46939679
0.00316409275228019,258.180708947237,515737.787215289,5641010.46939679
0.000720604554547065,258.180708947237,516237.787215289,5641010.46939679
0.000820973068555856,258.180708947237,516737.787215289,5641010.46939679
0.000959627958842616,258.180708947237,517237.787215289,5641010.46939679
0.000908614994466605,258.180708947237,517737.787215289,5641010.46939679
0.00065738774702509,258.180708947237,518237.787215289,5641010.46939679
0.00119910837871878,258.180708947237,518737.787215289,5641010.46939679
0.000866993872564261,258.180708947237,519237.787215289,5641010.46939679
0.00133811814288504,258.180708947237,519737.787215289,5641010.46939679
0.000815896034052526,258.180708947237,520237.787215289,5641010.46939679
0.00059092053557699,258.180708947237,520737.787215289,5641010.46939679
0.00129548499044669,258.180708947237,521237.787215289,5641010.46939679
0.000609731456501983,258.180708947237,521737.787215289,5641010.46939679
0.000538166939671847,258.180708947237,522237.787215289,5641010.46939679
0.000851820850565565,258.180708947237,522737.787215289,5641010.46939679
0.000910078894701924,258.180708947237,523237.787215289,5641010.46939679
0.00166002976610172,258.180708947237,523737.787215289,5641010.46939679
0.00124481313042397,258.180708947237,524237.787215289,5641010.46939679
0.000777506507836845,258.180708947237,486737.787215289,5641510.46939679
0.000183023077661524,258.180708947237,487237.787215289,5641510.46939679
0.000198787564908549,258.180708947237,487737.787215289,5641510.46939679
0.000205735251025242,258.180708947237,488237.787215289,5641510.46939679
0.000936857500985834,258.180708947237,488737.787215289,5641510.46939679
0.000987272532805534,258.180708947237,489237.787215289,5641510.46939679
0.00105725149449884,258.180708947237,489737.787215289,5641510.46939679
0.00112413780857249,258.180708947237,490237.787215289,5641510.46939679
0.000247308530340659,258.180708947237,490737.787215289,5641510.46939679
0.000291495762811586,258.180708947237,491237.787215289,5641510.46939679
0.000269728752670115,258.180708947237,491737.787215289,5641510.46939679
0.000876646971112276,258.180708947237,492237.787215289,5641510.46939679
0.000680738197992064,258.180708947237,492737.787215289,5641510.46939679
0.0010154692222528,258.180708947237,493237.787215289,5641510.46939679
0.00512222011400181,258.180708947237,493737.787215289,5641510.46939679
0.00797185893597655,258.180708947237,494237.787215289,5641510.46939679
0.00331164850130058,258.180708947237,494737.787215289,5641510.46939679
0.00437041595116109,258.180708947237,495237.787215289,5641510.46939679
0.00132454911300652,258.180708947237,495737.787215289,5641510.46939679
0.000819028748507597,258.180708947237,496237.787215289,5641510.46939679
0.000245905210622803,258.180708947237,496737.787215289,5641510.46939679
0.000722399593669702,258.180708947237,497237.787215289,5641510.46939679
0.000792386386756204,258.180708947237,497737.787215289,5641510.46939679
0.000486576055863197,258.180708947237,498237.787215289,5641510.46939679
0.000292599388310528,258.180708947237,498737.787215289,5641510.46939679
0.000243194858171993,258.180708947237,499237.787215289,5641510.46939679
0.00106784100000238,258.180708947237,499737.787215289,5641510.46939679
0.000689759573030998,258.180708947237,500237.787215289,5641510.46939679
0.00438417610464631,258.180708947237,500737.787215289,5641510.46939679
0.000585422970626429,258.180708947237,501237.787215289,5641510.46939679
0.00372100293969549,258.180708947237,501737.787215289,5641510.46939679
0.0041269847937989,258.180708947237,502237.787215289,5641510.46939679
0.00471596648932375,258.180708947237,502737.787215289,5641510.46939679
0.00388132222502968,258.180708947237,503237.787215289,5641510.46939679
0.00525825687098998,258.180708947237,503737.787215289,5641510.46939679
0.0044069866128458,258.180708947237,504237.787215289,5641510.46939679
0.000449016513674501,258.180708947237,504737.787215289,5641510.46939679
0.00230289653723571,258.180708947237,505237.787215289,5641510.46939679
0.000462838854143647,258.180708947237,505737.787215289,5641510.46939679
0.00434694344875867,258.180708947237,506237.787215289,5641510.46939679
0.000785657038079522,258.180708947237,506737.787215289,5641510.46939679
0.000644846919382926,258.180708947237,507237.787215289,5641510.46939679
0.0029138805622878,258.180708947237,507737.787215289,5641510.46939679
0.00316712215697489,258.180708947237,508237.787215289,5641510.46939679
0.00101888501432621,258.180708947237,508737.787215289,5641510.46939679
0.000672058947650362,258.180708947237,509237.787215289,5641510.46939679
0.00355041071986471,258.180708947237,509737.787215289,5641510.46939679
0.002038550713512,258.180708947237,510237.787215289,5641510.46939679
0.00335071639584953,258.180708947237,510737.787215289,5641510.46939679
0.00425734859304754,258.180708947237,511237.787215289,5641510.46939679
0.00550708214214719,258.180708947237,511737.787215289,5641510.46939679
0.00275248657298818,258.180708947237,512237.787215289,5641510.46939679
0.00353850803739931,258.180708947237,512737.787215289,5641510.46939679
0.00604061375231175,258.180708947237,513237.787215289,5641510.46939679
0.00269597987964954,258.180708947237,513737.787215289,5641510.46939679
0.0030191502172443,258.180708947237,514237.787215289,5641510.46939679
0.000733185274361709,258.180708947237,514737.787215289,5641510.46939679
0.00363248431082585,258.180708947237,515237.787215289,5641510.46939679
0.00632646082896703,258.180708947237,515737.787215289,5641510.46939679
0.00551069382374513,258.180708947237,516237.787215289,5641510.46939679
0.000866993872564261,258.180708947237,516737.787215289,5641510.46939679
0.00112132889390871,258.180708947237,517237.787215289,5641510.46939679
0.000688045638762964,258.180708947237,517737.787215289,5641510.46939679
0.000572245433897575,258.180708947237,518237.787215289,5641510.46939679
0.000866993872564261,258.180708947237,518737.787215289,5641510.46939679
0.00076986762440926,258.180708947237,519237.787215289,5641510.46939679
0.000714738348725918,258.180708947237,519737.787215289,5641510.46939679
0.00144337750579216,258.180708947237,520237.787215289,5641510.46939679
0.00151340917581975,258.180708947237,520737.787215289,5641510.46939679
0.000600290175684493,258.180708947237,521237.787215289,5641510.46939679
0.000517116969940818,258.180708947237,521737.787215289,5641510.46939679
0.00307798759672853,258.180708947237,522237.787215289,5641510.46939679
0.00168533449099017,258.180708947237,522737.787215289,5641510.46939679
0.00185554403817977,258.180708947237,523237.787215289,5641510.46939679
0.000620986374487897,258.180708947237,523737.787215289,5641510.46939679
0.00051187427294885,258.180708947237,524237.787215289,5641510.46939679
0.000262992151318905,258.180708947237,486737.787215289,5642010.46939679
0.000164202566307987,258.180708947237,487237.787215289,5642010.46939679
0.000799450183970777,258.180708947237,487737.787215289,5642010.46939679
0.000867039251454544,258.180708947237,488237.787215289,5642010.46939679
0.000909427875491432,258.180708947237,488737.787215289,5642010.46939679
0.000951822479661058,258.180708947237,489237.787215289,5642010.46939679
0.000213001242413711,258.180708947237,489737.787215289,5642010.46939679
0.000206235592407202,258.180708947237,490237.787215289,5642010.46939679
0.000224388439914198,258.180708947237,490737.787215289,5642010.46939679
0.00021828506696707,258.180708947237,491237.787215289,5642010.46939679
0.000255777007772077,258.180708947237,491737.787215289,5642010.46939679
0.000275654429919546,258.180708947237,492237.787215289,5642010.46939679
0.000254703049577121,258.180708947237,492737.787215289,5642010.46939679
0.0012054739723145,258.180708947237,493237.787215289,5642010.46939679
0.00152679881012714,258.180708947237,493737.787215289,5642010.46939679
0.00401774360544022,258.180708947237,494237.787215289,5642010.46939679
0.00168866726573555,258.180708947237,494737.787215289,5642010.46939679
0.00550708214214719,258.180708947237,495237.787215289,5642010.46939679
0.00457722782072135,258.180708947237,495737.787215289,5642010.46939679
0.000328137917085762,258.180708947237,496237.787215289,5642010.46939679
0.00142644891260471,258.180708947237,496737.787215289,5642010.46939679
0.000632108986429514,258.180708947237,497237.787215289,5642010.46939679
0.0044069866128458,258.180708947237,497737.787215289,5642010.46939679
0.000782022754194699,258.180708947237,498237.787215289,5642010.46939679
0.00039086163509682,258.180708947237,498737.787215289,5642010.46939679
0.000819028748507597,258.180708947237,499237.787215289,5642010.46939679
0.00130045913468384,258.180708947237,499737.787215289,5642010.46939679
0.00265011311525348,258.180708947237,500237.787215289,5642010.46939679
0.0044069866128458,258.180708947237,500737.787215289,5642010.46939679
0.00313048826577768,258.180708947237,501237.787215289,5642010.46939679
0.00497060947942221,258.180708947237,501737.787215289,5642010.46939679
0.00394467167823819,258.180708947237,502237.787215289,5642010.46939679
0.00322597259511062,258.180708947237,502737.787215289,5642010.46939679
0.00479382620714154,258.180708947237,503237.787215289,5642010.46939679
0.00333935963413395,258.180708947237,503737.787215289,5642010.46939679
0.00463122589864425,258.180708947237,504237.787215289,5642010.46939679
0.00355287768905495,258.180708947237,504737.787215289,5642010.46939679
0.000357995153631525,258.180708947237,505237.787215289,5642010.46939679
0.00211765933041071,258.180708947237,505737.787215289,5642010.46939679
0.000851436106953835,258.180708947237,506237.787215289,5642010.46939679
0.00102440358300668,258.180708947237,506737.787215289,5642010.46939679
0.00133851283753424,258.180708947237,507237.787215289,5642010.46939679
0.00228302647986041,258.180708947237,507737.787215289,5642010.46939679
0.000486238197866503,258.180708947237,508237.787215289,5642010.46939679
0.000729634195120472,258.180708947237,508737.787215289,5642010.46939679
0.00110943921510365,258.180708947237,509237.787215289,5642010.46939679
0.000674036911845676,258.180708947237,509737.787215289,5642010.46939679
0.00240353891536822,258.180708947237,510237.787215289,5642010.46939679
0.00174802083291947,258.180708947237,510737.787215289,5642010.46939679
0.00250937574792,258.180708947237,511237.787215289,5642010.46939679
0.00457722782072135,258.180708947237,511737.787215289,5642010.46939679
0.00262812158256272,258.180708947237,512237.787215289,5642010.46939679
0.00525825687098998,258.180708947237,512737.787215289,5642010.46939679
0.00218437112674953,258.180708947237,513237.787215289,5642010.46939679
0.00218437112674953,258.180708947237,513737.787215289,5642010.46939679
0.00479382620714154,258.180708947237,514237.787215289,5642010.46939679
0.00904413916326883,258.180708947237,514737.787215289,5642010.46939679
0.0081596050054431,258.180708947237,515237.787215289,5642010.46939679
0.0022864607148589,258.180708947237,515737.787215289,5642010.46939679
0.00136056742958709,258.180708947237,516237.787215289,5642010.46939679
0.00479382620714154,258.180708947237,516737.787215289,5642010.46939679
0.000801220282365269,258.180708947237,517237.787215289,5642010.46939679
0.000689197109026833,258.180708947237,517737.787215289,5642010.46939679
0.000915018796145009,258.180708947237,518237.787215289,5642010.46939679
0.000632108986429514,258.180708947237,518737.787215289,5642010.46939679
0.00066103457086204,258.180708947237,519237.787215289,5642010.46939679
0.00107110125354599,258.180708947237,519737.787215289,5642010.46939679
0.00171491665158957,258.180708947237,520237.787215289,5642010.46939679
0.000592118487695733,258.180708947237,520737.787215289,5642010.46939679
0.000492814286488459,258.180708947237,521237.787215289,5642010.46939679
0.000983308353153248,258.180708947237,521737.787215289,5642010.46939679
0.00271241368904574,258.180708947237,522237.787215289,5642010.46939679
0.00258985930284873,258.180708947237,522737.787215289,5642010.46939679
0.000454865185114216,258.180708947237,523237.787215289,5642010.46939679
0.000542029390535952,258.180708947237,523737.787215289,5642010.46939679
0.000498637748131513,258.180708947237,524237.787215289,5642010.46939679
0.000163856404099898,258.180708947237,486737.787215289,5642510.46939679
0.000730476999859414,258.180708947237,487237.787215289,5642510.46939679
0.000788792414441674,258.180708947237,487737.787215289,5642510.46939679
0.00085346132475609,258.180708947237,488237.787215289,5642510.46939679
0.000892963704666154,258.180708947237,488737.787215289,5642510.46939679
0.000933039029535522,258.180708947237,489237.787215289,5642510.46939679
0.000994058139694632,258.180708947237,489737.787215289,5642510.46939679
0.000213001242413711,258.180708947237,490237.787215289,5642510.46939679
0.00108332708371947,258.180708947237,490737.787215289,5642510.46939679
0.000222213033332927,258.180708947237,491237.787215289,5642510.46939679
0.000216789850703743,258.180708947237,491737.787215289,5642510.46939679
0.000255777007772077,258.180708947237,492237.787215289,5642510.46939679
0.000247308530340659,258.180708947237,492737.787215289,5642510.46939679
0.000279378935036444,258.180708947237,493237.787215289,5642510.46939679
0.000939897870191959,258.180708947237,493737.787215289,5642510.46939679
0.00089268755815667,258.180708947237,494237.787215289,5642510.46939679
0.00265011311525348,258.180708947237,494737.787215289,5642510.46939679
0.0010154692222528,258.180708947237,495237.787215289,5642510.46939679
0.0030191502172443,258.180708947237,495737.787215289,5642510.46939679
0.00550708214214719,258.180708947237,496237.787215289,5642510.46939679
0.00445881001725453,258.180708947237,496737.787215289,5642510.46939679
0.00353850803739931,258.180708947237,497237.787215289,5642510.46939679
0.00445881001725453,258.180708947237,497737.787215289,5642510.46939679
0.00445881001725453,258.180708947237,498237.787215289,5642510.46939679
0.00445881001725453,258.180708947237,498737.787215289,5642510.46939679
0.002941041556049,258.180708947237,499237.787215289,5642510.46939679
0.00337862841345846,258.180708947237,499737.787215289,5642510.46939679
0.00425734859304754,258.180708947237,500237.787215289,5642510.46939679
0.00212785909787148,258.180708947237,500737.787215289,5642510.46939679
0.00512222011400181,258.180708947237,501237.787215289,5642510.46939679
0.00466980477061145,258.180708947237,501737.787215289,5642510.46939679
0.00489078397851383,258.180708947237,502237.787215289,5642510.46939679
0.00086642564904918,258.180708947237,502737.787215289,5642510.46939679
0.000907425661477564,258.180708947237,503237.787215289,5642510.46939679
0.000985412737026606,258.180708947237,503737.787215289,5642510.46939679
0.00118434831700657,258.180708947237,504237.787215289,5642510.46939679
0.00119110709752145,258.180708947237,504737.787215289,5642510.46939679
0.00105842417502892,258.180708947237,505237.787215289,5642510.46939679
0.000269972485258775,258.180708947237,505737.787215289,5642510.46939679
0.00217987300071349,258.180708947237,506237.787215289,5642510.46939679
0.00397619820498209,258.180708947237,506737.787215289,5642510.46939679
0.000391850260273164,258.180708947237,507237.787215289,5642510.46939679
0.000580746931548138,258.180708947237,507737.787215289,5642510.46939679
0.00122586938799411,258.180708947237,508237.787215289,5642510.46939679
0.00178906842061159,258.180708947237,508737.787215289,5642510.46939679
0.00352449924176472,258.180708947237,509237.787215289,5642510.46939679
0.00246596245164032,258.180708947237,509737.787215289,5642510.46939679
0.00140826202776607,258.180708947237,510237.787215289,5642510.46939679
0.00406498975569364,258.180708947237,510737.787215289,5642510.46939679
0.00576768204073048,258.180708947237,511237.787215289,5642510.46939679
0.00576768204073048,258.180708947237,511737.787215289,5642510.46939679
0.00203171651213446,258.180708947237,512237.787215289,5642510.46939679
0.00398440301354867,258.180708947237,512737.787215289,5642510.46939679
0.00137571623936706,258.180708947237,513237.787215289,5642510.46939679
0.00228773746111789,258.180708947237,513737.787215289,5642510.46939679
0.00104243821943411,258.180708947237,514237.787215289,5642510.46939679
0.00617309260058941,258.180708947237,514737.787215289,5642510.46939679
0.000213001242413711,258.180708947237,515237.787215289,5642510.46939679
0.00580528028965591,258.180708947237,515737.787215289,5642510.46939679
0.0066258344369621,258.180708947237,516237.787215289,5642510.46939679
0.00239756653329094,258.180708947237,516737.787215289,5642510.46939679
0.00116822954808119,258.180708947237,517237.787215289,5642510.46939679
0.00122386103583385,258.180708947237,517737.787215289,5642510.46939679
0.00084684933206238,258.180708947237,518237.787215289,5642510.46939679
0.00070386135935933,258.180708947237,518737.787215289,5642510.46939679
0.000613700496116722,258.180708947237,519237.787215289,5642510.46939679
0.000826685680542956,258.180708947237,519737.787215289,5642510.46939679
0.00095689045754116,258.180708947237,520237.787215289,5642510.46939679
0.00182801103283425,258.180708947237,520737.787215289,5642510.46939679
0.00115128076580761,258.180708947237,521237.787215289,5642510.46939679
0.000604038705103548,258.180708947237,521737.787215289,5642510.46939679
0.000600290175684493,258.180708947237,522237.787215289,5642510.46939679
0.000783879224461398,258.180708947237,522737.787215289,5642510.46939679
0.00227030157442871,258.180708947237,523237.787215289,5642510.46939679
0.00218825404498933,258.180708947237,523737.787215289,5642510.46939679
0.000478745795638423,258.180708947237,524237.787215289,5642510.46939679
0.000127119931228608,258.180708947237,486737.787215289,5643010.46939679
0.000710991460694777,258.180708947237,487237.787215289,5643010.46939679
0.000161774042292263,258.180708947237,487737.787215289,5643010.46939679
0.000157757651355834,258.180708947237,488237.787215289,5643010.46939679
0.000858036143033342,258.180708947237,488737.787215289,5643010.46939679
0.000172611405960105,258.180708947237,489237.787215289,5643010.46939679
0.000264067251590999,258.180708947237,489737.787215289,5643010.46939679
0.000198942296814997,258.180708947237,490237.787215289,5643010.46939679
0.000197529350283001,258.180708947237,490737.787215289,5643010.46939679
0.000241252350416899,258.180708947237,491237.787215289,5643010.46939679
0.000246787169019294,258.180708947237,491737.787215289,5643010.46939679
0.000210587353536203,258.180708947237,492237.787215289,5643010.46939679
0.000214249946794786,258.180708947237,492737.787215289,5643010.46939679
0.000288724693448081,258.180708947237,493237.787215289,5643010.46939679
0.000244220291951991,258.180708947237,493737.787215289,5643010.46939679
0.000484740789748917,258.180708947237,494237.787215289,5643010.46939679
0.000869153570155013,258.180708947237,494737.787215289,5643010.46939679
0.000645864162739734,258.180708947237,495237.787215289,5643010.46939679
0.00050754016871152,258.180708947237,495737.787215289,5643010.46939679
0.00176857646389761,258.180708947237,496237.787215289,5643010.46939679
0.00457722782072135,258.180708947237,496737.787215289,5643010.46939679
0.00109176729919938,258.180708947237,497237.787215289,5643010.46939679
0.00262812158256272,258.180708947237,497737.787215289,5643010.46939679
0.00437041595116109,258.180708947237,498237.787215289,5643010.46939679
0.00316201902147005,258.180708947237,498737.787215289,5643010.46939679
0.00228773746111789,258.180708947237,499237.787215289,5643010.46939679
0.00125420737778191,258.180708947237,499737.787215289,5643010.46939679
0.00288273662251675,258.180708947237,500237.787215289,5643010.46939679
0.00250937574792,258.180708947237,500737.787215289,5643010.46939679
0.0066258344369621,258.180708947237,501237.787215289,5643010.46939679
0.00632646082896703,258.180708947237,501737.787215289,5643010.46939679
0.00173351516632358,258.180708947237,502237.787215289,5643010.46939679
0.00181554660599997,258.180708947237,502737.787215289,5643010.46939679
0.00140354085687426,258.180708947237,503237.787215289,5643010.46939679
0.00269029595142261,258.180708947237,503737.787215289,5643010.46939679
0.00139045343227162,258.180708947237,504237.787215289,5643010.46939679
0.00347395611012523,258.180708947237,504737.787215289,5643010.46939679
0.00191777751476417,258.180708947237,505237.787215289,5643010.46939679
0.00195465914313643,258.180708947237,505737.787215289,5643010.46939679
0.000493362756204486,258.180708947237,506237.787215289,5643010.46939679
0.000589810904414198,258.180708947237,506737.787215289,5643010.46939679
0.000666555973578822,258.180708947237,507237.787215289,5643010.46939679
0.000404138334843178,258.180708947237,507737.787215289,5643010.46939679
0.00245267805535494,258.180708947237,508237.787215289,5643010.46939679
0.00416302859621835,258.180708947237,508737.787215289,5643010.46939679
0.00256874090605971,258.180708947237,509237.787215289,5643010.46939679
0.00128387858958976,258.180708947237,509737.787215289,5643010.46939679
0.00407866339491552,258.180708947237,510237.787215289,5643010.46939679
0.00391968967583002,258.180708947237,510737.787215289,5643010.46939679
0.00406498975569364,258.180708947237,511237.787215289,5643010.46939679
0.00237210299650025,258.180708947237,511737.787215289,5643010.46939679
0.00389437805124292,258.180708947237,512237.787215289,5643010.46939679
0.00171622904539033,258.180708947237,512737.787215289,5643010.46939679
0.000857785898535261,258.180708947237,513237.787215289,5643010.46939679
0.000737847867603524,258.180708947237,513737.787215289,5643010.46939679
0.000745904517961623,258.180708947237,514237.787215289,5643010.46939679
0.00544817624022916,258.180708947237,514737.787215289,5643010.46939679
0.000354208889588081,258.180708947237,515237.787215289,5643010.46939679
0.000213001242413711,258.180708947237,515737.787215289,5643010.46939679
0.00319892755555826,258.180708947237,516237.787215289,5643010.46939679
0.00158040404618626,258.180708947237,516737.787215289,5643010.46939679
0.00105116110894306,258.180708947237,517237.787215289,5643010.46939679
0.000476496468078654,258.180708947237,517737.787215289,5643010.46939679
0.000577618477959996,258.180708947237,518237.787215289,5643010.46939679
0.00105360521208221,258.180708947237,518737.787215289,5643010.46939679
0.0015340629300653,258.180708947237,519237.787215289,5643010.46939679
0.000447727286066924,258.180708947237,519737.787215289,5643010.46939679
0.00197663205333228,258.180708947237,520237.787215289,5643010.46939679
0.00165460430769577,258.180708947237,520737.787215289,5643010.46939679
0.00197158051195584,258.180708947237,521237.787215289,5643010.46939679
0.000560449734491161,258.180708947237,521737.787215289,5643010.46939679
0.000943122660202489,258.180708947237,522237.787215289,5643010.46939679
0.00106133328508296,258.180708947237,522737.787215289,5643010.46939679
0.00121924519759175,258.180708947237,523237.787215289,5643010.46939679
0.00272870823368276,258.180708947237,523737.787215289,5643010.46939679
0.00349823951701566,258.180708947237,524237.787215289,5643010.46939679
0.00012406014602823,258.180708947237,486737.787215289,5643510.46939679
0.000152587475627322,258.180708947237,487237.787215289,5643510.46939679
0.000142935686327027,258.180708947237,487737.787215289,5643510.46939679
0.000151765494813133,258.180708947237,488237.787215289,5643510.46939679
0.000824897638314991,258.180708947237,488737.787215289,5643510.46939679
0.000228178222767764,258.180708947237,489237.787215289,5643510.46939679
0.00120897197023123,258.180708947237,489737.787215289,5643510.46939679
0.000227134255004227,258.180708947237,490237.787215289,5643510.46939679
0.000969878206532312,258.180708947237,490737.787215289,5643510.46939679
0.000262546157002902,258.180708947237,491237.787215289,5643510.46939679
0.000202325646204076,258.180708947237,491737.787215289,5643510.46939679
0.000199333289252226,258.180708947237,492237.787215289,5643510.46939679
0.000202844377433011,258.180708947237,492737.787215289,5643510.46939679
0.00107189760807611,258.180708947237,493237.787215289,5643510.46939679
0.00084512138077535,258.180708947237,493737.787215289,5643510.46939679
0.000262629224778746,258.180708947237,494237.787215289,5643510.46939679
0.00113728956967857,258.180708947237,494737.787215289,5643510.46939679
0.000372808270649874,258.180708947237,495237.787215289,5643510.46939679
0.000315387810168952,258.180708947237,495737.787215289,5643510.46939679
0.000426013518142663,258.180708947237,496237.787215289,5643510.46939679
0.002334008209395,258.180708947237,496737.787215289,5643510.46939679
0.00222855123406842,258.180708947237,497237.787215289,5643510.46939679
0.000441805533156199,258.180708947237,497737.787215289,5643510.46939679
0.00050754016871152,258.180708947237,498237.787215289,5643510.46939679
0.000531557409253641,258.180708947237,498737.787215289,5643510.46939679
0.000305206023022568,258.180708947237,499237.787215289,5643510.46939679
0.00353850803739931,258.180708947237,499737.787215289,5643510.46939679
0.000827278131090029,258.180708947237,500237.787215289,5643510.46939679
0.00131355755760779,258.180708947237,500737.787215289,5643510.46939679
0.00208567517054404,258.180708947237,501237.787215289,5643510.46939679
0.0041729484164398,258.180708947237,501737.787215289,5643510.46939679
0.00134012498159266,258.180708947237,502237.787215289,5643510.46939679
0.00216258919821864,258.180708947237,502737.787215289,5643510.46939679
0.00134463283686704,258.180708947237,503237.787215289,5643510.46939679
0.00293062172281176,258.180708947237,503737.787215289,5643510.46939679
0.000770844376361976,258.180708947237,504237.787215289,5643510.46939679
0.000532257176233165,258.180708947237,504737.787215289,5643510.46939679
0.00331510106224372,258.180708947237,505237.787215289,5643510.46939679
0.00280357681758523,258.180708947237,505737.787215289,5643510.46939679
0.00258383569139022,258.180708947237,506237.787215289,5643510.46939679
0.000304539474570271,258.180708947237,506737.787215289,5643510.46939679
0.000200094894341022,258.180708947237,507237.787215289,5643510.46939679
0.000443291659771438,258.180708947237,507737.787215289,5643510.46939679
0.000551493894784965,258.180708947237,508237.787215289,5643510.46939679
0.000538476266543118,258.180708947237,508737.787215289,5643510.46939679
0.0046855128607931,258.180708947237,509237.787215289,5643510.46939679
0.00323682398418077,258.180708947237,509737.787215289,5643510.46939679
0.000311629008831043,258.180708947237,510237.787215289,5643510.46939679
0.00226253880279036,258.180708947237,510737.787215289,5643510.46939679
0.00439937533535453,258.180708947237,511237.787215289,5643510.46939679
0.000539664175524246,258.180708947237,511737.787215289,5643510.46939679
0.00427166928072493,258.180708947237,512237.787215289,5643510.46939679
0.00323682398418077,258.180708947237,512737.787215289,5643510.46939679
0.0004321311870437,258.180708947237,513237.787215289,5643510.46939679
0.00045596934557548,258.180708947237,513737.787215289,5643510.46939679
0.00121009634048519,258.180708947237,514237.787215289,5643510.46939679
0.00125350742658349,258.180708947237,514737.787215289,5643510.46939679
0.00460654368760389,258.180708947237,515237.787215289,5643510.46939679
0.0104136975212398,258.180708947237,515737.787215289,5643510.46939679
0.00297117511223012,258.180708947237,516237.787215289,5643510.46939679
0.000907425661477564,258.180708947237,516737.787215289,5643510.46939679
0.00187329628122109,258.180708947237,517237.787215289,5643510.46939679
0.00331432963573694,258.180708947237,517737.787215289,5643510.46939679
0.000993233193082946,258.180708947237,518237.787215289,5643510.46939679
0.00240255216342615,258.180708947237,518737.787215289,5643510.46939679
0.00154576917473617,258.180708947237,519237.787215289,5643510.46939679
0.00106183694122348,258.180708947237,519737.787215289,5643510.46939679
0.00109431161929883,258.180708947237,520237.787215289,5643510.46939679
0.00048180867450654,258.180708947237,520737.787215289,5643510.46939679
0.000469904754787957,258.180708947237,521237.787215289,5643510.46939679
0.000910078894701924,258.180708947237,521737.787215289,5643510.46939679
0.00164089118326438,258.180708947237,522237.787215289,5643510.46939679
0.00337167490350979,258.180708947237,522737.787215289,5643510.46939679
0.00118719343687779,258.180708947237,523237.787215289,5643510.46939679
0.00133736688829218,258.180708947237,523737.787215289,5643510.46939679
0.00615010493488876,258.180708947237,524237.787215289,5643510.46939679
0.000210455685175036,258.180708947237,486737.787215289,5644010.46939679
0.000216242950269888,258.180708947237,487237.787215289,5644010.46939679
0.000770832599543368,258.180708947237,487737.787215289,5644010.46939679
0.000258770721871827,258.180708947237,488237.787215289,5644010.46939679
0.000154820757789666,258.180708947237,488737.787215289,5644010.46939679
0.000177154843467301,258.180708947237,489237.787215289,5644010.46939679
0.000371659958935959,258.180708947237,489737.787215289,5644010.46939679
0.000211453156222539,258.180708947237,490237.787215289,5644010.46939679
0.000218617799826041,258.180708947237,490737.787215289,5644010.46939679
0.000268137052973977,258.180708947237,491237.787215289,5644010.46939679
0.000196854558022449,258.180708947237,491737.787215289,5644010.46939679
0.000202325646204076,258.180708947237,492237.787215289,5644010.46939679
0.00026068147720396,258.180708947237,492737.787215289,5644010.46939679
0.000200517613799763,258.180708947237,493237.787215289,5644010.46939679
0.000226215902279129,258.180708947237,493737.787215289,5644010.46939679
0.000307133947911109,258.180708947237,494237.787215289,5644010.46939679
0.00024264581184869,258.180708947237,494737.787215289,5644010.46939679
0.000263199596942663,258.180708947237,495237.787215289,5644010.46939679
0.000336134185208381,258.180708947237,495737.787215289,5644010.46939679
0.000251577220833425,258.180708947237,496237.787215289,5644010.46939679
0.000310187478710462,258.180708947237,496737.787215289,5644010.46939679
0.000330883701671432,258.180708947237,497237.787215289,5644010.46939679
0.000346541405129041,258.180708947237,497737.787215289,5644010.46939679
0.000492517681325113,258.180708947237,498237.787215289,5644010.46939679
0.000409357546332059,258.180708947237,498737.787215289,5644010.46939679
0.000296172346648239,258.180708947237,499237.787215289,5644010.46939679
0.00103204332155456,258.180708947237,499737.787215289,5644010.46939679
0.00256012925243619,258.180708947237,500237.787215289,5644010.46939679
0.0010154692222528,258.180708947237,500737.787215289,5644010.46939679
0.00168866726573555,258.180708947237,501237.787215289,5644010.46939679
0.00222855123406842,258.180708947237,501737.787215289,5644010.46939679
0.00313048826577768,258.180708947237,502237.787215289,5644010.46939679
0.00154469585748096,258.180708947237,502737.787215289,5644010.46939679
0.00256874090605971,258.180708947237,503237.787215289,5644010.46939679
0.00547750486614956,258.180708947237,503737.787215289,5644010.46939679
0.000865809929270713,258.180708947237,504237.787215289,5644010.46939679
0.000522733679036181,258.180708947237,504737.787215289,5644010.46939679
0.000532464686815869,258.180708947237,505237.787215289,5644010.46939679
0.00248538614516511,258.180708947237,505737.787215289,5644010.46939679
0.00263335690082935,258.180708947237,506237.787215289,5644010.46939679
0.00026990629180869,258.180708947237,506737.787215289,5644010.46939679
0.000490238502257923,258.180708947237,507237.787215289,5644010.46939679
0.000886922976209029,258.180708947237,507737.787215289,5644010.46939679
0.00026509670214123,258.180708947237,508237.787215289,5644010.46939679
0.000335900787734201,258.180708947237,508737.787215289,5644010.46939679
0.00323682398418077,258.180708947237,509237.787215289,5644010.46939679
0.00209253712832779,258.180708947237,509737.787215289,5644010.46939679
0.00294631815957496,258.180708947237,510237.787215289,5644010.46939679
0.0036713968572359,258.180708947237,510737.787215289,5644010.46939679
0.00427463740958042,258.180708947237,511237.787215289,5644010.46939679
0.00355041071986471,258.180708947237,511737.787215289,5644010.46939679
0.00338999329966161,258.180708947237,512237.787215289,5644010.46939679
0.00329386239620865,258.180708947237,512737.787215289,5644010.46939679
0.000646928354844897,258.180708947237,513237.787215289,5644010.46939679
0.00313540467998668,258.180708947237,513737.787215289,5644010.46939679
0.0020661209254189,258.180708947237,514237.787215289,5644010.46939679
0.00153553670850535,258.180708947237,514737.787215289,5644010.46939679
0.00288273662251675,258.180708947237,515237.787215289,5644010.46939679
0.00191671279573706,258.180708947237,515737.787215289,5644010.46939679
0.00532071991619829,258.180708947237,516237.787215289,5644010.46939679
0.00632926140122808,258.180708947237,516737.787215289,5644010.46939679
0.00555049939369127,258.180708947237,517237.787215289,5644010.46939679
0.00296615637740903,258.180708947237,517737.787215289,5644010.46939679
0.00101217379367819,258.180708947237,518237.787215289,5644010.46939679
0.00169233337841037,258.180708947237,518737.787215289,5644010.46939679
0.000598328253406843,258.180708947237,519237.787215289,5644010.46939679
0.000542770587157094,258.180708947237,519737.787215289,5644010.46939679
0.000536845537811584,258.180708947237,520237.787215289,5644010.46939679
0.000903796222485637,258.180708947237,520737.787215289,5644010.46939679
0.00126409541573087,258.180708947237,521237.787215289,5644010.46939679
0.00102270184933785,258.180708947237,521737.787215289,5644010.46939679
0.00202753506355499,258.180708947237,522237.787215289,5644010.46939679
0.00387333412767093,258.180708947237,522737.787215289,5644010.46939679
0.00195166058873694,258.180708947237,523237.787215289,5644010.46939679
0.00140065224820905,258.180708947237,523737.787215289,5644010.46939679
0.000733185274361709,258.180708947237,524237.787215289,5644010.46939679
0.000269907829499922,258.180708947237,486737.787215289,5644510.46939679
0.000604968401911119,258.180708947237,487237.787215289,5644510.46939679
0.001418211051658,258.180708947237,487737.787215289,5644510.46939679
0.000156783438168677,258.180708947237,488237.787215289,5644510.46939679
0.000683266330949873,258.180708947237,488737.787215289,5644510.46939679
0.000244230156084069,258.180708947237,489237.787215289,5644510.46939679
0.000193209871315623,258.180708947237,489737.787215289,5644510.46939679
0.000318687965992738,258.180708947237,490237.787215289,5644510.46939679
0.000375271465613067,258.180708947237,490737.787215289,5644510.46939679
0.000191927891117634,258.180708947237,491237.787215289,5644510.46939679
0.000185666065152496,258.180708947237,491737.787215289,5644510.46939679
0.000668343074318377,258.180708947237,492237.787215289,5644510.46939679
0.000195437218829579,258.180708947237,492737.787215289,5644510.46939679
0.000198942296814997,258.180708947237,493237.787215289,5644510.46939679
0.000214649928100009,258.180708947237,493737.787215289,5644510.46939679
0.00369128159969095,258.180708947237,494237.787215289,5644510.46939679
0.00025400684722434,258.180708947237,494737.787215289,5644510.46939679
0.000216789850703743,258.180708947237,495237.787215289,5644510.46939679
0.000254128021906078,258.180708947237,495737.787215289,5644510.46939679
0.000239952736522603,258.180708947237,496237.787215289,5644510.46939679
0.000320946708860502,258.180708947237,496737.787215289,5644510.46939679
0.00045496703383112,258.180708947237,497237.787215289,5644510.46939679
0.000344747711102353,258.180708947237,497737.787215289,5644510.46939679
0.000352040346096245,258.180708947237,498237.787215289,5644510.46939679
0.00185978897085564,258.180708947237,498737.787215289,5644510.46939679
0.00372100293969549,258.180708947237,499237.787215289,5644510.46939679
0.00372100293969549,258.180708947237,499737.787215289,5644510.46939679
0.00277072518392252,258.180708947237,500237.787215289,5644510.46939679
0.00277072518392252,258.180708947237,500737.787215289,5644510.46939679
0.00100193330348293,258.180708947237,501237.787215289,5644510.46939679
0.00245267805535494,258.180708947237,501737.787215289,5644510.46939679
0.00194644332870013,258.180708947237,502237.787215289,5644510.46939679
0.00427166928072493,258.180708947237,502737.787215289,5644510.46939679
0.0024647312051372,258.180708947237,503237.787215289,5644510.46939679
0.0027246286687617,258.180708947237,503737.787215289,5644510.46939679
0.000499115119139693,258.180708947237,504237.787215289,5644510.46939679
0.000380799546168049,258.180708947237,504737.787215289,5644510.46939679
0.000985822545259011,258.180708947237,505237.787215289,5644510.46939679
0.00134988135414134,258.180708947237,505737.787215289,5644510.46939679
0.00261634680196755,258.180708947237,506237.787215289,5644510.46939679
0.00268687963428846,258.180708947237,506737.787215289,5644510.46939679
0.000343748228659816,258.180708947237,507237.787215289,5644510.46939679
0.000450722455449204,258.180708947237,507737.787215289,5644510.46939679
0.000349850793398884,258.180708947237,508237.787215289,5644510.46939679
0.000404138334843178,258.180708947237,508737.787215289,5644510.46939679
0.000320723856932639,258.180708947237,509237.787215289,5644510.46939679
0.000347165779245074,258.180708947237,509737.787215289,5644510.46939679
0.00177090470048816,258.180708947237,510237.787215289,5644510.46939679
0.00288738902830861,258.180708947237,510737.787215289,5644510.46939679
0.00145638233023728,258.180708947237,511237.787215289,5644510.46939679
0.00389437805124292,258.180708947237,511737.787215289,5644510.46939679
0.00387665307054794,258.180708947237,512237.787215289,5644510.46939679
0.000406327262078225,258.180708947237,512737.787215289,5644510.46939679
0.00363510799570556,258.180708947237,513237.787215289,5644510.46939679
0.00363119865280602,258.180708947237,513737.787215289,5644510.46939679
0.00455286839945519,258.180708947237,514237.787215289,5644510.46939679
0.000784905608443413,258.180708947237,514737.787215289,5644510.46939679
0.00252544759932563,258.180708947237,515237.787215289,5644510.46939679
0.00349048738067441,258.180708947237,515737.787215289,5644510.46939679
0.00586543076305661,258.180708947237,516237.787215289,5644510.46939679
0.000213001242413711,258.180708947237,516737.787215289,5644510.46939679
0.00525825687098998,258.180708947237,517237.787215289,5644510.46939679
0.00187151753843214,258.180708947237,517737.787215289,5644510.46939679
0.00110579389336749,258.180708947237,518237.787215289,5644510.46939679
0.000501635261010481,258.180708947237,518737.787215289,5644510.46939679
0.000943839740048633,258.180708947237,519237.787215289,5644510.46939679
0.00037291603481531,258.180708947237,519737.787215289,5644510.46939679
0.000936529650041177,258.180708947237,520237.787215289,5644510.46939679
0.00290757225469453,258.180708947237,520737.787215289,5644510.46939679
0.00116481026722307,258.180708947237,521237.787215289,5644510.46939679
0.0015363488348912,258.180708947237,521737.787215289,5644510.46939679
0.00101337929862836,258.180708947237,522237.787215289,5644510.46939679
0.00160905019292925,258.180708947237,522737.787215289,5644510.46939679
0.00142836931688353,258.180708947237,523237.787215289,5644510.46939679
0.00145322938435767,258.180708947237,523737.787215289,5644510.46939679
0.00103343274419223,258.180708947237,524237.787215289,5644510.46939679
0.000769852680673743,258.180708947237,486737.787215289,5645010.46939679
0.000686409480080128,258.180708947237,487237.787215289,5645010.46939679
0.000502411274321957,258.180708947237,487737.787215289,5645010.46939679
0.00134250882575546,258.180708947237,488237.787215289,5645010.46939679
0.00176365614212903,258.180708947237,488737.787215289,5645010.46939679
0.00079061944412056,258.180708947237,489237.787215289,5645010.46939679
0.000155812302125392,258.180708947237,489737.787215289,5645010.46939679
0.000195412958051814,258.180708947237,490237.787215289,5645010.46939679
0.000230572426433443,258.180708947237,490737.787215289,5645010.46939679
0.000224586558492948,258.180708947237,491237.787215289,5645010.46939679
0.000180779527249464,258.180708947237,491737.787215289,5645010.46939679
0.000195278627538137,258.180708947237,492237.787215289,5645010.46939679
0.000228962983535422,258.180708947237,492737.787215289,5645010.46939679
0.000213001242413711,258.180708947237,493237.787215289,5645010.46939679
0.000987272532805534,258.180708947237,493737.787215289,5645010.46939679
0.000233637015205676,258.180708947237,494237.787215289,5645010.46939679
0.000236920634779974,258.180708947237,494737.787215289,5645010.46939679
0.00027791425588977,258.180708947237,495237.787215289,5645010.46939679
0.000237240802420236,258.180708947237,495737.787215289,5645010.46939679
0.000267880597398098,258.180708947237,496237.787215289,5645010.46939679
0.000259011384277105,258.180708947237,496737.787215289,5645010.46939679
0.00023133080252021,258.180708947237,497237.787215289,5645010.46939679
0.00168912965848099,258.180708947237,497737.787215289,5645010.46939679
0.00361297507013447,258.180708947237,498237.787215289,5645010.46939679
0.00499370932636644,258.180708947237,498737.787215289,5645010.46939679
0.00329386239620865,258.180708947237,499237.787215289,5645010.46939679
0.00314503654202018,258.180708947237,499737.787215289,5645010.46939679
0.000352040346096245,258.180708947237,500237.787215289,5645010.46939679
0.00234348646536501,258.180708947237,500737.787215289,5645010.46939679
0.00154469585748096,258.180708947237,501237.787215289,5645010.46939679
0.00213501669957971,258.180708947237,501737.787215289,5645010.46939679
0.000577618477959996,258.180708947237,502237.787215289,5645010.46939679
0.000406124384284922,258.180708947237,502737.787215289,5645010.46939679
0.00034422032458341,258.180708947237,503237.787215289,5645010.46939679
0.00110113646829817,258.180708947237,503737.787215289,5645010.46939679
0.00128929776008154,258.180708947237,504237.787215289,5645010.46939679
0.000269618656702051,258.180708947237,504737.787215289,5645010.46939679
0.000581781869659889,258.180708947237,505237.787215289,5645010.46939679
0.00261634680196755,258.180708947237,505737.787215289,5645010.46939679
0.00293220256380383,258.180708947237,506237.787215289,5645010.46939679
0.00304797470818259,258.180708947237,506737.787215289,5645010.46939679
0.000683324516522061,258.180708947237,507237.787215289,5645010.46939679
0.00188965117751634,258.180708947237,507737.787215289,5645010.46939679
0.0010773651216145,258.180708947237,508237.787215289,5645010.46939679
0.0030905752839139,258.180708947237,508737.787215289,5645010.46939679
0.000292396219572615,258.180708947237,509237.787215289,5645010.46939679
0.000372656100415692,258.180708947237,509737.787215289,5645010.46939679
0.000359187070131167,258.180708947237,510237.787215289,5645010.46939679
0.00255704946717751,258.180708947237,510737.787215289,5645010.46939679
0.0031073147115496,258.180708947237,511237.787215289,5645010.46939679
0.00407866339491552,258.180708947237,511737.787215289,5645010.46939679
0.00281760308685357,258.180708947237,512237.787215289,5645010.46939679
0.00276154236793216,258.180708947237,512737.787215289,5645010.46939679
0.00235336780168362,258.180708947237,513237.787215289,5645010.46939679
0.00154576917473617,258.180708947237,513737.787215289,5645010.46939679
0.000669853106119212,258.180708947237,514237.787215289,5645010.46939679
0.00359248491830667,258.180708947237,514737.787215289,5645010.46939679
0.000789458577711667,258.180708947237,515237.787215289,5645010.46939679
0.00254875411168351,258.180708947237,515737.787215289,5645010.46939679
0.00279682672039388,258.180708947237,516237.787215289,5645010.46939679
0.00620158296998484,258.180708947237,516737.787215289,5645010.46939679
0.00144081632380463,258.180708947237,517237.787215289,5645010.46939679
0.00331753525754453,258.180708947237,517737.787215289,5645010.46939679
0.00391446650825883,258.180708947237,518237.787215289,5645010.46939679
0.000734749143087017,258.180708947237,518737.787215289,5645010.46939679
0.00096598401462789,258.180708947237,519237.787215289,5645010.46939679
0.000397911002285355,258.180708947237,519737.787215289,5645010.46939679
0.000521945662797184,258.180708947237,520237.787215289,5645010.46939679
0.00285783307159263,258.180708947237,520737.787215289,5645010.46939679
0.00104394084579029,258.180708947237,521237.787215289,5645010.46939679
0.00133736688829218,258.180708947237,521737.787215289,5645010.46939679
0.00111155649572638,258.180708947237,522237.787215289,5645010.46939679
0.000733185274361709,258.180708947237,522737.787215289,5645010.46939679
0.00118719343687779,258.180708947237,523237.787215289,5645010.46939679
0.00135405282281314,258.180708947237,523737.787215289,5645010.46939679
0.00349823951701566,258.180708947237,524237.787215289,5645010.46939679
0.000109932866583875,258.180708947237,486737.787215289,5645510.46939679
0.000183626425181545,258.180708947237,487237.787215289,5645510.46939679
0.000452757304655172,258.180708947237,487737.787215289,5645510.46939679
0.00228564896769729,258.180708947237,488237.787215289,5645510.46939679
0.00124670606022714,258.180708947237,488737.787215289,5645510.46939679
0.00281315234007688,258.180708947237,489237.787215289,5645510.46939679
0.00210519440723418,258.180708947237,489737.787215289,5645510.46939679
0.000188579744992022,258.180708947237,490237.787215289,5645510.46939679
0.000933495483721886,258.180708947237,490737.787215289,5645510.46939679
0.000170907553347484,258.180708947237,491237.787215289,5645510.46939679
0.000157757651355834,258.180708947237,491737.787215289,5645510.46939679
0.000164207943540078,258.180708947237,492237.787215289,5645510.46939679
0.000349562773966799,258.180708947237,492737.787215289,5645510.46939679
0.000215470821363272,258.180708947237,493237.787215289,5645510.46939679
0.000350086145338813,258.180708947237,493737.787215289,5645510.46939679
0.000196098188277373,258.180708947237,494237.787215289,5645510.46939679
0.000550150823429625,258.180708947237,494737.787215289,5645510.46939679
0.00245673197908125,258.180708947237,495237.787215289,5645510.46939679
0.000277147408630017,258.180708947237,495737.787215289,5645510.46939679
0.000714754621489394,258.180708947237,496237.787215289,5645510.46939679
0.000796678050076251,258.180708947237,496737.787215289,5645510.46939679
0.000424508232233765,258.180708947237,497237.787215289,5645510.46939679
0.00029325678285383,258.180708947237,497737.787215289,5645510.46939679
0.00349812283067154,258.180708947237,498237.787215289,5645510.46939679
0.002391061271018,258.180708947237,498737.787215289,5645510.46939679
0.00217987300071349,258.180708947237,499237.787215289,5645510.46939679
0.000380195305556678,258.180708947237,499737.787215289,5645510.46939679
0.00129083243823254,258.180708947237,500237.787215289,5645510.46939679
0.00195698581488947,258.180708947237,500737.787215289,5645510.46939679
0.00371841923138565,258.180708947237,501237.787215289,5645510.46939679
0.000672058947650362,258.180708947237,501737.787215289,5645510.46939679
0.000402298928373405,258.180708947237,502237.787215289,5645510.46939679
0.000310972050853911,258.180708947237,502737.787215289,5645510.46939679
0.000210006281023457,258.180708947237,503237.787215289,5645510.46939679
0.000230890262401693,258.180708947237,503737.787215289,5645510.46939679
0.000248052870298923,258.180708947237,504237.787215289,5645510.46939679
0.000200094894341022,258.180708947237,504737.787215289,5645510.46939679
0.000300626019274191,258.180708947237,505237.787215289,5645510.46939679
0.000198625463715455,258.180708947237,505737.787215289,5645510.46939679
0.0020553219655592,258.180708947237,506237.787215289,5645510.46939679
0.00247627302064906,258.180708947237,506737.787215289,5645510.46939679
0.00371841923138565,258.180708947237,507237.787215289,5645510.46939679
0.00447380837228099,258.180708947237,507737.787215289,5645510.46939679
0.00194644332870013,258.180708947237,508237.787215289,5645510.46939679
0.00106709953601808,258.180708947237,508737.787215289,5645510.46939679
0.000279184946026561,258.180708947237,509237.787215289,5645510.46939679
0.000351795904051359,258.180708947237,509737.787215289,5645510.46939679
0.00106709953601808,258.180708947237,510237.787215289,5645510.46939679
0.00234185924669503,258.180708947237,510737.787215289,5645510.46939679
0.000972848958675718,258.180708947237,511237.787215289,5645510.46939679
0.000509247410691122,258.180708947237,511737.787215289,5645510.46939679
0.000737168688745598,258.180708947237,512237.787215289,5645510.46939679
0.000404138334843178,258.180708947237,512737.787215289,5645510.46939679
0.00070386135935933,258.180708947237,513237.787215289,5645510.46939679
0.00134463283686704,258.180708947237,513737.787215289,5645510.46939679
0.00269029595142261,258.180708947237,514237.787215289,5645510.46939679
0.000650371987782934,258.180708947237,514737.787215289,5645510.46939679
0.00451601438239582,258.180708947237,515237.787215289,5645510.46939679
0.00234061679273829,258.180708947237,515737.787215289,5645510.46939679
0.00188503340381844,258.180708947237,516237.787215289,5645510.46939679
0.00179986235756587,258.180708947237,516737.787215289,5645510.46939679
0.00307387484312146,258.180708947237,517237.787215289,5645510.46939679
0.00328303964177079,258.180708947237,517737.787215289,5645510.46939679
0.00601645305241253,258.180708947237,518237.787215289,5645510.46939679
0.00120698007289249,258.180708947237,518737.787215289,5645510.46939679
0.00241663739007828,258.180708947237,519237.787215289,5645510.46939679
0.00257562617678735,258.180708947237,519737.787215289,5645510.46939679
0.000923873511456033,258.180708947237,520237.787215289,5645510.46939679
0.00444963339999448,258.180708947237,520737.787215289,5645510.46939679
0.00243942459899698,258.180708947237,521237.787215289,5645510.46939679
0.00112059122158536,258.180708947237,521737.787215289,5645510.46939679
0.000479093212777337,258.180708947237,522237.787215289,5645510.46939679
0.000796704624743181,258.180708947237,522737.787215289,5645510.46939679
0.000952055191670832,258.180708947237,523237.787215289,5645510.46939679
0.00112336052897529,258.180708947237,523737.787215289,5645510.46939679
0.00378916021468842,258.180708947237,524237.787215289,5645510.46939679
0.00172882761289075,258.180708947237,486737.787215289,5646010.46939679
0.000119193060548712,258.180708947237,487237.787215289,5646010.46939679
0.00017492087322245,258.180708947237,487737.787215289,5646010.46939679
0.000671560088769651,258.180708947237,488237.787215289,5646010.46939679
0.000797731865029983,258.180708947237,488737.787215289,5646010.46939679
0.0014999718060137,258.180708947237,489237.787215289,5646010.46939679
0.00235875047240152,258.180708947237,489737.787215289,5646010.46939679
0.000191683888276998,258.180708947237,490237.787215289,5646010.46939679
0.000226889328364819,258.180708947237,490737.787215289,5646010.46939679
0.000230086347183567,258.180708947237,491237.787215289,5646010.46939679
0.00016871792914881,258.180708947237,491737.787215289,5646010.46939679
0.000231111269037298,258.180708947237,492237.787215289,5646010.46939679
0.000223229616072233,258.180708947237,492737.787215289,5646010.46939679
0.000767151317082613,258.180708947237,493237.787215289,5646010.46939679
0.000409657200419693,258.180708947237,493737.787215289,5646010.46939679
0.00025627200224586,258.180708947237,494237.787215289,5646010.46939679
0.000512239919716211,258.180708947237,494737.787215289,5646010.46939679
0.000752416670449039,258.180708947237,495237.787215289,5646010.46939679
0.00248861568420916,258.180708947237,495737.787215289,5646010.46939679
0.00366947964759535,258.180708947237,496237.787215289,5646010.46939679
0.00257958339929235,258.180708947237,496737.787215289,5646010.46939679
0.00330482905008027,258.180708947237,497237.787215289,5646010.46939679
0.00379654252326318,258.180708947237,497737.787215289,5646010.46939679
0.00373411444426496,258.180708947237,498237.787215289,5646010.46939679
0.000667154151535785,258.180708947237,498737.787215289,5646010.46939679
0.000460880296990857,258.180708947237,499237.787215289,5646010.46939679
0.000244051791247798,258.180708947237,499737.787215289,5646010.46939679
0.00379654252326318,258.180708947237,500237.787215289,5646010.46939679
0.0043614162525579,258.180708947237,500737.787215289,5646010.46939679
0.00323682398418077,258.180708947237,501237.787215289,5646010.46939679
0.00407866339491552,258.180708947237,501737.787215289,5646010.46939679
0.00216805913933199,258.180708947237,502237.787215289,5646010.46939679
0.000663213714465533,258.180708947237,502737.787215289,5646010.46939679
0.000296680527003195,258.180708947237,503237.787215289,5646010.46939679
0.000224515610541721,258.180708947237,503737.787215289,5646010.46939679
0.000733092817899356,258.180708947237,504237.787215289,5646010.46939679
0.000340104039588706,258.180708947237,504737.787215289,5646010.46939679
0.000179938410596605,258.180708947237,505237.787215289,5646010.46939679
0.000453648006764071,258.180708947237,505737.787215289,5646010.46939679
0.00286483391643933,258.180708947237,506237.787215289,5646010.46939679
0.00371841923138565,258.180708947237,506737.787215289,5646010.46939679
0.00154469585748096,258.180708947237,507237.787215289,5646010.46939679
0.00245267805535494,258.180708947237,507737.787215289,5646010.46939679
0.00427166928072493,258.180708947237,508237.787215289,5646010.46939679
0.000641693457257017,258.180708947237,508737.787215289,5646010.46939679
0.000464268605202328,258.180708947237,509237.787215289,5646010.46939679
0.0005585838077132,258.180708947237,509737.787215289,5646010.46939679
0.000603355552161744,258.180708947237,510237.787215289,5646010.46939679
0.000585016477479693,258.180708947237,510737.787215289,5646010.46939679
0.00177452552600036,258.180708947237,511237.787215289,5646010.46939679
0.000464268605202328,258.180708947237,511737.787215289,5646010.46939679
0.000351795904051359,258.180708947237,512237.787215289,5646010.46939679
0.000351795904051359,258.180708947237,512737.787215289,5646010.46939679
0.000443291659771438,258.180708947237,513237.787215289,5646010.46939679
0.000306232662029791,258.180708947237,513737.787215289,5646010.46939679
0.000585016477479693,258.180708947237,514237.787215289,5646010.46939679
0.000289732554129125,258.180708947237,514737.787215289,5646010.46939679
0.0016725466586344,258.180708947237,515237.787215289,5646010.46939679
0.00124627819258453,258.180708947237,515737.787215289,5646010.46939679
0.00383715245023132,258.180708947237,516237.787215289,5646010.46939679
0.00461666199783672,258.180708947237,516737.787215289,5646010.46939679
0.0022239646825804,258.180708947237,517237.787215289,5646010.46939679
0.00171853957580827,258.180708947237,517737.787215289,5646010.46939679
0.00108740054721732,258.180708947237,518237.787215289,5646010.46939679
0.00081425097458281,258.180708947237,518737.787215289,5646010.46939679
0.00545950724421892,258.180708947237,519237.787215289,5646010.46939679
0.00598842975082558,258.180708947237,519737.787215289,5646010.46939679
0.000923873511456033,258.180708947237,520237.787215289,5646010.46939679
0.00475241302560478,258.180708947237,520737.787215289,5646010.46939679
0.00377151114828128,258.180708947237,521237.787215289,5646010.46939679
0.00104429124812806,258.180708947237,521737.787215289,5646010.46939679
0.000586252472228824,258.180708947237,522237.787215289,5646010.46939679
0.000336610462804648,258.180708947237,522737.787215289,5646010.46939679
0.00100318510349035,258.180708947237,523237.787215289,5646010.46939679
0.000392087402160872,258.180708947237,523737.787215289,5646010.46939679
0.0037059533036729,258.180708947237,524237.787215289,5646010.46939679
0.000103536905766435,258.180708947237,486737.787215289,5646510.46939679
0.000109932866583875,258.180708947237,487237.787215289,5646510.46939679
0.000115647864049129,258.180708947237,487737.787215289,5646510.46939679
0.000132544923441308,258.180708947237,488237.787215289,5646510.46939679
0.000229117260694748,258.180708947237,488737.787215289,5646510.46939679
0.000619349480261751,258.180708947237,489237.787215289,5646510.46939679
0.00222917804208725,258.180708947237,489737.787215289,5646510.46939679
0.0021125287768102,258.180708947237,490237.787215289,5646510.46939679
0.0018026537249657,258.180708947237,490737.787215289,5646510.46939679
0.000142935686327027,258.180708947237,491237.787215289,5646510.46939679
0.00022020383561152,258.180708947237,491737.787215289,5646510.46939679
0.0016684541956638,258.180708947237,492237.787215289,5646510.46939679
0.00015279780011078,258.180708947237,492737.787215289,5646510.46939679
0.000478524947637069,258.180708947237,493237.787215289,5646510.46939679
0.000223229616072233,258.180708947237,493737.787215289,5646510.46939679
0.000252910513057047,258.180708947237,494237.787215289,5646510.46939679
0.000201010085221436,258.180708947237,494737.787215289,5646510.46939679
0.00285286080530062,258.180708947237,495237.787215289,5646510.46939679
0.00310873654352104,258.180708947237,495737.787215289,5646510.46939679
0.00301197317492606,258.180708947237,496237.787215289,5646510.46939679
0.00322071079741286,258.180708947237,496737.787215289,5646510.46939679
0.00187372868841507,258.180708947237,497237.787215289,5646510.46939679
0.00374889305563338,258.180708947237,497737.787215289,5646510.46939679
0.000609649891232281,258.180708947237,498237.787215289,5646510.46939679
0.000546315745778122,258.180708947237,498737.787215289,5646510.46939679
0.000260715959071118,258.180708947237,499237.787215289,5646510.46939679
0.00121976690528317,258.180708947237,499737.787215289,5646510.46939679
0.00236105165149283,258.180708947237,500237.787215289,5646510.46939679
0.00205525739242526,258.180708947237,500737.787215289,5646510.46939679
0.00490723538913318,258.180708947237,501237.787215289,5646510.46939679
0.000972848958675718,258.180708947237,501737.787215289,5646510.46939679
0.00111944283530195,258.180708947237,502237.787215289,5646510.46939679
0.00165125546172922,258.180708947237,502737.787215289,5646510.46939679
0.00340991404021178,258.180708947237,503237.787215289,5646510.46939679
0.00324945830793745,258.180708947237,503737.787215289,5646510.46939679
0.000632848336782378,258.180708947237,504237.787215289,5646510.46939679
0.000173406936271829,258.180708947237,504737.787215289,5646510.46939679
0.000563957430039242,258.180708947237,505237.787215289,5646510.46939679
0.00163335549836595,258.180708947237,505737.787215289,5646510.46939679
0.00247627302064906,258.180708947237,506237.787215289,5646510.46939679
0.000612699964082149,258.180708947237,506737.787215289,5646510.46939679
0.00177452552600036,258.180708947237,507237.787215289,5646510.46939679
0.00273539276090928,258.180708947237,507737.787215289,5646510.46939679
0.000326100076848621,258.180708947237,508237.787215289,5646510.46939679
0.000215096376327132,258.180708947237,508737.787215289,5646510.46939679
0.000277641307779858,258.180708947237,509237.787215289,5646510.46939679
0.000404138334843178,258.180708947237,509737.787215289,5646510.46939679
0.000335900787734201,258.180708947237,510237.787215289,5646510.46939679
0.000464268605202328,258.180708947237,510737.787215289,5646510.46939679
0.000306232662029791,258.180708947237,511237.787215289,5646510.46939679
0.00051414641280644,258.180708947237,511737.787215289,5646510.46939679
0.00051414641280644,258.180708947237,512237.787215289,5646510.46939679
0.000404138334843178,258.180708947237,512737.787215289,5646510.46939679
0.000533345439402959,258.180708947237,513237.787215289,5646510.46939679
0.000972848958675718,258.180708947237,513737.787215289,5646510.46939679
0.00355041071986471,258.180708947237,514237.787215289,5646510.46939679
0.00407866339491552,258.180708947237,514737.787215289,5646510.46939679
0.00400575326042523,258.180708947237,515237.787215289,5646510.46939679
0.00258199129947232,258.180708947237,515737.787215289,5646510.46939679
0.00502067421687903,258.180708947237,516237.787215289,5646510.46939679
0.00144081632380463,258.180708947237,516737.787215289,5646510.46939679
0.00623699934637709,258.180708947237,517237.787215289,5646510.46939679
0.00206765731993114,258.180708947237,517737.787215289,5646510.46939679
0.0042595825711912,258.180708947237,518237.787215289,5646510.46939679
0.00469807194157399,258.180708947237,518737.787215289,5646510.46939679
0.00976517632184932,258.180708947237,519237.787215289,5646510.46939679
0.00405662365464658,258.180708947237,519737.787215289,5646510.46939679
0.0015363488348912,258.180708947237,520237.787215289,5646510.46939679
0.00218825404498933,258.180708947237,520737.787215289,5646510.46939679
0.000930855460361032,258.180708947237,521237.787215289,5646510.46939679
0.001364674798642,258.180708947237,521737.787215289,5646510.46939679
0.000302998870427455,258.180708947237,522237.787215289,5646510.46939679
0.00160070845189045,258.180708947237,522737.787215289,5646510.46939679
0.000688151378649505,258.180708947237,523237.787215289,5646510.46939679
0.000457334189941639,258.180708947237,523737.787215289,5646510.46939679
0.00131355755760779,258.180708947237,524237.787215289,5646510.46939679
0.000101214840010695,258.180708947237,486737.787215289,5647010.46939679
0.000560732841230783,258.180708947237,487237.787215289,5647010.46939679
0.000591508375366762,258.180708947237,487737.787215289,5647010.46939679
0.000619321973993087,258.180708947237,488237.787215289,5647010.46939679
0.000128266139456974,258.180708947237,488737.787215289,5647010.46939679
0.000151126283089827,258.180708947237,489237.787215289,5647010.46939679
0.000136189741153377,258.180708947237,489737.787215289,5647010.46939679
0.00187162743867439,258.180708947237,490237.787215289,5647010.46939679
0.00183892223726027,258.180708947237,490737.787215289,5647010.46939679
0.00213164418102373,258.180708947237,491237.787215289,5647010.46939679
0.00207086400471602,258.180708947237,491737.787215289,5647010.46939679
0.00169704713851047,258.180708947237,492237.787215289,5647010.46939679
0.000374587420030512,258.180708947237,492737.787215289,5647010.46939679
0.00246483075638231,258.180708947237,493237.787215289,5647010.46939679
0.00252799268539347,258.180708947237,493737.787215289,5647010.46939679
0.00285482326408198,258.180708947237,494237.787215289,5647010.46939679
0.0028560799432754,258.180708947237,494737.787215289,5647010.46939679
0.00304797470818259,258.180708947237,495237.787215289,5647010.46939679
0.00316831788376484,258.180708947237,495737.787215289,5647010.46939679
0.00292322251852567,258.180708947237,496237.787215289,5647010.46939679
0.00327998918042132,258.180708947237,496737.787215289,5647010.46939679
0.00302269761099441,258.180708947237,497237.787215289,5647010.46939679
0.00302269761099441,258.180708947237,497737.787215289,5647010.46939679
0.000681021299790089,258.180708947237,498237.787215289,5647010.46939679
0.000210380529240936,258.180708947237,498737.787215289,5647010.46939679
0.00232891089989825,258.180708947237,499237.787215289,5647010.46939679
0.00299028717653424,258.180708947237,499737.787215289,5647010.46939679
0.00331553957009503,258.180708947237,500237.787215289,5647010.46939679
0.00263120953162311,258.180708947237,500737.787215289,5647010.46939679
0.00447380837228099,258.180708947237,501237.787215289,5647010.46939679
0.00407866339491552,258.180708947237,501737.787215289,5647010.46939679
0.00315450235529075,258.180708947237,502237.787215289,5647010.46939679
0.00255453811051183,258.180708947237,502737.787215289,5647010.46939679
0.00263335690082935,258.180708947237,503237.787215289,5647010.46939679
0.0016477743819288,258.180708947237,503737.787215289,5647010.46939679
0.00257838860071203,258.180708947237,504237.787215289,5647010.46939679
0.00215258158180525,258.180708947237,504737.787215289,5647010.46939679
0.000404138334843178,258.180708947237,505237.787215289,5647010.46939679
0.000672058947650362,258.180708947237,505737.787215289,5647010.46939679
0.00155955595910239,258.180708947237,506237.787215289,5647010.46939679
0.00407866339491552,258.180708947237,506737.787215289,5647010.46939679
0.00123766235266866,258.180708947237,507237.787215289,5647010.46939679
0.000216492524841542,258.180708947237,507737.787215289,5647010.46939679
0.000190206773197221,258.180708947237,508237.787215289,5647010.46939679
0.000271039055812758,258.180708947237,508737.787215289,5647010.46939679
0.000223692382843827,258.180708947237,509237.787215289,5647010.46939679
0.000486238197866503,258.180708947237,509737.787215289,5647010.46939679
0.000279184946026561,258.180708947237,510237.787215289,5647010.46939679
0.000266570594523355,258.180708947237,510737.787215289,5647010.46939679
0.000762252756346678,258.180708947237,511237.787215289,5647010.46939679
0.000506431736739625,258.180708947237,511737.787215289,5647010.46939679
0.000804115581213618,258.180708947237,512237.787215289,5647010.46939679
0.000292396219572615,258.180708947237,512737.787215289,5647010.46939679
0.000612699964082149,258.180708947237,513237.787215289,5647010.46939679
0.00117048120328981,258.180708947237,513737.787215289,5647010.46939679
0.00281760308685357,258.180708947237,514237.787215289,5647010.46939679
0.003298794023401,258.180708947237,514737.787215289,5647010.46939679
0.00355620849996812,258.180708947237,515237.787215289,5647010.46939679
0.00437395427133708,258.180708947237,515737.787215289,5647010.46939679
0.00525825687098998,258.180708947237,516237.787215289,5647010.46939679
0.00525825687098998,258.180708947237,516737.787215289,5647010.46939679
0.00560690261751886,258.180708947237,517237.787215289,5647010.46939679
0.00394998232364758,258.180708947237,517737.787215289,5647010.46939679
0.00494161361278828,258.180708947237,518237.787215289,5647010.46939679
0.00313470278969599,258.180708947237,518737.787215289,5647010.46939679
0.00587222610748627,258.180708947237,519237.787215289,5647010.46939679
0.000923873511456033,258.180708947237,519737.787215289,5647010.46939679
0.00433266055049451,258.180708947237,520237.787215289,5647010.46939679
0.00178695717652799,258.180708947237,520737.787215289,5647010.46939679
0.00249933897403147,258.180708947237,521237.787215289,5647010.46939679
0.00442656532560907,258.180708947237,521737.787215289,5647010.46939679
0.00393845667090927,258.180708947237,522237.787215289,5647010.46939679
0.00283136062373167,258.180708947237,522737.787215289,5647010.46939679
0.00141741506819975,258.180708947237,523237.787215289,5647010.46939679
0.00437041595116109,258.180708947237,523737.787215289,5647010.46939679
0.00262812158256272,258.180708947237,524237.787215289,5647010.46939679
0.000183802205591328,258.180708947237,486737.787215289,5647510.46939679
0.000103536905766435,258.180708947237,487237.787215289,5647510.46939679
0.000107886302592805,258.180708947237,487737.787215289,5647510.46939679
0.00017768262842398,258.180708947237,488237.787215289,5647510.46939679
0.000115647864049129,258.180708947237,488737.787215289,5647510.46939679
0.000136888219645331,258.180708947237,489237.787215289,5647510.46939679
0.000169274118813171,258.180708947237,489737.787215289,5647510.46939679
0.000278977711393091,258.180708947237,490237.787215289,5647510.46939679
0.000570974668833927,258.180708947237,490737.787215289,5647510.46939679
0.00159607496408567,258.180708947237,491237.787215289,5647510.46939679
0.00187162743867439,258.180708947237,491737.787215289,5647510.46939679
0.0021125287768102,258.180708947237,492237.787215289,5647510.46939679
0.00297221883443214,258.180708947237,492737.787215289,5647510.46939679
0.00267381725951593,258.180708947237,493237.787215289,5647510.46939679
0.00239817926323767,258.180708947237,493737.787215289,5647510.46939679
0.00258146868342941,258.180708947237,494237.787215289,5647510.46939679
0.00213883184388975,258.180708947237,494737.787215289,5647510.46939679
0.000208024592757704,258.180708947237,495237.787215289,5647510.46939679
0.00047060860267993,258.180708947237,495737.787215289,5647510.46939679
0.00036169757046281,258.180708947237,496237.787215289,5647510.46939679
0.000424914635326113,258.180708947237,496737.787215289,5647510.46939679
0.000448838733666648,258.180708947237,497237.787215289,5647510.46939679
0.00298786065047156,258.180708947237,497737.787215289,5647510.46939679
0.00324945830793745,258.180708947237,498237.787215289,5647510.46939679
0.00319220751229455,258.180708947237,498737.787215289,5647510.46939679
0.00350147175968598,258.180708947237,499237.787215289,5647510.46939679
0.0029624529150611,258.180708947237,499737.787215289,5647510.46939679
0.00197079990013372,258.180708947237,500237.787215289,5647510.46939679
0.00197079990013372,258.180708947237,500737.787215289,5647510.46939679
0.00407866339491552,258.180708947237,501237.787215289,5647510.46939679
0.000533345439402959,258.180708947237,501737.787215289,5647510.46939679
0.00300040033960347,258.180708947237,502237.787215289,5647510.46939679
0.00350147175968598,258.180708947237,502737.787215289,5647510.46939679
0.0024861715384595,258.180708947237,503237.787215289,5647510.46939679
0.00114483771697613,258.180708947237,503737.787215289,5647510.46939679
0.000646972699336875,258.180708947237,504237.787215289,5647510.46939679
0.000408026178974953,258.180708947237,504737.787215289,5647510.46939679
0.000266570594523355,258.180708947237,505237.787215289,5647510.46939679
0.000443291659771438,258.180708947237,505737.787215289,5647510.46939679
0.00194644332870013,258.180708947237,506237.787215289,5647510.46939679
0.00101888501432621,258.180708947237,506737.787215289,5647510.46939679
0.00271617682048576,258.180708947237,507237.787215289,5647510.46939679
0.000205377724456131,258.180708947237,507737.787215289,5647510.46939679
0.000277641307779858,258.180708947237,508237.787215289,5647510.46939679
0.000464268605202328,258.180708947237,508737.787215289,5647510.46939679
0.0005585838077132,258.180708947237,509237.787215289,5647510.46939679
0.000368443191044985,258.180708947237,509737.787215289,5647510.46939679
0.000295209095334227,258.180708947237,510237.787215289,5647510.46939679
0.000277641307779858,258.180708947237,510737.787215289,5647510.46939679
0.000213290642510324,258.180708947237,511237.787215289,5647510.46939679
0.000495249540730799,258.180708947237,511737.787215289,5647510.46939679
0.00172574849339745,258.180708947237,512237.787215289,5647510.46939679
0.00056794721903063,258.180708947237,512737.787215289,5647510.46939679
0.000640633781611847,258.180708947237,513237.787215289,5647510.46939679
0.00111268628984132,258.180708947237,513737.787215289,5647510.46939679
0.000838708843326312,258.180708947237,514237.787215289,5647510.46939679
0.00360553565739488,258.180708947237,514737.787215289,5647510.46939679
0.00212032029349568,258.180708947237,515237.787215289,5647510.46939679
0.00141741506819975,258.180708947237,515737.787215289,5647510.46939679
0.00406498975569364,258.180708947237,516237.787215289,5647510.46939679
0.00550708214214719,258.180708947237,516737.787215289,5647510.46939679
0.00511167814129475,258.180708947237,517237.787215289,5647510.46939679
0.00106133328508296,258.180708947237,517737.787215289,5647510.46939679
0.00265076363055045,258.180708947237,518237.787215289,5647510.46939679
0.00774963606158795,258.180708947237,518737.787215289,5647510.46939679
0.00453768580178201,258.180708947237,519237.787215289,5647510.46939679
0.00186347914116369,258.180708947237,519737.787215289,5647510.46939679
0.00418036621157612,258.180708947237,520237.787215289,5647510.46939679
0.00226008796557599,258.180708947237,520737.787215289,5647510.46939679
0.003957042420689,258.180708947237,521237.787215289,5647510.46939679
0.00304437785381107,258.180708947237,521737.787215289,5647510.46939679
0.00409677494249594,258.180708947237,522237.787215289,5647510.46939679
0.00442197424590403,258.180708947237,522737.787215289,5647510.46939679
0.00489078397851383,258.180708947237,523237.787215289,5647510.46939679
0.00181554660599997,258.180708947237,523737.787215289,5647510.46939679
0.00239599517999042,258.180708947237,524237.787215289,5647510.46939679
0.000485959521172099,258.180708947237,486737.787215289,5648010.46939679
0.00010834836059195,258.180708947237,487237.787215289,5648010.46939679
0.000103536905766435,258.180708947237,487737.787215289,5648010.46939679
0.000107886302592805,258.180708947237,488237.787215289,5648010.46939679
0.000132265500016929,258.180708947237,488737.787215289,5648010.46939679
0.000111904462745776,258.180708947237,489237.787215289,5648010.46939679
0.000117430218368114,258.180708947237,489737.787215289,5648010.46939679
0.000124797694537351,258.180708947237,490237.787215289,5648010.46939679
0.000154323139182167,258.180708947237,490737.787215289,5648010.46939679
0.000188083238985528,258.180708947237,491237.787215289,5648010.46939679
0.000278977711393091,258.180708947237,491737.787215289,5648010.46939679
0.000458036264241029,258.180708947237,492237.787215289,5648010.46939679
0.000646226863265042,258.180708947237,492737.787215289,5648010.46939679
0.000777620762507767,258.180708947237,493237.787215289,5648010.46939679
0.00165717265305073,258.180708947237,493737.787215289,5648010.46939679
0.000336435978836374,258.180708947237,494237.787215289,5648010.46939679
0.00027871088743557,258.180708947237,494737.787215289,5648010.46939679
0.00027136811661641,258.180708947237,495237.787215289,5648010.46939679
0.000168186077614987,258.180708947237,495737.787215289,5648010.46939679
0.000170103829095709,258.180708947237,496237.787215289,5648010.46939679
0.000166820368211258,258.180708947237,496737.787215289,5648010.46939679
0.000463679045979314,258.180708947237,497237.787215289,5648010.46939679
0.00233888539771533,258.180708947237,497737.787215289,5648010.46939679
0.00222185355683385,258.180708947237,498237.787215289,5648010.46939679
0.00281402510663256,258.180708947237,498737.787215289,5648010.46939679
0.00288342899314293,258.180708947237,499237.787215289,5648010.46939679
0.00284078363920645,258.180708947237,499737.787215289,5648010.46939679
0.00360992543449992,258.180708947237,500237.787215289,5648010.46939679
0.00337124972703027,258.180708947237,500737.787215289,5648010.46939679
0.00111759561065192,258.180708947237,501237.787215289,5648010.46939679
0.00269029595142261,258.180708947237,501737.787215289,5648010.46939679
0.000861044871765639,258.180708947237,502237.787215289,5648010.46939679
0.000248703658819982,258.180708947237,502737.787215289,5648010.46939679
0.000521144640819333,258.180708947237,503237.787215289,5648010.46939679
0.000907643605381471,258.180708947237,503737.787215289,5648010.46939679
0.000366406036071092,258.180708947237,504237.787215289,5648010.46939679
0.000279184946026561,258.180708947237,504737.787215289,5648010.46939679
0.000447556162120061,258.180708947237,505237.787215289,5648010.46939679
0.00102868677224517,258.180708947237,505737.787215289,5648010.46939679
0.00128387858958976,258.180708947237,506237.787215289,5648010.46939679
0.000509247410691122,258.180708947237,506737.787215289,5648010.46939679
0.00147490220711001,258.180708947237,507237.787215289,5648010.46939679
0.000509247410691122,258.180708947237,507737.787215289,5648010.46939679
0.000486238197866503,258.180708947237,508237.787215289,5648010.46939679
0.00084684933206238,258.180708947237,508737.787215289,5648010.46939679
0.000612699964082149,258.180708947237,509237.787215289,5648010.46939679
0.000368443191044985,258.180708947237,509737.787215289,5648010.46939679
0.000590644384270183,258.180708947237,510237.787215289,5648010.46939679
0.000331270721927179,258.180708947237,510737.787215289,5648010.46939679
0.000343748228659816,258.180708947237,511237.787215289,5648010.46939679
0.000394893275151915,258.180708947237,511737.787215289,5648010.46939679
0.00346919160204361,258.180708947237,512237.787215289,5648010.46939679
0.00264104082557651,258.180708947237,512737.787215289,5648010.46939679
0.00058624729205124,258.180708947237,513237.787215289,5648010.46939679
0.00194322902354118,258.180708947237,513737.787215289,5648010.46939679
0.000200517613799763,258.180708947237,514237.787215289,5648010.46939679
0.000294699388657829,258.180708947237,514737.787215289,5648010.46939679
0.00279469639157578,258.180708947237,515237.787215289,5648010.46939679
0.000435916389814549,258.180708947237,515737.787215289,5648010.46939679
0.000555107962574796,258.180708947237,516237.787215289,5648010.46939679
0.00257416801861806,258.180708947237,516737.787215289,5648010.46939679
0.000767880236813625,258.180708947237,517237.787215289,5648010.46939679
0.00615010493488876,258.180708947237,517737.787215289,5648010.46939679
0.00164089118326438,258.180708947237,518237.787215289,5648010.46939679
0.00184845490854432,258.180708947237,518737.787215289,5648010.46939679
0.00506392881640119,258.180708947237,519237.787215289,5648010.46939679
0.00233523294427705,258.180708947237,519737.787215289,5648010.46939679
0.00413945650781038,258.180708947237,520237.787215289,5648010.46939679
0.00164382407005704,258.180708947237,520737.787215289,5648010.46939679
0.00347927862448314,258.180708947237,521237.787215289,5648010.46939679
0.00276115271326718,258.180708947237,521737.787215289,5648010.46939679
0.00285098424863922,258.180708947237,522237.787215289,5648010.46939679
0.00401774360544022,258.180708947237,522737.787215289,5648010.46939679
0.0066258344369621,258.180708947237,523237.787215289,5648010.46939679
0.00168866726573555,258.180708947237,523737.787215289,5648010.46939679
0.00272503955856793,258.180708947237,524237.787215289,5648010.46939679
9.49033439306017e-05,258.180708947237,486737.787215289,5648510.46939679
0.000100765969095328,258.180708947237,487237.787215289,5648510.46939679
0.000336757950738418,258.180708947237,487737.787215289,5648510.46939679
0.000103536905766435,258.180708947237,488237.787215289,5648510.46939679
0.000107886302592805,258.180708947237,488737.787215289,5648510.46939679
0.000109932866583875,258.180708947237,489237.787215289,5648510.46939679
0.000172539693492055,258.180708947237,489737.787215289,5648510.46939679
0.0010316405799316,258.180708947237,490237.787215289,5648510.46939679
0.000277740491824628,258.180708947237,490737.787215289,5648510.46939679
0.000216067458830974,258.180708947237,491237.787215289,5648510.46939679
0.00015645291653087,258.180708947237,491737.787215289,5648510.46939679
0.000141910824119609,258.180708947237,492237.787215289,5648510.46939679
0.000552700298918805,258.180708947237,492737.787215289,5648510.46939679
0.000461424851412701,258.180708947237,493237.787215289,5648510.46939679
0.000981791652133825,258.180708947237,493737.787215289,5648510.46939679
0.000250636477388714,258.180708947237,494237.787215289,5648510.46939679
0.000199990404449198,258.180708947237,494737.787215289,5648510.46939679
0.000199990404449198,258.180708947237,495237.787215289,5648510.46939679
0.0001909542823556,258.180708947237,495737.787215289,5648510.46939679
0.000263929355226157,258.180708947237,496237.787215289,5648510.46939679
0.00298991597450283,258.180708947237,496737.787215289,5648510.46939679
0.00290175534062383,258.180708947237,497237.787215289,5648510.46939679
0.00191400463559482,258.180708947237,497737.787215289,5648510.46939679
0.0030056235099459,258.180708947237,498237.787215289,5648510.46939679
0.00304797470818259,258.180708947237,498737.787215289,5648510.46939679
0.00344681897414367,258.180708947237,499237.787215289,5648510.46939679
0.00387284569073217,258.180708947237,499737.787215289,5648510.46939679
0.00393184228947044,258.180708947237,500237.787215289,5648510.46939679
0.00284470866106529,258.180708947237,500737.787215289,5648510.46939679
0.000385878242083208,258.180708947237,501237.787215289,5648510.46939679
0.000509247410691122,258.180708947237,501737.787215289,5648510.46939679
0.00238111529220072,258.180708947237,502237.787215289,5648510.46939679
0.00300040033960347,258.180708947237,502737.787215289,5648510.46939679
0.00188965117751634,258.180708947237,503237.787215289,5648510.46939679
0.00344681897414367,258.180708947237,503737.787215289,5648510.46939679
0.000185922594144747,258.180708947237,504237.787215289,5648510.46939679
0.000266570594523355,258.180708947237,504737.787215289,5648510.46939679
0.000279184946026561,258.180708947237,505237.787215289,5648510.46939679
0.000320723856932639,258.180708947237,505737.787215289,5648510.46939679
0.000368443191044985,258.180708947237,506237.787215289,5648510.46939679
0.000737168688745598,258.180708947237,506737.787215289,5648510.46939679
0.00128387858958976,258.180708947237,507237.787215289,5648510.46939679
0.00427166928072493,258.180708947237,507737.787215289,5648510.46939679
0.000306232662029791,258.180708947237,508237.787215289,5648510.46939679
0.000185922594144747,258.180708947237,508737.787215289,5648510.46939679
0.000306232662029791,258.180708947237,509237.787215289,5648510.46939679
0.00355041071986471,258.180708947237,509737.787215289,5648510.46939679
0.00205816173960269,258.180708947237,510237.787215289,5648510.46939679
0.000178777997576231,258.180708947237,510737.787215289,5648510.46939679
0.00238111529220072,258.180708947237,511237.787215289,5648510.46939679
0.00344681897414367,258.180708947237,511737.787215289,5648510.46939679
0.00329108211681459,258.180708947237,512237.787215289,5648510.46939679
0.00180427148741883,258.180708947237,512737.787215289,5648510.46939679
0.00200347130129214,258.180708947237,513237.787215289,5648510.46939679
0.00275572064647367,258.180708947237,513737.787215289,5648510.46939679
0.00433425950322212,258.180708947237,514237.787215289,5648510.46939679
0.000500434915138967,258.180708947237,514737.787215289,5648510.46939679
0.00222278438051326,258.180708947237,515237.787215289,5648510.46939679
0.00403140746970177,258.180708947237,515737.787215289,5648510.46939679
0.00389796607563619,258.180708947237,516237.787215289,5648510.46939679
0.00570417074704492,258.180708947237,516737.787215289,5648510.46939679
0.00444963339999448,258.180708947237,517237.787215289,5648510.46939679
0.00488071832142176,258.180708947237,517737.787215289,5648510.46939679
0.00127694093675803,258.180708947237,518237.787215289,5648510.46939679
0.00121924519759175,258.180708947237,518737.787215289,5648510.46939679
0.00331753525754453,258.180708947237,519237.787215289,5648510.46939679
0.00216683945588066,258.180708947237,519737.787215289,5648510.46939679
0.00463603423221887,258.180708947237,520237.787215289,5648510.46939679
0.00424353252861333,258.180708947237,520737.787215289,5648510.46939679
0.00471596648932375,258.180708947237,521237.787215289,5648510.46939679
0.00410517278750937,258.180708947237,521737.787215289,5648510.46939679
0.00418608684796159,258.180708947237,522237.787215289,5648510.46939679
0.00353850803739931,258.180708947237,522737.787215289,5648510.46939679
0.00165519013499448,258.180708947237,523237.787215289,5648510.46939679
0.00308021419074966,258.180708947237,523737.787215289,5648510.46939679
0.00318297128887273,258.180708947237,524237.787215289,5648510.46939679
8.75302353900264e-05,258.180708947237,486737.787215289,5649010.46939679
0.000125244900831093,258.180708947237,487237.787215289,5649010.46939679
0.000500061953250003,258.180708947237,487737.787215289,5649010.46939679
0.000513396040629259,258.180708947237,488237.787215289,5649010.46939679
0.000103536905766435,258.180708947237,488737.787215289,5649010.46939679
0.000107886302592805,258.180708947237,489237.787215289,5649010.46939679
0.000117430218368114,258.180708947237,489737.787215289,5649010.46939679
0.000144297977755317,258.180708947237,490237.787215289,5649010.46939679
0.00208377114136883,258.180708947237,490737.787215289,5649010.46939679
0.000218586714448189,258.180708947237,491237.787215289,5649010.46939679
0.00018221140087189,258.180708947237,491737.787215289,5649010.46939679
0.000221913961545519,258.180708947237,492237.787215289,5649010.46939679
0.000326072309193425,258.180708947237,492737.787215289,5649010.46939679
0.000197569673575796,258.180708947237,493237.787215289,5649010.46939679
0.000199990404449198,258.180708947237,493737.787215289,5649010.46939679
0.00226558544235278,258.180708947237,494237.787215289,5649010.46939679
0.000313386985010046,258.180708947237,494737.787215289,5649010.46939679
0.000237466536556985,258.180708947237,495237.787215289,5649010.46939679
0.00262875280019515,258.180708947237,495737.787215289,5649010.46939679
0.0027531476603859,258.180708947237,496237.787215289,5649010.46939679
0.00304797470818259,258.180708947237,496737.787215289,5649010.46939679
0.00314238188337341,258.180708947237,497237.787215289,5649010.46939679
0.00286483391643933,258.180708947237,497737.787215289,5649010.46939679
0.003218927298235,258.180708947237,498237.787215289,5649010.46939679
0.00358456596397927,258.180708947237,498737.787215289,5649010.46939679
0.00447380837228099,258.180708947237,499237.787215289,5649010.46939679
0.0046855128607931,258.180708947237,499737.787215289,5649010.46939679
0.000672058947650362,258.180708947237,500237.787215289,5649010.46939679
0.000335900787734201,258.180708947237,500737.787215289,5649010.46939679
0.00245267805535494,258.180708947237,501237.787215289,5649010.46939679
0.00342260531495574,258.180708947237,501737.787215289,5649010.46939679
0.00177452552600036,258.180708947237,502237.787215289,5649010.46939679
0.00490723538913318,258.180708947237,502737.787215289,5649010.46939679
0.00427166928072493,258.180708947237,503237.787215289,5649010.46939679
0.00447380837228099,258.180708947237,503737.787215289,5649010.46939679
0.00371841923138565,258.180708947237,504237.787215289,5649010.46939679
0.000423262511014025,258.180708947237,504737.787215289,5649010.46939679
0.000306232662029791,258.180708947237,505237.787215289,5649010.46939679
0.000335900787734201,258.180708947237,505737.787215289,5649010.46939679
0.000533345439402959,258.180708947237,506237.787215289,5649010.46939679
0.000256974757461669,258.180708947237,506737.787215289,5649010.46939679
0.000351795904051359,258.180708947237,507237.787215289,5649010.46939679
0.000269135025640793,258.180708947237,507737.787215289,5649010.46939679
0.000213585339516665,258.180708947237,508237.787215289,5649010.46939679
0.000213290642510324,258.180708947237,508737.787215289,5649010.46939679
0.000326100076848621,258.180708947237,509237.787215289,5649010.46939679
0.00281760308685357,258.180708947237,509737.787215289,5649010.46939679
0.00245267805535494,258.180708947237,510237.787215289,5649010.46939679
0.00407866339491552,258.180708947237,510737.787215289,5649010.46939679
0.00256874090605971,258.180708947237,511237.787215289,5649010.46939679
0.00407866339491552,258.180708947237,511737.787215289,5649010.46939679
0.00447380837228099,258.180708947237,512237.787215289,5649010.46939679
0.00490723538913318,258.180708947237,512737.787215289,5649010.46939679
0.00490723538913318,258.180708947237,513237.787215289,5649010.46939679
0.00407866339491552,258.180708947237,513737.787215289,5649010.46939679
0.00447380837228099,258.180708947237,514237.787215289,5649010.46939679
0.00332254396217171,258.180708947237,514737.787215289,5649010.46939679
0.00352935139009254,258.180708947237,515237.787215289,5649010.46939679
0.0013290537457221,258.180708947237,515737.787215289,5649010.46939679
0.00491175659381542,258.180708947237,516237.787215289,5649010.46939679
0.00359248491830667,258.180708947237,516737.787215289,5649010.46939679
0.00560690261751886,258.180708947237,517237.787215289,5649010.46939679
0.00535356717995949,258.180708947237,517737.787215289,5649010.46939679
0.00168519184222182,258.180708947237,518237.787215289,5649010.46939679
0.00453768580178201,258.180708947237,518737.787215289,5649010.46939679
0.00440487184700684,258.180708947237,519237.787215289,5649010.46939679
0.00221243506247094,258.180708947237,519737.787215289,5649010.46939679
0.00383616550461683,258.180708947237,520237.787215289,5649010.46939679
0.00420786671402765,258.180708947237,520737.787215289,5649010.46939679
0.00536460800794917,258.180708947237,521237.787215289,5649010.46939679
0.00445881001725453,258.180708947237,521737.787215289,5649010.46939679
0.00050164118236426,258.180708947237,522237.787215289,5649010.46939679
0.000950365830018562,258.180708947237,522737.787215289,5649010.46939679
0.0066258344369621,258.180708947237,523237.787215289,5649010.46939679
0.00384925728001845,258.180708947237,523737.787215289,5649010.46939679
0.00201277161534983,258.180708947237,524237.787215289,5649010.46939679
0.00012098078296177,258.180708947237,486737.787215289,5649510.46939679
0.00025058576616892,258.180708947237,487237.787215289,5649510.46939679
0.000105534302061695,258.180708947237,487737.787215289,5649510.46939679
0.000106004413937702,258.180708947237,488237.787215289,5649510.46939679
0.000105757253292875,258.180708947237,488737.787215289,5649510.46939679
0.000213001242413711,258.180708947237,489237.787215289,5649510.46939679
0.000213001242413711,258.180708947237,489737.787215289,5649510.46939679
0.000216242950269888,258.180708947237,490237.787215289,5649510.46939679
0.000141910824119609,258.180708947237,490737.787215289,5649510.46939679
0.000141910824119609,258.180708947237,491237.787215289,5649510.46939679
0.000226954205569699,258.180708947237,491737.787215289,5649510.46939679
0.00122378785056495,258.180708947237,492237.787215289,5649510.46939679
0.00224712686466559,258.180708947237,492737.787215289,5649510.46939679
0.000246236336233717,258.180708947237,493237.787215289,5649510.46939679
0.00318288029195478,258.180708947237,493737.787215289,5649510.46939679
0.0029471872128933,258.180708947237,494237.787215289,5649510.46939679
0.00273539276090928,258.180708947237,494737.787215289,5649510.46939679
0.00227352988799837,258.180708947237,495237.787215289,5649510.46939679
0.00329108211681459,258.180708947237,495737.787215289,5649510.46939679
0.00329108211681459,258.180708947237,496237.787215289,5649510.46939679
0.00360992543449992,258.180708947237,496737.787215289,5649510.46939679
0.00326796249802002,258.180708947237,497237.787215289,5649510.46939679
0.00358456596397927,258.180708947237,497737.787215289,5649510.46939679
0.00358456596397927,258.180708947237,498237.787215289,5649510.46939679
0.000737168688745598,258.180708947237,498737.787215289,5649510.46939679
0.000423262511014025,258.180708947237,499237.787215289,5649510.46939679
0.00407866339491552,258.180708947237,499737.787215289,5649510.46939679
0.00295093450623851,258.180708947237,500237.787215289,5649510.46939679
0.00122586938799411,258.180708947237,500737.787215289,5649510.46939679
0.00389437805124292,258.180708947237,501237.787215289,5649510.46939679
0.00447380837228099,258.180708947237,501737.787215289,5649510.46939679
0.00084684933206238,258.180708947237,502237.787215289,5649510.46939679
0.00281760308685357,258.180708947237,502737.787215289,5649510.46939679
0.00389437805124292,258.180708947237,503237.787215289,5649510.46939679
0.000533345439402959,258.180708947237,503737.787215289,5649510.46939679
0.000972848958675718,258.180708947237,504237.787215289,5649510.46939679
0.00111759561065192,258.180708947237,504737.787215289,5649510.46939679
0.000585016477479693,258.180708947237,505237.787215289,5649510.46939679
0.000335900787734201,258.180708947237,505737.787215289,5649510.46939679
0.000203934960486779,258.180708947237,506237.787215289,5649510.46939679
0.000200874952443027,258.180708947237,506737.787215289,5649510.46939679
0.000234277700218487,258.180708947237,507237.787215289,5649510.46939679
0.000230762404727076,258.180708947237,507737.787215289,5649510.46939679
0.000178777997576231,258.180708947237,508237.787215289,5649510.46939679
0.000173406936271829,258.180708947237,508737.787215289,5649510.46939679
0.00020671079110183,258.180708947237,509237.787215289,5649510.46939679
0.000408026178974953,258.180708947237,509737.787215289,5649510.46939679
0.002038550713512,258.180708947237,510237.787215289,5649510.46939679
0.00245267805535494,258.180708947237,510737.787215289,5649510.46939679
0.00281760308685357,258.180708947237,511237.787215289,5649510.46939679
0.00447380837228099,258.180708947237,511737.787215289,5649510.46939679
0.00355041071986471,258.180708947237,512237.787215289,5649510.46939679
0.00070386135935933,258.180708947237,512737.787215289,5649510.46939679
0.00177452552600036,258.180708947237,513237.787215289,5649510.46939679
0.00407866339491552,258.180708947237,513737.787215289,5649510.46939679
0.00447380837228099,258.180708947237,514237.787215289,5649510.46939679
0.00417554704700045,258.180708947237,514737.787215289,5649510.46939679
0.00320336099545407,258.180708947237,515237.787215289,5649510.46939679
0.000660877559377865,258.180708947237,515737.787215289,5649510.46939679
0.00465635677557682,258.180708947237,516237.787215289,5649510.46939679
0.00295716909910067,258.180708947237,516737.787215289,5649510.46939679
0.00424858660085011,258.180708947237,517237.787215289,5649510.46939679
0.0028023776970132,258.180708947237,517737.787215289,5649510.46939679
0.00466019390787156,258.180708947237,518237.787215289,5649510.46939679
0.00394998232364758,258.180708947237,518737.787215289,5649510.46939679
0.00412251434321335,258.180708947237,519237.787215289,5649510.46939679
0.00314030567702001,258.180708947237,519737.787215289,5649510.46939679
0.00438417610464631,258.180708947237,520237.787215289,5649510.46939679
0.00388132222502968,258.180708947237,520737.787215289,5649510.46939679
0.00398440301354867,258.180708947237,521237.787215289,5649510.46939679
0.00576768204073048,258.180708947237,521737.787215289,5649510.46939679
0.00536460800794917,258.180708947237,522237.787215289,5649510.46939679
0.00479382620714154,258.180708947237,522737.787215289,5649510.46939679
0.00632646082896703,258.180708947237,523237.787215289,5649510.46939679
0.00277072518392252,258.180708947237,523737.787215289,5649510.46939679
0.00361297507013447,258.180708947237,524237.787215289,5649510.46939679
0.000100765969095328,258.180708947237,486737.787215289,5650010.46939679
0.000156841286236305,258.180708947237,487237.787215289,5650010.46939679
0.000149876393003228,258.180708947237,487737.787215289,5650010.46939679
0.000109932866583875,258.180708947237,488237.787215289,5650010.46939679
0.000119193060548712,258.180708947237,488737.787215289,5650010.46939679
0.000461866560438976,258.180708947237,489237.787215289,5650010.46939679
0.000208710359403896,258.180708947237,489737.787215289,5650010.46939679
0.000142935686327027,258.180708947237,490237.787215289,5650010.46939679
0.000150718637073383,258.180708947237,490737.787215289,5650010.46939679
0.000175532028068912,258.180708947237,491237.787215289,5650010.46939679
0.000154820757789666,258.180708947237,491737.787215289,5650010.46939679
0.000215470821363272,258.180708947237,492237.787215289,5650010.46939679
0.00288342899314293,258.180708947237,492737.787215289,5650010.46939679
0.00261180011640419,258.180708947237,493237.787215289,5650010.46939679
0.0041179004733569,258.180708947237,493737.787215289,5650010.46939679
0.00314318807428536,258.180708947237,494237.787215289,5650010.46939679
0.00270874882465258,258.180708947237,494737.787215289,5650010.46939679
0.000213001242413711,258.180708947237,495237.787215289,5650010.46939679
0.00427166928072493,258.180708947237,495737.787215289,5650010.46939679
0.00447380837228099,258.180708947237,496237.787215289,5650010.46939679
0.000928892939918548,258.180708947237,496737.787215289,5650010.46939679
0.00106709953601808,258.180708947237,497237.787215289,5650010.46939679
0.00106709953601808,258.180708947237,497737.787215289,5650010.46939679
0.000423262511014025,258.180708947237,498237.787215289,5650010.46939679
0.00407866339491552,258.180708947237,498737.787215289,5650010.46939679
0.000972848958675718,258.180708947237,499237.787215289,5650010.46939679
0.00342260531495574,258.180708947237,499737.787215289,5650010.46939679
0.000385878242083208,258.180708947237,500237.787215289,5650010.46939679
0.00247627302064906,258.180708947237,500737.787215289,5650010.46939679
0.00448839577223015,258.180708947237,501237.787215289,5650010.46939679
0.00112834697265339,258.180708947237,501737.787215289,5650010.46939679
0.00293461852848908,258.180708947237,502237.787215289,5650010.46939679
0.00344681897414367,258.180708947237,502737.787215289,5650010.46939679
0.00360992543449992,258.180708947237,503237.787215289,5650010.46939679
0.000215096376327132,258.180708947237,503737.787215289,5650010.46939679
0.00046873490749707,258.180708947237,504237.787215289,5650010.46939679
0.000408026178974953,258.180708947237,504737.787215289,5650010.46939679
0.000585016477479693,258.180708947237,505237.787215289,5650010.46939679
0.000234277700218487,258.180708947237,505737.787215289,5650010.46939679
0.000170997470237235,258.180708947237,506237.787215289,5650010.46939679
0.00151085388977675,258.180708947237,506737.787215289,5650010.46939679
0.000208024592757704,258.180708947237,507237.787215289,5650010.46939679
0.000226961637764365,258.180708947237,507737.787215289,5650010.46939679
0.000209454123669621,258.180708947237,508237.787215289,5650010.46939679
0.000188642926828421,258.180708947237,508737.787215289,5650010.46939679
0.000166222623794979,258.180708947237,509237.787215289,5650010.46939679
0.000236345849426791,258.180708947237,509737.787215289,5650010.46939679
0.000235935127782114,258.180708947237,510237.787215289,5650010.46939679
0.000517783807383604,258.180708947237,510737.787215289,5650010.46939679
0.00164491088081024,258.180708947237,511237.787215289,5650010.46939679
0.000594822973533599,258.180708947237,511737.787215289,5650010.46939679
0.00056794721903063,258.180708947237,512237.787215289,5650010.46939679
0.000235935127782114,258.180708947237,512737.787215289,5650010.46939679
0.00113632960767187,258.180708947237,513237.787215289,5650010.46939679
0.00113632960767187,258.180708947237,513737.787215289,5650010.46939679
0.00382736353348083,258.180708947237,514237.787215289,5650010.46939679
0.00389437805124292,258.180708947237,514737.787215289,5650010.46939679
0.00427166928072493,258.180708947237,515237.787215289,5650010.46939679
0.00338999329966161,258.180708947237,515737.787215289,5650010.46939679
0.00389437805124292,258.180708947237,516237.787215289,5650010.46939679
0.00246532975918045,258.180708947237,516737.787215289,5650010.46939679
0.00545950724421892,258.180708947237,517237.787215289,5650010.46939679
0.00466019390787156,258.180708947237,517737.787215289,5650010.46939679
0.00656859479736865,258.180708947237,518237.787215289,5650010.46939679
0.00480234766898937,258.180708947237,518737.787215289,5650010.46939679
0.00359059613630889,258.180708947237,519237.787215289,5650010.46939679
0.00235225841207505,258.180708947237,519737.787215289,5650010.46939679
0.00298589529352301,258.180708947237,520237.787215289,5650010.46939679
0.00333935963413395,258.180708947237,520737.787215289,5650010.46939679
0.0041729484164398,258.180708947237,521237.787215289,5650010.46939679
0.00109176729919938,258.180708947237,521737.787215289,5650010.46939679
0.00363248431082585,258.180708947237,522237.787215289,5650010.46939679
0.00550708214214719,258.180708947237,522737.787215289,5650010.46939679
0.00318847808833393,258.180708947237,523237.787215289,5650010.46939679
0.00321454327803762,258.180708947237,523737.787215289,5650010.46939679
0.00409870709396643,258.180708947237,524237.787215289,5650010.46939679
0.000328652164463832,258.180708947237,486737.787215289,5650510.46939679
0.000197793388527361,258.180708947237,487237.787215289,5650510.46939679
0.000118338435183404,258.180708947237,487737.787215289,5650510.46939679
0.000130740603126351,258.180708947237,488237.787215289,5650510.46939679
0.00011915898798068,258.180708947237,488737.787215289,5650510.46939679
0.000129930779630324,258.180708947237,489237.787215289,5650510.46939679
0.000141910824119609,258.180708947237,489737.787215289,5650510.46939679
0.000160555923138228,258.180708947237,490237.787215289,5650510.46939679
0.000572208992127186,258.180708947237,490737.787215289,5650510.46939679
0.00221389229543856,258.180708947237,491237.787215289,5650510.46939679
0.000209454123669621,258.180708947237,491737.787215289,5650510.46939679
0.001126790122002,258.180708947237,492237.787215289,5650510.46939679
0.00360992543449992,258.180708947237,492737.787215289,5650510.46939679
0.00236438812590477,258.180708947237,493237.787215289,5650510.46939679
0.0022360475396912,258.180708947237,493737.787215289,5650510.46939679
0.00491524884840499,258.180708947237,494237.787215289,5650510.46939679
0.00064689826418201,258.180708947237,494737.787215289,5650510.46939679
0.00282679022669187,258.180708947237,495237.787215289,5650510.46939679
0.00256874090605971,258.180708947237,495737.787215289,5650510.46939679
0.00194644332870013,258.180708947237,496237.787215289,5650510.46939679
0.00245267805535494,258.180708947237,496737.787215289,5650510.46939679
0.000886922976209029,258.180708947237,497237.787215289,5650510.46939679
0.000895455248431434,258.180708947237,497737.787215289,5650510.46939679
0.000323809246903328,258.180708947237,498237.787215289,5650510.46939679
0.000213585339516665,258.180708947237,498737.787215289,5650510.46939679
0.00196516827414797,258.180708947237,499237.787215289,5650510.46939679
0.00337124972703027,258.180708947237,499737.787215289,5650510.46939679
0.00269029595142261,258.180708947237,500237.787215289,5650510.46939679
0.00371841923138565,258.180708947237,500737.787215289,5650510.46939679
0.000213001242413711,258.180708947237,501237.787215289,5650510.46939679
0.00407866339491552,258.180708947237,501737.787215289,5650510.46939679
0.00232891089989825,258.180708947237,502237.787215289,5650510.46939679
0.0027531476603859,258.180708947237,502737.787215289,5650510.46939679
0.000950594087216839,258.180708947237,503237.787215289,5650510.46939679
0.000262896178029171,258.180708947237,503737.787215289,5650510.46939679
0.000683324516522061,258.180708947237,504237.787215289,5650510.46939679
0.00143186839878257,258.180708947237,504737.787215289,5650510.46939679
0.000269135025640793,258.180708947237,505237.787215289,5650510.46939679
0.00026509670214123,258.180708947237,505737.787215289,5650510.46939679
0.000221279595376654,258.180708947237,506237.787215289,5650510.46939679
0.000382054876723851,258.180708947237,506737.787215289,5650510.46939679
0.00201835231067059,258.180708947237,507237.787215289,5650510.46939679
0.00368157632673238,258.180708947237,507737.787215289,5650510.46939679
0.00027871088743557,258.180708947237,508237.787215289,5650510.46939679
0.000150718637073383,258.180708947237,508737.787215289,5650510.46939679
0.000162147010192874,258.180708947237,509237.787215289,5650510.46939679
0.000237701659114515,258.180708947237,509737.787215289,5650510.46939679
0.000248703658819982,258.180708947237,510237.787215289,5650510.46939679
0.000179938410596605,258.180708947237,510737.787215289,5650510.46939679
0.000226737138697211,258.180708947237,511237.787215289,5650510.46939679
0.000171808293294444,258.180708947237,511737.787215289,5650510.46939679
0.000197371023268445,258.180708947237,512237.787215289,5650510.46939679
0.000226737138697211,258.180708947237,512737.787215289,5650510.46939679
0.000827476825300652,258.180708947237,513237.787215289,5650510.46939679
0.000453648006764071,258.180708947237,513737.787215289,5650510.46939679
0.00360992543449992,258.180708947237,514237.787215289,5650510.46939679
0.00231792344497888,258.180708947237,514737.787215289,5650510.46939679
0.00447380837228099,258.180708947237,515237.787215289,5650510.46939679
0.00513945001962601,258.180708947237,515737.787215289,5650510.46939679
0.0024606753124484,258.180708947237,516237.787215289,5650510.46939679
0.0031366407896821,258.180708947237,516737.787215289,5650510.46939679
0.00598842975082558,258.180708947237,517237.787215289,5650510.46939679
0.00146693232619086,258.180708947237,517737.787215289,5650510.46939679
0.00285783307159263,258.180708947237,518237.787215289,5650510.46939679
0.0029716076303914,258.180708947237,518737.787215289,5650510.46939679
0.00388159586766592,258.180708947237,519237.787215289,5650510.46939679
0.00368570958057447,258.180708947237,519737.787215289,5650510.46939679
0.000295860343230276,258.180708947237,520237.787215289,5650510.46939679
0.000588818809266796,258.180708947237,520737.787215289,5650510.46939679
0.00050754016871152,258.180708947237,521237.787215289,5650510.46939679
0.00380437661578382,258.180708947237,521737.787215289,5650510.46939679
0.00193991791552785,258.180708947237,522237.787215289,5650510.46939679
0.00322597259511062,258.180708947237,522737.787215289,5650510.46939679
0.00391968967583002,258.180708947237,523237.787215289,5650510.46939679
0.00286725410482193,258.180708947237,523737.787215289,5650510.46939679
0.00398157152334115,258.180708947237,524237.787215289,5650510.46939679
0.00165071437824888,258.180708947237,486737.787215289,5651010.46939679
0.00176162284504051,258.180708947237,487237.787215289,5651010.46939679
0.000113807586926645,258.180708947237,487737.787215289,5651010.46939679
0.00014069269096786,258.180708947237,488237.787215289,5651010.46939679
0.000660698517808255,258.180708947237,488737.787215289,5651010.46939679
0.000398713182528224,258.180708947237,489237.787215289,5651010.46939679
0.00114480022757106,258.180708947237,489737.787215289,5651010.46939679
0.000780945381934782,258.180708947237,490237.787215289,5651010.46939679
0.000403625133045747,258.180708947237,490737.787215289,5651010.46939679
0.00288342899314293,258.180708947237,491237.787215289,5651010.46939679
0.00301987535144841,258.180708947237,491737.787215289,5651010.46939679
0.00342260531495574,258.180708947237,492237.787215289,5651010.46939679
0.00447380837228099,258.180708947237,492737.787215289,5651010.46939679
0.00106709953601808,258.180708947237,493237.787215289,5651010.46939679
0.0022360475396912,258.180708947237,493737.787215289,5651010.46939679
0.000641693457257017,258.180708947237,494237.787215289,5651010.46939679
0.00051414641280644,258.180708947237,494737.787215289,5651010.46939679
0.000225274923225404,258.180708947237,495237.787215289,5651010.46939679
0.000392346629904659,258.180708947237,495737.787215289,5651010.46939679
0.00108498707900519,258.180708947237,496237.787215289,5651010.46939679
0.000594822973533599,258.180708947237,496737.787215289,5651010.46939679
0.000517783807383604,258.180708947237,497237.787215289,5651010.46939679
0.000171808293294444,258.180708947237,497737.787215289,5651010.46939679
0.000521144640819333,258.180708947237,498237.787215289,5651010.46939679
0.000377050899873756,258.180708947237,498737.787215289,5651010.46939679
0.00107587861380083,258.180708947237,499237.787215289,5651010.46939679
0.00247627302064906,258.180708947237,499737.787215289,5651010.46939679
0.000408026178974953,258.180708947237,500237.787215289,5651010.46939679
0.000385878242083208,258.180708947237,500737.787215289,5651010.46939679
0.00541957313296237,258.180708947237,501237.787215289,5651010.46939679
0.00357476316290852,258.180708947237,501737.787215289,5651010.46939679
0.00492323603093748,258.180708947237,502237.787215289,5651010.46939679
0.00326345348645967,258.180708947237,502737.787215289,5651010.46939679
0.00268687963428846,258.180708947237,503237.787215289,5651010.46939679
0.000235110694459973,258.180708947237,503737.787215289,5651010.46939679
0.00277064597257269,258.180708947237,504237.787215289,5651010.46939679
0.00365644945373775,258.180708947237,504737.787215289,5651010.46939679
0.000656684941891948,258.180708947237,505237.787215289,5651010.46939679
0.00227748770446936,258.180708947237,505737.787215289,5651010.46939679
0.000419068734205597,258.180708947237,506237.787215289,5651010.46939679
0.000478807414460578,258.180708947237,506737.787215289,5651010.46939679
0.00326657775470213,258.180708947237,507237.787215289,5651010.46939679
0.00134677524187548,258.180708947237,507737.787215289,5651010.46939679
0.000214903514640932,258.180708947237,508237.787215289,5651010.46939679
0.000177098810636837,258.180708947237,508737.787215289,5651010.46939679
0.00016815356853497,258.180708947237,509237.787215289,5651010.46939679
0.000561351517889856,258.180708947237,509737.787215289,5651010.46939679
0.000219365674283404,258.180708947237,510237.787215289,5651010.46939679
0.00015871222384621,258.180708947237,510737.787215289,5651010.46939679
0.000438899429810733,258.180708947237,511237.787215289,5651010.46939679
0.000209454123669621,258.180708947237,511737.787215289,5651010.46939679
0.000252004293698949,258.180708947237,512237.787215289,5651010.46939679
0.000240618039582177,258.180708947237,512737.787215289,5651010.46939679
0.000184480112546923,258.180708947237,513237.787215289,5651010.46939679
0.000492878209518042,258.180708947237,513737.787215289,5651010.46939679
0.00173696839454405,258.180708947237,514237.787215289,5651010.46939679
0.00048690265365231,258.180708947237,514737.787215289,5651010.46939679
0.00327813132171235,258.180708947237,515237.787215289,5651010.46939679
0.00429063788242962,258.180708947237,515737.787215289,5651010.46939679
0.00473854596046015,258.180708947237,516237.787215289,5651010.46939679
0.00455892023935935,258.180708947237,516737.787215289,5651010.46939679
0.00587222610748627,258.180708947237,517237.787215289,5651010.46939679
0.00193592539641225,258.180708947237,517737.787215289,5651010.46939679
0.00220319013276623,258.180708947237,518237.787215289,5651010.46939679
0.00333775718686133,258.180708947237,518737.787215289,5651010.46939679
0.00377609074567432,258.180708947237,519237.787215289,5651010.46939679
0.00431997656893745,258.180708947237,519737.787215289,5651010.46939679
0.00329386239620865,258.180708947237,520237.787215289,5651010.46939679
0.00327517180740391,258.180708947237,520737.787215289,5651010.46939679
0.00420059933519936,258.180708947237,521237.787215289,5651010.46939679
0.000649980554955274,258.180708947237,521737.787215289,5651010.46939679
0.00242426100801984,258.180708947237,522237.787215289,5651010.46939679
0.00420059933519936,258.180708947237,522737.787215289,5651010.46939679
0.000539664175524246,258.180708947237,523237.787215289,5651010.46939679
0.00301700467768766,258.180708947237,523737.787215289,5651010.46939679
0.00282589568981925,258.180708947237,524237.787215289,5651010.46939679
0.000766438512579071,258.180708947237,486737.787215289,5651510.46939679
0.00194089818250406,258.180708947237,487237.787215289,5651510.46939679
0.00229737141191793,258.180708947237,487737.787215289,5651510.46939679
0.000485877270831762,258.180708947237,488237.787215289,5651510.46939679
0.00019928024551935,258.180708947237,488737.787215289,5651510.46939679
0.000198021685249417,258.180708947237,489237.787215289,5651510.46939679
0.000510058795162249,258.180708947237,489737.787215289,5651510.46939679
0.000528060937051711,258.180708947237,490237.787215289,5651510.46939679
0.00291025874287321,258.180708947237,490737.787215289,5651510.46939679
0.00329108211681459,258.180708947237,491237.787215289,5651510.46939679
0.00273539276090928,258.180708947237,491737.787215289,5651510.46939679
0.00340104678786945,258.180708947237,492237.787215289,5651510.46939679
0.00355041071986471,258.180708947237,492737.787215289,5651510.46939679
0.00281760308685357,258.180708947237,493237.787215289,5651510.46939679
0.0005585838077132,258.180708947237,493737.787215289,5651510.46939679
0.00187637651182031,258.180708947237,494237.787215289,5651510.46939679
0.000225274923225404,258.180708947237,494737.787215289,5651510.46939679
0.00277876516748399,258.180708947237,495237.787215289,5651510.46939679
0.000197371023268445,258.180708947237,495737.787215289,5651510.46939679
0.000343748228659816,258.180708947237,496237.787215289,5651510.46939679
0.00181598266079965,258.180708947237,496737.787215289,5651510.46939679
0.00218489576517575,258.180708947237,497237.787215289,5651510.46939679
0.00120543950941609,258.180708947237,497737.787215289,5651510.46939679
0.000217868496730116,258.180708947237,498237.787215289,5651510.46939679
0.000165088149215,258.180708947237,498737.787215289,5651510.46939679
0.000183132858474902,258.180708947237,499237.787215289,5651510.46939679
0.000533345439402959,258.180708947237,499737.787215289,5651510.46939679
0.00129622960757073,258.180708947237,500237.787215289,5651510.46939679
0.00269029595142261,258.180708947237,500737.787215289,5651510.46939679
0.00593295821334372,258.180708947237,501237.787215289,5651510.46939679
0.000213001242413711,258.180708947237,501737.787215289,5651510.46939679
0.00470079054914712,258.180708947237,502237.787215289,5651510.46939679
0.00300040033960347,258.180708947237,502737.787215289,5651510.46939679
0.00350147175968598,258.180708947237,503237.787215289,5651510.46939679
0.00302291480048602,258.180708947237,503737.787215289,5651510.46939679
0.00278968566404026,258.180708947237,504237.787215289,5651510.46939679
0.00192715754581502,258.180708947237,504737.787215289,5651510.46939679
0.00252593123536955,258.180708947237,505237.787215289,5651510.46939679
0.00229055262564686,258.180708947237,505737.787215289,5651510.46939679
0.000234718324292864,258.180708947237,506237.787215289,5651510.46939679
0.000221913961545519,258.180708947237,506737.787215289,5651510.46939679
0.00313956433210146,258.180708947237,507237.787215289,5651510.46939679
0.0017212048214739,258.180708947237,507737.787215289,5651510.46939679
0.000164586316934135,258.180708947237,508237.787215289,5651510.46939679
0.000135498898824095,258.180708947237,508737.787215289,5651510.46939679
0.000162841457229213,258.180708947237,509237.787215289,5651510.46939679
0.000148579215569722,258.180708947237,509737.787215289,5651510.46939679
0.000335330425125428,258.180708947237,510237.787215289,5651510.46939679
0.000231651389062199,258.180708947237,510737.787215289,5651510.46939679
0.00016002832440383,258.180708947237,511237.787215289,5651510.46939679
0.00388776536170492,258.180708947237,511737.787215289,5651510.46939679
0.000640603855899478,258.180708947237,512237.787215289,5651510.46939679
0.000153816074454335,258.180708947237,512737.787215289,5651510.46939679
0.000214344760313938,258.180708947237,513237.787215289,5651510.46939679
0.000394893275151915,258.180708947237,513737.787215289,5651510.46939679
0.00304952101956297,258.180708947237,514237.787215289,5651510.46939679
0.00393285736736683,258.180708947237,514737.787215289,5651510.46939679
0.00416023617780506,258.180708947237,515237.787215289,5651510.46939679
0.00474961983639282,258.180708947237,515737.787215289,5651510.46939679
0.00251140735656714,258.180708947237,516237.787215289,5651510.46939679
0.00132391350608,258.180708947237,516737.787215289,5651510.46939679
0.0073994859740059,258.180708947237,517237.787215289,5651510.46939679
0.00644113322917231,258.180708947237,517737.787215289,5651510.46939679
0.00581737233451697,258.180708947237,518237.787215289,5651510.46939679
0.00108740054721732,258.180708947237,518737.787215289,5651510.46939679
0.00214449736831733,258.180708947237,519237.787215289,5651510.46939679
0.00203092042648952,258.180708947237,519737.787215289,5651510.46939679
0.00308574048772638,258.180708947237,520237.787215289,5651510.46939679
0.00242166198696375,258.180708947237,520737.787215289,5651510.46939679
0.00309272274081596,258.180708947237,521237.787215289,5651510.46939679
0.000956663173224191,258.180708947237,521737.787215289,5651510.46939679
0.0031271904459445,258.180708947237,522237.787215289,5651510.46939679
0.0012847706804419,258.180708947237,522737.787215289,5651510.46939679
0.0035055129472183,258.180708947237,523237.787215289,5651510.46939679
0.000255275300927068,258.180708947237,523737.787215289,5651510.46939679
0.00129294150911309,258.180708947237,524237.787215289,5651510.46939679
0.000573903035701017,258.180708947237,486737.787215289,5652010.46939679
0.000993622286044617,258.180708947237,487237.787215289,5652010.46939679
0.00245085747066707,258.180708947237,487737.787215289,5652010.46939679
0.00249436736518934,258.180708947237,488237.787215289,5652010.46939679
0.00197729661563359,258.180708947237,488737.787215289,5652010.46939679
0.00245658591005387,258.180708947237,489237.787215289,5652010.46939679
0.000295764317765803,258.180708947237,489737.787215289,5652010.46939679
0.00256547894762502,258.180708947237,490237.787215289,5652010.46939679
0.00255453811051183,258.180708947237,490737.787215289,5652010.46939679
0.00447380837228099,258.180708947237,491237.787215289,5652010.46939679
0.0024606753124484,258.180708947237,491737.787215289,5652010.46939679
0.00357476316290852,258.180708947237,492237.787215289,5652010.46939679
0.00142180962468675,258.180708947237,492737.787215289,5652010.46939679
0.000538476266543118,258.180708947237,493237.787215289,5652010.46939679
0.00227352988799837,258.180708947237,493737.787215289,5652010.46939679
0.000190206773197221,258.180708947237,494237.787215289,5652010.46939679
0.000266232085412843,258.180708947237,494737.787215289,5652010.46939679
0.000310277956417442,258.180708947237,495237.787215289,5652010.46939679
0.00127115764191839,258.180708947237,495737.787215289,5652010.46939679
0.00201835231067059,258.180708947237,496237.787215289,5652010.46939679
0.00105652648225124,258.180708947237,496737.787215289,5652010.46939679
0.0001909542823556,258.180708947237,497237.787215289,5652010.46939679
0.000193820855101356,258.180708947237,497737.787215289,5652010.46939679
0.000242613333507201,258.180708947237,498237.787215289,5652010.46939679
0.000166222623794979,258.180708947237,498737.787215289,5652010.46939679
0.000183132858474902,258.180708947237,499237.787215289,5652010.46939679
0.00427166928072493,258.180708947237,499737.787215289,5652010.46939679
0.002038550713512,258.180708947237,500237.787215289,5652010.46939679
0.00117048120328981,258.180708947237,500737.787215289,5652010.46939679
0.000672058947650362,258.180708947237,501237.787215289,5652010.46939679
0.00356774634340901,258.180708947237,501737.787215289,5652010.46939679
0.00338999329966161,258.180708947237,502237.787215289,5652010.46939679
0.00427166928072493,258.180708947237,502737.787215289,5652010.46939679
0.00337124972703027,258.180708947237,503237.787215289,5652010.46939679
0.00305995319333629,258.180708947237,503737.787215289,5652010.46939679
0.00252948492538477,258.180708947237,504237.787215289,5652010.46939679
0.0031421143073045,258.180708947237,504737.787215289,5652010.46939679
0.000735916969572044,258.180708947237,505237.787215289,5652010.46939679
0.00323132782746078,258.180708947237,505737.787215289,5652010.46939679
0.000369030231994886,258.180708947237,506237.787215289,5652010.46939679
0.00407222065000131,258.180708947237,506737.787215289,5652010.46939679
0.0020111852122243,258.180708947237,507237.787215289,5652010.46939679
0.00262572234981552,258.180708947237,507737.787215289,5652010.46939679
0.000558169179660002,258.180708947237,508237.787215289,5652010.46939679
0.000127119931228608,258.180708947237,508737.787215289,5652010.46939679
0.00183354914267648,258.180708947237,509237.787215289,5652010.46939679
0.00266195932642354,258.180708947237,509737.787215289,5652010.46939679
0.00164343600572616,258.180708947237,510237.787215289,5652010.46939679
0.00237898031476348,258.180708947237,510737.787215289,5652010.46939679
0.00273294012795797,258.180708947237,511237.787215289,5652010.46939679
0.00263126943753195,258.180708947237,511737.787215289,5652010.46939679
0.000580077441149858,258.180708947237,512237.787215289,5652010.46939679
0.000177154843467301,258.180708947237,512737.787215289,5652010.46939679
0.000281622426734168,258.180708947237,513237.787215289,5652010.46939679
0.000587299977483274,258.180708947237,513737.787215289,5652010.46939679
0.00372624240346592,258.180708947237,514237.787215289,5652010.46939679
0.00417554704700045,258.180708947237,514737.787215289,5652010.46939679
0.00401835846693985,258.180708947237,515237.787215289,5652010.46939679
0.00346713100934467,258.180708947237,515737.787215289,5652010.46939679
0.00463603423221887,258.180708947237,516237.787215289,5652010.46939679
0.00448326041999182,258.180708947237,516737.787215289,5652010.46939679
0.00466019390787156,258.180708947237,517237.787215289,5652010.46939679
0.0022239646825804,258.180708947237,517737.787215289,5652010.46939679
0.00420889960641603,258.180708947237,518237.787215289,5652010.46939679
0.00477465229516687,258.180708947237,518737.787215289,5652010.46939679
0.00444301287330709,258.180708947237,519237.787215289,5652010.46939679
0.00332465484476563,258.180708947237,519737.787215289,5652010.46939679
0.00407034109790733,258.180708947237,520237.787215289,5652010.46939679
0.00417968307587076,258.180708947237,520737.787215289,5652010.46939679
0.00352154640719754,258.180708947237,521237.787215289,5652010.46939679
0.00300293505339731,258.180708947237,521737.787215289,5652010.46939679
0.00356785843669881,258.180708947237,522237.787215289,5652010.46939679
0.0036717282263858,258.180708947237,522737.787215289,5652010.46939679
0.000299638242253517,258.180708947237,523237.787215289,5652010.46939679
0.000338271916773771,258.180708947237,523737.787215289,5652010.46939679
0.00042810224382022,258.180708947237,524237.787215289,5652010.46939679
0.000355613878089292,258.180708947237,486737.787215289,5652510.46939679
0.00170631768010855,258.180708947237,487237.787215289,5652510.46939679
0.00104612596340428,258.180708947237,487737.787215289,5652510.46939679
0.00145430051120283,258.180708947237,488237.787215289,5652510.46939679
0.00200739719887542,258.180708947237,488737.787215289,5652510.46939679
0.000395290727975438,258.180708947237,489237.787215289,5652510.46939679
0.000908542289839992,258.180708947237,489737.787215289,5652510.46939679
0.00107587861380083,258.180708947237,490237.787215289,5652510.46939679
0.00295093450623851,258.180708947237,490737.787215289,5652510.46939679
0.00147490220711001,258.180708947237,491237.787215289,5652510.46939679
0.0005585838077132,258.180708947237,491737.787215289,5652510.46939679
0.00225755850154769,258.180708947237,492237.787215289,5652510.46939679
0.000490238502257923,258.180708947237,492737.787215289,5652510.46939679
0.00250997844538613,258.180708947237,493237.787215289,5652510.46939679
0.000266232085412843,258.180708947237,493737.787215289,5652510.46939679
0.000186583657703678,258.180708947237,494237.787215289,5652510.46939679
0.000188642926828421,258.180708947237,494737.787215289,5652510.46939679
0.000189917830245672,258.180708947237,495237.787215289,5652510.46939679
0.000223597597015472,258.180708947237,495737.787215289,5652510.46939679
0.000147485499967571,258.180708947237,496237.787215289,5652510.46939679
0.000147485499967571,258.180708947237,496737.787215289,5652510.46939679
0.000147485499967571,258.180708947237,497237.787215289,5652510.46939679
0.000190171257117795,258.180708947237,497737.787215289,5652510.46939679
0.000262847089127747,258.180708947237,498237.787215289,5652510.46939679
0.00310588868281106,258.180708947237,498737.787215289,5652510.46939679
0.00241887027277625,258.180708947237,499237.787215289,5652510.46939679
0.003218927298235,258.180708947237,499737.787215289,5652510.46939679
0.00358456596397927,258.180708947237,500237.787215289,5652510.46939679
0.00293461852848908,258.180708947237,500737.787215289,5652510.46939679
0.00312030687318774,258.180708947237,501237.787215289,5652510.46939679
0.000427334331298742,258.180708947237,501737.787215289,5652510.46939679
0.00393184228947044,258.180708947237,502237.787215289,5652510.46939679
0.00234185924669503,258.180708947237,502737.787215289,5652510.46939679
0.00312030687318774,258.180708947237,503237.787215289,5652510.46939679
0.00338568846019287,258.180708947237,503737.787215289,5652510.46939679
0.00302291480048602,258.180708947237,504237.787215289,5652510.46939679
0.00269458240298209,258.180708947237,504737.787215289,5652510.46939679
0.000651865010709486,258.180708947237,505237.787215289,5652510.46939679
0.00286226522277167,258.180708947237,505737.787215289,5652510.46939679
0.00251825295053093,258.180708947237,506237.787215289,5652510.46939679
0.00261240299015722,258.180708947237,506737.787215289,5652510.46939679
0.00273602416317066,258.180708947237,507237.787215289,5652510.46939679
0.000944681765317257,258.180708947237,507737.787215289,5652510.46939679
0.000594960274683173,258.180708947237,508237.787215289,5652510.46939679
0.000155659286288505,258.180708947237,508737.787215289,5652510.46939679
0.00361075870243691,258.180708947237,509237.787215289,5652510.46939679
0.00253425813253506,258.180708947237,509737.787215289,5652510.46939679
0.00183354914267648,258.180708947237,510237.787215289,5652510.46939679
0.0021125287768102,258.180708947237,510737.787215289,5652510.46939679
0.00229047761811178,258.180708947237,511237.787215289,5652510.46939679
0.00249357938279469,258.180708947237,511737.787215289,5652510.46939679
0.000528060937051711,258.180708947237,512237.787215289,5652510.46939679
0.000293494403292613,258.180708947237,512737.787215289,5652510.46939679
0.000310064665560563,258.180708947237,513237.787215289,5652510.46939679
0.00371210630030994,258.180708947237,513737.787215289,5652510.46939679
0.00308547158943035,258.180708947237,514237.787215289,5652510.46939679
0.00403945652284577,258.180708947237,514737.787215289,5652510.46939679
0.000810821481144213,258.180708947237,515237.787215289,5652510.46939679
0.00467013400318068,258.180708947237,515737.787215289,5652510.46939679
0.00493254849070792,258.180708947237,516237.787215289,5652510.46939679
0.00325949994121898,258.180708947237,516737.787215289,5652510.46939679
0.0073994859740059,258.180708947237,517237.787215289,5652510.46939679
0.00615010493488876,258.180708947237,517737.787215289,5652510.46939679
0.000589114880288992,258.180708947237,518237.787215289,5652510.46939679
0.00409970245512309,258.180708947237,518737.787215289,5652510.46939679
0.00506450743588044,258.180708947237,519237.787215289,5652510.46939679
0.00262011541872254,258.180708947237,519737.787215289,5652510.46939679
0.00352449924176472,258.180708947237,520237.787215289,5652510.46939679
0.00249063675932749,258.180708947237,520737.787215289,5652510.46939679
0.000796678050076251,258.180708947237,521237.787215289,5652510.46939679
0.00129083243823254,258.180708947237,521737.787215289,5652510.46939679
0.00307650875351471,258.180708947237,522237.787215289,5652510.46939679
0.00346121642420253,258.180708947237,522737.787215289,5652510.46939679
0.000270696156075637,258.180708947237,523237.787215289,5652510.46939679
0.000213283941445742,258.180708947237,523737.787215289,5652510.46939679
0.000503202343357993,258.180708947237,524237.787215289,5652510.46939679
0.000169072149178132,258.180708947237,486737.787215289,5653010.46939679
0.0001908338022384,258.180708947237,487237.787215289,5653010.46939679
0.000821403317140803,258.180708947237,487737.787215289,5653010.46939679
0.00194954459904079,258.180708947237,488237.787215289,5653010.46939679
0.000939592813662393,258.180708947237,488737.787215289,5653010.46939679
0.00216321999773578,258.180708947237,489237.787215289,5653010.46939679
0.00180741240738154,258.180708947237,489737.787215289,5653010.46939679
0.00160884728775127,258.180708947237,490237.787215289,5653010.46939679
0.00194644332870013,258.180708947237,490737.787215289,5653010.46939679
0.00371841923138565,258.180708947237,491237.787215289,5653010.46939679
0.00106709953601808,258.180708947237,491737.787215289,5653010.46939679
0.00222368423517626,258.180708947237,492237.787215289,5653010.46939679
0.00027533665296017,258.180708947237,492737.787215289,5653010.46939679
0.000500760484703344,258.180708947237,493237.787215289,5653010.46939679
0.000296258736321049,258.180708947237,493737.787215289,5653010.46939679
0.000180119515299704,258.180708947237,494237.787215289,5653010.46939679
0.000165320408945305,258.180708947237,494737.787215289,5653010.46939679
0.000221913961545519,258.180708947237,495237.787215289,5653010.46939679
0.000178617700007966,258.180708947237,495737.787215289,5653010.46939679
0.000141750862820825,258.180708947237,496237.787215289,5653010.46939679
0.000187070044335829,258.180708947237,496737.787215289,5653010.46939679
0.000187070044335829,258.180708947237,497237.787215289,5653010.46939679
0.0001908338022384,258.180708947237,497737.787215289,5653010.46939679
0.000155483827779565,258.180708947237,498237.787215289,5653010.46939679
0.000239312025012955,258.180708947237,498737.787215289,5653010.46939679
0.0029471872128933,258.180708947237,499237.787215289,5653010.46939679
0.00284078363920645,258.180708947237,499737.787215289,5653010.46939679
0.00300040033960347,258.180708947237,500237.787215289,5653010.46939679
0.002472856352409,258.180708947237,500737.787215289,5653010.46939679
0.00293461852848908,258.180708947237,501237.787215289,5653010.46939679
0.00314238188337341,258.180708947237,501737.787215289,5653010.46939679
0.00329108211681459,258.180708947237,502237.787215289,5653010.46939679
0.00213501669957971,258.180708947237,502737.787215289,5653010.46939679
0.00407866339491552,258.180708947237,503237.787215289,5653010.46939679
0.00261634680196755,258.180708947237,503737.787215289,5653010.46939679
0.000579220007270402,258.180708947237,504237.787215289,5653010.46939679
0.000494346798871527,258.180708947237,504737.787215289,5653010.46939679
0.00259235347437398,258.180708947237,505237.787215289,5653010.46939679
0.000144100782548462,258.180708947237,505737.787215289,5653010.46939679
0.00113531074139454,258.180708947237,506237.787215289,5653010.46939679
0.00260945830022362,258.180708947237,506737.787215289,5653010.46939679
0.00286226522277167,258.180708947237,507237.787215289,5653010.46939679
0.00299771009312582,258.180708947237,507737.787215289,5653010.46939679
0.000594289637902266,258.180708947237,508237.787215289,5653010.46939679
0.000682711827825355,258.180708947237,508737.787215289,5653010.46939679
0.00237898031476348,258.180708947237,509237.787215289,5653010.46939679
0.00251825295053093,258.180708947237,509737.787215289,5653010.46939679
0.0020732009082749,258.180708947237,510237.787215289,5653010.46939679
0.00227149137477322,258.180708947237,510737.787215289,5653010.46939679
0.00309549950098318,258.180708947237,511237.787215289,5653010.46939679
0.00277454394762069,258.180708947237,511737.787215289,5653010.46939679
0.00341552475194368,258.180708947237,512237.787215289,5653010.46939679
0.000217504512594795,258.180708947237,512737.787215289,5653010.46939679
0.00057952263496931,258.180708947237,513237.787215289,5653010.46939679
0.00172939430091021,258.180708947237,513737.787215289,5653010.46939679
0.00329459992387552,258.180708947237,514237.787215289,5653010.46939679
0.00215183396372244,258.180708947237,514737.787215289,5653010.46939679
0.00452440160322762,258.180708947237,515237.787215289,5653010.46939679
0.0039070761476877,258.180708947237,515737.787215289,5653010.46939679
0.00299491864447525,258.180708947237,516237.787215289,5653010.46939679
0.00128731990655944,258.180708947237,516737.787215289,5653010.46939679
0.00293498863775884,258.180708947237,517237.787215289,5653010.46939679
0.00774963606158795,258.180708947237,517737.787215289,5653010.46939679
0.00282355598348904,258.180708947237,518237.787215289,5653010.46939679
0.000837906673103942,258.180708947237,518737.787215289,5653010.46939679
0.00398728088363613,258.180708947237,519237.787215289,5653010.46939679
0.00432618299097441,258.180708947237,519737.787215289,5653010.46939679
0.00287684762173824,258.180708947237,520237.787215289,5653010.46939679
0.00047983862494431,258.180708947237,520737.787215289,5653010.46939679
0.00340430224741245,258.180708947237,521237.787215289,5653010.46939679
0.00301293308773155,258.180708947237,521737.787215289,5653010.46939679
0.00188726052244975,258.180708947237,522237.787215289,5653010.46939679
0.000252668620671969,258.180708947237,522737.787215289,5653010.46939679
0.000316502683607851,258.180708947237,523237.787215289,5653010.46939679
0.000198942296814997,258.180708947237,523737.787215289,5653010.46939679
0.000200874952443027,258.180708947237,524237.787215289,5653010.46939679
0.000158061410073999,258.180708947237,486737.787215289,5653510.46939679
0.000170685775704445,258.180708947237,487237.787215289,5653510.46939679
0.000485412560960764,258.180708947237,487737.787215289,5653510.46939679
0.000344094204934062,258.180708947237,488237.787215289,5653510.46939679
0.000454097176912906,258.180708947237,488737.787215289,5653510.46939679
0.000874697605219854,258.180708947237,489237.787215289,5653510.46939679
0.00160884728775127,258.180708947237,489737.787215289,5653510.46939679
0.00140826202776607,258.180708947237,490237.787215289,5653510.46939679
0.00389437805124292,258.180708947237,490737.787215289,5653510.46939679
0.00338999329966161,258.180708947237,491237.787215289,5653510.46939679
0.00389437805124292,258.180708947237,491737.787215289,5653510.46939679
0.000215470821363272,258.180708947237,492237.787215289,5653510.46939679
0.00018863984516608,258.180708947237,492737.787215289,5653510.46939679
0.00015279780011078,258.180708947237,493237.787215289,5653510.46939679
0.000173143513938632,258.180708947237,493737.787215289,5653510.46939679
0.000146374970058648,258.180708947237,494237.787215289,5653510.46939679
0.000147196207018538,258.180708947237,494737.787215289,5653510.46939679
0.000157149849875386,258.180708947237,495237.787215289,5653510.46939679
0.000144180310061334,258.180708947237,495737.787215289,5653510.46939679
0.000131445717826959,258.180708947237,496237.787215289,5653510.46939679
0.000617028538211858,258.180708947237,496737.787215289,5653510.46939679
0.000138069263740666,258.180708947237,497237.787215289,5653510.46939679
0.000534195219290284,258.180708947237,497737.787215289,5653510.46939679
0.00120713542191307,258.180708947237,498237.787215289,5653510.46939679
0.000891317564296379,258.180708947237,498737.787215289,5653510.46939679
0.00305995319333629,258.180708947237,499237.787215289,5653510.46939679
0.002755873632342,258.180708947237,499737.787215289,5653510.46939679
0.00241180264452194,258.180708947237,500237.787215289,5653510.46939679
0.00308665066540075,258.180708947237,500737.787215289,5653510.46939679
0.00249813298462524,258.180708947237,501237.787215289,5653510.46939679
0.00227748770446936,258.180708947237,501737.787215289,5653510.46939679
0.00307348721996037,258.180708947237,502237.787215289,5653510.46939679
0.00427166928072493,258.180708947237,502737.787215289,5653510.46939679
0.00371841923138565,258.180708947237,503237.787215289,5653510.46939679
0.00326345348645967,258.180708947237,503737.787215289,5653510.46939679
0.00302286541828624,258.180708947237,504237.787215289,5653510.46939679
0.0029216960067886,258.180708947237,504737.787215289,5653510.46939679
0.00335640451040932,258.180708947237,505237.787215289,5653510.46939679
0.00246483075638231,258.180708947237,505737.787215289,5653510.46939679
0.00213139142170299,258.180708947237,506237.787215289,5653510.46939679
0.00308532745882413,258.180708947237,506737.787215289,5653510.46939679
0.00268572780429924,258.180708947237,507237.787215289,5653510.46939679
0.00194313825013132,258.180708947237,507737.787215289,5653510.46939679
0.00256437916051477,258.180708947237,508237.787215289,5653510.46939679
0.00256437916051477,258.180708947237,508737.787215289,5653510.46939679
0.00281281877105024,258.180708947237,509237.787215289,5653510.46939679
0.00284350326433502,258.180708947237,509737.787215289,5653510.46939679
0.000604141662195071,258.180708947237,510237.787215289,5653510.46939679
0.00261157771975291,258.180708947237,510737.787215289,5653510.46939679
0.0028315639439883,258.180708947237,511237.787215289,5653510.46939679
0.00201835231067059,258.180708947237,511737.787215289,5653510.46939679
0.000442728738472054,258.180708947237,512237.787215289,5653510.46939679
0.000655153861968952,258.180708947237,512737.787215289,5653510.46939679
0.000839796974584294,258.180708947237,513237.787215289,5653510.46939679
0.00417729892607713,258.180708947237,513737.787215289,5653510.46939679
0.00357547312599081,258.180708947237,514237.787215289,5653510.46939679
0.00309911848269988,258.180708947237,514737.787215289,5653510.46939679
0.0040738148870672,258.180708947237,515237.787215289,5653510.46939679
0.00398762881487505,258.180708947237,515737.787215289,5653510.46939679
0.00608823731048562,258.180708947237,516237.787215289,5653510.46939679
0.00545950724421892,258.180708947237,516737.787215289,5653510.46939679
0.00644113322917231,258.180708947237,517237.787215289,5653510.46939679
0.0056524754950667,258.180708947237,517737.787215289,5653510.46939679
0.00174718201604346,258.180708947237,518237.787215289,5653510.46939679
0.00380745666644424,258.180708947237,518737.787215289,5653510.46939679
0.00245945793102857,258.180708947237,519237.787215289,5653510.46939679
0.0032057094420937,258.180708947237,519737.787215289,5653510.46939679
0.00355627903765064,258.180708947237,520237.787215289,5653510.46939679
0.00119469204708237,258.180708947237,520737.787215289,5653510.46939679
0.00322071079741286,258.180708947237,521237.787215289,5653510.46939679
0.0032633509568207,258.180708947237,521737.787215289,5653510.46939679
0.00372456524305383,258.180708947237,522237.787215289,5653510.46939679
0.000328523467426913,258.180708947237,522737.787215289,5653510.46939679
0.000215926023927441,258.180708947237,523237.787215289,5653510.46939679
0.000237882444751731,258.180708947237,523737.787215289,5653510.46939679
0.000174976038047358,258.180708947237,524237.787215289,5653510.46939679
0.000235915037736935,258.180708947237,486737.787215289,5654010.46939679
0.000445488112337792,258.180708947237,487237.787215289,5654010.46939679
0.0001909542823556,258.180708947237,487737.787215289,5654010.46939679
0.000195412958051814,258.180708947237,488237.787215289,5654010.46939679
0.000215470821363272,258.180708947237,488737.787215289,5654010.46939679
0.00032336246710138,258.180708947237,489237.787215289,5654010.46939679
0.00259345240555543,258.180708947237,489737.787215289,5654010.46939679
0.000641693457257017,258.180708947237,490237.787215289,5654010.46939679
0.000355180209679479,258.180708947237,490737.787215289,5654010.46939679
0.00323682398418077,258.180708947237,491237.787215289,5654010.46939679
0.00213501669957971,258.180708947237,491737.787215289,5654010.46939679
0.000248703658819982,258.180708947237,492237.787215289,5654010.46939679
0.000174088422376718,258.180708947237,492737.787215289,5654010.46939679
0.000213494836375373,258.180708947237,493237.787215289,5654010.46939679
0.000191683888276998,258.180708947237,493737.787215289,5654010.46939679
0.000213001242413711,258.180708947237,494237.787215289,5654010.46939679
0.000170739713183716,258.180708947237,494737.787215289,5654010.46939679
0.000131445717826959,258.180708947237,495237.787215289,5654010.46939679
0.000151126283089827,258.180708947237,495737.787215289,5654010.46939679
0.000125609062938593,258.180708947237,496237.787215289,5654010.46939679
0.000166117747795608,258.180708947237,496737.787215289,5654010.46939679
0.000346881956399968,258.180708947237,497237.787215289,5654010.46939679
0.00273515984025577,258.180708947237,497737.787215289,5654010.46939679
0.00275591865290477,258.180708947237,498237.787215289,5654010.46939679
0.00305995319333629,258.180708947237,498737.787215289,5654010.46939679
0.00303906891757099,258.180708947237,499237.787215289,5654010.46939679
0.00174495195039366,258.180708947237,499737.787215289,5654010.46939679
0.00288342899314293,258.180708947237,500237.787215289,5654010.46939679
0.00288342899314293,258.180708947237,500737.787215289,5654010.46939679
0.00288342899314293,258.180708947237,501237.787215289,5654010.46939679
0.0023611258322281,258.180708947237,501737.787215289,5654010.46939679
0.00259345240555543,258.180708947237,502237.787215289,5654010.46939679
0.00234185924669503,258.180708947237,502737.787215289,5654010.46939679
0.00177452552600036,258.180708947237,503237.787215289,5654010.46939679
0.00261180011640419,258.180708947237,503737.787215289,5654010.46939679
0.00238526039597636,258.180708947237,504237.787215289,5654010.46939679
0.0026454604900229,258.180708947237,504737.787215289,5654010.46939679
0.00333349694517991,258.180708947237,505237.787215289,5654010.46939679
0.00211386249081492,258.180708947237,505737.787215289,5654010.46939679
0.00278968566404026,258.180708947237,506237.787215289,5654010.46939679
0.00160176276763838,258.180708947237,506737.787215289,5654010.46939679
0.00146028855598353,258.180708947237,507237.787215289,5654010.46939679
0.0029216960067886,258.180708947237,507737.787215289,5654010.46939679
0.00320475282974449,258.180708947237,508237.787215289,5654010.46939679
0.0029216960067886,258.180708947237,508737.787215289,5654010.46939679
0.0029216960067886,258.180708947237,509237.787215289,5654010.46939679
0.00256437916051477,258.180708947237,509737.787215289,5654010.46939679
0.00207254597434693,258.180708947237,510237.787215289,5654010.46939679
0.00202134012813222,258.180708947237,510737.787215289,5654010.46939679
0.0029041235062859,258.180708947237,511237.787215289,5654010.46939679
0.00359731119241302,258.180708947237,511737.787215289,5654010.46939679
0.000716905863197051,258.180708947237,512237.787215289,5654010.46939679
0.00101325150901194,258.180708947237,512737.787215289,5654010.46939679
0.00259811279539593,258.180708947237,513237.787215289,5654010.46939679
0.00170149926667751,258.180708947237,513737.787215289,5654010.46939679
0.00383702445919781,258.180708947237,514237.787215289,5654010.46939679
0.00347785023698429,258.180708947237,514737.787215289,5654010.46939679
0.00436117413875241,258.180708947237,515237.787215289,5654010.46939679
0.00584178293689706,258.180708947237,515737.787215289,5654010.46939679
0.00489335034212597,258.180708947237,516237.787215289,5654010.46939679
0.00103343274419223,258.180708947237,516737.787215289,5654010.46939679
0.00293498863775884,258.180708947237,517237.787215289,5654010.46939679
0.00349823951701566,258.180708947237,517737.787215289,5654010.46939679
0.00431759529389091,258.180708947237,518237.787215289,5654010.46939679
0.00171352504947755,258.180708947237,518737.787215289,5654010.46939679
0.0023330936770675,258.180708947237,519237.787215289,5654010.46939679
0.00401859578120076,258.180708947237,519737.787215289,5654010.46939679
0.00404469726752462,258.180708947237,520237.787215289,5654010.46939679
0.00337124972703027,258.180708947237,520737.787215289,5654010.46939679
0.00248538614516511,258.180708947237,521237.787215289,5654010.46939679
0.00347243377530453,258.180708947237,521737.787215289,5654010.46939679
0.00274594343627976,258.180708947237,522237.787215289,5654010.46939679
0.000733092817899356,258.180708947237,522737.787215289,5654010.46939679
0.000382254490664579,258.180708947237,523237.787215289,5654010.46939679
0.00020189911515759,258.180708947237,523737.787215289,5654010.46939679
0.000903360119707648,258.180708947237,524237.787215289,5654010.46939679
0.000217868496730116,258.180708947237,486737.787215289,5654510.46939679
0.000171808293294444,258.180708947237,487237.787215289,5654510.46939679
0.000178777997576231,258.180708947237,487737.787215289,5654510.46939679
0.000178777997576231,258.180708947237,488237.787215289,5654510.46939679
0.000262546157002902,258.180708947237,488737.787215289,5654510.46939679
0.000281099889404452,258.180708947237,489237.787215289,5654510.46939679
0.00147490220711001,258.180708947237,489737.787215289,5654510.46939679
0.00112834697265339,258.180708947237,490237.787215289,5654510.46939679
0.00188965117751634,258.180708947237,490737.787215289,5654510.46939679
0.00122586938799411,258.180708947237,491237.787215289,5654510.46939679
0.000808586326492326,258.180708947237,491737.787215289,5654510.46939679
0.000236345849426791,258.180708947237,492237.787215289,5654510.46939679
0.000229746248060105,258.180708947237,492737.787215289,5654510.46939679
0.000248941755347559,258.180708947237,493237.787215289,5654510.46939679
0.000164586316934135,258.180708947237,493737.787215289,5654510.46939679
0.000165632373072922,258.180708947237,494237.787215289,5654510.46939679
0.000183198280503704,258.180708947237,494737.787215289,5654510.46939679
0.000161625843841706,258.180708947237,495237.787215289,5654510.46939679
0.000131445717826959,258.180708947237,495737.787215289,5654510.46939679
0.000164586316934135,258.180708947237,496237.787215289,5654510.46939679
0.00174740689383643,258.180708947237,496737.787215289,5654510.46939679
0.00221389229543856,258.180708947237,497237.787215289,5654510.46939679
0.00417808341840697,258.180708947237,497737.787215289,5654510.46939679
0.00319220751229455,258.180708947237,498237.787215289,5654510.46939679
0.003780750233884,258.180708947237,498737.787215289,5654510.46939679
0.00297932273970759,258.180708947237,499237.787215289,5654510.46939679
0.00236438812590477,258.180708947237,499737.787215289,5654510.46939679
0.00407866339491552,258.180708947237,500237.787215289,5654510.46939679
0.00371841923138565,258.180708947237,500737.787215289,5654510.46939679
0.00490723538913318,258.180708947237,501237.787215289,5654510.46939679
0.00427166928072493,258.180708947237,501737.787215289,5654510.46939679
0.00447380837228099,258.180708947237,502237.787215289,5654510.46939679
0.00389437805124292,258.180708947237,502737.787215289,5654510.46939679
0.000641693457257017,258.180708947237,503237.787215289,5654510.46939679
0.00447380837228099,258.180708947237,503737.787215289,5654510.46939679
0.00358456596397927,258.180708947237,504237.787215289,5654510.46939679
0.00225755850154769,258.180708947237,504737.787215289,5654510.46939679
0.00312030687318774,258.180708947237,505237.787215289,5654510.46939679
0.00344681897414367,258.180708947237,505737.787215289,5654510.46939679
0.00314238188337341,258.180708947237,506237.787215289,5654510.46939679
0.00300040033960347,258.180708947237,506737.787215289,5654510.46939679
0.0024937917309474,258.180708947237,507237.787215289,5654510.46939679
0.000646972699336875,258.180708947237,507737.787215289,5654510.46939679
0.00164491088081024,258.180708947237,508237.787215289,5654510.46939679
0.00329108211681459,258.180708947237,508737.787215289,5654510.46939679
0.00326345348645967,258.180708947237,509237.787215289,5654510.46939679
0.00331244388722956,258.180708947237,509737.787215289,5654510.46939679
0.00182752458860167,258.180708947237,510237.787215289,5654510.46939679
0.00290175534062383,258.180708947237,510737.787215289,5654510.46939679
0.00142055714457945,258.180708947237,511237.787215289,5654510.46939679
0.00370034739028533,258.180708947237,511737.787215289,5654510.46939679
0.00293461852848908,258.180708947237,512237.787215289,5654510.46939679
0.00308547158943035,258.180708947237,512737.787215289,5654510.46939679
0.00347976962128324,258.180708947237,513237.787215289,5654510.46939679
0.00380167306017043,258.180708947237,513737.787215289,5654510.46939679
0.00329386239620865,258.180708947237,514237.787215289,5654510.46939679
0.00461547455627129,258.180708947237,514737.787215289,5654510.46939679
0.00532581287419246,258.180708947237,515237.787215289,5654510.46939679
0.0054203620678847,258.180708947237,515737.787215289,5654510.46939679
0.0053970809482875,258.180708947237,516237.787215289,5654510.46939679
0.00560690261751886,258.180708947237,516737.787215289,5654510.46939679
0.00469807194157399,258.180708947237,517237.787215289,5654510.46939679
0.00517545505061152,258.180708947237,517737.787215289,5654510.46939679
0.00218613960931869,258.180708947237,518237.787215289,5654510.46939679
0.00226664104126202,258.180708947237,518737.787215289,5654510.46939679
0.00492167807445359,258.180708947237,519237.787215289,5654510.46939679
0.00223268303460199,258.180708947237,519737.787215289,5654510.46939679
0.00375419073124556,258.180708947237,520237.787215289,5654510.46939679
0.00356426906950719,258.180708947237,520737.787215289,5654510.46939679
0.0013695526139902,258.180708947237,521237.787215289,5654510.46939679
0.00200122802717908,258.180708947237,521737.787215289,5654510.46939679
0.00276601716577527,258.180708947237,522237.787215289,5654510.46939679
0.00186547776946196,258.180708947237,522737.787215289,5654510.46939679
0.000584273584559412,258.180708947237,523237.787215289,5654510.46939679
0.00206547970830195,258.180708947237,523737.787215289,5654510.46939679
0.0029216960067886,258.180708947237,524237.787215289,5654510.46939679
0.000394893275151915,258.180708947237,486737.787215289,5655010.46939679
0.000297297589848149,258.180708947237,487237.787215289,5655010.46939679
0.000186606822312101,258.180708947237,487737.787215289,5655010.46939679
0.000245017681991226,258.180708947237,488237.787215289,5655010.46939679
0.000213001242413711,258.180708947237,488737.787215289,5655010.46939679
0.00246950109566226,258.180708947237,489237.787215289,5655010.46939679
0.00112834697265339,258.180708947237,489737.787215289,5655010.46939679
0.00395965861078623,258.180708947237,490237.787215289,5655010.46939679
0.00353078018513607,258.180708947237,490737.787215289,5655010.46939679
0.000443291659771438,258.180708947237,491237.787215289,5655010.46939679
0.000243025993866817,258.180708947237,491737.787215289,5655010.46939679
0.000201735280236046,258.180708947237,492237.787215289,5655010.46939679
0.000240618039582177,258.180708947237,492737.787215289,5655010.46939679
0.000160555923138228,258.180708947237,493237.787215289,5655010.46939679
0.000170547256079444,258.180708947237,493737.787215289,5655010.46939679
0.000135498898824095,258.180708947237,494237.787215289,5655010.46939679
0.00014069269096786,258.180708947237,494737.787215289,5655010.46939679
0.00014603364263334,258.180708947237,495237.787215289,5655010.46939679
0.000450826494321315,258.180708947237,495737.787215289,5655010.46939679
0.00249155572452798,258.180708947237,496237.787215289,5655010.46939679
0.00376125152625271,258.180708947237,496737.787215289,5655010.46939679
0.00208824168827558,258.180708947237,497237.787215289,5655010.46939679
0.00314785221866206,258.180708947237,497737.787215289,5655010.46939679
0.00300040033960347,258.180708947237,498237.787215289,5655010.46939679
0.00342260531495574,258.180708947237,498737.787215289,5655010.46939679
0.00427166928072493,258.180708947237,499237.787215289,5655010.46939679
0.00389437805124292,258.180708947237,499737.787215289,5655010.46939679
0.00338999329966161,258.180708947237,500237.787215289,5655010.46939679
0.00447380837228099,258.180708947237,500737.787215289,5655010.46939679
0.00427166928072493,258.180708947237,501237.787215289,5655010.46939679
0.00256874090605971,258.180708947237,501737.787215289,5655010.46939679
0.00295093450623851,258.180708947237,502237.787215289,5655010.46939679
0.00245267805535494,258.180708947237,502737.787215289,5655010.46939679
0.00447380837228099,258.180708947237,503237.787215289,5655010.46939679
0.00295093450623851,258.180708947237,503737.787215289,5655010.46939679
0.00117048120328981,258.180708947237,504237.787215289,5655010.46939679
0.00389437805124292,258.180708947237,504737.787215289,5655010.46939679
0.0046855128607931,258.180708947237,505237.787215289,5655010.46939679
0.00326796249802002,258.180708947237,505737.787215289,5655010.46939679
0.00393184228947044,258.180708947237,506237.787215289,5655010.46939679
0.00393184228947044,258.180708947237,506737.787215289,5655010.46939679
0.00312030687318774,258.180708947237,507237.787215289,5655010.46939679
0.003218927298235,258.180708947237,507737.787215289,5655010.46939679
0.00326796249802002,258.180708947237,508237.787215289,5655010.46939679
0.00326796249802002,258.180708947237,508737.787215289,5655010.46939679
0.00307348721996037,258.180708947237,509237.787215289,5655010.46939679
0.00261180011640419,258.180708947237,509737.787215289,5655010.46939679
0.0027531476603859,258.180708947237,510237.787215289,5655010.46939679
0.00261634680196755,258.180708947237,510737.787215289,5655010.46939679
0.00241887027277625,258.180708947237,511237.787215289,5655010.46939679
0.000944463757665522,258.180708947237,511737.787215289,5655010.46939679
0.00330377613996486,258.180708947237,512237.787215289,5655010.46939679
0.0029941727897249,258.180708947237,512737.787215289,5655010.46939679
0.00371083199354614,258.180708947237,513237.787215289,5655010.46939679
0.00446680969091104,258.180708947237,513737.787215289,5655010.46939679
0.00405058787984177,258.180708947237,514237.787215289,5655010.46939679
0.00185239762387521,258.180708947237,514737.787215289,5655010.46939679
0.00148251022800586,258.180708947237,515237.787215289,5655010.46939679
0.00458536425924826,258.180708947237,515737.787215289,5655010.46939679
0.00479382620714154,258.180708947237,516237.787215289,5655010.46939679
0.00168519184222182,258.180708947237,516737.787215289,5655010.46939679
0.00437818476279042,258.180708947237,517237.787215289,5655010.46939679
0.00349570274894669,258.180708947237,517737.787215289,5655010.46939679
0.00142420147830109,258.180708947237,518237.787215289,5655010.46939679
0.00391167126878549,258.180708947237,518737.787215289,5655010.46939679
0.00401859578120076,258.180708947237,519237.787215289,5655010.46939679
0.00264692869317914,258.180708947237,519737.787215289,5655010.46939679
0.00426441707163569,258.180708947237,520237.787215289,5655010.46939679
0.00266527213700881,258.180708947237,520737.787215289,5655010.46939679
0.00321627727248158,258.180708947237,521237.787215289,5655010.46939679
0.00116899484823364,258.180708947237,521737.787215289,5655010.46939679
0.00281402510663256,258.180708947237,522237.787215289,5655010.46939679
0.00263135560516488,258.180708947237,522737.787215289,5655010.46939679
0.00313140138903202,258.180708947237,523237.787215289,5655010.46939679
0.00277290713793083,258.180708947237,523737.787215289,5655010.46939679
0.00270362601824544,258.180708947237,524237.787215289,5655010.46939679
0.00284470866106529,258.180708947237,486737.787215289,5655510.46939679
0.0030905752839139,258.180708947237,487237.787215289,5655510.46939679
0.000672058947650362,258.180708947237,487737.787215289,5655510.46939679
0.000213001242413711,258.180708947237,488237.787215289,5655510.46939679
0.00271211707308107,258.180708947237,488737.787215289,5655510.46939679
0.00312030687318774,258.180708947237,489237.787215289,5655510.46939679
0.00271242914201914,258.180708947237,489737.787215289,5655510.46939679
0.000254202980138272,258.180708947237,490237.787215289,5655510.46939679
0.000295209095334227,258.180708947237,490737.787215289,5655510.46939679
0.000351795904051359,258.180708947237,491237.787215289,5655510.46939679
0.000269135025640793,258.180708947237,491737.787215289,5655510.46939679
0.000177277156504721,258.180708947237,492237.787215289,5655510.46939679
0.000183917198613107,258.180708947237,492737.787215289,5655510.46939679
0.000216710420588784,258.180708947237,493237.787215289,5655510.46939679
0.000157850773570011,258.180708947237,493737.787215289,5655510.46939679
0.000142935686327027,258.180708947237,494237.787215289,5655510.46939679
0.000218586714448189,258.180708947237,494737.787215289,5655510.46939679
0.000361201532923499,258.180708947237,495237.787215289,5655510.46939679
0.00026072189490644,258.180708947237,495737.787215289,5655510.46939679
0.000165320408945305,258.180708947237,496237.787215289,5655510.46939679
0.0023989435605441,258.180708947237,496737.787215289,5655510.46939679
0.00304797470818259,258.180708947237,497237.787215289,5655510.46939679
0.0028020243103085,258.180708947237,497737.787215289,5655510.46939679
0.0030905752839139,258.180708947237,498237.787215289,5655510.46939679
0.00490723538913318,258.180708947237,498737.787215289,5655510.46939679
0.00213501669957971,258.180708947237,499237.787215289,5655510.46939679
0.002038550713512,258.180708947237,499737.787215289,5655510.46939679
0.002155555736417,258.180708947237,500237.787215289,5655510.46939679
0.00118174132905673,258.180708947237,500737.787215289,5655510.46939679
0.00213501669957971,258.180708947237,501237.787215289,5655510.46939679
0.00259345240555543,258.180708947237,501737.787215289,5655510.46939679
0.00171064729577115,258.180708947237,502237.787215289,5655510.46939679
0.00312030687318774,258.180708947237,502737.787215289,5655510.46939679
0.000385878242083208,258.180708947237,503237.787215289,5655510.46939679
0.00236438812590477,258.180708947237,503737.787215289,5655510.46939679
0.00256874090605971,258.180708947237,504237.787215289,5655510.46939679
0.00389437805124292,258.180708947237,504737.787215289,5655510.46939679
0.00427166928072493,258.180708947237,505237.787215289,5655510.46939679
0.00213501669957971,258.180708947237,505737.787215289,5655510.46939679
0.000368443191044985,258.180708947237,506237.787215289,5655510.46939679
0.000306232662029791,258.180708947237,506737.787215289,5655510.46939679
0.00269029595142261,258.180708947237,507237.787215289,5655510.46939679
0.000385878242083208,258.180708947237,507737.787215289,5655510.46939679
0.000737168688745598,258.180708947237,508237.787215289,5655510.46939679
0.00111759561065192,258.180708947237,508737.787215289,5655510.46939679
0.00106709953601808,258.180708947237,509237.787215289,5655510.46939679
0.00371841923138565,258.180708947237,509737.787215289,5655510.46939679
0.00375419073124556,258.180708947237,510237.787215289,5655510.46939679
0.00337124972703027,258.180708947237,510737.787215289,5655510.46939679
0.00176471401749795,258.180708947237,511237.787215289,5655510.46939679
0.0014373912541709,258.180708947237,511737.787215289,5655510.46939679
0.00331510106224372,258.180708947237,512237.787215289,5655510.46939679
0.00125162467432483,258.180708947237,512737.787215289,5655510.46939679
0.00229142960660604,258.180708947237,513237.787215289,5655510.46939679
0.00462626081708484,258.180708947237,513737.787215289,5655510.46939679
0.00384925728001845,258.180708947237,514237.787215289,5655510.46939679
0.00353850803739931,258.180708947237,514737.787215289,5655510.46939679
0.00797185893597655,258.180708947237,515237.787215289,5655510.46939679
0.00604061375231175,258.180708947237,515737.787215289,5655510.46939679
0.00176493658033193,258.180708947237,516237.787215289,5655510.46939679
0.00545950724421892,258.180708947237,516737.787215289,5655510.46939679
0.00154032513284842,258.180708947237,517237.787215289,5655510.46939679
0.00434040463677836,258.180708947237,517737.787215289,5655510.46939679
0.00397597747565404,258.180708947237,518237.787215289,5655510.46939679
0.00416752257842181,258.180708947237,518737.787215289,5655510.46939679
0.00375515994510246,258.180708947237,519237.787215289,5655510.46939679
0.000673169764338027,258.180708947237,519737.787215289,5655510.46939679
0.00207272246815021,258.180708947237,520237.787215289,5655510.46939679
0.000819628286282285,258.180708947237,520737.787215289,5655510.46939679
0.00271055769138394,258.180708947237,521237.787215289,5655510.46939679
0.00278968566404026,258.180708947237,521737.787215289,5655510.46939679
0.00277290713793083,258.180708947237,522237.787215289,5655510.46939679
0.000817900394058849,258.180708947237,522737.787215289,5655510.46939679
0.00256437916051477,258.180708947237,523237.787215289,5655510.46939679
0.000720788714604437,258.180708947237,523737.787215289,5655510.46939679
0.00186145875776074,258.180708947237,524237.787215289,5655510.46939679
0.00563736506311985,258.180708947237,486737.787215289,5656010.46939679
0.00140826202776607,258.180708947237,487237.787215289,5656010.46939679
0.0022360475396912,258.180708947237,487737.787215289,5656010.46939679
0.00427166928072493,258.180708947237,488237.787215289,5656010.46939679
0.000490915849455665,258.180708947237,488737.787215289,5656010.46939679
0.000357692977514525,258.180708947237,489237.787215289,5656010.46939679
0.000271510887234477,258.180708947237,489737.787215289,5656010.46939679
0.000228178222767764,258.180708947237,490237.787215289,5656010.46939679
0.000339132181031642,258.180708947237,490737.787215289,5656010.46939679
0.000404138334843178,258.180708947237,491237.787215289,5656010.46939679
0.000254526194466712,258.180708947237,491737.787215289,5656010.46939679
0.000191798864013585,258.180708947237,492237.787215289,5656010.46939679
0.000181612702744826,258.180708947237,492737.787215289,5656010.46939679
0.00197215559669036,258.180708947237,493237.787215289,5656010.46939679
0.000204318516638789,258.180708947237,493737.787215289,5656010.46939679
0.00016815356853497,258.180708947237,494237.787215289,5656010.46939679
0.000163025218586823,258.180708947237,494737.787215289,5656010.46939679
0.000258560717123587,258.180708947237,495237.787215289,5656010.46939679
0.00073834322044491,258.180708947237,495737.787215289,5656010.46939679
0.00061975762592541,258.180708947237,496237.787215289,5656010.46939679
0.00233888539771533,258.180708947237,496737.787215289,5656010.46939679
0.00215258158180525,258.180708947237,497237.787215289,5656010.46939679
0.00326796249802002,258.180708947237,497737.787215289,5656010.46939679
0.00134463283686704,258.180708947237,498237.787215289,5656010.46939679
0.00245267805535494,258.180708947237,498737.787215289,5656010.46939679
0.00312030687318774,258.180708947237,499237.787215289,5656010.46939679
0.00297932273970759,258.180708947237,499737.787215289,5656010.46939679
0.00307348721996037,258.180708947237,500237.787215289,5656010.46939679
0.00255453811051183,258.180708947237,500737.787215289,5656010.46939679
0.00155955595910239,258.180708947237,501237.787215289,5656010.46939679
0.000683324516522061,258.180708947237,501737.787215289,5656010.46939679
0.00293461852848908,258.180708947237,502237.787215289,5656010.46939679
0.00136717260645695,258.180708947237,502737.787215289,5656010.46939679
0.00259345240555543,258.180708947237,503237.787215289,5656010.46939679
0.00293461852848908,258.180708947237,503737.787215289,5656010.46939679
0.002155555736417,258.180708947237,504237.787215289,5656010.46939679
0.00205816173960269,258.180708947237,504737.787215289,5656010.46939679
0.00122586938799411,258.180708947237,505237.787215289,5656010.46939679
0.00234185924669503,258.180708947237,505737.787215289,5656010.46939679
0.00194644332870013,258.180708947237,506237.787215289,5656010.46939679
0.00281760308685357,258.180708947237,506737.787215289,5656010.46939679
0.00111759561065192,258.180708947237,507237.787215289,5656010.46939679
0.00427166928072493,258.180708947237,507737.787215289,5656010.46939679
0.000486238197866503,258.180708947237,508237.787215289,5656010.46939679
0.00147490220711001,258.180708947237,508737.787215289,5656010.46939679
0.000443291659771438,258.180708947237,509237.787215289,5656010.46939679
0.000423262511014025,258.180708947237,509737.787215289,5656010.46939679
0.000423262511014025,258.180708947237,510237.787215289,5656010.46939679
0.000678524210186874,258.180708947237,510737.787215289,5656010.46939679
0.000905268553713968,258.180708947237,511237.787215289,5656010.46939679
0.00194322902354118,258.180708947237,511737.787215289,5656010.46939679
0.00340430224741245,258.180708947237,512237.787215289,5656010.46939679
0.00388643177873487,258.180708947237,512737.787215289,5656010.46939679
0.00407228286558995,258.180708947237,513237.787215289,5656010.46939679
0.00322685593450804,258.180708947237,513737.787215289,5656010.46939679
0.00493913010975247,258.180708947237,514237.787215289,5656010.46939679
0.00632646082896703,258.180708947237,514737.787215289,5656010.46939679
0.00331164850130058,258.180708947237,515237.787215289,5656010.46939679
0.00604061375231175,258.180708947237,515737.787215289,5656010.46939679
0.0073994859740059,258.180708947237,516237.787215289,5656010.46939679
0.00475241302560478,258.180708947237,516737.787215289,5656010.46939679
0.00420584749918462,258.180708947237,517237.787215289,5656010.46939679
0.00222870835233878,258.180708947237,517737.787215289,5656010.46939679
0.00446849013615688,258.180708947237,518237.787215289,5656010.46939679
0.00408993794057867,258.180708947237,518737.787215289,5656010.46939679
0.00354506853696219,258.180708947237,519237.787215289,5656010.46939679
0.00121566064268575,258.180708947237,519737.787215289,5656010.46939679
0.00204650780658682,258.180708947237,520237.787215289,5656010.46939679
0.00101759116621618,258.180708947237,520737.787215289,5656010.46939679
0.00167755956965199,258.180708947237,521237.787215289,5656010.46939679
0.00129024004115518,258.180708947237,521737.787215289,5656010.46939679
0.00154207294979153,258.180708947237,522237.787215289,5656010.46939679
0.00200739719887542,258.180708947237,522737.787215289,5656010.46939679
0.00103587613531881,258.180708947237,523237.787215289,5656010.46939679
0.000581433114731954,258.180708947237,523737.787215289,5656010.46939679
0.000237693875221958,258.180708947237,524237.787215289,5656010.46939679
0.000266570594523355,258.180708947237,486737.787215289,5656510.46939679
0.000385878242083208,258.180708947237,487237.787215289,5656510.46939679
0.000183132858474902,258.180708947237,487737.787215289,5656510.46939679
0.000247099782454993,258.180708947237,488237.787215289,5656510.46939679
0.000181612702744826,258.180708947237,488737.787215289,5656510.46939679
0.000167672882532568,258.180708947237,489237.787215289,5656510.46939679
0.000174088422376718,258.180708947237,489737.787215289,5656510.46939679
0.00020466006854258,258.180708947237,490237.787215289,5656510.46939679
0.000177277156504721,258.180708947237,490737.787215289,5656510.46939679
0.00028187072824643,258.180708947237,491237.787215289,5656510.46939679
0.000306232662029791,258.180708947237,491737.787215289,5656510.46939679
0.000292396219572615,258.180708947237,492237.787215289,5656510.46939679
0.000220335918169039,258.180708947237,492737.787215289,5656510.46939679
0.000331270721927179,258.180708947237,493237.787215289,5656510.46939679
0.000216706880417131,258.180708947237,493737.787215289,5656510.46939679
0.00064908509377382,258.180708947237,494237.787215289,5656510.46939679
0.00218698747583764,258.180708947237,494737.787215289,5656510.46939679
0.000301552757009272,258.180708947237,495237.787215289,5656510.46939679
0.00133130992292979,258.180708947237,495737.787215289,5656510.46939679
0.00302286541828624,258.180708947237,496237.787215289,5656510.46939679
0.00314238188337341,258.180708947237,496737.787215289,5656510.46939679
0.00142180962468675,258.180708947237,497237.787215289,5656510.46939679
0.0016943475326846,258.180708947237,497737.787215289,5656510.46939679
0.00122586938799411,258.180708947237,498237.787215289,5656510.46939679
0.00284470866106529,258.180708947237,498737.787215289,5656510.46939679
0.00284078363920645,258.180708947237,499237.787215289,5656510.46939679
0.00165558767565818,258.180708947237,499737.787215289,5656510.46939679
0.00189294072853314,258.180708947237,500237.787215289,5656510.46939679
0.0030056235099459,258.180708947237,500737.787215289,5656510.46939679
0.00262875280019515,258.180708947237,501237.787215289,5656510.46939679
0.00122431269732882,258.180708947237,501737.787215289,5656510.46939679
0.00261634680196755,258.180708947237,502237.787215289,5656510.46939679
0.00281402510663256,258.180708947237,502737.787215289,5656510.46939679
0.000866633745642008,258.180708947237,503237.787215289,5656510.46939679
0.000903360119707648,258.180708947237,503737.787215289,5656510.46939679
0.00181598266079965,258.180708947237,504237.787215289,5656510.46939679
0.00250997844538613,258.180708947237,504737.787215289,5656510.46939679
0.00119010170928083,258.180708947237,505237.787215289,5656510.46939679
0.00286483391643933,258.180708947237,505737.787215289,5656510.46939679
0.0024937917309474,258.180708947237,506237.787215289,5656510.46939679
0.00207272246815021,258.180708947237,506737.787215289,5656510.46939679
0.00369785976274476,258.180708947237,507237.787215289,5656510.46939679
0.00355041071986471,258.180708947237,507737.787215289,5656510.46939679
0.00194644332870013,258.180708947237,508237.787215289,5656510.46939679
0.00259345240555543,258.180708947237,508737.787215289,5656510.46939679
0.00129622960757073,258.180708947237,509237.787215289,5656510.46939679
0.0005585838077132,258.180708947237,509737.787215289,5656510.46939679
0.00194644332870013,258.180708947237,510237.787215289,5656510.46939679
0.00194644332870013,258.180708947237,510737.787215289,5656510.46939679
0.0030905752839139,258.180708947237,511237.787215289,5656510.46939679
0.00154469585748096,258.180708947237,511737.787215289,5656510.46939679
0.000443291659771438,258.180708947237,512237.787215289,5656510.46939679
0.00128387858958976,258.180708947237,512737.787215289,5656510.46939679
0.00176906073746841,258.180708947237,513237.787215289,5656510.46939679
0.00122586938799411,258.180708947237,513737.787215289,5656510.46939679
0.00210312763316968,258.180708947237,514237.787215289,5656510.46939679
0.00250937574792,258.180708947237,514737.787215289,5656510.46939679
0.00550708214214719,258.180708947237,515237.787215289,5656510.46939679
0.0041729484164398,258.180708947237,515737.787215289,5656510.46939679
0.00706515664018047,258.180708947237,516237.787215289,5656510.46939679
0.00475241302560478,258.180708947237,516737.787215289,5656510.46939679
0.00536742300342749,258.180708947237,517237.787215289,5656510.46939679
0.00107917752998152,258.180708947237,517737.787215289,5656510.46939679
0.00492902625997321,258.180708947237,518237.787215289,5656510.46939679
0.00536250599844128,258.180708947237,518737.787215289,5656510.46939679
0.00119509241088101,258.180708947237,519237.787215289,5656510.46939679
0.00312030687318774,258.180708947237,519737.787215289,5656510.46939679
0.00150935942889692,258.180708947237,520237.787215289,5656510.46939679
0.00150266578963712,258.180708947237,520737.787215289,5656510.46939679
0.00285005892325194,258.180708947237,521237.787215289,5656510.46939679
0.00243765482863556,258.180708947237,521737.787215289,5656510.46939679
0.00220481403063232,258.180708947237,522237.787215289,5656510.46939679
0.00165717265305073,258.180708947237,522737.787215289,5656510.46939679
0.00215041602343345,258.180708947237,523237.787215289,5656510.46939679
0.00105585988062892,258.180708947237,523737.787215289,5656510.46939679
0.000258852494593598,258.180708947237,524237.787215289,5656510.46939679
0.000178777997576231,258.180708947237,486737.787215289,5657010.46939679
0.000178777997576231,258.180708947237,487237.787215289,5657010.46939679
0.000215470821363272,258.180708947237,487737.787215289,5657010.46939679
0.000165088149215,258.180708947237,488237.787215289,5657010.46939679
0.000186583657703678,258.180708947237,488737.787215289,5657010.46939679
0.00015679113377537,258.180708947237,489237.787215289,5657010.46939679
0.000162973718152716,258.180708947237,489737.787215289,5657010.46939679
0.000186272273055178,258.180708947237,490237.787215289,5657010.46939679
0.000175607308614347,258.180708947237,490737.787215289,5657010.46939679
0.000199207522509764,258.180708947237,491237.787215289,5657010.46939679
0.000178777997576231,258.180708947237,491737.787215289,5657010.46939679
0.000279184946026561,258.180708947237,492237.787215289,5657010.46939679
0.000612699964082149,258.180708947237,492737.787215289,5657010.46939679
0.000304539474570271,258.180708947237,493237.787215289,5657010.46939679
0.000251017798318133,258.180708947237,493737.787215289,5657010.46939679
0.000273068422905731,258.180708947237,494237.787215289,5657010.46939679
0.000957981698287048,258.180708947237,494737.787215289,5657010.46939679
0.00231865559708793,258.180708947237,495237.787215289,5657010.46939679
0.00329681131310888,258.180708947237,495737.787215289,5657010.46939679
0.00304797470818259,258.180708947237,496237.787215289,5657010.46939679
0.00371841923138565,258.180708947237,496737.787215289,5657010.46939679
0.00427166928072493,258.180708947237,497237.787215289,5657010.46939679
0.000404138334843178,258.180708947237,497737.787215289,5657010.46939679
0.003218927298235,258.180708947237,498237.787215289,5657010.46939679
0.000727007535022825,258.180708947237,498737.787215289,5657010.46939679
0.00251246364839612,258.180708947237,499237.787215289,5657010.46939679
0.00146028855598353,258.180708947237,499737.787215289,5657010.46939679
0.000919689267097135,258.180708947237,500237.787215289,5657010.46939679
0.0026636399153332,258.180708947237,500737.787215289,5657010.46939679
0.00278968566404026,258.180708947237,501237.787215289,5657010.46939679
0.00251250469255941,258.180708947237,501737.787215289,5657010.46939679
0.00201835231067059,258.180708947237,502237.787215289,5657010.46939679
0.00263139859157354,258.180708947237,502737.787215289,5657010.46939679
0.00211386249081492,258.180708947237,503237.787215289,5657010.46939679
0.00331572363472465,258.180708947237,503737.787215289,5657010.46939679
0.00113830775806322,258.180708947237,504237.787215289,5657010.46939679
0.00159549251109535,258.180708947237,504737.787215289,5657010.46939679
0.00217080549125555,258.180708947237,505237.787215289,5657010.46939679
0.00286483391643933,258.180708947237,505737.787215289,5657010.46939679
0.00172274948892487,258.180708947237,506237.787215289,5657010.46939679
0.00212321200351094,258.180708947237,506737.787215289,5657010.46939679
0.00196516827414797,258.180708947237,507237.787215289,5657010.46939679
0.00355041071986471,258.180708947237,507737.787215289,5657010.46939679
0.00236438812590477,258.180708947237,508237.787215289,5657010.46939679
0.00224477552387874,258.180708947237,508737.787215289,5657010.46939679
0.000180253561777912,258.180708947237,509237.787215289,5657010.46939679
0.00195788128421188,258.180708947237,509737.787215289,5657010.46939679
0.00213149098933132,258.180708947237,510237.787215289,5657010.46939679
0.00107160369580723,258.180708947237,510737.787215289,5657010.46939679
0.00440792134824389,258.180708947237,511237.787215289,5657010.46939679
0.00269029595142261,258.180708947237,511737.787215289,5657010.46939679
0.000406124384284922,258.180708947237,512237.787215289,5657010.46939679
0.000928892939918548,258.180708947237,512737.787215289,5657010.46939679
0.00195909429431463,258.180708947237,513237.787215289,5657010.46939679
0.00420786671402765,258.180708947237,513737.787215289,5657010.46939679
0.00550708214214719,258.180708947237,514237.787215289,5657010.46939679
0.00228773746111789,258.180708947237,514737.787215289,5657010.46939679
0.00380437661578382,258.180708947237,515237.787215289,5657010.46939679
0.00262812158256272,258.180708947237,515737.787215289,5657010.46939679
0.00299306820871273,258.180708947237,516237.787215289,5657010.46939679
0.00488071832142176,258.180708947237,516737.787215289,5657010.46939679
0.00526760390056012,258.180708947237,517237.787215289,5657010.46939679
0.00175061733518266,258.180708947237,517737.787215289,5657010.46939679
0.0013728071086221,258.180708947237,518237.787215289,5657010.46939679
0.00473850020726469,258.180708947237,518737.787215289,5657010.46939679
0.00388851831233302,258.180708947237,519237.787215289,5657010.46939679
0.00336176225112396,258.180708947237,519737.787215289,5657010.46939679
0.00117504995294866,258.180708947237,520237.787215289,5657010.46939679
0.00338568846019287,258.180708947237,520737.787215289,5657010.46939679
0.00278968566404026,258.180708947237,521237.787215289,5657010.46939679
0.000498074253572462,258.180708947237,521737.787215289,5657010.46939679
0.00251825295053093,258.180708947237,522237.787215289,5657010.46939679
0.00225184466405958,258.180708947237,522737.787215289,5657010.46939679
0.00244514303397216,258.180708947237,523237.787215289,5657010.46939679
0.00286549519720279,258.180708947237,523737.787215289,5657010.46939679
0.000229601292657423,258.180708947237,524237.787215289,5657010.46939679
0.000188453252093854,258.180708947237,486737.787215289,5657510.46939679
0.000171808293294444,258.180708947237,487237.787215289,5657510.46939679
0.00018863984516608,258.180708947237,487737.787215289,5657510.46939679
0.000800574677703654,258.180708947237,488237.787215289,5657510.46939679
0.000213001242413711,258.180708947237,488737.787215289,5657510.46939679
0.000244692921200236,258.180708947237,489237.787215289,5657510.46939679
0.000233637015205676,258.180708947237,489737.787215289,5657510.46939679
0.000157850773570011,258.180708947237,490237.787215289,5657510.46939679
0.000782250860196591,258.180708947237,490737.787215289,5657510.46939679
0.000532668161811218,258.180708947237,491237.787215289,5657510.46939679
0.000208634195078485,258.180708947237,491737.787215289,5657510.46939679
0.000320723856932639,258.180708947237,492237.787215289,5657510.46939679
0.000351795904051359,258.180708947237,492737.787215289,5657510.46939679
0.000408026178974953,258.180708947237,493237.787215289,5657510.46939679
0.000194451944226061,258.180708947237,493737.787215289,5657510.46939679
0.000584273584559412,258.180708947237,494237.787215289,5657510.46939679
0.00312617547411087,258.180708947237,494737.787215289,5657510.46939679
0.000790871413738017,258.180708947237,495237.787215289,5657510.46939679
0.00357962011488209,258.180708947237,495737.787215289,5657510.46939679
0.003780750233884,258.180708947237,496237.787215289,5657510.46939679
0.0046855128607931,258.180708947237,496737.787215289,5657510.46939679
0.00371841923138565,258.180708947237,497237.787215289,5657510.46939679
0.00271617682048576,258.180708947237,497737.787215289,5657510.46939679
0.00271242914201914,258.180708947237,498237.787215289,5657510.46939679
0.00281402510663256,258.180708947237,498737.787215289,5657510.46939679
0.000963209760081864,258.180708947237,499237.787215289,5657510.46939679
0.000933495483721886,258.180708947237,499737.787215289,5657510.46939679
0.00177151236543241,258.180708947237,500237.787215289,5657510.46939679
0.00244851338559168,258.180708947237,500737.787215289,5657510.46939679
0.00122378785056495,258.180708947237,501237.787215289,5657510.46939679
0.000478807414460578,258.180708947237,501737.787215289,5657510.46939679
0.000395290727975438,258.180708947237,502237.787215289,5657510.46939679
0.00242837638894361,258.180708947237,502737.787215289,5657510.46939679
0.00305995319333629,258.180708947237,503237.787215289,5657510.46939679
0.000990878549029307,258.180708947237,503737.787215289,5657510.46939679
0.0034178829330615,258.180708947237,504237.787215289,5657510.46939679
0.00261180011640419,258.180708947237,504737.787215289,5657510.46939679
0.00112834697265339,258.180708947237,505237.787215289,5657510.46939679
0.00112834697265339,258.180708947237,505737.787215289,5657510.46939679
0.00342260531495574,258.180708947237,506237.787215289,5657510.46939679
0.00297932273970759,258.180708947237,506737.787215289,5657510.46939679
0.00355041071986471,258.180708947237,507237.787215289,5657510.46939679
0.000368443191044985,258.180708947237,507737.787215289,5657510.46939679
0.000886922976209029,258.180708947237,508237.787215289,5657510.46939679
0.0025346185312529,258.180708947237,508737.787215289,5657510.46939679
0.000512239919716211,258.180708947237,509237.787215289,5657510.46939679
0.00241564977918963,258.180708947237,509737.787215289,5657510.46939679
0.00380834287069026,258.180708947237,510237.787215289,5657510.46939679
0.00503719244321108,258.180708947237,510737.787215289,5657510.46939679
0.00376587253716485,258.180708947237,511237.787215289,5657510.46939679
0.00321050908517339,258.180708947237,511737.787215289,5657510.46939679
0.00291361758799741,258.180708947237,512237.787215289,5657510.46939679
0.00490723538913318,258.180708947237,512737.787215289,5657510.46939679
0.00530225678661109,258.180708947237,513237.787215289,5657510.46939679
0.00466980477061145,258.180708947237,513737.787215289,5657510.46939679
0.00380437661578382,258.180708947237,514237.787215289,5657510.46939679
0.00106352210570413,258.180708947237,514737.787215289,5657510.46939679
0.0037059533036729,258.180708947237,515237.787215289,5657510.46939679
0.00158040404618626,258.180708947237,515737.787215289,5657510.46939679
0.000783075578330232,258.180708947237,516237.787215289,5657510.46939679
0.00774963606158795,258.180708947237,516737.787215289,5657510.46939679
0.000603696697521216,258.180708947237,517237.787215289,5657510.46939679
0.00201702378645401,258.180708947237,517737.787215289,5657510.46939679
0.00166902069398292,258.180708947237,518237.787215289,5657510.46939679
0.00437357263217274,258.180708947237,518737.787215289,5657510.46939679
0.00411896358561886,258.180708947237,519237.787215289,5657510.46939679
0.00310582707848037,258.180708947237,519737.787215289,5657510.46939679
0.00261180011640419,258.180708947237,520237.787215289,5657510.46939679
0.00044716190737581,258.180708947237,520737.787215289,5657510.46939679
0.00269510334580664,258.180708947237,521237.787215289,5657510.46939679
0.00253286027698758,258.180708947237,521737.787215289,5657510.46939679
0.00261240299015722,258.180708947237,522237.787215289,5657510.46939679
0.00253425813253506,258.180708947237,522737.787215289,5657510.46939679
0.00253425813253506,258.180708947237,523237.787215289,5657510.46939679
0.00175583462162051,258.180708947237,523737.787215289,5657510.46939679
0.00124530077827044,258.180708947237,524237.787215289,5657510.46939679
0.000824897638314991,258.180708947237,486737.787215289,5658010.46939679
0.00015871222384621,258.180708947237,487237.787215289,5658010.46939679
0.000799450183970777,258.180708947237,487737.787215289,5658010.46939679
0.00110706168414276,258.180708947237,488237.787215289,5658010.46939679
0.000191683888276998,258.180708947237,488737.787215289,5658010.46939679
0.000170547256079444,258.180708947237,489237.787215289,5658010.46939679
0.000161432999755898,258.180708947237,489737.787215289,5658010.46939679
0.000248941755347559,258.180708947237,490237.787215289,5658010.46939679
0.000157850773570011,258.180708947237,490737.787215289,5658010.46939679
0.000454104595145083,258.180708947237,491237.787215289,5658010.46939679
0.000233637015205676,258.180708947237,491737.787215289,5658010.46939679
0.000183132858474902,258.180708947237,492237.787215289,5658010.46939679
0.000213585339516665,258.180708947237,492737.787215289,5658010.46939679
0.00338999329966161,258.180708947237,493237.787215289,5658010.46939679
0.00112834697265339,258.180708947237,493737.787215289,5658010.46939679
0.00145457211403728,258.180708947237,494237.787215289,5658010.46939679
0.00290175534062383,258.180708947237,494737.787215289,5658010.46939679
0.00304797470818259,258.180708947237,495237.787215289,5658010.46939679
0.00297932273970759,258.180708947237,495737.787215289,5658010.46939679
0.00295093450623851,258.180708947237,496237.787215289,5658010.46939679
0.000972848958675718,258.180708947237,496737.787215289,5658010.46939679
0.00284470866106529,258.180708947237,497237.787215289,5658010.46939679
0.00271242914201914,258.180708947237,497737.787215289,5658010.46939679
0.0029471872128933,258.180708947237,498237.787215289,5658010.46939679
0.00242837638894361,258.180708947237,498737.787215289,5658010.46939679
0.000510058795162249,258.180708947237,499237.787215289,5658010.46939679
0.000301955149833001,258.180708947237,499737.787215289,5658010.46939679
0.00313956433210146,258.180708947237,500237.787215289,5658010.46939679
0.00237898031476348,258.180708947237,500737.787215289,5658010.46939679
0.000262496812662976,258.180708947237,501237.787215289,5658010.46939679
0.00015871222384621,258.180708947237,501737.787215289,5658010.46939679
0.000254202980138272,258.180708947237,502237.787215289,5658010.46939679
0.000313386985010046,258.180708947237,502737.787215289,5658010.46939679
0.00218489576517575,258.180708947237,503237.787215289,5658010.46939679
0.00088201910066903,258.180708947237,503737.787215289,5658010.46939679
0.00163335549836595,258.180708947237,504237.787215289,5658010.46939679
0.00323682398418077,258.180708947237,504737.787215289,5658010.46939679
0.0005585838077132,258.180708947237,505237.787215289,5658010.46939679
0.00256874090605971,258.180708947237,505737.787215289,5658010.46939679
0.00295093450623851,258.180708947237,506237.787215289,5658010.46939679
0.00134463283686704,258.180708947237,506737.787215289,5658010.46939679
0.00084684933206238,258.180708947237,507237.787215289,5658010.46939679
0.0030905752839139,258.180708947237,507737.787215289,5658010.46939679
0.00107337017171531,258.180708947237,508237.787215289,5658010.46939679
0.00202840263362159,258.180708947237,508737.787215289,5658010.46939679
0.000471071256200895,258.180708947237,509237.787215289,5658010.46939679
0.00422800917218311,258.180708947237,509737.787215289,5658010.46939679
0.00210357371300112,258.180708947237,510237.787215289,5658010.46939679
0.00229142960660604,258.180708947237,510737.787215289,5658010.46939679
0.00415053646690807,258.180708947237,511237.787215289,5658010.46939679
0.00370696807192081,258.180708947237,511737.787215289,5658010.46939679
0.00557204981740541,258.180708947237,512237.787215289,5658010.46939679
0.00383621078710568,258.180708947237,512737.787215289,5658010.46939679
0.00693937466348008,258.180708947237,513237.787215289,5658010.46939679
0.00525825687098998,258.180708947237,513737.787215289,5658010.46939679
0.00104243821943411,258.180708947237,514237.787215289,5658010.46939679
0.00525825687098998,258.180708947237,514737.787215289,5658010.46939679
0.0034683585777633,258.180708947237,515237.787215289,5658010.46939679
0.00483162022453982,258.180708947237,515737.787215289,5658010.46939679
0.00290757225469453,258.180708947237,516237.787215289,5658010.46939679
0.00674593323450313,258.180708947237,516737.787215289,5658010.46939679
0.00428311909233783,258.180708947237,517237.787215289,5658010.46939679
0.00433533917639624,258.180708947237,517737.787215289,5658010.46939679
0.00432001828102434,258.180708947237,518237.787215289,5658010.46939679
0.00155155517138142,258.180708947237,518737.787215289,5658010.46939679
0.000730082524560168,258.180708947237,519237.787215289,5658010.46939679
0.00401291581474987,258.180708947237,519737.787215289,5658010.46939679
0.00293461852848908,258.180708947237,520237.787215289,5658010.46939679
0.00210558756997027,258.180708947237,520737.787215289,5658010.46939679
0.000991161882895644,258.180708947237,521237.787215289,5658010.46939679
0.00247522374223148,258.180708947237,521737.787215289,5658010.46939679
0.00256468326736634,258.180708947237,522237.787215289,5658010.46939679
0.00215010006598099,258.180708947237,522737.787215289,5658010.46939679
0.00192594163086345,258.180708947237,523237.787215289,5658010.46939679
0.00257283368382896,258.180708947237,523737.787215289,5658010.46939679
0.00173509536208743,258.180708947237,524237.787215289,5658010.46939679
0.000794157761743934,258.180708947237,486737.787215289,5658510.46939679
0.00015279780011078,258.180708947237,487237.787215289,5658510.46939679
0.000148579215569722,258.180708947237,487737.787215289,5658510.46939679
0.000233637015205676,258.180708947237,488237.787215289,5658510.46939679
0.000194256320032631,258.180708947237,488737.787215289,5658510.46939679
0.000261331216628205,258.180708947237,489237.787215289,5658510.46939679
0.000206472493002701,258.180708947237,489737.787215289,5658510.46939679
0.000158612086435861,258.180708947237,490237.787215289,5658510.46939679
0.000336435978836374,258.180708947237,490737.787215289,5658510.46939679
0.000165320408945305,258.180708947237,491237.787215289,5658510.46939679
0.000240618039582177,258.180708947237,491737.787215289,5658510.46939679
0.000233954452672269,258.180708947237,492237.787215289,5658510.46939679
0.00026509670214123,258.180708947237,492737.787215289,5658510.46939679
0.00427166928072493,258.180708947237,493237.787215289,5658510.46939679
0.00431276309171517,258.180708947237,493737.787215289,5658510.46939679
0.00434327428598135,258.180708947237,494237.787215289,5658510.46939679
0.00239657064591059,258.180708947237,494737.787215289,5658510.46939679
0.00284078363920645,258.180708947237,495237.787215289,5658510.46939679
0.00407866339491552,258.180708947237,495737.787215289,5658510.46939679
0.000404138334843178,258.180708947237,496237.787215289,5658510.46939679
0.00326796249802002,258.180708947237,496737.787215289,5658510.46939679
0.000683324516522061,258.180708947237,497237.787215289,5658510.46939679
0.00334326553766775,258.180708947237,497737.787215289,5658510.46939679
0.000428853754772803,258.180708947237,498237.787215289,5658510.46939679
0.00298492618093665,258.180708947237,498737.787215289,5658510.46939679
0.000297031024155782,258.180708947237,499237.787215289,5658510.46939679
0.000158612086435861,258.180708947237,499737.787215289,5658510.46939679
0.000807309066042443,258.180708947237,500237.787215289,5658510.46939679
0.000184444453954812,258.180708947237,500737.787215289,5658510.46939679
0.00015679113377537,258.180708947237,501237.787215289,5658510.46939679
0.000171978405706532,258.180708947237,501737.787215289,5658510.46939679
0.000173406936271829,258.180708947237,502237.787215289,5658510.46939679
0.000196098188277373,258.180708947237,502737.787215289,5658510.46939679
0.000822140472273229,258.180708947237,503237.787215289,5658510.46939679
0.00259345240555543,258.180708947237,503737.787215289,5658510.46939679
0.000335900787734201,258.180708947237,504237.787215289,5658510.46939679
0.000368443191044985,258.180708947237,504737.787215289,5658510.46939679
0.000385878242083208,258.180708947237,505237.787215289,5658510.46939679
0.000306232662029791,258.180708947237,505737.787215289,5658510.46939679
0.000443291659771438,258.180708947237,506237.787215289,5658510.46939679
0.000368443191044985,258.180708947237,506737.787215289,5658510.46939679
0.000323809246903328,258.180708947237,507237.787215289,5658510.46939679
0.00284470866106529,258.180708947237,507737.787215289,5658510.46939679
0.000508406452952856,258.180708947237,508237.787215289,5658510.46939679
0.000248903163829167,258.180708947237,508737.787215289,5658510.46939679
0.00133481948651012,258.180708947237,509237.787215289,5658510.46939679
0.0043614162525579,258.180708947237,509737.787215289,5658510.46939679
0.00376587253716485,258.180708947237,510237.787215289,5658510.46939679
0.00195600869865656,258.180708947237,510737.787215289,5658510.46939679
0.00386757106594061,258.180708947237,511237.787215289,5658510.46939679
0.00480891945801945,258.180708947237,511737.787215289,5658510.46939679
0.00571016835339884,258.180708947237,512237.787215289,5658510.46939679
0.00406498975569364,258.180708947237,512737.787215289,5658510.46939679
0.00525825687098998,258.180708947237,513237.787215289,5658510.46939679
0.00316201902147005,258.180708947237,513737.787215289,5658510.46939679
0.0034683585777633,258.180708947237,514237.787215289,5658510.46939679
0.0034683585777633,258.180708947237,514737.787215289,5658510.46939679
0.00218437112674953,258.180708947237,515237.787215289,5658510.46939679
0.00287120651361044,258.180708947237,515737.787215289,5658510.46939679
0.00461666199783672,258.180708947237,516237.787215289,5658510.46939679
0.00644113322917231,258.180708947237,516737.787215289,5658510.46939679
0.00413689890966875,258.180708947237,517237.787215289,5658510.46939679
0.00506025667992726,258.180708947237,517737.787215289,5658510.46939679
0.00479770732330495,258.180708947237,518237.787215289,5658510.46939679
0.00414192218302449,258.180708947237,518737.787215289,5658510.46939679
0.00448697542080852,258.180708947237,519237.787215289,5658510.46939679
0.00101440930472538,258.180708947237,519737.787215289,5658510.46939679
0.00204283961479875,258.180708947237,520237.787215289,5658510.46939679
0.00266527213700881,258.180708947237,520737.787215289,5658510.46939679
0.00132222369127759,258.180708947237,521237.787215289,5658510.46939679
0.00188949027236462,258.180708947237,521737.787215289,5658510.46939679
0.000900981689693964,258.180708947237,522237.787215289,5658510.46939679
0.00251825295053093,258.180708947237,522737.787215289,5658510.46939679
0.00227149137477322,258.180708947237,523237.787215289,5658510.46939679
0.00230607051412382,258.180708947237,523737.787215289,5658510.46939679
0.00296555600322926,258.180708947237,524237.787215289,5658510.46939679
0.000155659286288505,258.180708947237,486737.787215289,5659010.46939679
0.000148626167275726,258.180708947237,487237.787215289,5659010.46939679
0.000213001242413711,258.180708947237,487737.787215289,5659010.46939679
0.000233637015205676,258.180708947237,488237.787215289,5659010.46939679
0.000131552992630946,258.180708947237,488737.787215289,5659010.46939679
0.000122470718922676,258.180708947237,489237.787215289,5659010.46939679
0.000334162895662367,258.180708947237,489737.787215289,5659010.46939679
0.00178706211117196,258.180708947237,490237.787215289,5659010.46939679
0.000279629771714473,258.180708947237,490737.787215289,5659010.46939679
0.000154820757789666,258.180708947237,491237.787215289,5659010.46939679
0.00020466006854258,258.180708947237,491737.787215289,5659010.46939679
0.000362302855272132,258.180708947237,492237.787215289,5659010.46939679
0.000181612702744826,258.180708947237,492737.787215289,5659010.46939679
0.00046873490749707,258.180708947237,493237.787215289,5659010.46939679
0.00618351861259988,258.180708947237,493737.787215289,5659010.46939679
0.00338999329966161,258.180708947237,494237.787215289,5659010.46939679
0.00447380837228099,258.180708947237,494737.787215289,5659010.46939679
0.00247627302064906,258.180708947237,495237.787215289,5659010.46939679
0.00407866339491552,258.180708947237,495737.787215289,5659010.46939679
0.00187637651182031,258.180708947237,496237.787215289,5659010.46939679
0.00304797470818259,258.180708947237,496737.787215289,5659010.46939679
0.00288628396045391,258.180708947237,497237.787215289,5659010.46939679
0.00288633111142872,258.180708947237,497737.787215289,5659010.46939679
0.000153301560468564,258.180708947237,498237.787215289,5659010.46939679
0.00143058454380314,258.180708947237,498737.787215289,5659010.46939679
0.000249523546221095,258.180708947237,499237.787215289,5659010.46939679
0.000147196207018538,258.180708947237,499737.787215289,5659010.46939679
0.000301552757009272,258.180708947237,500237.787215289,5659010.46939679
0.000400134044522257,258.180708947237,500737.787215289,5659010.46939679
0.000199207522509764,258.180708947237,501237.787215289,5659010.46939679
0.000196098188277373,258.180708947237,501737.787215289,5659010.46939679
0.000213585339516665,258.180708947237,502237.787215289,5659010.46939679
0.000266570594523355,258.180708947237,502737.787215289,5659010.46939679
0.000335900787734201,258.180708947237,503237.787215289,5659010.46939679
0.000279184946026561,258.180708947237,503737.787215289,5659010.46939679
0.000408026178974953,258.180708947237,504237.787215289,5659010.46939679
0.000430357562698564,258.180708947237,504737.787215289,5659010.46939679
0.000223383740519804,258.180708947237,505237.787215289,5659010.46939679
0.000197371023268445,258.180708947237,505737.787215289,5659010.46939679
0.000299227290364224,258.180708947237,506237.787215289,5659010.46939679
0.00177371142746175,258.180708947237,506737.787215289,5659010.46939679
0.00476527726815466,258.180708947237,507237.787215289,5659010.46939679
0.00411208955364802,258.180708947237,507737.787215289,5659010.46939679
0.00166063577916324,258.180708947237,508237.787215289,5659010.46939679
0.00432618299097441,258.180708947237,508737.787215289,5659010.46939679
0.00383679786745452,258.180708947237,509237.787215289,5659010.46939679
0.00413340704103237,258.180708947237,509737.787215289,5659010.46939679
0.00465326009212496,258.180708947237,510237.787215289,5659010.46939679
0.00175396564217884,258.180708947237,510737.787215289,5659010.46939679
0.00394467167823819,258.180708947237,511237.787215289,5659010.46939679
0.00489078397851383,258.180708947237,511737.787215289,5659010.46939679
0.00380437661578382,258.180708947237,512237.787215289,5659010.46939679
0.00726775188518413,258.180708947237,512737.787215289,5659010.46939679
0.00502067421687903,258.180708947237,513237.787215289,5659010.46939679
0.00262812158256272,258.180708947237,513737.787215289,5659010.46939679
0.00168866726573555,258.180708947237,514237.787215289,5659010.46939679
0.00206487741005951,258.180708947237,514737.787215289,5659010.46939679
0.00201493179948682,258.180708947237,515237.787215289,5659010.46939679
0.00231712940659366,258.180708947237,515737.787215289,5659010.46939679
0.00277418688520916,258.180708947237,516237.787215289,5659010.46939679
0.00206765731993114,258.180708947237,516737.787215289,5659010.46939679
0.00644113322917231,258.180708947237,517237.787215289,5659010.46939679
0.00418036621157612,258.180708947237,517737.787215289,5659010.46939679
0.00248923560361936,258.180708947237,518237.787215289,5659010.46939679
0.00269906799075897,258.180708947237,518737.787215289,5659010.46939679
0.00400005156866466,258.180708947237,519237.787215289,5659010.46939679
0.00190264394530287,258.180708947237,519737.787215289,5659010.46939679
0.00320986849284857,258.180708947237,520237.787215289,5659010.46939679
0.000794672160475083,258.180708947237,520737.787215289,5659010.46939679
0.00303399166735471,258.180708947237,521237.787215289,5659010.46939679
0.00263139859157354,258.180708947237,521737.787215289,5659010.46939679
0.000784927038844023,258.180708947237,522237.787215289,5659010.46939679
0.000673129739926096,258.180708947237,522737.787215289,5659010.46939679
0.00254705415851439,258.180708947237,523237.787215289,5659010.46939679
0.0032795820159669,258.180708947237,523737.787215289,5659010.46939679
0.000483151654972134,258.180708947237,524237.787215289,5659010.46939679
0.000137665843085805,258.180708947237,486737.787215289,5659510.46939679
0.000262992151318905,258.180708947237,487237.787215289,5659510.46939679
0.000141053404964613,258.180708947237,487737.787215289,5659510.46939679
0.000213001242413711,258.180708947237,488237.787215289,5659510.46939679
0.000126556175559124,258.180708947237,488737.787215289,5659510.46939679
0.000141285923238484,258.180708947237,489237.787215289,5659510.46939679
0.000134335804312404,258.180708947237,489737.787215289,5659510.46939679
0.000172374684057439,258.180708947237,490237.787215289,5659510.46939679
0.00145236247474418,258.180708947237,490737.787215289,5659510.46939679
0.00167755956965199,258.180708947237,491237.787215289,5659510.46939679
0.00223320805747045,258.180708947237,491737.787215289,5659510.46939679
0.00047511502350792,258.180708947237,492237.787215289,5659510.46939679
0.000171808293294444,258.180708947237,492737.787215289,5659510.46939679
0.00042092225517396,258.180708947237,493237.787215289,5659510.46939679
0.00269029595142261,258.180708947237,493737.787215289,5659510.46939679
0.00269029595142261,258.180708947237,494237.787215289,5659510.46939679
0.00389437805124292,258.180708947237,494737.787215289,5659510.46939679
0.00389437805124292,258.180708947237,495237.787215289,5659510.46939679
0.00295093450623851,258.180708947237,495737.787215289,5659510.46939679
0.003218927298235,258.180708947237,496237.787215289,5659510.46939679
0.000508600734382613,258.180708947237,496737.787215289,5659510.46939679
0.00015871222384621,258.180708947237,497237.787215289,5659510.46939679
0.000501464996176019,258.180708947237,497737.787215289,5659510.46939679
0.00040166289302272,258.180708947237,498237.787215289,5659510.46939679
0.000147485499967571,258.180708947237,498737.787215289,5659510.46939679
0.000170547256079444,258.180708947237,499237.787215289,5659510.46939679
0.000145246966977444,258.180708947237,499737.787215289,5659510.46939679
0.000162147010192874,258.180708947237,500237.787215289,5659510.46939679
0.000164207943540078,258.180708947237,500737.787215289,5659510.46939679
0.000258792758260619,258.180708947237,501237.787215289,5659510.46939679
0.000295209095334227,258.180708947237,501737.787215289,5659510.46939679
0.000404138334843178,258.180708947237,502237.787215289,5659510.46939679
0.000266570594523355,258.180708947237,502737.787215289,5659510.46939679
0.000279184946026561,258.180708947237,503237.787215289,5659510.46939679
0.000408026178974953,258.180708947237,503737.787215289,5659510.46939679
0.00042092225517396,258.180708947237,504237.787215289,5659510.46939679
0.000398567680787598,258.180708947237,504737.787215289,5659510.46939679
0.000236345849426791,258.180708947237,505237.787215289,5659510.46939679
0.000208024592757704,258.180708947237,505737.787215289,5659510.46939679
0.00316277846965299,258.180708947237,506237.787215289,5659510.46939679
0.00379641819986048,258.180708947237,506737.787215289,5659510.46939679
0.00352084375364944,258.180708947237,507237.787215289,5659510.46939679
0.00421544815457434,258.180708947237,507737.787215289,5659510.46939679
0.0040906674760874,258.180708947237,508237.787215289,5659510.46939679
0.00423694124291237,258.180708947237,508737.787215289,5659510.46939679
0.00394664822733742,258.180708947237,509237.787215289,5659510.46939679
0.00446003093356356,258.180708947237,509737.787215289,5659510.46939679
0.000491998837477199,258.180708947237,510237.787215289,5659510.46939679
0.00413133695991718,258.180708947237,510737.787215289,5659510.46939679
0.00536460800794917,258.180708947237,511237.787215289,5659510.46939679
0.0066258344369621,258.180708947237,511737.787215289,5659510.46939679
0.00604061375231175,258.180708947237,512237.787215289,5659510.46939679
0.0041729484164398,258.180708947237,512737.787215289,5659510.46939679
0.00173351516632358,258.180708947237,513237.787215289,5659510.46939679
0.00222855123406842,258.180708947237,513737.787215289,5659510.46939679
0.00117808878026722,258.180708947237,514237.787215289,5659510.46939679
0.00252600345045032,258.180708947237,514737.787215289,5659510.46939679
0.0031271904459445,258.180708947237,515237.787215289,5659510.46939679
0.000943839740048633,258.180708947237,515737.787215289,5659510.46939679
0.00198347339616889,258.180708947237,516237.787215289,5659510.46939679
0.00142836931688353,258.180708947237,516737.787215289,5659510.46939679
0.00644113322917231,258.180708947237,517237.787215289,5659510.46939679
0.0048351264436858,258.180708947237,517737.787215289,5659510.46939679
0.0041562578352309,258.180708947237,518237.787215289,5659510.46939679
0.00340654565157172,258.180708947237,518737.787215289,5659510.46939679
0.00203092042648952,258.180708947237,519237.787215289,5659510.46939679
0.00160224089064051,258.180708947237,519737.787215289,5659510.46939679
0.00324217398823805,258.180708947237,520237.787215289,5659510.46939679
0.000807213552356256,258.180708947237,520737.787215289,5659510.46939679
0.00281631045593799,258.180708947237,521237.787215289,5659510.46939679
0.00201835231067059,258.180708947237,521737.787215289,5659510.46939679
0.000873368852812584,258.180708947237,522237.787215289,5659510.46939679
0.00031133945635817,258.180708947237,522737.787215289,5659510.46939679
0.000408793585165405,258.180708947237,523237.787215289,5659510.46939679
0.000555038029347429,258.180708947237,523737.787215289,5659510.46939679
0.000543229810150993,258.180708947237,524237.787215289,5659510.46939679
0.000120838015944413,258.180708947237,486737.787215289,5660010.46939679
0.000265191404775301,258.180708947237,487237.787215289,5660010.46939679
0.000136888219645331,258.180708947237,487737.787215289,5660010.46939679
0.000162307340980428,258.180708947237,488237.787215289,5660010.46939679
0.00011915898798068,258.180708947237,488737.787215289,5660010.46939679
0.000117430218368114,258.180708947237,489237.787215289,5660010.46939679
0.000125609062938593,258.180708947237,489737.787215289,5660010.46939679
0.000147196207018538,258.180708947237,490237.787215289,5660010.46939679
0.000216710420588784,258.180708947237,490737.787215289,5660010.46939679
0.000508600734382613,258.180708947237,491237.787215289,5660010.46939679
0.00451061460296491,258.180708947237,491737.787215289,5660010.46939679
0.000185922594144747,258.180708947237,492237.787215289,5660010.46939679
0.000245363923982976,258.180708947237,492737.787215289,5660010.46939679
0.000450722455449204,258.180708947237,493237.787215289,5660010.46939679
0.00314238188337341,258.180708947237,493737.787215289,5660010.46939679
0.00293461852848908,258.180708947237,494237.787215289,5660010.46939679
0.00389437805124292,258.180708947237,494737.787215289,5660010.46939679
0.00355041071986471,258.180708947237,495237.787215289,5660010.46939679
0.003218927298235,258.180708947237,495737.787215289,5660010.46939679
0.00201045127373939,258.180708947237,496237.787215289,5660010.46939679
0.001817810413971,258.180708947237,496737.787215289,5660010.46939679
0.000165320408945305,258.180708947237,497237.787215289,5660010.46939679
0.00015279780011078,258.180708947237,497737.787215289,5660010.46939679
0.00015679113377537,258.180708947237,498237.787215289,5660010.46939679
0.000182326437362673,258.180708947237,498737.787215289,5660010.46939679
0.000266117955216552,258.180708947237,499237.787215289,5660010.46939679
0.000180119515299704,258.180708947237,499737.787215289,5660010.46939679
0.000285990257278041,258.180708947237,500237.787215289,5660010.46939679
0.000363364559844998,258.180708947237,500737.787215289,5660010.46939679
0.000672058947650362,258.180708947237,501237.787215289,5660010.46939679
0.00106709953601808,258.180708947237,501737.787215289,5660010.46939679
0.000279184946026561,258.180708947237,502237.787215289,5660010.46939679
0.000323809246903328,258.180708947237,502737.787215289,5660010.46939679
0.000230762404727076,258.180708947237,503237.787215289,5660010.46939679
0.000223383740519804,258.180708947237,503737.787215289,5660010.46939679
0.000342125961280708,258.180708947237,504237.787215289,5660010.46939679
0.000688440813446478,258.180708947237,504737.787215289,5660010.46939679
0.0029216960067886,258.180708947237,505237.787215289,5660010.46939679
0.0026454604900229,258.180708947237,505737.787215289,5660010.46939679
0.00206405985900961,258.180708947237,506237.787215289,5660010.46939679
0.00313179015666518,258.180708947237,506737.787215289,5660010.46939679
0.00350368236243577,258.180708947237,507237.787215289,5660010.46939679
0.00347976962128324,258.180708947237,507737.787215289,5660010.46939679
0.00340665268017527,258.180708947237,508237.787215289,5660010.46939679
0.00386757106594061,258.180708947237,508737.787215289,5660010.46939679
0.0052748123710655,258.180708947237,509237.787215289,5660010.46939679
0.00471596648932375,258.180708947237,509737.787215289,5660010.46939679
0.000857785898535261,258.180708947237,510237.787215289,5660010.46939679
0.00165519013499448,258.180708947237,510737.787215289,5660010.46939679
0.00502067421687903,258.180708947237,511237.787215289,5660010.46939679
0.00693937466348008,258.180708947237,511737.787215289,5660010.46939679
0.0066258344369621,258.180708947237,512237.787215289,5660010.46939679
0.00158040404618626,258.180708947237,512737.787215289,5660010.46939679
0.00145287275205231,258.180708947237,513237.787215289,5660010.46939679
0.00325786181678564,258.180708947237,513737.787215289,5660010.46939679
0.0024451248436862,258.180708947237,514237.787215289,5660010.46939679
0.00396300369816247,258.180708947237,514737.787215289,5660010.46939679
0.0012371308662807,258.180708947237,515237.787215289,5660010.46939679
0.00204850436409887,258.180708947237,515737.787215289,5660010.46939679
0.005237225371301,258.180708947237,516237.787215289,5660010.46939679
0.00179986235756587,258.180708947237,516737.787215289,5660010.46939679
0.00560690261751886,258.180708947237,517237.787215289,5660010.46939679
0.00126501274684197,258.180708947237,517737.787215289,5660010.46939679
0.00349570274894669,258.180708947237,518237.787215289,5660010.46939679
0.00201702378645401,258.180708947237,518737.787215289,5660010.46939679
0.00417596246983334,258.180708947237,519237.787215289,5660010.46939679
0.00343325533619597,258.180708947237,519737.787215289,5660010.46939679
0.0016770298537345,258.180708947237,520237.787215289,5660010.46939679
0.00278463557268067,258.180708947237,520737.787215289,5660010.46939679
0.0025346185312529,258.180708947237,521237.787215289,5660010.46939679
0.00217520628777735,258.180708947237,521737.787215289,5660010.46939679
0.00163642747557046,258.180708947237,522237.787215289,5660010.46939679
0.000679800362811631,258.180708947237,522737.787215289,5660010.46939679
0.000281287604202334,258.180708947237,523237.787215289,5660010.46939679
0.00127763882790088,258.180708947237,523737.787215289,5660010.46939679
0.000657835085624446,258.180708947237,524237.787215289,5660010.46939679
0.000117430218368114,258.180708947237,486737.787215289,5660510.46939679
0.000117430218368114,258.180708947237,487237.787215289,5660510.46939679
0.000180652765059168,258.180708947237,487737.787215289,5660510.46939679
0.000138817064062233,258.180708947237,488237.787215289,5660510.46939679
0.000308333127031913,258.180708947237,488737.787215289,5660510.46939679
0.000128266139456974,258.180708947237,489237.787215289,5660510.46939679
0.000127119931228608,258.180708947237,489737.787215289,5660510.46939679
0.000148458636469684,258.180708947237,490237.787215289,5660510.46939679
0.00015871222384621,258.180708947237,490737.787215289,5660510.46939679
0.000205735251025242,258.180708947237,491237.787215289,5660510.46939679
0.00337124972703027,258.180708947237,491737.787215289,5660510.46939679
0.00355041071986471,258.180708947237,492237.787215289,5660510.46939679
0.00185849761143013,258.180708947237,492737.787215289,5660510.46939679
0.00297932273970759,258.180708947237,493237.787215289,5660510.46939679
0.00225755850154769,258.180708947237,493737.787215289,5660510.46939679
0.00271617682048576,258.180708947237,494237.787215289,5660510.46939679
0.000612699964082149,258.180708947237,494737.787215289,5660510.46939679
0.00447380837228099,258.180708947237,495237.787215289,5660510.46939679
0.00273539276090928,258.180708947237,495737.787215289,5660510.46939679
0.000292024915361881,258.180708947237,496237.787215289,5660510.46939679
0.000228499242857537,258.180708947237,496737.787215289,5660510.46939679
0.000161094784371607,258.180708947237,497237.787215289,5660510.46939679
0.00015871222384621,258.180708947237,497737.787215289,5660510.46939679
0.000162418065508548,258.180708947237,498237.787215289,5660510.46939679
0.00018108205375397,258.180708947237,498737.787215289,5660510.46939679
0.000209454123669621,258.180708947237,499237.787215289,5660510.46939679
0.000257888453016018,258.180708947237,499737.787215289,5660510.46939679
0.000736232582804991,258.180708947237,500237.787215289,5660510.46939679
0.000407463199822334,258.180708947237,500737.787215289,5660510.46939679
0.0005585838077132,258.180708947237,501237.787215289,5660510.46939679
0.000306232662029791,258.180708947237,501737.787215289,5660510.46939679
0.000245363923982976,258.180708947237,502237.787215289,5660510.46939679
0.000271039055812758,258.180708947237,502737.787215289,5660510.46939679
0.000223383740519804,258.180708947237,503237.787215289,5660510.46939679
0.000187563875690227,258.180708947237,503737.787215289,5660510.46939679
0.000197566446086523,258.180708947237,504237.787215289,5660510.46939679
0.000166222623794979,258.180708947237,504737.787215289,5660510.46939679
0.00102393345716335,258.180708947237,505237.787215289,5660510.46939679
0.00267321849043939,258.180708947237,505737.787215289,5660510.46939679
0.00316831788376484,258.180708947237,506237.787215289,5660510.46939679
0.00318795739440431,258.180708947237,506737.787215289,5660510.46939679
0.00341392331664965,258.180708947237,507237.787215289,5660510.46939679
0.0040906674760874,258.180708947237,507737.787215289,5660510.46939679
0.0035055129472183,258.180708947237,508237.787215289,5660510.46939679
0.00394051615507649,258.180708947237,508737.787215289,5660510.46939679
0.00341202666073359,258.180708947237,509237.787215289,5660510.46939679
0.00420786671402765,258.180708947237,509737.787215289,5660510.46939679
0.002334008209395,258.180708947237,510237.787215289,5660510.46939679
0.00104243821943411,258.180708947237,510737.787215289,5660510.46939679
0.00604061375231175,258.180708947237,511237.787215289,5660510.46939679
0.00693937466348008,258.180708947237,511737.787215289,5660510.46939679
0.00144081632380463,258.180708947237,512237.787215289,5660510.46939679
0.00181554660599997,258.180708947237,512737.787215289,5660510.46939679
0.00148448837734768,258.180708947237,513237.787215289,5660510.46939679
0.0020922418705533,258.180708947237,513737.787215289,5660510.46939679
0.00300293505339731,258.180708947237,514237.787215289,5660510.46939679
0.00105370030729448,258.180708947237,514737.787215289,5660510.46939679
0.00141819732276554,258.180708947237,515237.787215289,5660510.46939679
0.0024606753124484,258.180708947237,515737.787215289,5660510.46939679
0.00498037849659949,258.180708947237,516237.787215289,5660510.46939679
0.00122915521670231,258.180708947237,516737.787215289,5660510.46939679
0.0022239646825804,258.180708947237,517237.787215289,5660510.46939679
0.00448579999890011,258.180708947237,517737.787215289,5660510.46939679
0.00246986058442777,258.180708947237,518237.787215289,5660510.46939679
0.00148251022800586,258.180708947237,518737.787215289,5660510.46939679
0.000760794217028539,258.180708947237,519237.787215289,5660510.46939679
0.00348996685618127,258.180708947237,519737.787215289,5660510.46939679
0.00205294087564306,258.180708947237,520237.787215289,5660510.46939679
0.00258141748080541,258.180708947237,520737.787215289,5660510.46939679
0.00233788336471577,258.180708947237,521237.787215289,5660510.46939679
0.00159083068690499,258.180708947237,521737.787215289,5660510.46939679
0.000627645169950607,258.180708947237,522237.787215289,5660510.46939679
0.000878135150895665,258.180708947237,522737.787215289,5660510.46939679
0.000362302855272132,258.180708947237,523237.787215289,5660510.46939679
0.00197907110852658,258.180708947237,523737.787215289,5660510.46939679
0.00224918730692923,258.180708947237,524237.787215289,5660510.46939679
0.000119193060548712,258.180708947237,486737.787215289,5661010.46939679
0.000159471149242656,258.180708947237,487237.787215289,5661010.46939679
0.000469307224074453,258.180708947237,487737.787215289,5661010.46939679
0.000130036310280797,258.180708947237,488237.787215289,5661010.46939679
0.000190276210379193,258.180708947237,488737.787215289,5661010.46939679
0.000690349957483419,258.180708947237,489237.787215289,5661010.46939679
0.00167160261430696,258.180708947237,489737.787215289,5661010.46939679
0.000142935686327027,258.180708947237,490237.787215289,5661010.46939679
0.000166222623794979,258.180708947237,490737.787215289,5661010.46939679
0.000196439560802798,258.180708947237,491237.787215289,5661010.46939679
0.000318950546375471,258.180708947237,491737.787215289,5661010.46939679
0.000972848958675718,258.180708947237,492237.787215289,5661010.46939679
0.00490723538913318,258.180708947237,492737.787215289,5661010.46939679
0.00371841923138565,258.180708947237,493237.787215289,5661010.46939679
0.0046855128607931,258.180708947237,493737.787215289,5661010.46939679
0.00234185924669503,258.180708947237,494237.787215289,5661010.46939679
0.00355041071986471,258.180708947237,494737.787215289,5661010.46939679
0.00371841923138565,258.180708947237,495237.787215289,5661010.46939679
0.000632848336782378,258.180708947237,495737.787215289,5661010.46939679
0.000390975644419946,258.180708947237,496237.787215289,5661010.46939679
0.000186583657703678,258.180708947237,496737.787215289,5661010.46939679
0.000165088149215,258.180708947237,497237.787215289,5661010.46939679
0.000170997470237235,258.180708947237,497737.787215289,5661010.46939679
0.000173406936271829,258.180708947237,498237.787215289,5661010.46939679
0.000235935127782114,258.180708947237,498737.787215289,5661010.46939679
0.000171808293294444,258.180708947237,499237.787215289,5661010.46939679
0.000173406936271829,258.180708947237,499737.787215289,5661010.46939679
0.000311365969393559,258.180708947237,500237.787215289,5661010.46939679
0.000779479355210662,258.180708947237,500737.787215289,5661010.46939679
0.000972848958675718,258.180708947237,501237.787215289,5661010.46939679
0.00042092225517396,258.180708947237,501737.787215289,5661010.46939679
0.000980852632551309,258.180708947237,502237.787215289,5661010.46939679
0.000351349170161693,258.180708947237,502737.787215289,5661010.46939679
0.000180116572875429,258.180708947237,503237.787215289,5661010.46939679
0.000166222623794979,258.180708947237,503737.787215289,5661010.46939679
0.000222658753943614,258.180708947237,504237.787215289,5661010.46939679
0.000162973718152716,258.180708947237,504737.787215289,5661010.46939679
0.000653242137424324,258.180708947237,505237.787215289,5661010.46939679
0.00272703431657351,258.180708947237,505737.787215289,5661010.46939679
0.00340991404021178,258.180708947237,506237.787215289,5661010.46939679
0.0029941727897249,258.180708947237,506737.787215289,5661010.46939679
0.00194247171400125,258.180708947237,507237.787215289,5661010.46939679
0.000927439809794878,258.180708947237,507737.787215289,5661010.46939679
0.00183696481609204,258.180708947237,508237.787215289,5661010.46939679
0.00432683540446153,258.180708947237,508737.787215289,5661010.46939679
0.002941041556049,258.180708947237,509237.787215289,5661010.46939679
0.00398440301354867,258.180708947237,509737.787215289,5661010.46939679
0.00502067421687903,258.180708947237,510237.787215289,5661010.46939679
0.0030191502172443,258.180708947237,510737.787215289,5661010.46939679
0.00489078397851383,258.180708947237,511237.787215289,5661010.46939679
0.00466980477061145,258.180708947237,511737.787215289,5661010.46939679
0.00693937466348008,258.180708947237,512237.787215289,5661010.46939679
0.00304441378995774,258.180708947237,512737.787215289,5661010.46939679
0.00188051590411829,258.180708947237,513237.787215289,5661010.46939679
0.00273770359845691,258.180708947237,513737.787215289,5661010.46939679
0.00250759247628983,258.180708947237,514237.787215289,5661010.46939679
0.00349812283067154,258.180708947237,514737.787215289,5661010.46939679
0.00425568043999559,258.180708947237,515237.787215289,5661010.46939679
0.000501635261010481,258.180708947237,515737.787215289,5661010.46939679
0.000877557142880302,258.180708947237,516237.787215289,5661010.46939679
0.00181877390512754,258.180708947237,516737.787215289,5661010.46939679
0.00307387484312146,258.180708947237,517237.787215289,5661010.46939679
0.00774963606158795,258.180708947237,517737.787215289,5661010.46939679
0.00120785595643543,258.180708947237,518237.787215289,5661010.46939679
0.00329840286950017,258.180708947237,518737.787215289,5661010.46939679
0.0014377695304722,258.180708947237,519237.787215289,5661010.46939679
0.0033073425606209,258.180708947237,519737.787215289,5661010.46939679
0.00063552506559272,258.180708947237,520237.787215289,5661010.46939679
0.00333534700143843,258.180708947237,520737.787215289,5661010.46939679
0.000599243360071816,258.180708947237,521237.787215289,5661010.46939679
0.00271378412502464,258.180708947237,521737.787215289,5661010.46939679
0.000465098224815051,258.180708947237,522237.787215289,5661010.46939679
0.0013847924619909,258.180708947237,522737.787215289,5661010.46939679
0.00036169757046281,258.180708947237,523237.787215289,5661010.46939679
0.00217136242027425,258.180708947237,523737.787215289,5661010.46939679
0.00411208955364802,258.180708947237,524237.787215289,5661010.46939679
0.000120838015944413,258.180708947237,486737.787215289,5661510.46939679
0.000127119931228608,258.180708947237,487237.787215289,5661510.46939679
0.000303007143253012,258.180708947237,487737.787215289,5661510.46939679
0.000178617700007966,258.180708947237,488237.787215289,5661510.46939679
0.000195922360920829,258.180708947237,488737.787215289,5661510.46939679
0.000748955514092916,258.180708947237,489237.787215289,5661510.46939679
0.000213001242413711,258.180708947237,489737.787215289,5661510.46939679
0.00214966088490824,258.180708947237,490237.787215289,5661510.46939679
0.000213001242413711,258.180708947237,490737.787215289,5661510.46939679
0.000164207943540078,258.180708947237,491237.787215289,5661510.46939679
0.000173406936271829,258.180708947237,491737.787215289,5661510.46939679
0.000341531415034838,258.180708947237,492237.787215289,5661510.46939679
0.00193568127146895,258.180708947237,492737.787215289,5661510.46939679
0.00271617682048576,258.180708947237,493237.787215289,5661510.46939679
0.0016943475326846,258.180708947237,493737.787215289,5661510.46939679
0.0016943475326846,258.180708947237,494237.787215289,5661510.46939679
0.000335900787734201,258.180708947237,494737.787215289,5661510.46939679
0.000223692382843827,258.180708947237,495237.787215289,5661510.46939679
0.000196439560802798,258.180708947237,495737.787215289,5661510.46939679
0.00015871222384621,258.180708947237,496237.787215289,5661510.46939679
0.000173406936271829,258.180708947237,496737.787215289,5661510.46939679
0.000247099782454993,258.180708947237,497237.787215289,5661510.46939679
0.000200874952443027,258.180708947237,497737.787215289,5661510.46939679
0.000234277700218487,258.180708947237,498237.787215289,5661510.46939679
0.000279184946026561,258.180708947237,498737.787215289,5661510.46939679
0.000203934960486779,258.180708947237,499237.787215289,5661510.46939679
0.000339132181031642,258.180708947237,499737.787215289,5661510.46939679
0.000279184946026561,258.180708947237,500237.787215289,5661510.46939679
0.000641693457257017,258.180708947237,500737.787215289,5661510.46939679
0.000464268605202328,258.180708947237,501237.787215289,5661510.46939679
0.00513945001962601,258.180708947237,501737.787215289,5661510.46939679
0.000256974757461669,258.180708947237,502237.787215289,5661510.46939679
0.000245025380082792,258.180708947237,502737.787215289,5661510.46939679
0.000179089218689792,258.180708947237,503237.787215289,5661510.46939679
0.000182326437362673,258.180708947237,503737.787215289,5661510.46939679
0.000606629199880196,258.180708947237,504237.787215289,5661510.46939679
0.000322313001964184,258.180708947237,504737.787215289,5661510.46939679
0.000330572356443887,258.180708947237,505237.787215289,5661510.46939679
0.00054835700878799,258.180708947237,505737.787215289,5661510.46939679
0.00287588385890997,258.180708947237,506237.787215289,5661510.46939679
0.00350368236243577,258.180708947237,506737.787215289,5661510.46939679
0.000286099754002689,258.180708947237,507237.787215289,5661510.46939679
0.00421765061885194,258.180708947237,507737.787215289,5661510.46939679
0.00105116110894306,258.180708947237,508237.787215289,5661510.46939679
0.00104243821943411,258.180708947237,508737.787215289,5661510.46939679
0.00316201902147005,258.180708947237,509237.787215289,5661510.46939679
0.00693937466348008,258.180708947237,509737.787215289,5661510.46939679
0.000384584592827328,258.180708947237,510237.787215289,5661510.46939679
0.000726158179424788,258.180708947237,510737.787215289,5661510.46939679
0.00413133695991718,258.180708947237,511237.787215289,5661510.46939679
0.000656527258326478,258.180708947237,511737.787215289,5661510.46939679
0.00576768204073048,258.180708947237,512237.787215289,5661510.46939679
0.00241187159672473,258.180708947237,512737.787215289,5661510.46939679
0.00286725410482193,258.180708947237,513237.787215289,5661510.46939679
0.0028806880243981,258.180708947237,513737.787215289,5661510.46939679
0.00262270967156845,258.180708947237,514237.787215289,5661510.46939679
0.00148947532444286,258.180708947237,514737.787215289,5661510.46939679
0.0037838591780026,258.180708947237,515237.787215289,5661510.46939679
0.000644542935249646,258.180708947237,515737.787215289,5661510.46939679
0.000428053218797533,258.180708947237,516237.787215289,5661510.46939679
0.00210211841238816,258.180708947237,516737.787215289,5661510.46939679
0.00413689890966875,258.180708947237,517237.787215289,5661510.46939679
0.00444963339999448,258.180708947237,517737.787215289,5661510.46939679
0.00448579999890011,258.180708947237,518237.787215289,5661510.46939679
0.00430159497009345,258.180708947237,518737.787215289,5661510.46939679
0.00248043875597093,258.180708947237,519237.787215289,5661510.46939679
0.00449367458465371,258.180708947237,519737.787215289,5661510.46939679
0.000861752916525099,258.180708947237,520237.787215289,5661510.46939679
0.00342348892389716,258.180708947237,520737.787215289,5661510.46939679
0.00194966051930324,258.180708947237,521237.787215289,5661510.46939679
0.00241887027277625,258.180708947237,521737.787215289,5661510.46939679
0.000596028836925579,258.180708947237,522237.787215289,5661510.46939679
0.000393029636520217,258.180708947237,522737.787215289,5661510.46939679
0.00314238188337341,258.180708947237,523237.787215289,5661510.46939679
0.000515070325161122,258.180708947237,523737.787215289,5661510.46939679
0.000489670561091628,258.180708947237,524237.787215289,5661510.46939679
0.00012406014602823,258.180708947237,486737.787215289,5662010.46939679
0.000144180310061334,258.180708947237,487237.787215289,5662010.46939679
0.000190171257117795,258.180708947237,487737.787215289,5662010.46939679
0.000146374970058648,258.180708947237,488237.787215289,5662010.46939679
0.000147485499967571,258.180708947237,488737.787215289,5662010.46939679
0.000153301560468564,258.180708947237,489237.787215289,5662010.46939679
0.000162973718152716,258.180708947237,489737.787215289,5662010.46939679
0.000148579215569722,258.180708947237,490237.787215289,5662010.46939679
0.000163185475265692,258.180708947237,490737.787215289,5662010.46939679
0.000164207943540078,258.180708947237,491237.787215289,5662010.46939679
0.000543229810150993,258.180708947237,491737.787215289,5662010.46939679
0.000190206773197221,258.180708947237,492237.787215289,5662010.46939679
0.000430357562698564,258.180708947237,492737.787215289,5662010.46939679
0.00133719824304563,258.180708947237,493237.787215289,5662010.46939679
0.00427166928072493,258.180708947237,493737.787215289,5662010.46939679
0.000479790260056573,258.180708947237,494237.787215289,5662010.46939679
0.000213585339516665,258.180708947237,494737.787215289,5662010.46939679
0.000183132858474902,258.180708947237,495237.787215289,5662010.46939679
0.000211281568490553,258.180708947237,495737.787215289,5662010.46939679
0.000162418065508548,258.180708947237,496237.787215289,5662010.46939679
0.000185666065152496,258.180708947237,496737.787215289,5662010.46939679
0.000223692382843827,258.180708947237,497237.787215289,5662010.46939679
0.000234277700218487,258.180708947237,497737.787215289,5662010.46939679
0.000368443191044985,258.180708947237,498237.787215289,5662010.46939679
0.000335900787734201,258.180708947237,498737.787215289,5662010.46939679
0.000368443191044985,258.180708947237,499237.787215289,5662010.46939679
0.000509247410691122,258.180708947237,499737.787215289,5662010.46939679
0.0005585838077132,258.180708947237,500237.787215289,5662010.46939679
0.000641693457257017,258.180708947237,500737.787215289,5662010.46939679
0.000385878242083208,258.180708947237,501237.787215289,5662010.46939679
0.000423262511014025,258.180708947237,501737.787215289,5662010.46939679
0.00490723538913318,258.180708947237,502237.787215289,5662010.46939679
0.000200874952443027,258.180708947237,502737.787215289,5662010.46939679
0.000223383740519804,258.180708947237,503237.787215289,5662010.46939679
0.000238975813974386,258.180708947237,503737.787215289,5662010.46939679
0.000164207943540078,258.180708947237,504237.787215289,5662010.46939679
0.00201835231067059,258.180708947237,504737.787215289,5662010.46939679
0.00320475282974449,258.180708947237,505237.787215289,5662010.46939679
0.00240777334284085,258.180708947237,505737.787215289,5662010.46939679
0.00263120953162311,258.180708947237,506237.787215289,5662010.46939679
0.00105619286733525,258.180708947237,506737.787215289,5662010.46939679
0.00366344068027217,258.180708947237,507237.787215289,5662010.46939679
0.00536607695086962,258.180708947237,507737.787215289,5662010.46939679
0.00425734859304754,258.180708947237,508237.787215289,5662010.46939679
0.00525825687098998,258.180708947237,508737.787215289,5662010.46939679
0.00693937466348008,258.180708947237,509237.787215289,5662010.46939679
0.00153951729484472,258.180708947237,509737.787215289,5662010.46939679
0.000680738197992064,258.180708947237,510237.787215289,5662010.46939679
0.00410517278750937,258.180708947237,510737.787215289,5662010.46939679
0.0044069866128458,258.180708947237,511237.787215289,5662010.46939679
0.00363248431082585,258.180708947237,511737.787215289,5662010.46939679
0.00406498975569364,258.180708947237,512237.787215289,5662010.46939679
0.00438417610464631,258.180708947237,512737.787215289,5662010.46939679
0.00203536167059529,258.180708947237,513237.787215289,5662010.46939679
0.00257630107255551,258.180708947237,513737.787215289,5662010.46939679
0.00254999381481207,258.180708947237,514237.787215289,5662010.46939679
0.00388851831233302,258.180708947237,514737.787215289,5662010.46939679
0.00349791625243393,258.180708947237,515237.787215289,5662010.46939679
0.00175891563730866,258.180708947237,515737.787215289,5662010.46939679
0.00202512312997883,258.180708947237,516237.787215289,5662010.46939679
0.00300707449359426,258.180708947237,516737.787215289,5662010.46939679
0.00475241302560478,258.180708947237,517237.787215289,5662010.46939679
0.00644113322917231,258.180708947237,517737.787215289,5662010.46939679
0.00497730132770945,258.180708947237,518237.787215289,5662010.46939679
0.00526760390056012,258.180708947237,518737.787215289,5662010.46939679
0.0013146210232505,258.180708947237,519237.787215289,5662010.46939679
0.00414192218302449,258.180708947237,519737.787215289,5662010.46939679
0.000915158827437305,258.180708947237,520237.787215289,5662010.46939679
0.00398688423076098,258.180708947237,520737.787215289,5662010.46939679
0.000603449983870934,258.180708947237,521237.787215289,5662010.46939679
0.003061828267328,258.180708947237,521737.787215289,5662010.46939679
0.00288628396045391,258.180708947237,522237.787215289,5662010.46939679
0.00319220751229455,258.180708947237,522737.787215289,5662010.46939679
0.00320642723146104,258.180708947237,523237.787215289,5662010.46939679
0.0038431226039439,258.180708947237,523737.787215289,5662010.46939679
0.00125833377205459,258.180708947237,524237.787215289,5662010.46939679
0.000137665843085805,258.180708947237,486737.787215289,5662510.46939679
0.000139318595733129,258.180708947237,487237.787215289,5662510.46939679
0.000213001242413711,258.180708947237,487737.787215289,5662510.46939679
0.000240618039582177,258.180708947237,488237.787215289,5662510.46939679
0.000332572609837799,258.180708947237,488737.787215289,5662510.46939679
0.000606629199880196,258.180708947237,489237.787215289,5662510.46939679
0.000213001242413711,258.180708947237,489737.787215289,5662510.46939679
0.000406910339706171,258.180708947237,490237.787215289,5662510.46939679
0.000165088149215,258.180708947237,490737.787215289,5662510.46939679
0.000502227930208627,258.180708947237,491237.787215289,5662510.46939679
0.00202727938640785,258.180708947237,491737.787215289,5662510.46939679
0.00297932273970759,258.180708947237,492237.787215289,5662510.46939679
0.00447380837228099,258.180708947237,492737.787215289,5662510.46939679
0.00234185924669503,258.180708947237,493237.787215289,5662510.46939679
0.00256874090605971,258.180708947237,493737.787215289,5662510.46939679
0.0046855128607931,258.180708947237,494237.787215289,5662510.46939679
0.00187637651182031,258.180708947237,494737.787215289,5662510.46939679
0.000196098188277373,258.180708947237,495237.787215289,5662510.46939679
0.000205377724456131,258.180708947237,495737.787215289,5662510.46939679
0.000208634195078485,258.180708947237,496237.787215289,5662510.46939679
0.000234277700218487,258.180708947237,496737.787215289,5662510.46939679
0.000243025993866817,258.180708947237,497237.787215289,5662510.46939679
0.000351795904051359,258.180708947237,497737.787215289,5662510.46939679
0.000335900787734201,258.180708947237,498237.787215289,5662510.46939679
0.000464268605202328,258.180708947237,498737.787215289,5662510.46939679
0.000254526194466712,258.180708947237,499237.787215289,5662510.46939679
0.000243025993866817,258.180708947237,499737.787215289,5662510.46939679
0.000295209095334227,258.180708947237,500237.787215289,5662510.46939679
0.000223692382843827,258.180708947237,500737.787215289,5662510.46939679
0.000230762404727076,258.180708947237,501237.787215289,5662510.46939679
0.000895455248431434,258.180708947237,501737.787215289,5662510.46939679
0.00140826202776607,258.180708947237,502237.787215289,5662510.46939679
0.00563736506311985,258.180708947237,502737.787215289,5662510.46939679
0.002155555736417,258.180708947237,503237.787215289,5662510.46939679
0.000494388896440292,258.180708947237,503737.787215289,5662510.46939679
0.00187378755818682,258.180708947237,504237.787215289,5662510.46939679
0.00316277846965299,258.180708947237,504737.787215289,5662510.46939679
0.00398535998047651,258.180708947237,505237.787215289,5662510.46939679
0.00276601716577527,258.180708947237,505737.787215289,5662510.46939679
0.00190369399193118,258.180708947237,506237.787215289,5662510.46939679
0.00139386838702589,258.180708947237,506737.787215289,5662510.46939679
0.00083432827233484,258.180708947237,507237.787215289,5662510.46939679
0.000969852995104163,258.180708947237,507737.787215289,5662510.46939679
0.00512222011400181,258.180708947237,508237.787215289,5662510.46939679
0.00445881001725453,258.180708947237,508737.787215289,5662510.46939679
0.00265011311525348,258.180708947237,509237.787215289,5662510.46939679
0.0023147261605078,258.180708947237,509737.787215289,5662510.46939679
0.00471596648932375,258.180708947237,510237.787215289,5662510.46939679
0.00466980477061145,258.180708947237,510737.787215289,5662510.46939679
0.000754209557029078,258.180708947237,511237.787215289,5662510.46939679
0.00275248657298818,258.180708947237,511737.787215289,5662510.46939679
0.00253037364206612,258.180708947237,512237.787215289,5662510.46939679
0.00322685593450804,258.180708947237,512737.787215289,5662510.46939679
0.00197128323101106,258.180708947237,513237.787215289,5662510.46939679
0.00325967277651805,258.180708947237,513737.787215289,5662510.46939679
0.00352084375364944,258.180708947237,514237.787215289,5662510.46939679
0.00150122858796671,258.180708947237,514737.787215289,5662510.46939679
0.00339997052768979,258.180708947237,515237.787215289,5662510.46939679
0.00324577145453557,258.180708947237,515737.787215289,5662510.46939679
0.00497437596236382,258.180708947237,516237.787215289,5662510.46939679
0.000933684469053727,258.180708947237,516737.787215289,5662510.46939679
0.00288786094890755,258.180708947237,517237.787215289,5662510.46939679
0.0015363488348912,258.180708947237,517737.787215289,5662510.46939679
0.00615010493488876,258.180708947237,518237.787215289,5662510.46939679
0.00433266055049451,258.180708947237,518737.787215289,5662510.46939679
0.00541041870773651,258.180708947237,519237.787215289,5662510.46939679
0.00370621458237459,258.180708947237,519737.787215289,5662510.46939679
0.00372869796325434,258.180708947237,520237.787215289,5662510.46939679
0.00385694265457923,258.180708947237,520737.787215289,5662510.46939679
0.00354454766527432,258.180708947237,521237.787215289,5662510.46939679
0.00356426906950719,258.180708947237,521737.787215289,5662510.46939679
0.00352787342224479,258.180708947237,522237.787215289,5662510.46939679
0.00312924880528675,258.180708947237,522737.787215289,5662510.46939679
0.00330377613996486,258.180708947237,523237.787215289,5662510.46939679
0.00381689317258025,258.180708947237,523737.787215289,5662510.46939679
0.00398157152334115,258.180708947237,524237.787215289,5662510.46939679
0.000177072789769976,258.180708947237,486737.787215289,5663010.46939679
0.00072099481842364,258.180708947237,487237.787215289,5663010.46939679
0.000213001242413711,258.180708947237,487737.787215289,5663010.46939679
0.000164207943540078,258.180708947237,488237.787215289,5663010.46939679
0.000228178222767764,258.180708947237,488737.787215289,5663010.46939679
0.000171978405706532,258.180708947237,489237.787215289,5663010.46939679
0.000173812184403674,258.180708947237,489737.787215289,5663010.46939679
0.000173812184403674,258.180708947237,490237.787215289,5663010.46939679
0.000216492524841542,258.180708947237,490737.787215289,5663010.46939679
0.000195278627538137,258.180708947237,491237.787215289,5663010.46939679
0.00358456596397927,258.180708947237,491737.787215289,5663010.46939679
0.00070386135935933,258.180708947237,492237.787215289,5663010.46939679
0.00295093450623851,258.180708947237,492737.787215289,5663010.46939679
0.000423953693854124,258.180708947237,493237.787215289,5663010.46939679
0.000737168688745598,258.180708947237,493737.787215289,5663010.46939679
0.000772052149817594,258.180708947237,494237.787215289,5663010.46939679
0.00490723538913318,258.180708947237,494737.787215289,5663010.46939679
0.00297932273970759,258.180708947237,495237.787215289,5663010.46939679
0.00284470866106529,258.180708947237,495737.787215289,5663010.46939679
0.00098915660100983,258.180708947237,496237.787215289,5663010.46939679
0.000213585339516665,258.180708947237,496737.787215289,5663010.46939679
0.000351795904051359,258.180708947237,497237.787215289,5663010.46939679
0.000486238197866503,258.180708947237,497737.787215289,5663010.46939679
0.000223692382843827,258.180708947237,498237.787215289,5663010.46939679
0.000309178645509662,258.180708947237,498737.787215289,5663010.46939679
0.000245363923982976,258.180708947237,499237.787215289,5663010.46939679
0.000389590422615761,258.180708947237,499737.787215289,5663010.46939679
0.000191798864013585,258.180708947237,500237.787215289,5663010.46939679
0.000187237927323915,258.180708947237,500737.787215289,5663010.46939679
0.000268763683269928,258.180708947237,501237.787215289,5663010.46939679
0.000923757008739028,258.180708947237,501737.787215289,5663010.46939679
0.002155555736417,258.180708947237,502237.787215289,5663010.46939679
0.00371841923138565,258.180708947237,502737.787215289,5663010.46939679
0.0046855128607931,258.180708947237,503237.787215289,5663010.46939679
0.00326796249802002,258.180708947237,503737.787215289,5663010.46939679
0.0028020243103085,258.180708947237,504237.787215289,5663010.46939679
0.00314238188337341,258.180708947237,504737.787215289,5663010.46939679
0.00238111529220072,258.180708947237,505237.787215289,5663010.46939679
0.00332792780589912,258.180708947237,505737.787215289,5663010.46939679
0.00330377613996486,258.180708947237,506237.787215289,5663010.46939679
0.0012097352369217,258.180708947237,506737.787215289,5663010.46939679
0.00316712215697489,258.180708947237,507237.787215289,5663010.46939679
0.0022360475396912,258.180708947237,507737.787215289,5663010.46939679
0.00230688073572811,258.180708947237,508237.787215289,5663010.46939679
0.00383621078710568,258.180708947237,508737.787215289,5663010.46939679
0.00270778160901789,258.180708947237,509237.787215289,5663010.46939679
0.00298589529352301,258.180708947237,509737.787215289,5663010.46939679
0.00637939923602556,258.180708947237,510237.787215289,5663010.46939679
0.00190145984447808,258.180708947237,510737.787215289,5663010.46939679
0.0034683585777633,258.180708947237,511237.787215289,5663010.46939679
0.00288273662251675,258.180708947237,511737.787215289,5663010.46939679
0.00541763796059797,258.180708947237,512237.787215289,5663010.46939679
0.0035055129472183,258.180708947237,512737.787215289,5663010.46939679
0.00323021941598003,258.180708947237,513237.787215289,5663010.46939679
0.00267066173157369,258.180708947237,513737.787215289,5663010.46939679
0.00314318807428536,258.180708947237,514237.787215289,5663010.46939679
0.00310582707848037,258.180708947237,514737.787215289,5663010.46939679
0.000873861014097597,258.180708947237,515237.787215289,5663010.46939679
0.0040633969744311,258.180708947237,515737.787215289,5663010.46939679
0.00214449736831733,258.180708947237,516237.787215289,5663010.46939679
0.00485541538898401,258.180708947237,516737.787215289,5663010.46939679
0.00410723695849774,258.180708947237,517237.787215289,5663010.46939679
0.00188503340381844,258.180708947237,517737.787215289,5663010.46939679
0.00674593323450313,258.180708947237,518237.787215289,5663010.46939679
0.00475241302560478,258.180708947237,518737.787215289,5663010.46939679
0.00226937617639316,258.180708947237,519237.787215289,5663010.46939679
0.00340104678786945,258.180708947237,519737.787215289,5663010.46939679
0.0037446526959449,258.180708947237,520237.787215289,5663010.46939679
0.00244151486816302,258.180708947237,520737.787215289,5663010.46939679
0.00309568355992429,258.180708947237,521237.787215289,5663010.46939679
0.0032773275700937,258.180708947237,521737.787215289,5663010.46939679
0.00356374537671342,258.180708947237,522237.787215289,5663010.46939679
0.00218872247721096,258.180708947237,522737.787215289,5663010.46939679
0.00191705771856761,258.180708947237,523237.787215289,5663010.46939679
0.00161449118440499,258.180708947237,523737.787215289,5663010.46939679
0.00446680969091104,258.180708947237,524237.787215289,5663010.46939679
0.000338323553333206,258.180708947237,486737.787215289,5663510.46939679
0.000250636477388714,258.180708947237,487237.787215289,5663510.46939679
0.00132609838041944,258.180708947237,487737.787215289,5663510.46939679
0.000213001242413711,258.180708947237,488237.787215289,5663510.46939679
0.000213001242413711,258.180708947237,488737.787215289,5663510.46939679
0.000183132858474902,258.180708947237,489237.787215289,5663510.46939679
0.000183132858474902,258.180708947237,489737.787215289,5663510.46939679
0.000196148498068833,258.180708947237,490237.787215289,5663510.46939679
0.000195437218829579,258.180708947237,490737.787215289,5663510.46939679
0.000974437609899835,258.180708947237,491237.787215289,5663510.46939679
0.000487032219283049,258.180708947237,491737.787215289,5663510.46939679
0.000256974757461669,258.180708947237,492237.787215289,5663510.46939679
0.000487032219283049,258.180708947237,492737.787215289,5663510.46939679
0.000325000922442281,258.180708947237,493237.787215289,5663510.46939679
0.00171554953538596,258.180708947237,493737.787215289,5663510.46939679
0.000205377724456131,258.180708947237,494237.787215289,5663510.46939679
0.000509247410691122,258.180708947237,494737.787215289,5663510.46939679
0.00106709953601808,258.180708947237,495237.787215289,5663510.46939679
0.000737168688745598,258.180708947237,495737.787215289,5663510.46939679
0.000443291659771438,258.180708947237,496237.787215289,5663510.46939679
0.000266570594523355,258.180708947237,496737.787215289,5663510.46939679
0.000371987644947763,258.180708947237,497237.787215289,5663510.46939679
0.00042092225517396,258.180708947237,497737.787215289,5663510.46939679
0.000196439560802798,258.180708947237,498237.787215289,5663510.46939679
0.000287523254050314,258.180708947237,498737.787215289,5663510.46939679
0.00241180264452194,258.180708947237,499237.787215289,5663510.46939679
0.000287523254050314,258.180708947237,499737.787215289,5663510.46939679
0.00018863984516608,258.180708947237,500237.787215289,5663510.46939679
0.00015871222384621,258.180708947237,500737.787215289,5663510.46939679
0.000182326437362673,258.180708947237,501237.787215289,5663510.46939679
0.000206915461496984,258.180708947237,501737.787215289,5663510.46939679
0.00210558756997027,258.180708947237,502237.787215289,5663510.46939679
0.00146674734242463,258.180708947237,502737.787215289,5663510.46939679
0.00155955595910239,258.180708947237,503237.787215289,5663510.46939679
0.00295093450623851,258.180708947237,503737.787215289,5663510.46939679
0.00371841923138565,258.180708947237,504237.787215289,5663510.46939679
0.00295093450623851,258.180708947237,504737.787215289,5663510.46939679
0.00371841923138565,258.180708947237,505237.787215289,5663510.46939679
0.00371841923138565,258.180708947237,505737.787215289,5663510.46939679
0.00407866339491552,258.180708947237,506237.787215289,5663510.46939679
0.00389437805124292,258.180708947237,506737.787215289,5663510.46939679
0.00101888501432621,258.180708947237,507237.787215289,5663510.46939679
0.00250759247628983,258.180708947237,507737.787215289,5663510.46939679
0.00212844175061198,258.180708947237,508237.787215289,5663510.46939679
0.00406610283570144,258.180708947237,508737.787215289,5663510.46939679
0.00335071639584953,258.180708947237,509237.787215289,5663510.46939679
0.00489078397851383,258.180708947237,509737.787215289,5663510.46939679
0.00437041595116109,258.180708947237,510237.787215289,5663510.46939679
0.00398440301354867,258.180708947237,510737.787215289,5663510.46939679
0.00308021419074966,258.180708947237,511237.787215289,5663510.46939679
0.00230688073572811,258.180708947237,511737.787215289,5663510.46939679
0.00216031101381307,258.180708947237,512237.787215289,5663510.46939679
0.00399083338235605,258.180708947237,512737.787215289,5663510.46939679
0.00235174408676363,258.180708947237,513237.787215289,5663510.46939679
0.00154214498749646,258.180708947237,513737.787215289,5663510.46939679
0.000985022580587383,258.180708947237,514237.787215289,5663510.46939679
0.00342260531495574,258.180708947237,514737.787215289,5663510.46939679
0.0013426096133253,258.180708947237,515237.787215289,5663510.46939679
0.00107024016033751,258.180708947237,515737.787215289,5663510.46939679
0.00282539171552612,258.180708947237,516237.787215289,5663510.46939679
0.00239092853685324,258.180708947237,516737.787215289,5663510.46939679
0.00385325374087394,258.180708947237,517237.787215289,5663510.46939679
0.00440806838259694,258.180708947237,517737.787215289,5663510.46939679
0.00133736688829218,258.180708947237,518237.787215289,5663510.46939679
0.00674593323450313,258.180708947237,518737.787215289,5663510.46939679
0.00191645075222882,258.180708947237,519237.787215289,5663510.46939679
0.00417632686547994,258.180708947237,519737.787215289,5663510.46939679
0.0030455090421658,258.180708947237,520237.787215289,5663510.46939679
0.00250173132480513,258.180708947237,520737.787215289,5663510.46939679
0.00419009439954875,258.180708947237,521237.787215289,5663510.46939679
0.00393184228947044,258.180708947237,521737.787215289,5663510.46939679
0.00286483391643933,258.180708947237,522237.787215289,5663510.46939679
0.00307348721996037,258.180708947237,522737.787215289,5663510.46939679
0.00311590369423175,258.180708947237,523237.787215289,5663510.46939679
0.00349791625243393,258.180708947237,523737.787215289,5663510.46939679
0.00308105761841898,258.180708947237,524237.787215289,5663510.46939679
0.000141750862820825,258.180708947237,486737.787215289,5664010.46939679
0.00016002832440383,258.180708947237,487237.787215289,5664010.46939679
0.0023611258322281,258.180708947237,487737.787215289,5664010.46939679
0.00235792217530289,258.180708947237,488237.787215289,5664010.46939679
0.000279184946026561,258.180708947237,488737.787215289,5664010.46939679
0.000185922594144747,258.180708947237,489237.787215289,5664010.46939679
0.000213585339516665,258.180708947237,489737.787215289,5664010.46939679
0.000243422852535582,258.180708947237,490237.787215289,5664010.46939679
0.00030673273646484,258.180708947237,490737.787215289,5664010.46939679
0.000444015549982407,258.180708947237,491237.787215289,5664010.46939679
0.000352370382739574,258.180708947237,491737.787215289,5664010.46939679
0.000371987644947763,258.180708947237,492237.787215289,5664010.46939679
0.000487032219283049,258.180708947237,492737.787215289,5664010.46939679
0.000356487335933109,258.180708947237,493237.787215289,5664010.46939679
0.000592337006885025,258.180708947237,493737.787215289,5664010.46939679
0.000196910847022837,258.180708947237,494237.787215289,5664010.46939679
0.000223692382843827,258.180708947237,494737.787215289,5664010.46939679
0.000245363923982976,258.180708947237,495237.787215289,5664010.46939679
0.000672058947650362,258.180708947237,495737.787215289,5664010.46939679
0.000533345439402959,258.180708947237,496237.787215289,5664010.46939679
0.000279184946026561,258.180708947237,496737.787215289,5664010.46939679
0.000423262511014025,258.180708947237,497237.787215289,5664010.46939679
0.000295209095334227,258.180708947237,497737.787215289,5664010.46939679
0.000281481813632826,258.180708947237,498237.787215289,5664010.46939679
0.000584273584559412,258.180708947237,498737.787215289,5664010.46939679
0.00139430866199766,258.180708947237,499237.787215289,5664010.46939679
0.000182326437362673,258.180708947237,499737.787215289,5664010.46939679
0.000182326437362673,258.180708947237,500237.787215289,5664010.46939679
0.000153816074454335,258.180708947237,500737.787215289,5664010.46939679
0.000161094784371607,258.180708947237,501237.787215289,5664010.46939679
0.000166222623794979,258.180708947237,501737.787215289,5664010.46939679
0.000201735280236046,258.180708947237,502237.787215289,5664010.46939679
0.00215258158180525,258.180708947237,502737.787215289,5664010.46939679
0.00146674734242463,258.180708947237,503237.787215289,5664010.46939679
0.00179159660799911,258.180708947237,503737.787215289,5664010.46939679
0.00407866339491552,258.180708947237,504237.787215289,5664010.46939679
0.00281760308685357,258.180708947237,504737.787215289,5664010.46939679
0.00338999329966161,258.180708947237,505237.787215289,5664010.46939679
0.00389437805124292,258.180708947237,505737.787215289,5664010.46939679
0.00407866339491552,258.180708947237,506237.787215289,5664010.46939679
0.00355041071986471,258.180708947237,506737.787215289,5664010.46939679
0.00143784934931028,258.180708947237,507237.787215289,5664010.46939679
0.00339997052768979,258.180708947237,507737.787215289,5664010.46939679
0.00376832769570532,258.180708947237,508237.787215289,5664010.46939679
0.00388238501299033,258.180708947237,508737.787215289,5664010.46939679
0.00341202666073359,258.180708947237,509237.787215289,5664010.46939679
0.00576768204073048,258.180708947237,509737.787215289,5664010.46939679
0.00550708214214719,258.180708947237,510237.787215289,5664010.46939679
0.00193991791552785,258.180708947237,510737.787215289,5664010.46939679
0.00313048826577768,258.180708947237,511237.787215289,5664010.46939679
0.00391968967583002,258.180708947237,511737.787215289,5664010.46939679
0.00293062172281176,258.180708947237,512237.787215289,5664010.46939679
0.00237174532354921,258.180708947237,512737.787215289,5664010.46939679
0.00278051950004522,258.180708947237,513237.787215289,5664010.46939679
0.00252996041978307,258.180708947237,513737.787215289,5664010.46939679
0.0012832895849977,258.180708947237,514237.787215289,5664010.46939679
0.00354438302455381,258.180708947237,514737.787215289,5664010.46939679
0.00200568951279967,258.180708947237,515237.787215289,5664010.46939679
0.00349812283067154,258.180708947237,515737.787215289,5664010.46939679
0.00400922630898246,258.180708947237,516237.787215289,5664010.46939679
0.00223338943996693,258.180708947237,516737.787215289,5664010.46939679
0.00091908390724167,258.180708947237,517237.787215289,5664010.46939679
0.00253099476527468,258.180708947237,517737.787215289,5664010.46939679
0.00674593323450313,258.180708947237,518237.787215289,5664010.46939679
0.00644113322917231,258.180708947237,518737.787215289,5664010.46939679
0.00406712279649825,258.180708947237,519237.787215289,5664010.46939679
0.00556141281692032,258.180708947237,519737.787215289,5664010.46939679
0.00232125871904022,258.180708947237,520237.787215289,5664010.46939679
0.00302402277890931,258.180708947237,520737.787215289,5664010.46939679
0.00290336578476609,258.180708947237,521237.787215289,5664010.46939679
0.00336176225112396,258.180708947237,521737.787215289,5664010.46939679
0.00096746999078275,258.180708947237,522237.787215289,5664010.46939679
0.003218927298235,258.180708947237,522737.787215289,5664010.46939679
0.00258979269017498,258.180708947237,523237.787215289,5664010.46939679
0.00462667836936094,258.180708947237,523737.787215289,5664010.46939679
0.00468876854493223,258.180708947237,524237.787215289,5664010.46939679
0.000155483827779565,258.180708947237,486737.787215289,5664510.46939679
0.000201648798972541,258.180708947237,487237.787215289,5664510.46939679
0.00163110185597294,258.180708947237,487737.787215289,5664510.46939679
0.00163335549836595,258.180708947237,488237.787215289,5664510.46939679
0.00234185924669503,258.180708947237,488737.787215289,5664510.46939679
0.000335900787734201,258.180708947237,489237.787215289,5664510.46939679
0.000486238197866503,258.180708947237,489737.787215289,5664510.46939679
0.000254526194466712,258.180708947237,490237.787215289,5664510.46939679
0.000279184946026561,258.180708947237,490737.787215289,5664510.46939679
0.000282908062588208,258.180708947237,491237.787215289,5664510.46939679
0.000195437218829579,258.180708947237,491737.787215289,5664510.46939679
0.000423953693854124,258.180708947237,492237.787215289,5664510.46939679
0.000404798288122293,258.180708947237,492737.787215289,5664510.46939679
0.000192537796773733,258.180708947237,493237.787215289,5664510.46939679
0.000214371371500048,258.180708947237,493737.787215289,5664510.46939679
0.000369044854562484,258.180708947237,494237.787215289,5664510.46939679
0.000306232662029791,258.180708947237,494737.787215289,5664510.46939679
0.000254526194466712,258.180708947237,495237.787215289,5664510.46939679
0.0005585838077132,258.180708947237,495737.787215289,5664510.46939679
0.000194720612392495,258.180708947237,496237.787215289,5664510.46939679
0.000355180209679479,258.180708947237,496737.787215289,5664510.46939679
0.000443291659771438,258.180708947237,497237.787215289,5664510.46939679
0.000509247410691122,258.180708947237,497737.787215289,5664510.46939679
0.00284470866106529,258.180708947237,498237.787215289,5664510.46939679
0.00286483391643933,258.180708947237,498737.787215289,5664510.46939679
0.000375271465613067,258.180708947237,499237.787215289,5664510.46939679
0.000206915461496984,258.180708947237,499737.787215289,5664510.46939679
0.000193820855101356,258.180708947237,500237.787215289,5664510.46939679
0.000170685775704445,258.180708947237,500737.787215289,5664510.46939679
0.000158061410073999,258.180708947237,501237.787215289,5664510.46939679
0.000173143513938632,258.180708947237,501737.787215289,5664510.46939679
0.00024895397448155,258.180708947237,502237.787215289,5664510.46939679
0.000377424228988597,258.180708947237,502737.787215289,5664510.46939679
0.000862543799751464,258.180708947237,503237.787215289,5664510.46939679
0.000537733297273338,258.180708947237,503737.787215289,5664510.46939679
0.00238111529220072,258.180708947237,504237.787215289,5664510.46939679
0.00217080549125555,258.180708947237,504737.787215289,5664510.46939679
0.00284470866106529,258.180708947237,505237.787215289,5664510.46939679
0.00269029595142261,258.180708947237,505737.787215289,5664510.46939679
0.00215942923339466,258.180708947237,506237.787215289,5664510.46939679
0.00129294150911309,258.180708947237,506737.787215289,5664510.46939679
0.00199002336891159,258.180708947237,507237.787215289,5664510.46939679
0.00235336780168362,258.180708947237,507737.787215289,5664510.46939679
0.00381635460752048,258.180708947237,508237.787215289,5664510.46939679
0.00442197424590403,258.180708947237,508737.787215289,5664510.46939679
0.00461552903780365,258.180708947237,509237.787215289,5664510.46939679
0.0030191502172443,258.180708947237,509737.787215289,5664510.46939679
0.00322597259511062,258.180708947237,510237.787215289,5664510.46939679
0.0023147261605078,258.180708947237,510737.787215289,5664510.46939679
0.00107974184977029,258.180708947237,511237.787215289,5664510.46939679
0.00322685593450804,258.180708947237,511737.787215289,5664510.46939679
0.00426498681922327,258.180708947237,512237.787215289,5664510.46939679
0.00347976962128324,258.180708947237,512737.787215289,5664510.46939679
0.000845450867418295,258.180708947237,513237.787215289,5664510.46939679
0.000923757008739028,258.180708947237,513737.787215289,5664510.46939679
0.00103776778051709,258.180708947237,514237.787215289,5664510.46939679
0.00314238188337341,258.180708947237,514737.787215289,5664510.46939679
0.00322071079741286,258.180708947237,515237.787215289,5664510.46939679
0.000420173471984449,258.180708947237,515737.787215289,5664510.46939679
0.00292256812723883,258.180708947237,516237.787215289,5664510.46939679
0.00159420183382887,258.180708947237,516737.787215289,5664510.46939679
0.00114435640345475,258.180708947237,517237.787215289,5664510.46939679
0.000777460853369619,258.180708947237,517737.787215289,5664510.46939679
0.0015667511608212,258.180708947237,518237.787215289,5664510.46939679
0.00644113322917231,258.180708947237,518737.787215289,5664510.46939679
0.00469541218759134,258.180708947237,519237.787215289,5664510.46939679
0.00385325374087394,258.180708947237,519737.787215289,5664510.46939679
0.000699016323549522,258.180708947237,520237.787215289,5664510.46939679
0.00240540533817578,258.180708947237,520737.787215289,5664510.46939679
0.0032057094420937,258.180708947237,521237.787215289,5664510.46939679
0.00371282425175945,258.180708947237,521737.787215289,5664510.46939679
0.00355627903765064,258.180708947237,522237.787215289,5664510.46939679
0.00316573428096605,258.180708947237,522737.787215289,5664510.46939679
0.00372456524305383,258.180708947237,523237.787215289,5664510.46939679
0.00480156289201142,258.180708947237,523737.787215289,5664510.46939679
0.00441723350052364,258.180708947237,524237.787215289,5664510.46939679
0.000170547256079444,258.180708947237,486737.787215289,5665010.46939679
0.000274918389278816,258.180708947237,487237.787215289,5665010.46939679
0.00210558756997027,258.180708947237,487737.787215289,5665010.46939679
0.00259345240555543,258.180708947237,488237.787215289,5665010.46939679
0.00281760308685357,258.180708947237,488737.787215289,5665010.46939679
0.00427166928072493,258.180708947237,489237.787215289,5665010.46939679
0.000335900787734201,258.180708947237,489737.787215289,5665010.46939679
0.000223692382843827,258.180708947237,490237.787215289,5665010.46939679
0.000295209095334227,258.180708947237,490737.787215289,5665010.46939679
0.000335900787734201,258.180708947237,491237.787215289,5665010.46939679
0.000533345439402959,258.180708947237,491737.787215289,5665010.46939679
0.000292873699255365,258.180708947237,492237.787215289,5665010.46939679
0.000267005901255738,258.180708947237,492737.787215289,5665010.46939679
0.000216871698330525,258.180708947237,493237.787215289,5665010.46939679
0.000487823637043286,258.180708947237,493737.787215289,5665010.46939679
0.000387136445336576,258.180708947237,494237.787215289,5665010.46939679
0.000243025993866817,258.180708947237,494737.787215289,5665010.46939679
0.000243025993866817,258.180708947237,495237.787215289,5665010.46939679
0.000243025993866817,258.180708947237,495737.787215289,5665010.46939679
0.000191798864013585,258.180708947237,496237.787215289,5665010.46939679
0.000200874952443027,258.180708947237,496737.787215289,5665010.46939679
0.000256974757461669,258.180708947237,497237.787215289,5665010.46939679
0.000443291659771438,258.180708947237,497737.787215289,5665010.46939679
0.0005585838077132,258.180708947237,498237.787215289,5665010.46939679
0.000895455248431434,258.180708947237,498737.787215289,5665010.46939679
0.0023611258322281,258.180708947237,499237.787215289,5665010.46939679
0.000231750737557806,258.180708947237,499737.787215289,5665010.46939679
0.000182326437362673,258.180708947237,500237.787215289,5665010.46939679
0.00021259841284183,258.180708947237,500737.787215289,5665010.46939679
0.000177446872847387,258.180708947237,501237.787215289,5665010.46939679
0.000182596339753048,258.180708947237,501737.787215289,5665010.46939679
0.000163185475265692,258.180708947237,502237.787215289,5665010.46939679
0.000243460266459567,258.180708947237,502737.787215289,5665010.46939679
0.000475585448777381,258.180708947237,503237.787215289,5665010.46939679
0.000653585817385223,258.180708947237,503737.787215289,5665010.46939679
0.00331244388722956,258.180708947237,504237.787215289,5665010.46939679
0.00250997844538613,258.180708947237,504737.787215289,5665010.46939679
0.000652450016428682,258.180708947237,505237.787215289,5665010.46939679
0.00150001038714529,258.180708947237,505737.787215289,5665010.46939679
0.000797944202564217,258.180708947237,506237.787215289,5665010.46939679
0.00302908334663382,258.180708947237,506737.787215289,5665010.46939679
0.0038882858119589,258.180708947237,507237.787215289,5665010.46939679
0.00421765061885194,258.180708947237,507737.787215289,5665010.46939679
0.00493913010975247,258.180708947237,508237.787215289,5665010.46939679
0.00453158500479155,258.180708947237,508737.787215289,5665010.46939679
0.00425734859304754,258.180708947237,509237.787215289,5665010.46939679
0.00262812158256272,258.180708947237,509737.787215289,5665010.46939679
0.00483393987100231,258.180708947237,510237.787215289,5665010.46939679
0.00394051615507649,258.180708947237,510737.787215289,5665010.46939679
0.00441723350052364,258.180708947237,511237.787215289,5665010.46939679
0.00216367280265531,258.180708947237,511737.787215289,5665010.46939679
0.00250759247628983,258.180708947237,512237.787215289,5665010.46939679
0.00162921222493384,258.180708947237,512737.787215289,5665010.46939679
0.00333881430051642,258.180708947237,513237.787215289,5665010.46939679
0.00288847914363825,258.180708947237,513737.787215289,5665010.46939679
0.00256547894762502,258.180708947237,514237.787215289,5665010.46939679
0.00223502170883802,258.180708947237,514737.787215289,5665010.46939679
0.00198670457787677,258.180708947237,515237.787215289,5665010.46939679
0.00174063790516305,258.180708947237,515737.787215289,5665010.46939679
0.0036826752699476,258.180708947237,516237.787215289,5665010.46939679
0.003664197876263,258.180708947237,516737.787215289,5665010.46939679
0.00331432963573694,258.180708947237,517237.787215289,5665010.46939679
0.0027091431410482,258.180708947237,517737.787215289,5665010.46939679
0.00392108978325559,258.180708947237,518237.787215289,5665010.46939679
0.00615010493488876,258.180708947237,518737.787215289,5665010.46939679
0.00491760316065279,258.180708947237,519237.787215289,5665010.46939679
0.00508517785217029,258.180708947237,519737.787215289,5665010.46939679
0.00352597143668978,258.180708947237,520237.787215289,5665010.46939679
0.00469846490502654,258.180708947237,520737.787215289,5665010.46939679
0.00455254230808505,258.180708947237,521237.787215289,5665010.46939679
0.00398688423076098,258.180708947237,521737.787215289,5665010.46939679
0.00420281046809879,258.180708947237,522237.787215289,5665010.46939679
0.00283150778080301,258.180708947237,522737.787215289,5665010.46939679
0.00353273647149298,258.180708947237,523237.787215289,5665010.46939679
0.00413071402428396,258.180708947237,523737.787215289,5665010.46939679
0.00361297507013447,258.180708947237,524237.787215289,5665010.46939679
0.000194638102857263,258.180708947237,487237.787215289,5665510.46939679
0.000188453252093854,258.180708947237,487737.787215289,5665510.46939679
0.00342260531495574,258.180708947237,488237.787215289,5665510.46939679
0.002038550713512,258.180708947237,488737.787215289,5665510.46939679
0.00236438812590477,258.180708947237,489237.787215289,5665510.46939679
0.000205377724456131,258.180708947237,489737.787215289,5665510.46939679
0.000223692382843827,258.180708947237,490237.787215289,5665510.46939679
0.000306232662029791,258.180708947237,490737.787215289,5665510.46939679
0.000351795904051359,258.180708947237,491237.787215289,5665510.46939679
0.000385878242083208,258.180708947237,491737.787215289,5665510.46939679
0.000370837898392524,258.180708947237,492237.787215289,5665510.46939679
0.000213585339516665,258.180708947237,492737.787215289,5665510.46939679
0.000300963005643355,258.180708947237,493237.787215289,5665510.46939679
0.000307231171117976,258.180708947237,493737.787215289,5665510.46939679
0.000293349613246103,258.180708947237,494237.787215289,5665510.46939679
0.000613989021865662,258.180708947237,494737.787215289,5665510.46939679
0.000186606822312101,258.180708947237,495237.787215289,5665510.46939679
0.000188013867889501,258.180708947237,495737.787215289,5665510.46939679
0.000191798864013585,258.180708947237,496237.787215289,5665510.46939679
0.000464268605202328,258.180708947237,496737.787215289,5665510.46939679
0.000486238197866503,258.180708947237,497237.787215289,5665510.46939679
0.000641693457257017,258.180708947237,497737.787215289,5665510.46939679
0.000533345439402959,258.180708947237,498237.787215289,5665510.46939679
0.000641693457257017,258.180708947237,498737.787215289,5665510.46939679
0.000590644384270183,258.180708947237,499237.787215289,5665510.46939679
0.000517783807383604,258.180708947237,499737.787215289,5665510.46939679
0.000495249540730799,258.180708947237,500237.787215289,5665510.46939679
0.000216706880417131,258.180708947237,500737.787215289,5665510.46939679
0.000257458069635808,258.180708947237,501237.787215289,5665510.46939679
0.000265497472701079,258.180708947237,501737.787215289,5665510.46939679
0.000217868496730116,258.180708947237,502237.787215289,5665510.46939679
0.000195498977877138,258.180708947237,502737.787215289,5665510.46939679
0.000172611405960105,258.180708947237,503237.787215289,5665510.46939679
0.0002676111018885,258.180708947237,503737.787215289,5665510.46939679
0.000246067068781538,258.180708947237,504237.787215289,5665510.46939679
0.00240076809362416,258.180708947237,504737.787215289,5665510.46939679
0.00285517769417432,258.180708947237,505237.787215289,5665510.46939679
0.00258979269017498,258.180708947237,505737.787215289,5665510.46939679
0.00364443533481226,258.180708947237,506237.787215289,5665510.46939679
0.00380167306017043,258.180708947237,506737.787215289,5665510.46939679
0.00405058787984177,258.180708947237,507237.787215289,5665510.46939679
0.00463122589864425,258.180708947237,507737.787215289,5665510.46939679
0.00308021419074966,258.180708947237,508237.787215289,5665510.46939679
0.00331164850130058,258.180708947237,508737.787215289,5665510.46939679
0.00190145984447808,258.180708947237,509237.787215289,5665510.46939679
0.002334008209395,258.180708947237,509737.787215289,5665510.46939679
0.00265912583220125,258.180708947237,510237.787215289,5665510.46939679
0.00378394418091913,258.180708947237,510737.787215289,5665510.46939679
0.00229142960660604,258.180708947237,511237.787215289,5665510.46939679
0.00282589568981925,258.180708947237,511737.787215289,5665510.46939679
0.00119507279422984,258.180708947237,512237.787215289,5665510.46939679
0.00342875567846489,258.180708947237,512737.787215289,5665510.46939679
0.00369785976274476,258.180708947237,513237.787215289,5665510.46939679
0.00307555481904321,258.180708947237,513737.787215289,5665510.46939679
0.00358140829963009,258.180708947237,514237.787215289,5665510.46939679
0.00293659270770109,258.180708947237,514737.787215289,5665510.46939679
0.00249443152340561,258.180708947237,515237.787215289,5665510.46939679
0.00365847874529166,258.180708947237,515737.787215289,5665510.46939679
0.00140538854355675,258.180708947237,516237.787215289,5665510.46939679
0.00222065568693755,258.180708947237,516737.787215289,5665510.46939679
0.00463603423221887,258.180708947237,517237.787215289,5665510.46939679
0.0048351264436858,258.180708947237,517737.787215289,5665510.46939679
0.00706515664018047,258.180708947237,518237.787215289,5665510.46939679
0.00587222610748627,258.180708947237,518737.787215289,5665510.46939679
0.00428069425866016,258.180708947237,519237.787215289,5665510.46939679
0.00463603423221887,258.180708947237,519737.787215289,5665510.46939679
0.00436886911438582,258.180708947237,520237.787215289,5665510.46939679
0.00497437596236382,258.180708947237,520737.787215289,5665510.46939679
0.00417596246983334,258.180708947237,521237.787215289,5665510.46939679
0.00438758055390308,258.180708947237,521737.787215289,5665510.46939679
0.0036826752699476,258.180708947237,522237.787215289,5665510.46939679
0.00357547312599081,258.180708947237,522737.787215289,5665510.46939679
0.00345050324688273,258.180708947237,523237.787215289,5665510.46939679
0.00381689317258025,258.180708947237,523737.787215289,5665510.46939679
0.000271510887234477,258.180708947237,487737.787215289,5666010.46939679
0.000530396525320433,258.180708947237,488237.787215289,5666010.46939679
0.00325902552026688,258.180708947237,488737.787215289,5666010.46939679
0.00342260531495574,258.180708947237,489237.787215289,5666010.46939679
0.000368443191044985,258.180708947237,489737.787215289,5666010.46939679
0.000306232662029791,258.180708947237,490237.787215289,5666010.46939679
0.000243025993866817,258.180708947237,490737.787215289,5666010.46939679
0.000213585339516665,258.180708947237,491237.787215289,5666010.46939679
0.000183132858474902,258.180708947237,491737.787215289,5666010.46939679
0.000267872181252119,258.180708947237,492237.787215289,5666010.46939679
0.000387762373375755,258.180708947237,492737.787215289,5666010.46939679
0.000247163176913832,258.180708947237,493237.787215289,5666010.46939679
0.000487823637043286,258.180708947237,493737.787215289,5666010.46939679
0.000280095262725127,258.180708947237,494237.787215289,5666010.46939679
0.000180779527249464,258.180708947237,494737.787215289,5666010.46939679
0.000182438163111107,258.180708947237,495237.787215289,5666010.46939679
0.000224515610541721,258.180708947237,495737.787215289,5666010.46939679
0.000321247595323245,258.180708947237,496237.787215289,5666010.46939679
0.000443291659771438,258.180708947237,496737.787215289,5666010.46939679
0.000443291659771438,258.180708947237,497237.787215289,5666010.46939679
0.000203934960486779,258.180708947237,497737.787215289,5666010.46939679
0.000295209095334227,258.180708947237,498237.787215289,5666010.46939679
0.00123766235266866,258.180708947237,498737.787215289,5666010.46939679
0.000533345439402959,258.180708947237,499237.787215289,5666010.46939679
0.00427166928072493,258.180708947237,499737.787215289,5666010.46939679
0.0005554953484612,258.180708947237,500237.787215289,5666010.46939679
0.00043718131519532,258.180708947237,500737.787215289,5666010.46939679
0.000646526318102291,258.180708947237,501237.787215289,5666010.46939679
0.000532668161811218,258.180708947237,501737.787215289,5666010.46939679
0.000417428248781836,258.180708947237,502237.787215289,5666010.46939679
0.000260928733240319,258.180708947237,502737.787215289,5666010.46939679
0.000200094894341022,258.180708947237,503237.787215289,5666010.46939679
0.00020468547736137,258.180708947237,503737.787215289,5666010.46939679
0.000599243360071816,258.180708947237,504237.787215289,5666010.46939679
0.000603449983870934,258.180708947237,504737.787215289,5666010.46939679
0.00331510106224372,258.180708947237,505237.787215289,5666010.46939679
0.00373411444426496,258.180708947237,505737.787215289,5666010.46939679
0.00416998293766232,258.180708947237,506237.787215289,5666010.46939679
0.00273770359845691,258.180708947237,506737.787215289,5666010.46939679
0.00305476747622225,258.180708947237,507237.787215289,5666010.46939679
0.0044069866128458,258.180708947237,507737.787215289,5666010.46939679
0.00576768204073048,258.180708947237,508237.787215289,5666010.46939679
0.0041729484164398,258.180708947237,508737.787215289,5666010.46939679
0.00250937574792,258.180708947237,509237.787215289,5666010.46939679
0.00195909429431463,258.180708947237,509737.787215289,5666010.46939679
0.00321454327803762,258.180708947237,510237.787215289,5666010.46939679
0.00208419299898625,258.180708947237,510737.787215289,5666010.46939679
0.00332254396217171,258.180708947237,511237.787215289,5666010.46939679
0.000318383161770652,258.180708947237,511737.787215289,5666010.46939679
0.000566768403127891,258.180708947237,512237.787215289,5666010.46939679
0.00179819000171421,258.180708947237,512737.787215289,5666010.46939679
0.00354878189901308,258.180708947237,513237.787215289,5666010.46939679
0.00310218288768929,258.180708947237,513737.787215289,5666010.46939679
0.00359483833357526,258.180708947237,514237.787215289,5666010.46939679
0.00270610503507384,258.180708947237,514737.787215289,5666010.46939679
0.00437555103392113,258.180708947237,515237.787215289,5666010.46939679
0.00333534700143843,258.180708947237,515737.787215289,5666010.46939679
0.00371083199354614,258.180708947237,516237.787215289,5666010.46939679
0.00424226520795184,258.180708947237,516737.787215289,5666010.46939679
0.00231712940659366,258.180708947237,517237.787215289,5666010.46939679
0.00100391309672106,258.180708947237,517737.787215289,5666010.46939679
0.00466019390787156,258.180708947237,518237.787215289,5666010.46939679
0.00741334137122428,258.180708947237,518737.787215289,5666010.46939679
0.0057779346198472,258.180708947237,519237.787215289,5666010.46939679
0.00420584749918462,258.180708947237,519737.787215289,5666010.46939679
0.00485541538898401,258.180708947237,520237.787215289,5666010.46939679
0.00288507050681231,258.180708947237,520737.787215289,5666010.46939679
0.00483388281135663,258.180708947237,521237.787215289,5666010.46939679
0.00461718951128683,258.180708947237,521737.787215289,5666010.46939679
0.00466797500522817,258.180708947237,522237.787215289,5666010.46939679
0.00341669586024285,258.180708947237,522737.787215289,5666010.46939679
0.00199267870534237,258.180708947237,523237.787215289,5666010.46939679
