"D_mod","EN","x","y"
0.000113513867188486,228.357547889098,487737.787215289,5631510.46939679
0.00127265581280319,228.357547889098,488237.787215289,5631510.46939679
0.000143426406504371,228.357547889098,488737.787215289,5631510.46939679
0.000461881010687132,228.357547889098,489237.787215289,5631510.46939679
0.000181221330858188,228.357547889098,489737.787215289,5631510.46939679
8.31652221574657e-05,228.357547889098,490237.787215289,5631510.46939679
0.000143426406504371,228.357547889098,490737.787215289,5631510.46939679
0.000265851380303909,228.357547889098,491237.787215289,5631510.46939679
8.17329996760389e-05,228.357547889098,491737.787215289,5631510.46939679
0.000330265902185315,228.357547889098,492237.787215289,5631510.46939679
0.00106325892645741,228.357547889098,492737.787215289,5631510.46939679
0.000453567926767216,228.357547889098,493237.787215289,5631510.46939679
0.00158303993760006,228.357547889098,493737.787215289,5631510.46939679
0.00158354419842421,228.357547889098,494237.787215289,5631510.46939679
0.000620330100727698,228.357547889098,494737.787215289,5631510.46939679
3.40572280517595e-05,228.357547889098,495237.787215289,5631510.46939679
3.40572280517595e-05,228.357547889098,495737.787215289,5631510.46939679
3.40572280517595e-05,228.357547889098,496237.787215289,5631510.46939679
3.40572280517595e-05,228.357547889098,496737.787215289,5631510.46939679
3.40572280517595e-05,228.357547889098,497237.787215289,5631510.46939679
0.000140573908723017,228.357547889098,497737.787215289,5631510.46939679
0.00318067062903734,228.357547889098,498237.787215289,5631510.46939679
0.00502278705358749,228.357547889098,498737.787215289,5631510.46939679
0.0102428234842367,228.357547889098,499237.787215289,5631510.46939679
0.000192112809173391,228.357547889098,499737.787215289,5631510.46939679
2.95491974460361e-05,228.357547889098,500237.787215289,5631510.46939679
3.40572280517595e-05,228.357547889098,500737.787215289,5631510.46939679
3.40572280517595e-05,228.357547889098,501237.787215289,5631510.46939679
3.40572280517595e-05,228.357547889098,501737.787215289,5631510.46939679
3.40572280517595e-05,228.357547889098,502237.787215289,5631510.46939679
3.40572280517595e-05,228.357547889098,502737.787215289,5631510.46939679
3.40572280517595e-05,228.357547889098,503237.787215289,5631510.46939679
3.40572280517595e-05,228.357547889098,503737.787215289,5631510.46939679
0.000563860501737236,228.357547889098,504237.787215289,5631510.46939679
0.00136298900500304,228.357547889098,504737.787215289,5631510.46939679
0.00379098345875907,228.357547889098,505237.787215289,5631510.46939679
0.00653058993681991,228.357547889098,505737.787215289,5631510.46939679
0.00642516937443956,228.357547889098,506237.787215289,5631510.46939679
0.00607436586288039,228.357547889098,506737.787215289,5631510.46939679
0.00199110576387779,228.357547889098,507237.787215289,5631510.46939679
0.00434469168258591,228.357547889098,507737.787215289,5631510.46939679
0.0011879924369891,228.357547889098,508237.787215289,5631510.46939679
0.000387522494039985,228.357547889098,508737.787215289,5631510.46939679
3.40572280517595e-05,228.357547889098,509237.787215289,5631510.46939679
3.40572280517595e-05,228.357547889098,509737.787215289,5631510.46939679
0.00317796895229555,228.357547889098,510237.787215289,5631510.46939679
0.00251548623692123,228.357547889098,510737.787215289,5631510.46939679
0.000444912017640224,228.357547889098,511237.787215289,5631510.46939679
0.00112879475026916,228.357547889098,511737.787215289,5631510.46939679
0.00193352642306628,228.357547889098,512237.787215289,5631510.46939679
0.00423872184829337,228.357547889098,512737.787215289,5631510.46939679
0.00428187755031607,228.357547889098,513237.787215289,5631510.46939679
0.00699549168618118,228.357547889098,513737.787215289,5631510.46939679
0.00257823058558859,228.357547889098,514237.787215289,5631510.46939679
0.00064532919118967,228.357547889098,514737.787215289,5631510.46939679
4.61180175147555e-05,228.357547889098,515237.787215289,5631510.46939679
5.05433889777981e-05,228.357547889098,515737.787215289,5631510.46939679
3.4874335634698e-05,228.357547889098,516237.787215289,5631510.46939679
0.000133056146384997,228.357547889098,516737.787215289,5631510.46939679
0.000202263620100518,228.357547889098,517237.787215289,5631510.46939679
3.96259189484137e-05,228.357547889098,517737.787215289,5631510.46939679
5.85166798450659e-05,228.357547889098,518237.787215289,5631510.46939679
0.00041156526833596,228.357547889098,518737.787215289,5631510.46939679
0.000280016341411074,228.357547889098,519237.787215289,5631510.46939679
0.00013975177234635,228.357547889098,519737.787215289,5631510.46939679
5.95995721170165e-05,228.357547889098,520237.787215289,5631510.46939679
5.98265745334337e-05,228.357547889098,520737.787215289,5631510.46939679
0.000225172453172541,228.357547889098,521237.787215289,5631510.46939679
0.0002071120817237,228.357547889098,521737.787215289,5631510.46939679
0.000417026901281732,228.357547889098,522237.787215289,5631510.46939679
0.00400042364024321,228.357547889098,522737.787215289,5631510.46939679
0.000190566793624333,228.357547889098,523237.787215289,5631510.46939679
0.000234441694905574,228.357547889098,487237.787215289,5632010.46939679
0.0028401359362604,228.357547889098,487737.787215289,5632010.46939679
0.000135767728819306,228.357547889098,488237.787215289,5632010.46939679
5.75885080000261e-05,228.357547889098,488737.787215289,5632010.46939679
0.000234324130943836,228.357547889098,489237.787215289,5632010.46939679
0.000107452458116263,228.357547889098,489737.787215289,5632010.46939679
8.50851942063428e-05,228.357547889098,490237.787215289,5632010.46939679
0.0005508037322577,228.357547889098,490737.787215289,5632010.46939679
0.000169853539997491,228.357547889098,491237.787215289,5632010.46939679
0.000500888323213357,228.357547889098,491737.787215289,5632010.46939679
0.000312773375758142,228.357547889098,492237.787215289,5632010.46939679
0.000167629036764834,228.357547889098,492737.787215289,5632010.46939679
0.000934590657757348,228.357547889098,493237.787215289,5632010.46939679
0.00118665527666441,228.357547889098,493737.787215289,5632010.46939679
0.000291637513465659,228.357547889098,494237.787215289,5632010.46939679
0.000937612001274741,228.357547889098,494737.787215289,5632010.46939679
0.0001540892191288,228.357547889098,495237.787215289,5632010.46939679
0.000671690898363027,228.357547889098,495737.787215289,5632010.46939679
0.000723440229346958,228.357547889098,496237.787215289,5632010.46939679
3.40572280517595e-05,228.357547889098,496737.787215289,5632010.46939679
3.40572280517595e-05,228.357547889098,497237.787215289,5632010.46939679
3.40572280517595e-05,228.357547889098,497737.787215289,5632010.46939679
0.0050032651771426,228.357547889098,498237.787215289,5632010.46939679
3.40572280517595e-05,228.357547889098,498737.787215289,5632010.46939679
3.40572280517595e-05,228.357547889098,499237.787215289,5632010.46939679
3.40572280517595e-05,228.357547889098,499737.787215289,5632010.46939679
3.40572280517595e-05,228.357547889098,500237.787215289,5632010.46939679
3.40572280517595e-05,228.357547889098,500737.787215289,5632010.46939679
3.40572280517595e-05,228.357547889098,501237.787215289,5632010.46939679
3.40572280517595e-05,228.357547889098,501737.787215289,5632010.46939679
3.40572280517595e-05,228.357547889098,502237.787215289,5632010.46939679
0.00173708501107057,228.357547889098,502737.787215289,5632010.46939679
0.00148855262862752,228.357547889098,503237.787215289,5632010.46939679
0.00162161347316684,228.357547889098,503737.787215289,5632010.46939679
0.00110335733535602,228.357547889098,504237.787215289,5632010.46939679
0.00329110721650799,228.357547889098,504737.787215289,5632010.46939679
0.004780927421291,228.357547889098,505237.787215289,5632010.46939679
0.000466114790387994,228.357547889098,505737.787215289,5632010.46939679
0.000101449572536838,228.357547889098,506237.787215289,5632010.46939679
0.00143711812067393,228.357547889098,506737.787215289,5632010.46939679
0.00124296566605756,228.357547889098,507237.787215289,5632010.46939679
0.0046969834348645,228.357547889098,507737.787215289,5632010.46939679
0.000213743159058345,228.357547889098,508237.787215289,5632010.46939679
0.00145364267994942,228.357547889098,508737.787215289,5632010.46939679
0.000661581039584623,228.357547889098,509237.787215289,5632010.46939679
2.95599299642598e-05,228.357547889098,509737.787215289,5632010.46939679
0.00108029702581123,228.357547889098,510237.787215289,5632010.46939679
0.00433067182572136,228.357547889098,510737.787215289,5632010.46939679
0.0031045077248141,228.357547889098,511237.787215289,5632010.46939679
0.00364122657782884,228.357547889098,511737.787215289,5632010.46939679
0.00364332650409101,228.357547889098,512237.787215289,5632010.46939679
0.00350579095134381,228.357547889098,512737.787215289,5632010.46939679
0.00288449073056166,228.357547889098,513237.787215289,5632010.46939679
0.00375298881678967,228.357547889098,513737.787215289,5632010.46939679
0.00412274316899041,228.357547889098,514237.787215289,5632010.46939679
0.00392775597245441,228.357547889098,514737.787215289,5632010.46939679
0.00465733788487806,228.357547889098,515237.787215289,5632010.46939679
0.00252155818630058,228.357547889098,515737.787215289,5632010.46939679
0.000365558296968098,228.357547889098,516237.787215289,5632010.46939679
0.00024826498364116,228.357547889098,516737.787215289,5632010.46939679
6.16551471305336e-05,228.357547889098,517237.787215289,5632010.46939679
0.000198997573645527,228.357547889098,517737.787215289,5632010.46939679
4.89065010748638e-05,228.357547889098,518237.787215289,5632010.46939679
0.000642321778889441,228.357547889098,518737.787215289,5632010.46939679
0.00572700449711536,228.357547889098,519237.787215289,5632010.46939679
0.000440477941754325,228.357547889098,519737.787215289,5632010.46939679
0.00289928628999383,228.357547889098,520237.787215289,5632010.46939679
0.000484073507228117,228.357547889098,520737.787215289,5632010.46939679
0.000280472866337909,228.357547889098,521237.787215289,5632010.46939679
0.00365191420367701,228.357547889098,521737.787215289,5632010.46939679
0.00195426136778332,228.357547889098,522237.787215289,5632010.46939679
0.00364639048766246,228.357547889098,522737.787215289,5632010.46939679
0.000117520915796737,228.357547889098,523237.787215289,5632010.46939679
3.92881988018629e-05,228.357547889098,523737.787215289,5632010.46939679
0.000108299437795262,228.357547889098,486737.787215289,5632510.46939679
0.000202183443875624,228.357547889098,487237.787215289,5632510.46939679
0.0015341521962338,228.357547889098,487737.787215289,5632510.46939679
0.000601932307905221,228.357547889098,488237.787215289,5632510.46939679
0.000108299437795262,228.357547889098,488737.787215289,5632510.46939679
0.000147933477400083,228.357547889098,489237.787215289,5632510.46939679
0.000186916079865012,228.357547889098,489737.787215289,5632510.46939679
0.000172991776182791,228.357547889098,490237.787215289,5632510.46939679
0.000235286271538799,228.357547889098,490737.787215289,5632510.46939679
0.000752379819661361,228.357547889098,491237.787215289,5632510.46939679
0.000545312659196508,228.357547889098,491737.787215289,5632510.46939679
0.000398367271202732,228.357547889098,492237.787215289,5632510.46939679
0.000123703691763728,228.357547889098,492737.787215289,5632510.46939679
0.0001146685338759,228.357547889098,493237.787215289,5632510.46939679
0.000469067668203056,228.357547889098,493737.787215289,5632510.46939679
0.000232538520516445,228.357547889098,494237.787215289,5632510.46939679
0.000370403654280127,228.357547889098,494737.787215289,5632510.46939679
0.000539615963864986,228.357547889098,495237.787215289,5632510.46939679
0.00116740247965893,228.357547889098,495737.787215289,5632510.46939679
0.000226375787501164,228.357547889098,496237.787215289,5632510.46939679
0.00186307761393479,228.357547889098,496737.787215289,5632510.46939679
3.40572280517595e-05,228.357547889098,497237.787215289,5632510.46939679
3.72312832596629e-05,228.357547889098,497737.787215289,5632510.46939679
3.15426061513538e-05,228.357547889098,498237.787215289,5632510.46939679
3.40572280517595e-05,228.357547889098,498737.787215289,5632510.46939679
3.40572280517595e-05,228.357547889098,499237.787215289,5632510.46939679
3.40572280517595e-05,228.357547889098,499737.787215289,5632510.46939679
3.40572280517595e-05,228.357547889098,500237.787215289,5632510.46939679
3.40572280517595e-05,228.357547889098,500737.787215289,5632510.46939679
3.40572280517595e-05,228.357547889098,501237.787215289,5632510.46939679
0.00172634401824498,228.357547889098,501737.787215289,5632510.46939679
0.00323751523490272,228.357547889098,502237.787215289,5632510.46939679
0.00221046622577439,228.357547889098,502737.787215289,5632510.46939679
0.000503554352341492,228.357547889098,503237.787215289,5632510.46939679
0.00281978613044415,228.357547889098,503737.787215289,5632510.46939679
0.00177377228326276,228.357547889098,504237.787215289,5632510.46939679
0.000591601960907864,228.357547889098,504737.787215289,5632510.46939679
0.00327336574900791,228.357547889098,505237.787215289,5632510.46939679
0.00162275867637501,228.357547889098,505737.787215289,5632510.46939679
0.000152046393946645,228.357547889098,506237.787215289,5632510.46939679
0.000447899476440683,228.357547889098,506737.787215289,5632510.46939679
0.00211978676298654,228.357547889098,507237.787215289,5632510.46939679
0.00259068336123236,228.357547889098,507737.787215289,5632510.46939679
0.00413594478087091,228.357547889098,508237.787215289,5632510.46939679
0.00522582581417851,228.357547889098,508737.787215289,5632510.46939679
0.000119388032465055,228.357547889098,509237.787215289,5632510.46939679
0.000242737302020085,228.357547889098,509737.787215289,5632510.46939679
6.95967707346e-05,228.357547889098,510237.787215289,5632510.46939679
0.000613516096959267,228.357547889098,510737.787215289,5632510.46939679
0.00114550216054696,228.357547889098,511237.787215289,5632510.46939679
0.00457318020952965,228.357547889098,511737.787215289,5632510.46939679
0.0039507491791578,228.357547889098,512237.787215289,5632510.46939679
0.00517159063918097,228.357547889098,512737.787215289,5632510.46939679
0.000109370483460578,228.357547889098,513237.787215289,5632510.46939679
0.00321003698341563,228.357547889098,513737.787215289,5632510.46939679
0.00483045752938938,228.357547889098,514237.787215289,5632510.46939679
0.00425368348081939,228.357547889098,514737.787215289,5632510.46939679
0.00504545206961356,228.357547889098,515237.787215289,5632510.46939679
0.00296109999958418,228.357547889098,515737.787215289,5632510.46939679
0.0005359127620393,228.357547889098,516237.787215289,5632510.46939679
0.000142766965400599,228.357547889098,516737.787215289,5632510.46939679
6.61603338729169e-05,228.357547889098,517237.787215289,5632510.46939679
0.000182672661802231,228.357547889098,517737.787215289,5632510.46939679
4.85347095639522e-05,228.357547889098,518237.787215289,5632510.46939679
7.18240480457694e-05,228.357547889098,518737.787215289,5632510.46939679
0.00356180568819604,228.357547889098,519237.787215289,5632510.46939679
0.00015882055474074,228.357547889098,519737.787215289,5632510.46939679
0.000117031573096137,228.357547889098,520237.787215289,5632510.46939679
0.00362026380217295,228.357547889098,520737.787215289,5632510.46939679
0.000349090666933721,228.357547889098,521237.787215289,5632510.46939679
0.00018609539035335,228.357547889098,521737.787215289,5632510.46939679
0.00530407527155549,228.357547889098,522237.787215289,5632510.46939679
0.00152352162363783,228.357547889098,522737.787215289,5632510.46939679
0.000252617612349454,228.357547889098,523237.787215289,5632510.46939679
5.28721120365198e-05,228.357547889098,523737.787215289,5632510.46939679
5.70945670943021e-05,228.357547889098,524237.787215289,5632510.46939679
0.00182001780359238,228.357547889098,486737.787215289,5633010.46939679
0.000382964856429064,228.357547889098,487237.787215289,5633010.46939679
4.66286169781142e-05,228.357547889098,487737.787215289,5633010.46939679
3.6903906078656e-05,228.357547889098,488237.787215289,5633010.46939679
3.41359717398053e-05,228.357547889098,488737.787215289,5633010.46939679
3.41359717398053e-05,228.357547889098,489237.787215289,5633010.46939679
3.41359717398053e-05,228.357547889098,489737.787215289,5633010.46939679
3.41583493456836e-05,228.357547889098,490237.787215289,5633010.46939679
3.96945416559849e-05,228.357547889098,490737.787215289,5633010.46939679
6.2959671436708e-05,228.357547889098,491237.787215289,5633010.46939679
4.2244939037467e-05,228.357547889098,491737.787215289,5633010.46939679
0.00192326353290567,228.357547889098,492237.787215289,5633010.46939679
0.0012046985871302,228.357547889098,492737.787215289,5633010.46939679
0.000473627307034449,228.357547889098,493237.787215289,5633010.46939679
0.000888404327256488,228.357547889098,493737.787215289,5633010.46939679
6.78368707494987e-05,228.357547889098,494237.787215289,5633010.46939679
0.000116520686179934,228.357547889098,494737.787215289,5633010.46939679
0.000214422284624352,228.357547889098,495237.787215289,5633010.46939679
0.000182373516254045,228.357547889098,495737.787215289,5633010.46939679
0.000212630564880038,228.357547889098,496237.787215289,5633010.46939679
0.000269876970305223,228.357547889098,496737.787215289,5633010.46939679
0.000934590657757348,228.357547889098,497237.787215289,5633010.46939679
0.00253970527019768,228.357547889098,497737.787215289,5633010.46939679
0.00344673984087367,228.357547889098,498237.787215289,5633010.46939679
3.40572280517595e-05,228.357547889098,498737.787215289,5633010.46939679
3.40572280517595e-05,228.357547889098,499237.787215289,5633010.46939679
3.40572280517595e-05,228.357547889098,499737.787215289,5633010.46939679
3.23904616211469e-05,228.357547889098,500237.787215289,5633010.46939679
6.07223337857963e-05,228.357547889098,500737.787215289,5633010.46939679
0.00258776738391078,228.357547889098,501237.787215289,5633010.46939679
0.000431584045650243,228.357547889098,501737.787215289,5633010.46939679
0.000371240459051673,228.357547889098,502237.787215289,5633010.46939679
0.00261937811342274,228.357547889098,502737.787215289,5633010.46939679
0.00262843292343823,228.357547889098,503237.787215289,5633010.46939679
0.000255461694046667,228.357547889098,503737.787215289,5633010.46939679
0.00047692129689838,228.357547889098,504237.787215289,5633010.46939679
0.00527361950788694,228.357547889098,504737.787215289,5633010.46939679
0.00443580861152542,228.357547889098,505237.787215289,5633010.46939679
0.00205037896550374,228.357547889098,505737.787215289,5633010.46939679
0.00106699213825469,228.357547889098,506237.787215289,5633010.46939679
3.40572280517595e-05,228.357547889098,506737.787215289,5633010.46939679
3.40572280517595e-05,228.357547889098,507237.787215289,5633010.46939679
0.00199231636609819,228.357547889098,507737.787215289,5633010.46939679
0.00382573307704305,228.357547889098,508237.787215289,5633010.46939679
0.00472312723681219,228.357547889098,508737.787215289,5633010.46939679
0.00170977913217673,228.357547889098,509237.787215289,5633010.46939679
0.000206993170032717,228.357547889098,509737.787215289,5633010.46939679
0.000194597731397043,228.357547889098,510237.787215289,5633010.46939679
0.000341557030088215,228.357547889098,510737.787215289,5633010.46939679
0.000174828156862085,228.357547889098,511237.787215289,5633010.46939679
0.00223433379915004,228.357547889098,511737.787215289,5633010.46939679
0.00427843131304476,228.357547889098,512237.787215289,5633010.46939679
0.00482651407026076,228.357547889098,512737.787215289,5633010.46939679
0.000285277335308991,228.357547889098,513237.787215289,5633010.46939679
0.00437314685058641,228.357547889098,513737.787215289,5633010.46939679
0.00525177880600174,228.357547889098,514237.787215289,5633010.46939679
0.0058423208828767,228.357547889098,514737.787215289,5633010.46939679
0.00502143585397625,228.357547889098,515237.787215289,5633010.46939679
0.00503155092385708,228.357547889098,515737.787215289,5633010.46939679
0.00271576772422171,228.357547889098,516237.787215289,5633010.46939679
0.000207722542214075,228.357547889098,516737.787215289,5633010.46939679
0.000309708926214076,228.357547889098,517237.787215289,5633010.46939679
0.00015393346427961,228.357547889098,517737.787215289,5633010.46939679
9.6421225566282e-05,228.357547889098,518237.787215289,5633010.46939679
9.65914040127797e-05,228.357547889098,518737.787215289,5633010.46939679
0.00479461580480296,228.357547889098,519237.787215289,5633010.46939679
3.56064998767623e-05,228.357547889098,519737.787215289,5633010.46939679
0.000116269671280938,228.357547889098,520237.787215289,5633010.46939679
0.000320772808000053,228.357547889098,520737.787215289,5633010.46939679
0.00388301809724705,228.357547889098,521237.787215289,5633010.46939679
0.000170861349957721,228.357547889098,521737.787215289,5633010.46939679
0.00329465661590926,228.357547889098,522237.787215289,5633010.46939679
0.000170265888547147,228.357547889098,522737.787215289,5633010.46939679
0.000106411802681067,228.357547889098,523237.787215289,5633010.46939679
3.55313878353364e-05,228.357547889098,523737.787215289,5633010.46939679
6.1260767802975e-05,228.357547889098,524237.787215289,5633010.46939679
0.00638858991799478,228.357547889098,486737.787215289,5633510.46939679
0.000417160041286056,228.357547889098,487237.787215289,5633510.46939679
4.70133126780654e-05,228.357547889098,487737.787215289,5633510.46939679
3.44176005418803e-05,228.357547889098,488237.787215289,5633510.46939679
3.44176005418803e-05,228.357547889098,488737.787215289,5633510.46939679
4.70133126780654e-05,228.357547889098,489237.787215289,5633510.46939679
0.000554372280253663,228.357547889098,489737.787215289,5633510.46939679
3.44176005418803e-05,228.357547889098,490237.787215289,5633510.46939679
4.67210928009825e-05,228.357547889098,490737.787215289,5633510.46939679
3.39633608677415e-05,228.357547889098,491237.787215289,5633510.46939679
9.28169491479721e-05,228.357547889098,491737.787215289,5633510.46939679
9.26629388869495e-05,228.357547889098,492237.787215289,5633510.46939679
7.33374613118221e-05,228.357547889098,492737.787215289,5633510.46939679
0.000408289812080021,228.357547889098,493237.787215289,5633510.46939679
0.000137696298745337,228.357547889098,493737.787215289,5633510.46939679
0.000109108332472483,228.357547889098,494237.787215289,5633510.46939679
0.00112436532138359,228.357547889098,494737.787215289,5633510.46939679
0.00102673903937784,228.357547889098,495237.787215289,5633510.46939679
0.000198604315372459,228.357547889098,495737.787215289,5633510.46939679
0.000198252595686234,228.357547889098,496237.787215289,5633510.46939679
0.00304843006412688,228.357547889098,496737.787215289,5633510.46939679
0.00483868586291642,228.357547889098,497237.787215289,5633510.46939679
0.00148132567625245,228.357547889098,497737.787215289,5633510.46939679
0.00201276319526972,228.357547889098,498237.787215289,5633510.46939679
0.0015536476463461,228.357547889098,498737.787215289,5633510.46939679
0.0020279228314631,228.357547889098,499237.787215289,5633510.46939679
0.000794780546259043,228.357547889098,499737.787215289,5633510.46939679
0.00410629722682989,228.357547889098,500237.787215289,5633510.46939679
0.00034085017297878,228.357547889098,500737.787215289,5633510.46939679
0.00223067766583412,228.357547889098,501237.787215289,5633510.46939679
0.000948380677407574,228.357547889098,501737.787215289,5633510.46939679
0.0022478065324469,228.357547889098,502237.787215289,5633510.46939679
0.000375627157430216,228.357547889098,502737.787215289,5633510.46939679
0.000377247280565727,228.357547889098,503237.787215289,5633510.46939679
0.000709185987253458,228.357547889098,503737.787215289,5633510.46939679
0.000706680399153408,228.357547889098,504237.787215289,5633510.46939679
0.000510996205253618,228.357547889098,504737.787215289,5633510.46939679
0.00353332738131957,228.357547889098,505237.787215289,5633510.46939679
0.00471705688375968,228.357547889098,505737.787215289,5633510.46939679
0.000140625184270818,228.357547889098,506237.787215289,5633510.46939679
3.40572280517595e-05,228.357547889098,506737.787215289,5633510.46939679
3.40572280517595e-05,228.357547889098,507237.787215289,5633510.46939679
0.000453892159702718,228.357547889098,507737.787215289,5633510.46939679
0.00327336574900791,228.357547889098,508237.787215289,5633510.46939679
0.00506975756638059,228.357547889098,508737.787215289,5633510.46939679
0.00512299478971867,228.357547889098,509237.787215289,5633510.46939679
0.00317750701875563,228.357547889098,509737.787215289,5633510.46939679
0.00108158143714821,228.357547889098,510237.787215289,5633510.46939679
5.43712970560013e-05,228.357547889098,510737.787215289,5633510.46939679
0.000646486309941434,228.357547889098,511237.787215289,5633510.46939679
0.000711135056546022,228.357547889098,511737.787215289,5633510.46939679
0.00168003994889102,228.357547889098,512237.787215289,5633510.46939679
0.00506674745847147,228.357547889098,512737.787215289,5633510.46939679
0.00322455109274616,228.357547889098,513237.787215289,5633510.46939679
0.00108135165259352,228.357547889098,513737.787215289,5633510.46939679
0.00719013720305077,228.357547889098,514237.787215289,5633510.46939679
0.00627783971960962,228.357547889098,514737.787215289,5633510.46939679
0.00460961034004614,228.357547889098,515237.787215289,5633510.46939679
0.00462096954647409,228.357547889098,515737.787215289,5633510.46939679
0.00340492791809562,228.357547889098,516237.787215289,5633510.46939679
0.00689192192414165,228.357547889098,516737.787215289,5633510.46939679
0.000225083196007874,228.357547889098,517237.787215289,5633510.46939679
0.000141209589222346,228.357547889098,517737.787215289,5633510.46939679
7.0059834513718e-05,228.357547889098,518237.787215289,5633510.46939679
0.00019351123106594,228.357547889098,518737.787215289,5633510.46939679
0.00186739462843626,228.357547889098,519237.787215289,5633510.46939679
0.00118063808648025,228.357547889098,519737.787215289,5633510.46939679
0.00413119977675028,228.357547889098,520237.787215289,5633510.46939679
0.00523086496183984,228.357547889098,520737.787215289,5633510.46939679
0.000466068844231486,228.357547889098,521237.787215289,5633510.46939679
0.0020397016108712,228.357547889098,521737.787215289,5633510.46939679
0.00351005198573224,228.357547889098,522237.787215289,5633510.46939679
0.000143428631075906,228.357547889098,522737.787215289,5633510.46939679
8.29466914323122e-05,228.357547889098,523237.787215289,5633510.46939679
0.00440247431852284,228.357547889098,523737.787215289,5633510.46939679
0.00406870137135937,228.357547889098,524237.787215289,5633510.46939679
4.77179415229899e-05,228.357547889098,486737.787215289,5634010.46939679
0.000563164972260822,228.357547889098,487237.787215289,5634010.46939679
4.41389130960465e-05,228.357547889098,487737.787215289,5634010.46939679
3.7766044681483e-05,228.357547889098,488237.787215289,5634010.46939679
0.000562681133155993,228.357547889098,488737.787215289,5634010.46939679
3.49334466444718e-05,228.357547889098,489237.787215289,5634010.46939679
3.40572280517595e-05,228.357547889098,489737.787215289,5634010.46939679
3.77985190051717e-05,228.357547889098,490237.787215289,5634010.46939679
3.46769328967688e-05,228.357547889098,490737.787215289,5634010.46939679
3.44424478944978e-05,228.357547889098,491237.787215289,5634010.46939679
4.67210928009825e-05,228.357547889098,491737.787215289,5634010.46939679
3.41359717398053e-05,228.357547889098,492237.787215289,5634010.46939679
3.41359717398053e-05,228.357547889098,492737.787215289,5634010.46939679
3.69770954482502e-05,228.357547889098,493237.787215289,5634010.46939679
3.43204251751226e-05,228.357547889098,493737.787215289,5634010.46939679
5.94019978553356e-05,228.357547889098,494237.787215289,5634010.46939679
0.000101487421316443,228.357547889098,494737.787215289,5634010.46939679
0.00037896083061397,228.357547889098,495237.787215289,5634010.46939679
0.00130980903659313,228.357547889098,495737.787215289,5634010.46939679
0.000172248847092814,228.357547889098,496237.787215289,5634010.46939679
0.0022642869171574,228.357547889098,496737.787215289,5634010.46939679
0.00207612220253059,228.357547889098,497237.787215289,5634010.46939679
0.00259326500678722,228.357547889098,497737.787215289,5634010.46939679
0.000687549725054941,228.357547889098,498237.787215289,5634010.46939679
0.00036848819967339,228.357547889098,498737.787215289,5634010.46939679
0.000214612394743236,228.357547889098,499237.787215289,5634010.46939679
0.000232538520516445,228.357547889098,499737.787215289,5634010.46939679
0.00151406002435465,228.357547889098,500237.787215289,5634010.46939679
0.000125584629016652,228.357547889098,500737.787215289,5634010.46939679
0.000322425815718569,228.357547889098,501237.787215289,5634010.46939679
0.000218820504635256,228.357547889098,501737.787215289,5634010.46939679
8.62505495026722e-05,228.357547889098,502237.787215289,5634010.46939679
0.00155128710480626,228.357547889098,502737.787215289,5634010.46939679
0.000414017775758938,228.357547889098,503237.787215289,5634010.46939679
0.000356929603686811,228.357547889098,503737.787215289,5634010.46939679
0.00290183881491559,228.357547889098,504237.787215289,5634010.46939679
0.000503980937108735,228.357547889098,504737.787215289,5634010.46939679
0.00413652726979784,228.357547889098,505237.787215289,5634010.46939679
0.00175434097021575,228.357547889098,505737.787215289,5634010.46939679
0.00138846139110598,228.357547889098,506237.787215289,5634010.46939679
0.00103788119304942,228.357547889098,506737.787215289,5634010.46939679
3.40572280517595e-05,228.357547889098,507237.787215289,5634010.46939679
0.000164729667956875,228.357547889098,507737.787215289,5634010.46939679
0.00272143876383907,228.357547889098,508237.787215289,5634010.46939679
0.00464605878171493,228.357547889098,508737.787215289,5634010.46939679
0.00317560733244084,228.357547889098,509237.787215289,5634010.46939679
0.000487996538761478,228.357547889098,509737.787215289,5634010.46939679
0.00145853897407682,228.357547889098,510237.787215289,5634010.46939679
3.74481673594121e-05,228.357547889098,510737.787215289,5634010.46939679
0.000756640906369714,228.357547889098,511237.787215289,5634010.46939679
0.000979134823125901,228.357547889098,511737.787215289,5634010.46939679
0.00506443934872907,228.357547889098,512237.787215289,5634010.46939679
0.00318427193691378,228.357547889098,512737.787215289,5634010.46939679
0.000363662258504418,228.357547889098,513237.787215289,5634010.46939679
0.00173708501107057,228.357547889098,513737.787215289,5634010.46939679
0.000342318456305924,228.357547889098,514237.787215289,5634010.46939679
0.00619046431834414,228.357547889098,514737.787215289,5634010.46939679
0.00454105658931723,228.357547889098,515237.787215289,5634010.46939679
0.00285179760366308,228.357547889098,515737.787215289,5634010.46939679
0.00458267761953127,228.357547889098,516237.787215289,5634010.46939679
0.0045985957822153,228.357547889098,516737.787215289,5634010.46939679
8.05299819692809e-05,228.357547889098,517237.787215289,5634010.46939679
0.00105590926162571,228.357547889098,517737.787215289,5634010.46939679
0.000566285060403071,228.357547889098,518237.787215289,5634010.46939679
0.00123741855707162,228.357547889098,518737.787215289,5634010.46939679
7.52750675079531e-05,228.357547889098,519237.787215289,5634010.46939679
7.61154000790204e-05,228.357547889098,519737.787215289,5634010.46939679
0.000458536558716621,228.357547889098,520237.787215289,5634010.46939679
0.00067832860073123,228.357547889098,520737.787215289,5634010.46939679
6.04495679549398e-05,228.357547889098,521237.787215289,5634010.46939679
0.00438359108415149,228.357547889098,521737.787215289,5634010.46939679
0.00373536008008278,228.357547889098,522237.787215289,5634010.46939679
0.00345519376349839,228.357547889098,522737.787215289,5634010.46939679
0.00344972576287478,228.357547889098,523237.787215289,5634010.46939679
0.00468719567866174,228.357547889098,523737.787215289,5634010.46939679
0.00400750553301029,228.357547889098,524237.787215289,5634010.46939679
4.48479061573424e-05,228.357547889098,486737.787215289,5634510.46939679
9.7800895570014e-05,228.357547889098,487237.787215289,5634510.46939679
4.84844236827454e-05,228.357547889098,487737.787215289,5634510.46939679
3.54945744462413e-05,228.357547889098,488237.787215289,5634510.46939679
0.000571719348896865,228.357547889098,488737.787215289,5634510.46939679
3.54945744462413e-05,228.357547889098,489237.787215289,5634510.46939679
3.54945744462413e-05,228.357547889098,489737.787215289,5634510.46939679
3.54945744462413e-05,228.357547889098,490237.787215289,5634510.46939679
4.80150158163452e-05,228.357547889098,490737.787215289,5634510.46939679
3.49334466444718e-05,228.357547889098,491237.787215289,5634510.46939679
0.000558989845227564,228.357547889098,491737.787215289,5634510.46939679
0.000558549406684895,228.357547889098,492237.787215289,5634510.46939679
0.000558549406684895,228.357547889098,492737.787215289,5634510.46939679
3.4704277045033e-05,228.357547889098,493237.787215289,5634510.46939679
0.000561260534699037,228.357547889098,493737.787215289,5634510.46939679
4.08283255127784e-05,228.357547889098,494237.787215289,5634510.46939679
3.73173297088075e-05,228.357547889098,494737.787215289,5634510.46939679
0.000328772514091555,228.357547889098,495237.787215289,5634510.46939679
0.000175159089781612,228.357547889098,495737.787215289,5634510.46939679
0.00289630845735112,228.357547889098,496237.787215289,5634510.46939679
0.00155323936153356,228.357547889098,496737.787215289,5634510.46939679
0.00179905852239676,228.357547889098,497237.787215289,5634510.46939679
0.000107670190074426,228.357547889098,497737.787215289,5634510.46939679
0.000346032862184579,228.357547889098,498237.787215289,5634510.46939679
0.000107452458116263,228.357547889098,498737.787215289,5634510.46939679
0.000254364590311045,228.357547889098,499237.787215289,5634510.46939679
0.00264782274288839,228.357547889098,499737.787215289,5634510.46939679
0.000651821887083818,228.357547889098,500237.787215289,5634510.46939679
0.000324625769910041,228.357547889098,500737.787215289,5634510.46939679
0.000101552459842149,228.357547889098,501237.787215289,5634510.46939679
6.38194792760384e-05,228.357547889098,501737.787215289,5634510.46939679
0.000304533102805345,228.357547889098,502237.787215289,5634510.46939679
0.000129918684866676,228.357547889098,502737.787215289,5634510.46939679
4.38148042804168e-05,228.357547889098,503237.787215289,5634510.46939679
0.00296597407691094,228.357547889098,503737.787215289,5634510.46939679
8.74728851842635e-05,228.357547889098,504237.787215289,5634510.46939679
0.00142798697661998,228.357547889098,504737.787215289,5634510.46939679
0.000251165423763405,228.357547889098,505237.787215289,5634510.46939679
0.000538803369218585,228.357547889098,505737.787215289,5634510.46939679
8.38632003700729e-05,228.357547889098,506237.787215289,5634510.46939679
0.00327336574900791,228.357547889098,506737.787215289,5634510.46939679
3.40572280517595e-05,228.357547889098,507237.787215289,5634510.46939679
3.40572280517595e-05,228.357547889098,507737.787215289,5634510.46939679
3.40572280517595e-05,228.357547889098,508237.787215289,5634510.46939679
0.00168571050150919,228.357547889098,508737.787215289,5634510.46939679
0.00543006254784705,228.357547889098,509237.787215289,5634510.46939679
0.00429758657352053,228.357547889098,509737.787215289,5634510.46939679
0.000242737302020085,228.357547889098,510237.787215289,5634510.46939679
0.000102961721322546,228.357547889098,510737.787215289,5634510.46939679
0.000379292744721373,228.357547889098,511237.787215289,5634510.46939679
0.00037621693638616,228.357547889098,511737.787215289,5634510.46939679
0.00197704418125528,228.357547889098,512237.787215289,5634510.46939679
0.0039893757621636,228.357547889098,512737.787215289,5634510.46939679
0.00171140161531806,228.357547889098,513237.787215289,5634510.46939679
6.04576778765548e-05,228.357547889098,513737.787215289,5634510.46939679
0.0104258821318673,228.357547889098,514237.787215289,5634510.46939679
0.00258885508020708,228.357547889098,514737.787215289,5634510.46939679
0.00565036048052541,228.357547889098,515237.787215289,5634510.46939679
0.00485137118033976,228.357547889098,515737.787215289,5634510.46939679
0.0017703855989447,228.357547889098,516237.787215289,5634510.46939679
0.000253198144463765,228.357547889098,516737.787215289,5634510.46939679
0.00391442970340338,228.357547889098,517237.787215289,5634510.46939679
0.00179601432904866,228.357547889098,517737.787215289,5634510.46939679
0.00309977562766124,228.357547889098,518237.787215289,5634510.46939679
0.00459054902341007,228.357547889098,518737.787215289,5634510.46939679
9.37566126864811e-05,228.357547889098,519237.787215289,5634510.46939679
0.000110996962607645,228.357547889098,519737.787215289,5634510.46939679
0.000223898760138142,228.357547889098,520237.787215289,5634510.46939679
0.000489347214669279,228.357547889098,520737.787215289,5634510.46939679
0.00547814113099471,228.357547889098,521237.787215289,5634510.46939679
0.000119568537399327,228.357547889098,521737.787215289,5634510.46939679
0.00269300043973576,228.357547889098,522237.787215289,5634510.46939679
0.00429929078955827,228.357547889098,522737.787215289,5634510.46939679
0.00502143585397625,228.357547889098,523237.787215289,5634510.46939679
0.0049925572532432,228.357547889098,523737.787215289,5634510.46939679
0.00461241714412498,228.357547889098,524237.787215289,5634510.46939679
3.98042485504421e-05,228.357547889098,486737.787215289,5635010.46939679
3.68187774146742e-05,228.357547889098,487237.787215289,5635010.46939679
4.51871120826639e-05,228.357547889098,487737.787215289,5635010.46939679
3.57630367001242e-05,228.357547889098,488237.787215289,5635010.46939679
3.57630367001242e-05,228.357547889098,488737.787215289,5635010.46939679
0.000576043532730249,228.357547889098,489237.787215289,5635010.46939679
0.000576043532730249,228.357547889098,489737.787215289,5635010.46939679
3.57630367001242e-05,228.357547889098,490237.787215289,5635010.46939679
0.000569985914675142,228.357547889098,490737.787215289,5635010.46939679
0.000566707889000407,228.357547889098,491237.787215289,5635010.46939679
0.000563164972260822,228.357547889098,491737.787215289,5635010.46939679
0.000562681133155993,228.357547889098,492237.787215289,5635010.46939679
0.000562681133155993,228.357547889098,492737.787215289,5635010.46939679
0.000548567676912827,228.357547889098,493237.787215289,5635010.46939679
3.50870245245142e-05,228.357547889098,493737.787215289,5635010.46939679
3.51834434048967e-05,228.357547889098,494237.787215289,5635010.46939679
3.75783159815431e-05,228.357547889098,494737.787215289,5635010.46939679
6.9629149057736e-05,228.357547889098,495237.787215289,5635010.46939679
0.000907142326908282,228.357547889098,495737.787215289,5635010.46939679
0.000190491253959339,228.357547889098,496237.787215289,5635010.46939679
0.0005245174709271,228.357547889098,496737.787215289,5635010.46939679
0.00181081475928931,228.357547889098,497237.787215289,5635010.46939679
0.00194164515427708,228.357547889098,497737.787215289,5635010.46939679
0.000601932307905221,228.357547889098,498237.787215289,5635010.46939679
0.000108299437795262,228.357547889098,498737.787215289,5635010.46939679
0.000603954702258401,228.357547889098,499237.787215289,5635010.46939679
5.84759640460016e-05,228.357547889098,499737.787215289,5635010.46939679
8.65097808237195e-05,228.357547889098,500237.787215289,5635010.46939679
7.43447291371818e-05,228.357547889098,500737.787215289,5635010.46939679
0.000355921841245535,228.357547889098,501237.787215289,5635010.46939679
0.00342639875884735,228.357547889098,501737.787215289,5635010.46939679
4.36799677523703e-05,228.357547889098,502237.787215289,5635010.46939679
4.06253747263278e-05,228.357547889098,502737.787215289,5635010.46939679
4.77179415229899e-05,228.357547889098,503237.787215289,5635010.46939679
7.04663912173614e-05,228.357547889098,503737.787215289,5635010.46939679
0.000450663049267813,228.357547889098,504237.787215289,5635010.46939679
0.00132324625586686,228.357547889098,504737.787215289,5635010.46939679
0.00330330288154288,228.357547889098,505237.787215289,5635010.46939679
0.0002120460689839,228.357547889098,505737.787215289,5635010.46939679
6.63729672995728e-05,228.357547889098,506237.787215289,5635010.46939679
0.00175434097021575,228.357547889098,506737.787215289,5635010.46939679
0.00199062408311251,228.357547889098,507237.787215289,5635010.46939679
3.40572280517595e-05,228.357547889098,507737.787215289,5635010.46939679
3.40572280517595e-05,228.357547889098,508237.787215289,5635010.46939679
0.00139673890105854,228.357547889098,508737.787215289,5635010.46939679
0.000120336098418681,228.357547889098,509237.787215289,5635010.46939679
0.000177703612479937,228.357547889098,509737.787215289,5635010.46939679
0.0013491429631967,228.357547889098,510237.787215289,5635010.46939679
0.000561876504218142,228.357547889098,510737.787215289,5635010.46939679
0.000105962361823716,228.357547889098,511237.787215289,5635010.46939679
2.72315822972345e-05,228.357547889098,511737.787215289,5635010.46939679
0.00269877833989375,228.357547889098,512237.787215289,5635010.46939679
0.00249136310160096,228.357547889098,512737.787215289,5635010.46939679
0.00433519988337826,228.357547889098,513237.787215289,5635010.46939679
0.000360569032039613,228.357547889098,513737.787215289,5635010.46939679
0.004390785443907,228.357547889098,514237.787215289,5635010.46939679
0.00605916897024649,228.357547889098,514737.787215289,5635010.46939679
0.00606388158427064,228.357547889098,515237.787215289,5635010.46939679
0.00711261763190019,228.357547889098,515737.787215289,5635010.46939679
0.00611638389013322,228.357547889098,516237.787215289,5635010.46939679
0.00260709556608187,228.357547889098,516737.787215289,5635010.46939679
0.00419832857413646,228.357547889098,517237.787215289,5635010.46939679
0.00332273898365869,228.357547889098,517737.787215289,5635010.46939679
0.00491177782104103,228.357547889098,518237.787215289,5635010.46939679
0.00130841824665476,228.357547889098,518737.787215289,5635010.46939679
6.81824922220001e-05,228.357547889098,519237.787215289,5635010.46939679
0.000414567106454526,228.357547889098,519737.787215289,5635010.46939679
0.00133504477169635,228.357547889098,520237.787215289,5635010.46939679
0.00315382373077538,228.357547889098,520737.787215289,5635010.46939679
0.00502815031591096,228.357547889098,521237.787215289,5635010.46939679
0.00541444334205922,228.357547889098,521737.787215289,5635010.46939679
0.00267081467064123,228.357547889098,522237.787215289,5635010.46939679
0.00498641756501941,228.357547889098,522737.787215289,5635010.46939679
0.00582785550934081,228.357547889098,523237.787215289,5635010.46939679
0.00362692945706109,228.357547889098,523737.787215289,5635010.46939679
0.00423419176585989,228.357547889098,524237.787215289,5635010.46939679
3.62925206429497e-05,228.357547889098,486737.787215289,5635510.46939679
4.24167377920057e-05,228.357547889098,487237.787215289,5635510.46939679
3.92353199543849e-05,228.357547889098,487737.787215289,5635510.46939679
0.000584572053490572,228.357547889098,488237.787215289,5635510.46939679
0.000584572053490572,228.357547889098,488737.787215289,5635510.46939679
0.000584572053490572,228.357547889098,489237.787215289,5635510.46939679
3.61506156597257e-05,228.357547889098,489737.787215289,5635510.46939679
3.58446938867861e-05,228.357547889098,490237.787215289,5635510.46939679
0.000548567676912827,228.357547889098,490737.787215289,5635510.46939679
0.000574765289767715,228.357547889098,491237.787215289,5635510.46939679
3.54945744462413e-05,228.357547889098,491737.787215289,5635510.46939679
0.000123572840499078,228.357547889098,492237.787215289,5635510.46939679
7.15982764162324e-05,228.357547889098,492737.787215289,5635510.46939679
3.54945744462413e-05,228.357547889098,493237.787215289,5635510.46939679
4.86373101471958e-05,228.357547889098,493737.787215289,5635510.46939679
3.8535105290744e-05,228.357547889098,494237.787215289,5635510.46939679
3.52163436470534e-05,228.357547889098,494737.787215289,5635510.46939679
5.17217331427012e-05,228.357547889098,495237.787215289,5635510.46939679
6.50165793837018e-05,228.357547889098,495737.787215289,5635510.46939679
0.0008512309970599,228.357547889098,496237.787215289,5635510.46939679
0.00078422975845511,228.357547889098,496737.787215289,5635510.46939679
0.000119909906977777,228.357547889098,497237.787215289,5635510.46939679
0.000303497121452838,228.357547889098,497737.787215289,5635510.46939679
0.00016233553263911,228.357547889098,498237.787215289,5635510.46939679
0.000327456928823727,228.357547889098,498737.787215289,5635510.46939679
4.32750767210399e-05,228.357547889098,499237.787215289,5635510.46939679
0.00012953934947415,228.357547889098,499737.787215289,5635510.46939679
5.49862884601626e-05,228.357547889098,500237.787215289,5635510.46939679
6.45034047522216e-05,228.357547889098,500737.787215289,5635510.46939679
0.00036136456917274,228.357547889098,501237.787215289,5635510.46939679
0.000535447663687746,228.357547889098,501737.787215289,5635510.46939679
4.79277238663606e-05,228.357547889098,502237.787215289,5635510.46939679
3.52833371519872e-05,228.357547889098,502737.787215289,5635510.46939679
3.82946119161634e-05,228.357547889098,503237.787215289,5635510.46939679
4.4332960959965e-05,228.357547889098,503737.787215289,5635510.46939679
5.52322408684002e-05,228.357547889098,504237.787215289,5635510.46939679
0.000522774722683308,228.357547889098,504737.787215289,5635510.46939679
0.00456004405429108,228.357547889098,505237.787215289,5635510.46939679
0.00414364434397184,228.357547889098,505737.787215289,5635510.46939679
0.00280075036888349,228.357547889098,506237.787215289,5635510.46939679
0.000156477521960753,228.357547889098,506737.787215289,5635510.46939679
0.000835917174431999,228.357547889098,507237.787215289,5635510.46939679
3.40572280517595e-05,228.357547889098,507737.787215289,5635510.46939679
3.40572280517595e-05,228.357547889098,508237.787215289,5635510.46939679
3.40572280517595e-05,228.357547889098,508737.787215289,5635510.46939679
0.000828345409130328,228.357547889098,509237.787215289,5635510.46939679
0.00318067062903734,228.357547889098,509737.787215289,5635510.46939679
0.000529343007509094,228.357547889098,510237.787215289,5635510.46939679
0.00327336574900791,228.357547889098,510737.787215289,5635510.46939679
0.000197711603255254,228.357547889098,511237.787215289,5635510.46939679
0.000108946549339314,228.357547889098,511737.787215289,5635510.46939679
8.84748565367303e-05,228.357547889098,512237.787215289,5635510.46939679
0.00286775179332993,228.357547889098,512737.787215289,5635510.46939679
0.00539792537497487,228.357547889098,513237.787215289,5635510.46939679
0.000222517208823089,228.357547889098,513737.787215289,5635510.46939679
0.0005710148598882,228.357547889098,514237.787215289,5635510.46939679
0.00697477135467451,228.357547889098,514737.787215289,5635510.46939679
0.00597162170802506,228.357547889098,515237.787215289,5635510.46939679
0.00648622490665041,228.357547889098,515737.787215289,5635510.46939679
0.00515717188822691,228.357547889098,516237.787215289,5635510.46939679
0.00237919434971609,228.357547889098,516737.787215289,5635510.46939679
0.0052243439360702,228.357547889098,517237.787215289,5635510.46939679
0.00302699217495945,228.357547889098,517737.787215289,5635510.46939679
0.00413829193303163,228.357547889098,518237.787215289,5635510.46939679
0.000505959234275496,228.357547889098,518737.787215289,5635510.46939679
0.000253324434008432,228.357547889098,519237.787215289,5635510.46939679
0.00245329662429855,228.357547889098,519737.787215289,5635510.46939679
0.00226928997862507,228.357547889098,520237.787215289,5635510.46939679
0.00310859611331324,228.357547889098,520737.787215289,5635510.46939679
0.00335489585261305,228.357547889098,521237.787215289,5635510.46939679
0.00179205468961533,228.357547889098,521737.787215289,5635510.46939679
0.00574062060823431,228.357547889098,522237.787215289,5635510.46939679
0.00388540935931334,228.357547889098,522737.787215289,5635510.46939679
0.00573769042030161,228.357547889098,523237.787215289,5635510.46939679
0.00570393564878049,228.357547889098,523737.787215289,5635510.46939679
0.00385709535101371,228.357547889098,524237.787215289,5635510.46939679
3.65993464904314e-05,228.357547889098,486737.787215289,5636010.46939679
4.99935060340352e-05,228.357547889098,487237.787215289,5636010.46939679
3.95670249471202e-05,228.357547889098,487737.787215289,5636010.46939679
0.000589514168630242,228.357547889098,488237.787215289,5636010.46939679
0.000589514168630242,228.357547889098,488737.787215289,5636010.46939679
0.000586161433615354,228.357547889098,489237.787215289,5636010.46939679
4.19916215171791e-05,228.357547889098,489737.787215289,5636010.46939679
3.55686919518009e-05,228.357547889098,490237.787215289,5636010.46939679
3.68187774146742e-05,228.357547889098,490737.787215289,5636010.46939679
6.11361475741255e-05,228.357547889098,491237.787215289,5636010.46939679
4.48479061573424e-05,228.357547889098,491737.787215289,5636010.46939679
5.27532482802276e-05,228.357547889098,492237.787215289,5636010.46939679
0.000576043532730249,228.357547889098,492737.787215289,5636010.46939679
3.58035697127346e-05,228.357547889098,493237.787215289,5636010.46939679
3.58864257874256e-05,228.357547889098,493737.787215289,5636010.46939679
6.18650456703715e-05,228.357547889098,494237.787215289,5636010.46939679
3.83333898718518e-05,228.357547889098,494737.787215289,5636010.46939679
3.52833371519872e-05,228.357547889098,495237.787215289,5636010.46939679
3.51187919980053e-05,228.357547889098,495737.787215289,5636010.46939679
4.4332960959965e-05,228.357547889098,496237.787215289,5636010.46939679
3.77339213992269e-05,228.357547889098,496737.787215289,5636010.46939679
3.74887313732441e-05,228.357547889098,497237.787215289,5636010.46939679
3.44424478944978e-05,228.357547889098,497737.787215289,5636010.46939679
4.34871341140026e-05,228.357547889098,498237.787215289,5636010.46939679
3.44176005418803e-05,228.357547889098,498737.787215289,5636010.46939679
0.000177464659307897,228.357547889098,499237.787215289,5636010.46939679
8.83815207516767e-05,228.357547889098,499737.787215289,5636010.46939679
5.54042904919203e-05,228.357547889098,500237.787215289,5636010.46939679
4.40274757861011e-05,228.357547889098,500737.787215289,5636010.46939679
4.10078190434841e-05,228.357547889098,501237.787215289,5636010.46939679
4.81498489895568e-05,228.357547889098,501737.787215289,5636010.46939679
3.82185217586503e-05,228.357547889098,502237.787215289,5636010.46939679
3.55686919518009e-05,228.357547889098,502737.787215289,5636010.46939679
3.40572280517595e-05,228.357547889098,503237.787215289,5636010.46939679
4.80594288922809e-05,228.357547889098,503737.787215289,5636010.46939679
5.9944449353905e-05,228.357547889098,504237.787215289,5636010.46939679
0.000190622153581536,228.357547889098,504737.787215289,5636010.46939679
0.00423895924132091,228.357547889098,505237.787215289,5636010.46939679
0.00163155394171501,228.357547889098,505737.787215289,5636010.46939679
0.000312183424832719,228.357547889098,506237.787215289,5636010.46939679
0.000249811459000273,228.357547889098,506737.787215289,5636010.46939679
0.000804476469685216,228.357547889098,507237.787215289,5636010.46939679
0.00105208832544,228.357547889098,507737.787215289,5636010.46939679
3.40572280517595e-05,228.357547889098,508237.787215289,5636010.46939679
3.40572280517595e-05,228.357547889098,508737.787215289,5636010.46939679
3.40572280517595e-05,228.357547889098,509237.787215289,5636010.46939679
2.68206819271956e-05,228.357547889098,509737.787215289,5636010.46939679
0.00344599304857809,228.357547889098,510237.787215289,5636010.46939679
0.000846902098587699,228.357547889098,510737.787215289,5636010.46939679
0.00353878843945769,228.357547889098,511237.787215289,5636010.46939679
0.000137655534603915,228.357547889098,511737.787215289,5636010.46939679
2.74345133641568e-05,228.357547889098,512237.787215289,5636010.46939679
0.000116390366946037,228.357547889098,512737.787215289,5636010.46939679
0.00245095826488571,228.357547889098,513237.787215289,5636010.46939679
0.00311913368007106,228.357547889098,513737.787215289,5636010.46939679
0.00017591860750782,228.357547889098,514237.787215289,5636010.46939679
0.00468672198781543,228.357547889098,514737.787215289,5636010.46939679
0.00343412804469253,228.357547889098,515237.787215289,5636010.46939679
0.00403599836383648,228.357547889098,515737.787215289,5636010.46939679
0.00646863747022029,228.357547889098,516237.787215289,5636010.46939679
0.00514789474555895,228.357547889098,516737.787215289,5636010.46939679
0.00518433350556337,228.357547889098,517237.787215289,5636010.46939679
0.00518433350556337,228.357547889098,517737.787215289,5636010.46939679
0.00324990139126585,228.357547889098,518237.787215289,5636010.46939679
0.00445703810205083,228.357547889098,518737.787215289,5636010.46939679
0.00526866565104289,228.357547889098,519237.787215289,5636010.46939679
3.34174076068056e-05,228.357547889098,519737.787215289,5636010.46939679
0.0053073416570515,228.357547889098,520237.787215289,5636010.46939679
0.00421354447131022,228.357547889098,520737.787215289,5636010.46939679
0.00389140115522547,228.357547889098,521237.787215289,5636010.46939679
0.00528626855959949,228.357547889098,521737.787215289,5636010.46939679
0.00385709535101371,228.357547889098,522237.787215289,5636010.46939679
0.00110789682854161,228.357547889098,522737.787215289,5636010.46939679
0.00526866565104289,228.357547889098,523237.787215289,5636010.46939679
7.77175508648521e-05,228.357547889098,523737.787215289,5636010.46939679
0.00522213787673295,228.357547889098,524237.787215289,5636010.46939679
3.71964955566827e-05,228.357547889098,486737.787215289,5636510.46939679
4.3713864485459e-05,228.357547889098,487237.787215289,5636510.46939679
4.36317746770375e-05,228.357547889098,487737.787215289,5636510.46939679
3.95670249471202e-05,228.357547889098,488237.787215289,5636510.46939679
0.000583035697913794,228.357547889098,488737.787215289,5636510.46939679
0.000548567676912827,228.357547889098,489237.787215289,5636510.46939679
0.000567774106049413,228.357547889098,489737.787215289,5636510.46939679
3.40572280517595e-05,228.357547889098,490237.787215289,5636510.46939679
0.00055768155534238,228.357547889098,490737.787215289,5636510.46939679
5.52322408684002e-05,228.357547889098,491237.787215289,5636510.46939679
0.00020820109398863,228.357547889098,491737.787215289,5636510.46939679
0.000226925353484038,228.357547889098,492237.787215289,5636510.46939679
3.50870245245142e-05,228.357547889098,492737.787215289,5636510.46939679
0.000247081364824061,228.357547889098,493237.787215289,5636510.46939679
7.70176028344958e-05,228.357547889098,493737.787215289,5636510.46939679
0.000400066016874237,228.357547889098,494237.787215289,5636510.46939679
6.6881407459947e-05,228.357547889098,494737.787215289,5636510.46939679
3.60597933980446e-05,228.357547889098,495237.787215289,5636510.46939679
4.19916215171791e-05,228.357547889098,495737.787215289,5636510.46939679
3.87962966706325e-05,228.357547889098,496237.787215289,5636510.46939679
5.26376890193562e-05,228.357547889098,496737.787215289,5636510.46939679
4.83857938386923e-05,228.357547889098,497237.787215289,5636510.46939679
0.000365558296968098,228.357547889098,497737.787215289,5636510.46939679
0.000567237820836974,228.357547889098,498237.787215289,5636510.46939679
3.52163436470534e-05,228.357547889098,498737.787215289,5636510.46939679
3.68187774146742e-05,228.357547889098,499237.787215289,5636510.46939679
3.98042485504421e-05,228.357547889098,499737.787215289,5636510.46939679
3.54945744462413e-05,228.357547889098,500237.787215289,5636510.46939679
3.56064998767623e-05,228.357547889098,500737.787215289,5636510.46939679
3.58864257874256e-05,228.357547889098,501237.787215289,5636510.46939679
3.40572280517595e-05,228.357547889098,501737.787215289,5636510.46939679
3.61506156597257e-05,228.357547889098,502237.787215289,5636510.46939679
3.59287835433299e-05,228.357547889098,502737.787215289,5636510.46939679
3.98042485504421e-05,228.357547889098,503237.787215289,5636510.46939679
6.57089899037015e-05,228.357547889098,503737.787215289,5636510.46939679
9.60919044866559e-05,228.357547889098,504237.787215289,5636510.46939679
0.000177866292941212,228.357547889098,504737.787215289,5636510.46939679
0.000278252678638711,228.357547889098,505237.787215289,5636510.46939679
0.00305554251010797,228.357547889098,505737.787215289,5636510.46939679
0.00300381007562928,228.357547889098,506237.787215289,5636510.46939679
0.00442233954843171,228.357547889098,506737.787215289,5636510.46939679
0.00382573307704305,228.357547889098,507237.787215289,5636510.46939679
0.00138846139110598,228.357547889098,507737.787215289,5636510.46939679
0.00115392936811121,228.357547889098,508237.787215289,5636510.46939679
3.40572280517595e-05,228.357547889098,508737.787215289,5636510.46939679
3.40572280517595e-05,228.357547889098,509237.787215289,5636510.46939679
3.40572280517595e-05,228.357547889098,509737.787215289,5636510.46939679
3.40572280517595e-05,228.357547889098,510237.787215289,5636510.46939679
3.40572280517595e-05,228.357547889098,510737.787215289,5636510.46939679
0.00022453107441509,228.357547889098,511237.787215289,5636510.46939679
0.000845079519156792,228.357547889098,511737.787215289,5636510.46939679
0.000913603264077928,228.357547889098,512237.787215289,5636510.46939679
2.64294936432111e-05,228.357547889098,512737.787215289,5636510.46939679
2.87666961541231e-05,228.357547889098,513237.787215289,5636510.46939679
3.065356797577e-05,228.357547889098,513737.787215289,5636510.46939679
0.000233518893473774,228.357547889098,514237.787215289,5636510.46939679
0.00362672633933443,228.357547889098,514737.787215289,5636510.46939679
0.00454110985945082,228.357547889098,515237.787215289,5636510.46939679
0.00336800819276859,228.357547889098,515737.787215289,5636510.46939679
0.00684470686822955,228.357547889098,516237.787215289,5636510.46939679
0.0043057232453208,228.357547889098,516737.787215289,5636510.46939679
0.00433648514437416,228.357547889098,517237.787215289,5636510.46939679
0.00506824960210029,228.357547889098,517737.787215289,5636510.46939679
0.00548247778012211,228.357547889098,518237.787215289,5636510.46939679
0.00436325954591034,228.357547889098,518737.787215289,5636510.46939679
0.00654293116723228,228.357547889098,519237.787215289,5636510.46939679
0.0037953573042645,228.357547889098,519737.787215289,5636510.46939679
0.00257011370633558,228.357547889098,520237.787215289,5636510.46939679
0.00481647302169178,228.357547889098,520737.787215289,5636510.46939679
0.00354384137052199,228.357547889098,521237.787215289,5636510.46939679
0.0044552190926233,228.357547889098,521737.787215289,5636510.46939679
0.00479921839764303,228.357547889098,522237.787215289,5636510.46939679
0.00560470808413059,228.357547889098,522737.787215289,5636510.46939679
0.00351069096601047,228.357547889098,523237.787215289,5636510.46939679
0.0040816090917717,228.357547889098,523737.787215289,5636510.46939679
0.00405049048391144,228.357547889098,524237.787215289,5636510.46939679
4.04351571763932e-05,228.357547889098,486737.787215289,5637010.46939679
4.07583544063585e-05,228.357547889098,487237.787215289,5637010.46939679
0.00059913258723866,228.357547889098,487737.787215289,5637010.46939679
4.30317982811106e-05,228.357547889098,488237.787215289,5637010.46939679
0.000580109183508858,228.357547889098,488737.787215289,5637010.46939679
3.56064998767623e-05,228.357547889098,489237.787215289,5637010.46939679
4.42540413403597e-05,228.357547889098,489737.787215289,5637010.46939679
3.45965081746599e-05,228.357547889098,490237.787215289,5637010.46939679
3.43443942455967e-05,228.357547889098,490737.787215289,5637010.46939679
0.000163326697582341,228.357547889098,491237.787215289,5637010.46939679
0.000450663049267813,228.357547889098,491737.787215289,5637010.46939679
0.000152420275813204,228.357547889098,492237.787215289,5637010.46939679
4.39911101428331e-05,228.357547889098,492737.787215289,5637010.46939679
3.7766044681483e-05,228.357547889098,493237.787215289,5637010.46939679
0.000112991956951058,228.357547889098,493737.787215289,5637010.46939679
0.000168453068609283,228.357547889098,494237.787215289,5637010.46939679
3.84527992094417e-05,228.357547889098,494737.787215289,5637010.46939679
7.22215696616605e-05,228.357547889098,495237.787215289,5637010.46939679
3.90324238072087e-05,228.357547889098,495737.787215289,5637010.46939679
4.22508869125915e-05,228.357547889098,496237.787215289,5637010.46939679
3.58864257874256e-05,228.357547889098,496737.787215289,5637010.46939679
3.85771093709575e-05,228.357547889098,497237.787215289,5637010.46939679
0.000571719348896865,228.357547889098,497737.787215289,5637010.46939679
0.000571719348896865,228.357547889098,498237.787215289,5637010.46939679
3.83726718445374e-05,228.357547889098,498737.787215289,5637010.46939679
0.000572913176761588,228.357547889098,499237.787215289,5637010.46939679
0.000574765289767715,228.357547889098,499737.787215289,5637010.46939679
0.000576696407372077,228.357547889098,500237.787215289,5637010.46939679
3.58864257874256e-05,228.357547889098,500737.787215289,5637010.46939679
3.61506156597257e-05,228.357547889098,501237.787215289,5637010.46939679
3.68187774146742e-05,228.357547889098,501737.787215289,5637010.46939679
6.24733351768818e-05,228.357547889098,502237.787215289,5637010.46939679
3.56836783749571e-05,228.357547889098,502737.787215289,5637010.46939679
4.30317982811106e-05,228.357547889098,503237.787215289,5637010.46939679
3.50245641210447e-05,228.357547889098,503737.787215289,5637010.46939679
0.000130413518207838,228.357547889098,504237.787215289,5637010.46939679
0.000102304982365481,228.357547889098,504737.787215289,5637010.46939679
0.00425368348081939,228.357547889098,505237.787215289,5637010.46939679
0.00384646834595424,228.357547889098,505737.787215289,5637010.46939679
0.000582492541418406,228.357547889098,506237.787215289,5637010.46939679
0.00302785077720558,228.357547889098,506737.787215289,5637010.46939679
0.000503909968565291,228.357547889098,507237.787215289,5637010.46939679
0.00483386885739764,228.357547889098,507737.787215289,5637010.46939679
0.00483386885739764,228.357547889098,508237.787215289,5637010.46939679
0.00115435088578017,228.357547889098,508737.787215289,5637010.46939679
0.00167962603370752,228.357547889098,509237.787215289,5637010.46939679
0.00090018561673628,228.357547889098,509737.787215289,5637010.46939679
3.40572280517595e-05,228.357547889098,510237.787215289,5637010.46939679
3.40572280517595e-05,228.357547889098,510737.787215289,5637010.46939679
0.00333059483509532,228.357547889098,511237.787215289,5637010.46939679
0.00318067062903734,228.357547889098,511737.787215289,5637010.46939679
0.00184243602647136,228.357547889098,512237.787215289,5637010.46939679
0.00227906154578136,228.357547889098,512737.787215289,5637010.46939679
8.73528878527604e-05,228.357547889098,513237.787215289,5637010.46939679
2.86479981057939e-05,228.357547889098,513737.787215289,5637010.46939679
2.8754037726704e-05,228.357547889098,514237.787215289,5637010.46939679
3.05261991585768e-05,228.357547889098,514737.787215289,5637010.46939679
3.40572280517595e-05,228.357547889098,515237.787215289,5637010.46939679
0.00488974459813714,228.357547889098,515737.787215289,5637010.46939679
0.00496310911340303,228.357547889098,516237.787215289,5637010.46939679
0.00427215182365726,228.357547889098,516737.787215289,5637010.46939679
0.00430104993469176,228.357547889098,517237.787215289,5637010.46939679
0.00314957220799613,228.357547889098,517737.787215289,5637010.46939679
0.000774684130833621,228.357547889098,518237.787215289,5637010.46939679
0.00145578399013352,228.357547889098,518737.787215289,5637010.46939679
0.00476008993671468,228.357547889098,519237.787215289,5637010.46939679
0.00407281821477262,228.357547889098,519737.787215289,5637010.46939679
0.00556333600243373,228.357547889098,520237.787215289,5637010.46939679
0.0040921784547346,228.357547889098,520737.787215289,5637010.46939679
0.00890086201887553,228.357547889098,521237.787215289,5637010.46939679
0.00375812777215937,228.357547889098,521737.787215289,5637010.46939679
0.00200470911077716,228.357547889098,522237.787215289,5637010.46939679
0.00472312723681219,228.357547889098,522737.787215289,5637010.46939679
0.00552013599532282,228.357547889098,523237.787215289,5637010.46939679
0.00470085786827435,228.357547889098,523737.787215289,5637010.46939679
0.00467310729628355,228.357547889098,524237.787215289,5637010.46939679
3.77810208775239e-05,228.357547889098,486737.787215289,5637510.46939679
3.77013216761117e-05,228.357547889098,487237.787215289,5637510.46939679
0.0015588786347971,228.357547889098,487737.787215289,5637510.46939679
0.000582286356989634,228.357547889098,488237.787215289,5637510.46939679
0.000574765289767715,228.357547889098,488737.787215289,5637510.46939679
5.20541063941661e-05,228.357547889098,489237.787215289,5637510.46939679
0.0005581133436154,228.357547889098,489737.787215289,5637510.46939679
0.000549836019772592,228.357547889098,490237.787215289,5637510.46939679
3.3840835640485e-05,228.357547889098,490737.787215289,5637510.46939679
0.000187978099064467,228.357547889098,491237.787215289,5637510.46939679
0.000968724781527953,228.357547889098,491737.787215289,5637510.46939679
0.00025933348236996,228.357547889098,492237.787215289,5637510.46939679
5.0717307658117e-05,228.357547889098,492737.787215289,5637510.46939679
3.71817510633748e-05,228.357547889098,493237.787215289,5637510.46939679
9.53263853945248e-05,228.357547889098,493737.787215289,5637510.46939679
0.00201015420593414,228.357547889098,494237.787215289,5637510.46939679
3.79320755097262e-05,228.357547889098,494737.787215289,5637510.46939679
0.000568866361882616,228.357547889098,495237.787215289,5637510.46939679
3.84527992094417e-05,228.357547889098,495737.787215289,5637510.46939679
4.52383261280267e-05,228.357547889098,496237.787215289,5637510.46939679
5.79398716122741e-05,228.357547889098,496737.787215289,5637510.46939679
3.61971376766376e-05,228.357547889098,497237.787215289,5637510.46939679
3.40572280517595e-05,228.357547889098,497737.787215289,5637510.46939679
3.60154482102685e-05,228.357547889098,498237.787215289,5637510.46939679
0.000580109183508858,228.357547889098,498737.787215289,5637510.46939679
0.000581549077826348,228.357547889098,499237.787215289,5637510.46939679
8.53365253379126e-05,228.357547889098,499737.787215289,5637510.46939679
3.63414333742822e-05,228.357547889098,500237.787215289,5637510.46939679
3.64418373193043e-05,228.357547889098,500737.787215289,5637510.46939679
3.95670249471202e-05,228.357547889098,501237.787215289,5637510.46939679
4.94441019957801e-05,228.357547889098,501737.787215289,5637510.46939679
0.000184071993240368,228.357547889098,502237.787215289,5637510.46939679
4.45384258479357e-05,228.357547889098,502737.787215289,5637510.46939679
3.49634852694711e-05,228.357547889098,503237.787215289,5637510.46939679
3.45965081746599e-05,228.357547889098,503737.787215289,5637510.46939679
3.70776316614111e-05,228.357547889098,504237.787215289,5637510.46939679
5.41552360445564e-05,228.357547889098,504737.787215289,5637510.46939679
0.000475876571230101,228.357547889098,505237.787215289,5637510.46939679
0.000808836689176676,228.357547889098,505737.787215289,5637510.46939679
0.000929931084063347,228.357547889098,506237.787215289,5637510.46939679
0.000291966139748174,228.357547889098,506737.787215289,5637510.46939679
0.00564956481976979,228.357547889098,507237.787215289,5637510.46939679
0.000291966139748174,228.357547889098,507737.787215289,5637510.46939679
0.00302785077720558,228.357547889098,508237.787215289,5637510.46939679
0.000544769789879667,228.357547889098,508737.787215289,5637510.46939679
0.00162275867637501,228.357547889098,509237.787215289,5637510.46939679
0.000270067560712443,228.357547889098,509737.787215289,5637510.46939679
0.000224503698772061,228.357547889098,510237.787215289,5637510.46939679
0.000724624605651414,228.357547889098,510737.787215289,5637510.46939679
0.00314460269917555,228.357547889098,511237.787215289,5637510.46939679
0.00343857708389945,228.357547889098,511737.787215289,5637510.46939679
0.00167495229362904,228.357547889098,512237.787215289,5637510.46939679
0.0019891880139146,228.357547889098,512737.787215289,5637510.46939679
0.000102924124275324,228.357547889098,513237.787215289,5637510.46939679
0.000187979496692689,228.357547889098,513737.787215289,5637510.46939679
0.000511095383669127,228.357547889098,514237.787215289,5637510.46939679
0.000108938582186866,228.357547889098,514737.787215289,5637510.46939679
3.40572280517595e-05,228.357547889098,515237.787215289,5637510.46939679
2.87590919850604e-05,228.357547889098,515737.787215289,5637510.46939679
2.90502443056985e-05,228.357547889098,516237.787215289,5637510.46939679
0.00540895772914458,228.357547889098,516737.787215289,5637510.46939679
0.00530523785500312,228.357547889098,517237.787215289,5637510.46939679
0.00572616854207003,228.357547889098,517737.787215289,5637510.46939679
0.00532628318134309,228.357547889098,518237.787215289,5637510.46939679
0.00541579141253051,228.357547889098,518737.787215289,5637510.46939679
0.00468672198781543,228.357547889098,519237.787215289,5637510.46939679
0.00401004328349399,228.357547889098,519737.787215289,5637510.46939679
0.00467177313289234,228.357547889098,520237.787215289,5637510.46939679
0.0037320942045958,228.357547889098,520737.787215289,5637510.46939679
0.00215498166532108,228.357547889098,521237.787215289,5637510.46939679
0.00403599836383648,228.357547889098,521737.787215289,5637510.46939679
0.00748888470054122,228.357547889098,522237.787215289,5637510.46939679
0.00506824960210029,228.357547889098,522737.787215289,5637510.46939679
0.00506674745847147,228.357547889098,523237.787215289,5637510.46939679
0.00431769654957821,228.357547889098,523737.787215289,5637510.46939679
0.00312140471997592,228.357547889098,524237.787215289,5637510.46939679
3.80337623856654e-05,228.357547889098,486737.787215289,5638010.46939679
7.02008035892756e-05,228.357547889098,487237.787215289,5638010.46939679
0.000128200128906983,228.357547889098,487737.787215289,5638010.46939679
3.60597933980446e-05,228.357547889098,488237.787215289,5638010.46939679
4.15707659152974e-05,228.357547889098,488737.787215289,5638010.46939679
0.00108390056937595,228.357547889098,489237.787215289,5638010.46939679
0.00115110005492039,228.357547889098,489737.787215289,5638010.46939679
0.000351788823115376,228.357547889098,490237.787215289,5638010.46939679
0.000136688906045458,228.357547889098,490737.787215289,5638010.46939679
0.000275427095539729,228.357547889098,491237.787215289,5638010.46939679
0.00286568357357779,228.357547889098,491737.787215289,5638010.46939679
0.000127596480041275,228.357547889098,492237.787215289,5638010.46939679
4.30478525729961e-05,228.357547889098,492737.787215289,5638010.46939679
0.000101750792355062,228.357547889098,493237.787215289,5638010.46939679
0.000223098908152269,228.357547889098,493737.787215289,5638010.46939679
0.000178002765706549,228.357547889098,494237.787215289,5638010.46939679
3.48164689887524e-05,228.357547889098,494737.787215289,5638010.46939679
3.79320755097262e-05,228.357547889098,495237.787215289,5638010.46939679
6.58976405599078e-05,228.357547889098,495737.787215289,5638010.46939679
4.4941554693374e-05,228.357547889098,496237.787215289,5638010.46939679
0.00017148437468683,228.357547889098,496737.787215289,5638010.46939679
3.62444304898743e-05,228.357547889098,497237.787215289,5638010.46939679
5.02932414743403e-05,228.357547889098,497737.787215289,5638010.46939679
6.26379584705194e-05,228.357547889098,498237.787215289,5638010.46939679
3.62925206429497e-05,228.357547889098,498737.787215289,5638010.46939679
0.000586161433615354,228.357547889098,499237.787215289,5638010.46939679
0.000586161433615354,228.357547889098,499737.787215289,5638010.46939679
3.62444304898743e-05,228.357547889098,500237.787215289,5638010.46939679
3.62444304898743e-05,228.357547889098,500737.787215289,5638010.46939679
3.6391195580699e-05,228.357547889098,501237.787215289,5638010.46939679
4.91362761667248e-05,228.357547889098,501737.787215289,5638010.46939679
8.39440677898918e-05,228.357547889098,502237.787215289,5638010.46939679
0.000363224152590645,228.357547889098,502737.787215289,5638010.46939679
4.3884253098554e-05,228.357547889098,503237.787215289,5638010.46939679
6.92781776062309e-05,228.357547889098,503737.787215289,5638010.46939679
6.36106819467433e-05,228.357547889098,504237.787215289,5638010.46939679
4.98007036088629e-05,228.357547889098,504737.787215289,5638010.46939679
6.72394378772801e-05,228.357547889098,505237.787215289,5638010.46939679
0.00357115304110888,228.357547889098,505737.787215289,5638010.46939679
0.00300381007562928,228.357547889098,506237.787215289,5638010.46939679
0.00564956481976979,228.357547889098,506737.787215289,5638010.46939679
0.00239637218394505,228.357547889098,507237.787215289,5638010.46939679
0.000929931084063347,228.357547889098,507737.787215289,5638010.46939679
0.00175434097021575,228.357547889098,508237.787215289,5638010.46939679
0.000123843084957267,228.357547889098,508737.787215289,5638010.46939679
0.00221663508938192,228.357547889098,509237.787215289,5638010.46939679
0.000249811459000273,228.357547889098,509737.787215289,5638010.46939679
0.000744137652420369,228.357547889098,510237.787215289,5638010.46939679
0.000358456822345391,228.357547889098,510737.787215289,5638010.46939679
0.000783381196617883,228.357547889098,511237.787215289,5638010.46939679
0.00541860781108689,228.357547889098,511737.787215289,5638010.46939679
0.00249270779372225,228.357547889098,512237.787215289,5638010.46939679
0.00395980065783517,228.357547889098,512737.787215289,5638010.46939679
0.00279932078043069,228.357547889098,513237.787215289,5638010.46939679
6.44777062144998e-05,228.357547889098,513737.787215289,5638010.46939679
9.30417621067521e-05,228.357547889098,514237.787215289,5638010.46939679
0.000186443879630276,228.357547889098,514737.787215289,5638010.46939679
8.10610540221745e-05,228.357547889098,515237.787215289,5638010.46939679
0.00024092663834792,228.357547889098,515737.787215289,5638010.46939679
4.97421120723468e-05,228.357547889098,516237.787215289,5638010.46939679
3.09495814731196e-05,228.357547889098,516737.787215289,5638010.46939679
3.06196868568172e-05,228.357547889098,517237.787215289,5638010.46939679
3.09495814731196e-05,228.357547889098,517737.787215289,5638010.46939679
0.000509142008867451,228.357547889098,518237.787215289,5638010.46939679
0.00287967798335289,228.357547889098,518737.787215289,5638010.46939679
0.00155929360321938,228.357547889098,519237.787215289,5638010.46939679
0.00396480347451854,228.357547889098,519737.787215289,5638010.46939679
0.00363937545557604,228.357547889098,520237.787215289,5638010.46939679
0.00400885886134657,228.357547889098,520737.787215289,5638010.46939679
0.000449974418054481,228.357547889098,521237.787215289,5638010.46939679
0.00337286632809584,228.357547889098,521737.787215289,5638010.46939679
0.000650912112672547,228.357547889098,522237.787215289,5638010.46939679
6.79302821773329e-05,228.357547889098,522737.787215289,5638010.46939679
0.00422456516221612,228.357547889098,523237.787215289,5638010.46939679
3.40572280517595e-05,228.357547889098,523737.787215289,5638010.46939679
3.40572280517595e-05,228.357547889098,524237.787215289,5638010.46939679
3.83097977165354e-05,228.357547889098,486737.787215289,5638510.46939679
0.000152480718360219,228.357547889098,487237.787215289,5638510.46939679
0.00288591128803929,228.357547889098,487737.787215289,5638510.46939679
4.89626753468314e-05,228.357547889098,488237.787215289,5638510.46939679
0.000338790521308974,228.357547889098,488737.787215289,5638510.46939679
0.00171707009232826,228.357547889098,489237.787215289,5638510.46939679
0.00429078113300534,228.357547889098,489737.787215289,5638510.46939679
0.00390165537445716,228.357547889098,490237.787215289,5638510.46939679
0.00163155394171501,228.357547889098,490737.787215289,5638510.46939679
0.00222664369267648,228.357547889098,491237.787215289,5638510.46939679
0.00206913106091374,228.357547889098,491737.787215289,5638510.46939679
5.7675745657367e-05,228.357547889098,492237.787215289,5638510.46939679
5.79169045548547e-05,228.357547889098,492737.787215289,5638510.46939679
0.00047692129689838,228.357547889098,493237.787215289,5638510.46939679
5.41225147944527e-05,228.357547889098,493737.787215289,5638510.46939679
8.68901036952948e-05,228.357547889098,494237.787215289,5638510.46939679
3.71292286397664e-05,228.357547889098,494737.787215289,5638510.46939679
3.45965081746599e-05,228.357547889098,495237.787215289,5638510.46939679
0.000131040591812956,228.357547889098,495737.787215289,5638510.46939679
0.000246404247798149,228.357547889098,496237.787215289,5638510.46939679
0.000291937359880578,228.357547889098,496737.787215289,5638510.46939679
3.56836783749571e-05,228.357547889098,497237.787215289,5638510.46939679
3.56836783749571e-05,228.357547889098,497737.787215289,5638510.46939679
3.57630367001242e-05,228.357547889098,498237.787215289,5638510.46939679
9.15721277245141e-05,228.357547889098,498737.787215289,5638510.46939679
3.59717839243196e-05,228.357547889098,499237.787215289,5638510.46939679
3.58446938867861e-05,228.357547889098,499737.787215289,5638510.46939679
3.56836783749571e-05,228.357547889098,500237.787215289,5638510.46939679
3.40572280517595e-05,228.357547889098,500737.787215289,5638510.46939679
3.59287835433299e-05,228.357547889098,501237.787215289,5638510.46939679
3.84936728111203e-05,228.357547889098,501737.787215289,5638510.46939679
0.000122604191889921,228.357547889098,502237.787215289,5638510.46939679
0.00435537527325679,228.357547889098,502737.787215289,5638510.46939679
0.00270032237951955,228.357547889098,503237.787215289,5638510.46939679
0.00210874748021812,228.357547889098,503737.787215289,5638510.46939679
0.000298735146128286,228.357547889098,504237.787215289,5638510.46939679
0.00307042994531631,228.357547889098,504737.787215289,5638510.46939679
0.00086836576047989,228.357547889098,505237.787215289,5638510.46939679
0.00381352163663043,228.357547889098,505737.787215289,5638510.46939679
0.00299468918900557,228.357547889098,506237.787215289,5638510.46939679
0.00413594478087091,228.357547889098,506737.787215289,5638510.46939679
6.1394740469916e-05,228.357547889098,507237.787215289,5638510.46939679
0.00280075036888349,228.357547889098,507737.787215289,5638510.46939679
0.00447131017400585,228.357547889098,508237.787215289,5638510.46939679
0.000122216104976188,228.357547889098,508737.787215289,5638510.46939679
0.000688324477615077,228.357547889098,509237.787215289,5638510.46939679
0.00205037896550374,228.357547889098,509737.787215289,5638510.46939679
0.00128432146742366,228.357547889098,510237.787215289,5638510.46939679
0.00150104555867867,228.357547889098,510737.787215289,5638510.46939679
0.000688324477615077,228.357547889098,511237.787215289,5638510.46939679
0.00327336574900791,228.357547889098,511737.787215289,5638510.46939679
0.00259068336123236,228.357547889098,512237.787215289,5638510.46939679
0.00018288247555606,228.357547889098,512737.787215289,5638510.46939679
0.000105872408699443,228.357547889098,513237.787215289,5638510.46939679
0.000635835477496988,228.357547889098,513737.787215289,5638510.46939679
0.0041345358477902,228.357547889098,514237.787215289,5638510.46939679
0.00227068746555596,228.357547889098,514737.787215289,5638510.46939679
0.00284681169999037,228.357547889098,515237.787215289,5638510.46939679
0.000430934321011492,228.357547889098,515737.787215289,5638510.46939679
0.000117483506951264,228.357547889098,516237.787215289,5638510.46939679
0.000451809021968833,228.357547889098,516737.787215289,5638510.46939679
0.000102016635671383,228.357547889098,517237.787215289,5638510.46939679
2.77822008267181e-05,228.357547889098,517737.787215289,5638510.46939679
3.40572280517595e-05,228.357547889098,518237.787215289,5638510.46939679
3.11925414163556e-05,228.357547889098,518737.787215289,5638510.46939679
3.11925414163556e-05,228.357547889098,519237.787215289,5638510.46939679
3.40572280517595e-05,228.357547889098,519737.787215289,5638510.46939679
3.40572280517595e-05,228.357547889098,520237.787215289,5638510.46939679
3.40572280517595e-05,228.357547889098,520737.787215289,5638510.46939679
3.40572280517595e-05,228.357547889098,521237.787215289,5638510.46939679
3.40572280517595e-05,228.357547889098,521737.787215289,5638510.46939679
3.40572280517595e-05,228.357547889098,522237.787215289,5638510.46939679
3.40572280517595e-05,228.357547889098,522737.787215289,5638510.46939679
3.40572280517595e-05,228.357547889098,523237.787215289,5638510.46939679
3.40572280517595e-05,228.357547889098,523737.787215289,5638510.46939679
3.40572280517595e-05,228.357547889098,524237.787215289,5638510.46939679
9.00936008858292e-05,228.357547889098,486737.787215289,5639010.46939679
0.000207883740033859,228.357547889098,487237.787215289,5639010.46939679
0.0024619655878164,228.357547889098,487737.787215289,5639010.46939679
0.00304069344913001,228.357547889098,488237.787215289,5639010.46939679
0.00378392309908939,228.357547889098,488737.787215289,5639010.46939679
0.00294934278610735,228.357547889098,489237.787215289,5639010.46939679
0.00311961787285081,228.357547889098,489737.787215289,5639010.46939679
0.00357115304110888,228.357547889098,490237.787215289,5639010.46939679
0.00351069096601047,228.357547889098,490737.787215289,5639010.46939679
0.0020279228314631,228.357547889098,491237.787215289,5639010.46939679
0.00445703810205083,228.357547889098,491737.787215289,5639010.46939679
0.00303747115935916,228.357547889098,492237.787215289,5639010.46939679
0.00485569485663556,228.357547889098,492737.787215289,5639010.46939679
0.00417377077911134,228.357547889098,493237.787215289,5639010.46939679
3.34174076068056e-05,228.357547889098,493737.787215289,5639010.46939679
3.35932544702381e-05,228.357547889098,494237.787215289,5639010.46939679
4.63081931255031e-05,228.357547889098,494737.787215289,5639010.46939679
4.30754399215544e-05,228.357547889098,495237.787215289,5639010.46939679
0.000110600439014067,228.357547889098,495737.787215289,5639010.46939679
4.37131864854118e-05,228.357547889098,496237.787215289,5639010.46939679
0.000166858317622366,228.357547889098,496737.787215289,5639010.46939679
0.000566184178230478,228.357547889098,497237.787215289,5639010.46939679
0.000566184178230478,228.357547889098,497737.787215289,5639010.46939679
4.45384258479357e-05,228.357547889098,498237.787215289,5639010.46939679
5.65507022867135e-05,228.357547889098,498737.787215289,5639010.46939679
7.14526270240974e-05,228.357547889098,499237.787215289,5639010.46939679
0.000568866361882616,228.357547889098,499737.787215289,5639010.46939679
3.51509293909011e-05,228.357547889098,500237.787215289,5639010.46939679
0.000566184178230478,228.357547889098,500737.787215289,5639010.46939679
3.54223693115515e-05,228.357547889098,501237.787215289,5639010.46939679
4.81043695432081e-05,228.357547889098,501737.787215289,5639010.46939679
0.00019367119884976,228.357547889098,502237.787215289,5639010.46939679
0.00249778785582147,228.357547889098,502737.787215289,5639010.46939679
0.00498338316966379,228.357547889098,503237.787215289,5639010.46939679
0.00306737806849415,228.357547889098,503737.787215289,5639010.46939679
0.00841916824199178,228.357547889098,504237.787215289,5639010.46939679
0.00415461949677621,228.357547889098,504737.787215289,5639010.46939679
0.00378383293261746,228.357547889098,505237.787215289,5639010.46939679
0.00058894275263198,228.357547889098,505737.787215289,5639010.46939679
0.00353878843945769,228.357547889098,506237.787215289,5639010.46939679
0.00109888845288432,228.357547889098,506737.787215289,5639010.46939679
0.00162275867637501,228.357547889098,507237.787215289,5639010.46939679
0.00447131017400585,228.357547889098,507737.787215289,5639010.46939679
0.00162275867637501,228.357547889098,508237.787215289,5639010.46939679
0.00353878843945769,228.357547889098,508737.787215289,5639010.46939679
0.000804476469685216,228.357547889098,509237.787215289,5639010.46939679
0.00413594478087091,228.357547889098,509737.787215289,5639010.46939679
0.00173129343680271,228.357547889098,510237.787215289,5639010.46939679
0.00438332610752142,228.357547889098,510737.787215289,5639010.46939679
0.0031942638277807,228.357547889098,511237.787215289,5639010.46939679
0.00150104555867867,228.357547889098,511737.787215289,5639010.46939679
0.00148078784159469,228.357547889098,512237.787215289,5639010.46939679
7.01795474283585e-05,228.357547889098,512737.787215289,5639010.46939679
0.00239555584614981,228.357547889098,513237.787215289,5639010.46939679
0.00114750287029852,228.357547889098,513737.787215289,5639010.46939679
0.00382573307704305,228.357547889098,514237.787215289,5639010.46939679
5.89002706177889e-05,228.357547889098,514737.787215289,5639010.46939679
0.000238565859873091,228.357547889098,515237.787215289,5639010.46939679
0.000804202420206599,228.357547889098,515737.787215289,5639010.46939679
0.00162220587441506,228.357547889098,516237.787215289,5639010.46939679
0.00258936099739044,228.357547889098,516737.787215289,5639010.46939679
0.000315479264818534,228.357547889098,517237.787215289,5639010.46939679
0.000274452483677703,228.357547889098,517737.787215289,5639010.46939679
3.40572280517595e-05,228.357547889098,518237.787215289,5639010.46939679
3.40572280517595e-05,228.357547889098,518737.787215289,5639010.46939679
2.89462532489018e-05,228.357547889098,519237.787215289,5639010.46939679
2.89462532489018e-05,228.357547889098,519737.787215289,5639010.46939679
3.40572280517595e-05,228.357547889098,520237.787215289,5639010.46939679
3.40572280517595e-05,228.357547889098,520737.787215289,5639010.46939679
3.40572280517595e-05,228.357547889098,521237.787215289,5639010.46939679
3.40572280517595e-05,228.357547889098,521737.787215289,5639010.46939679
3.40572280517595e-05,228.357547889098,522237.787215289,5639010.46939679
3.40572280517595e-05,228.357547889098,522737.787215289,5639010.46939679
3.40572280517595e-05,228.357547889098,523237.787215289,5639010.46939679
3.40572280517595e-05,228.357547889098,523737.787215289,5639010.46939679
3.19824112746455e-05,228.357547889098,524237.787215289,5639010.46939679
0.000196469258137683,228.357547889098,486737.787215289,5639510.46939679
0.00548437281969815,228.357547889098,487237.787215289,5639510.46939679
0.00363043003138293,228.357547889098,487737.787215289,5639510.46939679
0.00303733978137867,228.357547889098,488237.787215289,5639510.46939679
0.00323460043236695,228.357547889098,488737.787215289,5639510.46939679
0.00215749035150837,228.357547889098,489237.787215289,5639510.46939679
0.00227973644771994,228.357547889098,489737.787215289,5639510.46939679
0.000874421663981532,228.357547889098,490237.787215289,5639510.46939679
0.00256230971236282,228.357547889098,490737.787215289,5639510.46939679
0.00413594478087091,228.357547889098,491237.787215289,5639510.46939679
0.00442233954843171,228.357547889098,491737.787215289,5639510.46939679
0.00238872315157885,228.357547889098,492237.787215289,5639510.46939679
0.00445703810205083,228.357547889098,492737.787215289,5639510.46939679
0.00414908590713037,228.357547889098,493237.787215289,5639510.46939679
6.1956236686144e-05,228.357547889098,493737.787215289,5639510.46939679
0.000171373973349173,228.357547889098,494237.787215289,5639510.46939679
0.00054228224963438,228.357547889098,494737.787215289,5639510.46939679
3.95513407885506e-05,228.357547889098,495237.787215289,5639510.46939679
6.36931603372625e-05,228.357547889098,495737.787215289,5639510.46939679
4.33946369040184e-05,228.357547889098,496237.787215289,5639510.46939679
8.68020714739059e-05,228.357547889098,496737.787215289,5639510.46939679
3.40572280517595e-05,228.357547889098,497237.787215289,5639510.46939679
3.77021406224589e-05,228.357547889098,497737.787215289,5639510.46939679
3.49938551085165e-05,228.357547889098,498237.787215289,5639510.46939679
0.000113197751999501,228.357547889098,498737.787215289,5639510.46939679
4.44137056792757e-05,228.357547889098,499237.787215289,5639510.46939679
0.000122153972904278,228.357547889098,499737.787215289,5639510.46939679
0.003750679052499,228.357547889098,500237.787215289,5639510.46939679
0.00346936375429471,228.357547889098,500737.787215289,5639510.46939679
7.66544677133298e-05,228.357547889098,501237.787215289,5639510.46939679
0.00201881336511768,228.357547889098,501737.787215289,5639510.46939679
0.0047085333104534,228.357547889098,502237.787215289,5639510.46939679
0.000162125318961766,228.357547889098,502737.787215289,5639510.46939679
0.00153843227599011,228.357547889098,503237.787215289,5639510.46939679
0.00525414951093359,228.357547889098,503737.787215289,5639510.46939679
0.00414908590713037,228.357547889098,504237.787215289,5639510.46939679
0.00220955976374748,228.357547889098,504737.787215289,5639510.46939679
0.00058894275263198,228.357547889098,505237.787215289,5639510.46939679
0.00150104555867867,228.357547889098,505737.787215289,5639510.46939679
0.00447131017400585,228.357547889098,506237.787215289,5639510.46939679
0.00522582581417851,228.357547889098,506737.787215289,5639510.46939679
0.00610766293935457,228.357547889098,507237.787215289,5639510.46939679
0.00382573307704305,228.357547889098,507737.787215289,5639510.46939679
0.000466114790387994,228.357547889098,508237.787215289,5639510.46939679
0.000167312856063304,228.357547889098,508737.787215289,5639510.46939679
0.00280075036888349,228.357547889098,509237.787215289,5639510.46939679
0.00409064713982672,228.357547889098,509737.787215289,5639510.46939679
0.00203808407463572,228.357547889098,510237.787215289,5639510.46939679
0.00137022057541078,228.357547889098,510737.787215289,5639510.46939679
0.0025475530304746,228.357547889098,511237.787215289,5639510.46939679
0.00150104555867867,228.357547889098,511737.787215289,5639510.46939679
0.0020279228314631,228.357547889098,512237.787215289,5639510.46939679
0.00377002720673149,228.357547889098,512737.787215289,5639510.46939679
0.00253885201148762,228.357547889098,513237.787215289,5639510.46939679
0.00135067052758374,228.357547889098,513737.787215289,5639510.46939679
0.00106607036796045,228.357547889098,514237.787215289,5639510.46939679
0.00169502959803367,228.357547889098,514737.787215289,5639510.46939679
4.15677744706108e-05,228.357547889098,515237.787215289,5639510.46939679
0.000133839362011242,228.357547889098,515737.787215289,5639510.46939679
0.000169107962027543,228.357547889098,516237.787215289,5639510.46939679
0.000430934321011492,228.357547889098,516737.787215289,5639510.46939679
0.0017516717202253,228.357547889098,517237.787215289,5639510.46939679
0.000387333962482381,228.357547889098,517737.787215289,5639510.46939679
6.86989171179866e-05,228.357547889098,518237.787215289,5639510.46939679
7.4269407191688e-05,228.357547889098,518737.787215289,5639510.46939679
0.000128182996410495,228.357547889098,519237.787215289,5639510.46939679
5.87800240527392e-05,228.357547889098,519737.787215289,5639510.46939679
3.40572280517595e-05,228.357547889098,520237.787215289,5639510.46939679
3.40572280517595e-05,228.357547889098,520737.787215289,5639510.46939679
3.40572280517595e-05,228.357547889098,521237.787215289,5639510.46939679
0.000109675667801587,228.357547889098,521737.787215289,5639510.46939679
9.38404659320263e-05,228.357547889098,522237.787215289,5639510.46939679
4.60515816336898e-05,228.357547889098,522737.787215289,5639510.46939679
0.000173066106931321,228.357547889098,523237.787215289,5639510.46939679
5.82743210196244e-05,228.357547889098,523737.787215289,5639510.46939679
5.76882376580082e-05,228.357547889098,524237.787215289,5639510.46939679
0.00300882490534041,228.357547889098,486737.787215289,5640010.46939679
0.00232630280221202,228.357547889098,487237.787215289,5640010.46939679
0.00166478215162868,228.357547889098,487737.787215289,5640010.46939679
0.000943175233655587,228.357547889098,488237.787215289,5640010.46939679
0.0010044299413862,228.357547889098,488737.787215289,5640010.46939679
0.00233243166195935,228.357547889098,489237.787215289,5640010.46939679
0.000237652686822406,228.357547889098,489737.787215289,5640010.46939679
0.000343083725053387,228.357547889098,490237.787215289,5640010.46939679
0.0035000309663881,228.357547889098,490737.787215289,5640010.46939679
0.00221663508938192,228.357547889098,491237.787215289,5640010.46939679
0.000213743159058345,228.357547889098,491737.787215289,5640010.46939679
0.00259068336123236,228.357547889098,492237.787215289,5640010.46939679
0.00259068336123236,228.357547889098,492737.787215289,5640010.46939679
0.00378383293261746,228.357547889098,493237.787215289,5640010.46939679
0.00445703810205083,228.357547889098,493737.787215289,5640010.46939679
4.15107057305282e-05,228.357547889098,494237.787215289,5640010.46939679
4.90348478644693e-05,228.357547889098,494737.787215289,5640010.46939679
4.55327356664215e-05,228.357547889098,495237.787215289,5640010.46939679
0.000408062404459802,228.357547889098,495737.787215289,5640010.46939679
0.000109239837924443,228.357547889098,496237.787215289,5640010.46939679
4.01398728865569e-05,228.357547889098,496737.787215289,5640010.46939679
3.43443942455967e-05,228.357547889098,497237.787215289,5640010.46939679
0.000110600439014067,228.357547889098,497737.787215289,5640010.46939679
0.000357709856120156,228.357547889098,498237.787215289,5640010.46939679
6.45524597651483e-05,228.357547889098,498737.787215289,5640010.46939679
3.45965081746599e-05,228.357547889098,499237.787215289,5640010.46939679
0.00020788051576652,228.357547889098,499737.787215289,5640010.46939679
0.00123999203882391,228.357547889098,500237.787215289,5640010.46939679
0.00250126376029967,228.357547889098,500737.787215289,5640010.46939679
4.0434530028947e-05,228.357547889098,501237.787215289,5640010.46939679
0.000283957961436523,228.357547889098,501737.787215289,5640010.46939679
0.00182858555934375,228.357547889098,502237.787215289,5640010.46939679
0.00335489585261305,228.357547889098,502737.787215289,5640010.46939679
0.00419410652696723,228.357547889098,503237.787215289,5640010.46939679
0.000167822438692595,228.357547889098,503737.787215289,5640010.46939679
0.004780927421291,228.357547889098,504237.787215289,5640010.46939679
0.00610766293935457,228.357547889098,504737.787215289,5640010.46939679
0.00483386885739764,228.357547889098,505237.787215289,5640010.46939679
0.00610766293935457,228.357547889098,505737.787215289,5640010.46939679
0.00353878843945769,228.357547889098,506237.787215289,5640010.46939679
0.00327336574900791,228.357547889098,506737.787215289,5640010.46939679
0.00148460582688571,228.357547889098,507237.787215289,5640010.46939679
0.000394448254675671,228.357547889098,507737.787215289,5640010.46939679
0.000634665216167296,228.357547889098,508237.787215289,5640010.46939679
0.000430489037930702,228.357547889098,508737.787215289,5640010.46939679
0.00258241410280357,228.357547889098,509237.787215289,5640010.46939679
0.000503980937108735,228.357547889098,509737.787215289,5640010.46939679
0.000688421418316075,228.357547889098,510237.787215289,5640010.46939679
0.000292007259021388,228.357547889098,510737.787215289,5640010.46939679
0.000862802537525134,228.357547889098,511237.787215289,5640010.46939679
0.00259068336123236,228.357547889098,511737.787215289,5640010.46939679
0.000231074642519885,228.357547889098,512237.787215289,5640010.46939679
0.00205037896550374,228.357547889098,512737.787215289,5640010.46939679
0.000804476469685216,228.357547889098,513237.787215289,5640010.46939679
0.00175434097021575,228.357547889098,513737.787215289,5640010.46939679
0.00175434097021575,228.357547889098,514237.787215289,5640010.46939679
0.00239596354060104,228.357547889098,514737.787215289,5640010.46939679
0.000221233495594831,228.357547889098,515237.787215289,5640010.46939679
0.00016907924196752,228.357547889098,515737.787215289,5640010.46939679
0.000133862139841838,228.357547889098,516237.787215289,5640010.46939679
0.00066140453938727,228.357547889098,516737.787215289,5640010.46939679
0.000446263611192707,228.357547889098,517237.787215289,5640010.46939679
9.5066904502769e-05,228.357547889098,517737.787215289,5640010.46939679
0.000249599390103078,228.357547889098,518237.787215289,5640010.46939679
0.000144593821823765,228.357547889098,518737.787215289,5640010.46939679
0.000269838296090244,228.357547889098,519237.787215289,5640010.46939679
0.00103254672541037,228.357547889098,519737.787215289,5640010.46939679
0.000478969901146023,228.357547889098,520237.787215289,5640010.46939679
0.000653461373193392,228.357547889098,520737.787215289,5640010.46939679
0.000160793059500922,228.357547889098,521237.787215289,5640010.46939679
0.000107638540327271,228.357547889098,521737.787215289,5640010.46939679
0.000234778125806535,228.357547889098,522237.787215289,5640010.46939679
0.000116756486840417,228.357547889098,522737.787215289,5640010.46939679
0.000276590619784302,228.357547889098,523237.787215289,5640010.46939679
0.000148237103174931,228.357547889098,523737.787215289,5640010.46939679
8.64333581444461e-05,228.357547889098,524237.787215289,5640010.46939679
0.00137973682359565,228.357547889098,486737.787215289,5640510.46939679
0.000988602812383253,228.357547889098,487237.787215289,5640510.46939679
0.00363565201552478,228.357547889098,487737.787215289,5640510.46939679
0.00162964163026762,228.357547889098,488237.787215289,5640510.46939679
0.000211407241578477,228.357547889098,488737.787215289,5640510.46939679
6.98943520537935e-05,228.357547889098,489237.787215289,5640510.46939679
0.000149127873766052,228.357547889098,489737.787215289,5640510.46939679
7.82825976113801e-05,228.357547889098,490237.787215289,5640510.46939679
4.82046541931558e-05,228.357547889098,490737.787215289,5640510.46939679
0.000122486732320707,228.357547889098,491237.787215289,5640510.46939679
0.00018288247555606,228.357547889098,491737.787215289,5640510.46939679
0.000544769789879667,228.357547889098,492237.787215289,5640510.46939679
0.000869707893656737,228.357547889098,492737.787215289,5640510.46939679
0.00280075036888349,228.357547889098,493237.787215289,5640510.46939679
0.004780927421291,228.357547889098,493737.787215289,5640510.46939679
0.00479548863089027,228.357547889098,494237.787215289,5640510.46939679
0.000114918352450463,228.357547889098,494737.787215289,5640510.46939679
9.8546013598288e-05,228.357547889098,495237.787215289,5640510.46939679
0.000437879823121462,228.357547889098,495737.787215289,5640510.46939679
0.000762671975973033,228.357547889098,496237.787215289,5640510.46939679
3.41359717398053e-05,228.357547889098,496737.787215289,5640510.46939679
4.30754399215544e-05,228.357547889098,497237.787215289,5640510.46939679
5.44264388974155e-05,228.357547889098,497737.787215289,5640510.46939679
5.91123344167435e-05,228.357547889098,498237.787215289,5640510.46939679
3.43443942455967e-05,228.357547889098,498737.787215289,5640510.46939679
3.43443942455967e-05,228.357547889098,499237.787215289,5640510.46939679
6.92781776062309e-05,228.357547889098,499737.787215289,5640510.46939679
0.000382218381826015,228.357547889098,500237.787215289,5640510.46939679
0.00428522485788809,228.357547889098,500737.787215289,5640510.46939679
0.000329456268235078,228.357547889098,501237.787215289,5640510.46939679
0.00341664419953367,228.357547889098,501737.787215289,5640510.46939679
0.00168132946322642,228.357547889098,502237.787215289,5640510.46939679
0.00456004405429108,228.357547889098,502737.787215289,5640510.46939679
0.00527361950788694,228.357547889098,503237.787215289,5640510.46939679
0.00409064713982672,228.357547889098,503737.787215289,5640510.46939679
0.00175434097021575,228.357547889098,504237.787215289,5640510.46939679
0.00564956481976979,228.357547889098,504737.787215289,5640510.46939679
0.00109888845288432,228.357547889098,505237.787215289,5640510.46939679
0.000364863124400044,228.357547889098,505737.787215289,5640510.46939679
0.0018758208499064,228.357547889098,506237.787215289,5640510.46939679
0.00604077067214506,228.357547889098,506737.787215289,5640510.46939679
0.000686127399780927,228.357547889098,507237.787215289,5640510.46939679
0.00174874125121033,228.357547889098,507737.787215289,5640510.46939679
0.00484922749595359,228.357547889098,508237.787215289,5640510.46939679
0.00150918114542253,228.357547889098,508737.787215289,5640510.46939679
0.00327382675596125,228.357547889098,509237.787215289,5640510.46939679
0.00221694727086959,228.357547889098,509737.787215289,5640510.46939679
0.00302827720687125,228.357547889098,510237.787215289,5640510.46939679
0.000431215117328499,228.357547889098,510737.787215289,5640510.46939679
0.00101489899619266,228.357547889098,511237.787215289,5640510.46939679
0.000582492541418406,228.357547889098,511737.787215289,5640510.46939679
0.000398816163918403,228.357547889098,512237.787215289,5640510.46939679
0.000544769789879667,228.357547889098,512737.787215289,5640510.46939679
0.000144741108330979,228.357547889098,513237.787215289,5640510.46939679
0.000194597731397043,228.357547889098,513737.787215289,5640510.46939679
0.00221663508938192,228.357547889098,514237.787215289,5640510.46939679
0.000398748155462973,228.357547889098,514737.787215289,5640510.46939679
0.000302197693607521,228.357547889098,515237.787215289,5640510.46939679
7.53488999953772e-05,228.357547889098,515737.787215289,5640510.46939679
0.000224503698772061,228.357547889098,516237.787215289,5640510.46939679
0.000152027855898781,228.357547889098,516737.787215289,5640510.46939679
0.000224394641355632,228.357547889098,517237.787215289,5640510.46939679
0.000102874265147345,228.357547889098,517737.787215289,5640510.46939679
0.000144618235315684,228.357547889098,518237.787215289,5640510.46939679
6.63054271056382e-05,228.357547889098,518737.787215289,5640510.46939679
0.000144642706015883,228.357547889098,519237.787215289,5640510.46939679
0.000503567385120419,228.357547889098,519737.787215289,5640510.46939679
0.000147030713150931,228.357547889098,520237.787215289,5640510.46939679
0.00020083912828939,228.357547889098,520737.787215289,5640510.46939679
0.000185775424230741,228.357547889098,521237.787215289,5640510.46939679
0.000298950749112363,228.357547889098,521737.787215289,5640510.46939679
0.000298950749112363,228.357547889098,522237.787215289,5640510.46939679
0.00104291988686039,228.357547889098,522737.787215289,5640510.46939679
0.000301356796024432,228.357547889098,523237.787215289,5640510.46939679
0.000301356796024432,228.357547889098,523737.787215289,5640510.46939679
0.000280030419312333,228.357547889098,524237.787215289,5640510.46939679
0.00279719191218072,228.357547889098,486737.787215289,5641010.46939679
0.00596337186814407,228.357547889098,487237.787215289,5641010.46939679
0.00022057596600027,228.357547889098,487737.787215289,5641010.46939679
8.47038673222121e-05,228.357547889098,488237.787215289,5641010.46939679
4.47566739294551e-05,228.357547889098,488737.787215289,5641010.46939679
4.08634330351454e-05,228.357547889098,489237.787215289,5641010.46939679
3.70776316614111e-05,228.357547889098,489737.787215289,5641010.46939679
3.94144327612179e-05,228.357547889098,490237.787215289,5641010.46939679
3.89586242394864e-05,228.357547889098,490737.787215289,5641010.46939679
4.51895899754038e-05,228.357547889098,491237.787215289,5641010.46939679
0.000590813998860346,228.357547889098,491737.787215289,5641010.46939679
0.00101322312394008,228.357547889098,492237.787215289,5641010.46939679
0.00117498132155477,228.357547889098,492737.787215289,5641010.46939679
0.00302785077720558,228.357547889098,493237.787215289,5641010.46939679
0.000466114790387994,228.357547889098,493737.787215289,5641010.46939679
0.00302785077720558,228.357547889098,494237.787215289,5641010.46939679
3.04362101337266e-05,228.357547889098,494737.787215289,5641010.46939679
0.00256230971236282,228.357547889098,495237.787215289,5641010.46939679
0.00353332738131957,228.357547889098,495737.787215289,5641010.46939679
0.000134489491279944,228.357547889098,496237.787215289,5641010.46939679
0.00014699887463692,228.357547889098,496737.787215289,5641010.46939679
3.89586242394864e-05,228.357547889098,497237.787215289,5641010.46939679
8.49579984276174e-05,228.357547889098,497737.787215289,5641010.46939679
0.000297760255451077,228.357547889098,498237.787215289,5641010.46939679
3.35571354089086e-05,228.357547889098,498737.787215289,5641010.46939679
4.58379455488042e-05,228.357547889098,499237.787215289,5641010.46939679
0.000159582843926944,228.357547889098,499737.787215289,5641010.46939679
0.000373719299450433,228.357547889098,500237.787215289,5641010.46939679
0.000171373973349173,228.357547889098,500737.787215289,5641010.46939679
0.00165496258720151,228.357547889098,501237.787215289,5641010.46939679
0.000136541939785166,228.357547889098,501737.787215289,5641010.46939679
0.00152445984730162,228.357547889098,502237.787215289,5641010.46939679
0.00566751516691925,228.357547889098,502737.787215289,5641010.46939679
0.00443580861152542,228.357547889098,503237.787215289,5641010.46939679
0.00413594478087091,228.357547889098,503737.787215289,5641010.46939679
0.004780927421291,228.357547889098,504237.787215289,5641010.46939679
0.00256230971236282,228.357547889098,504737.787215289,5641010.46939679
0.00238872315157885,228.357547889098,505237.787215289,5641010.46939679
0.000370902860565758,228.357547889098,505737.787215289,5641010.46939679
0.000814177840062185,228.357547889098,506237.787215289,5641010.46939679
0.00207510496620987,228.357547889098,506737.787215289,5641010.46939679
0.00130435515217697,228.357547889098,507237.787215289,5641010.46939679
0.000376224372377855,228.357547889098,507737.787215289,5641010.46939679
0.0017950139921988,228.357547889098,508237.787215289,5641010.46939679
0.00205066773218384,228.357547889098,508737.787215289,5641010.46939679
0.00118815974880695,228.357547889098,509237.787215289,5641010.46939679
0.00239670967884305,228.357547889098,509737.787215289,5641010.46939679
0.00175458804415976,228.357547889098,510237.787215289,5641010.46939679
0.00382627187706889,228.357547889098,510737.787215289,5641010.46939679
0.00173512709968598,228.357547889098,511237.787215289,5641010.46939679
0.00610766293935457,228.357547889098,511737.787215289,5641010.46939679
0.00413594478087091,228.357547889098,512237.787215289,5641010.46939679
0.00219903532419911,228.357547889098,512737.787215289,5641010.46939679
0.000394448254675671,228.357547889098,513237.787215289,5641010.46939679
0.00158354419842421,228.357547889098,513737.787215289,5641010.46939679
0.00502278705358749,228.357547889098,514237.787215289,5641010.46939679
0.00434469168258591,228.357547889098,514737.787215289,5641010.46939679
0.000262387796588602,228.357547889098,515237.787215289,5641010.46939679
0.00138822462258159,228.357547889098,515737.787215289,5641010.46939679
0.000114534844648873,228.357547889098,516237.787215289,5641010.46939679
0.000189979226564259,228.357547889098,516737.787215289,5641010.46939679
0.000261462648100795,228.357547889098,517237.787215289,5641010.46939679
0.000169107962027543,228.357547889098,517737.787215289,5641010.46939679
9.79813894423189e-05,228.357547889098,518237.787215289,5641010.46939679
0.000269975560663972,228.357547889098,518737.787215289,5641010.46939679
0.000156450838502205,228.357547889098,519237.787215289,5641010.46939679
0.00045022850584336,228.357547889098,519737.787215289,5641010.46939679
0.000190286033925335,228.357547889098,520237.787215289,5641010.46939679
0.000110222112795668,228.357547889098,520737.787215289,5641010.46939679
0.000414961279732274,228.357547889098,521237.787215289,5641010.46939679
0.000119622222356278,228.357547889098,521737.787215289,5641010.46939679
9.43335808529536e-05,228.357547889098,522237.787215289,5641010.46939679
0.000205883902628056,228.357547889098,522737.787215289,5641010.46939679
0.000242278803905609,228.357547889098,523237.787215289,5641010.46939679
0.000667569181185368,228.357547889098,523737.787215289,5641010.46939679
0.000419290550015948,228.357547889098,524237.787215289,5641010.46939679
0.000743192198071256,228.357547889098,486737.787215289,5641510.46939679
5.55599550276343e-05,228.357547889098,487237.787215289,5641510.46939679
5.43785641357386e-05,228.357547889098,487737.787215289,5641510.46939679
4.92564942191665e-05,228.357547889098,488237.787215289,5641510.46939679
0.000572913176761588,228.357547889098,488737.787215289,5641510.46939679
0.000565154847715265,228.357547889098,489237.787215289,5641510.46939679
0.000555176431952161,228.357547889098,489737.787215289,5641510.46939679
0.000546387775134915,228.357547889098,490237.787215289,5641510.46939679
3.92197672819129e-05,228.357547889098,490737.787215289,5641510.46939679
4.92247829751534e-05,228.357547889098,491237.787215289,5641510.46939679
4.19550941675801e-05,228.357547889098,491737.787215289,5641510.46939679
0.000292893802980929,228.357547889098,492237.787215289,5641510.46939679
0.000182298729014471,228.357547889098,492737.787215289,5641510.46939679
0.000337496992239001,228.357547889098,493237.787215289,5641510.46939679
0.00516859159214901,228.357547889098,493737.787215289,5641510.46939679
0.00660290620088598,228.357547889098,494237.787215289,5641510.46939679
0.00150104555867867,228.357547889098,494737.787215289,5641510.46939679
0.00239637218394505,228.357547889098,495237.787215289,5641510.46939679
0.000540444395760223,228.357547889098,495737.787215289,5641510.46939679
0.000249014080384321,228.357547889098,496237.787215289,5641510.46939679
3.58975300887183e-05,228.357547889098,496737.787215289,5641510.46939679
0.000214901635562521,228.357547889098,497237.787215289,5641510.46939679
0.000251165423763405,228.357547889098,497737.787215289,5641510.46939679
0.000115935817246867,228.357547889098,498237.787215289,5641510.46939679
4.91764191466785e-05,228.357547889098,498737.787215289,5641510.46939679
3.60011718778567e-05,228.357547889098,499237.787215289,5641510.46939679
0.000436353787319906,228.357547889098,499737.787215289,5641510.46939679
0.000198783189583364,228.357547889098,500237.787215289,5641510.46939679
0.00449554443629656,228.357547889098,500737.787215289,5641510.46939679
0.00015836452108803,228.357547889098,501237.787215289,5641510.46939679
0.00358146351900395,228.357547889098,501737.787215289,5641510.46939679
0.00417377077911134,228.357547889098,502237.787215289,5641510.46939679
0.00482640923122504,228.357547889098,502737.787215289,5641510.46939679
0.00323751523490272,228.357547889098,503237.787215289,5641510.46939679
0.00327336574900791,228.357547889098,503737.787215289,5641510.46939679
0.00410310597158694,228.357547889098,504237.787215289,5641510.46939679
9.03739046851178e-05,228.357547889098,504737.787215289,5641510.46939679
0.00150782311516319,228.357547889098,505237.787215289,5641510.46939679
0.000107345654941382,228.357547889098,505737.787215289,5641510.46939679
0.00492979777393768,228.357547889098,506237.787215289,5641510.46939679
0.000275427095539729,228.357547889098,506737.787215289,5641510.46939679
0.000202295391995315,228.357547889098,507237.787215289,5641510.46939679
0.00266286713388853,228.357547889098,507737.787215289,5641510.46939679
0.00311961787285081,228.357547889098,508237.787215289,5641510.46939679
0.000368955378509709,228.357547889098,508737.787215289,5641510.46939679
0.000182908231948513,228.357547889098,509237.787215289,5641510.46939679
0.00302827720687125,228.357547889098,509737.787215289,5641510.46939679
0.00118815974880695,228.357547889098,510237.787215289,5641510.46939679
0.0028096491855188,228.357547889098,510737.787215289,5641510.46939679
0.00378383293261746,228.357547889098,511237.787215289,5641510.46939679
0.00353878843945769,228.357547889098,511737.787215289,5641510.46939679
0.00109888845288432,228.357547889098,512237.787215289,5641510.46939679
0.0027700760268442,228.357547889098,512737.787215289,5641510.46939679
0.00413594478087091,228.357547889098,513237.787215289,5641510.46939679
0.00158354419842421,228.357547889098,513737.787215289,5641510.46939679
0.00128432146742366,228.357547889098,514237.787215289,5641510.46939679
9.52391977655975e-05,228.357547889098,514737.787215289,5641510.46939679
0.00175434097021575,228.357547889098,515237.787215289,5641510.46939679
0.00447131017400585,228.357547889098,515737.787215289,5641510.46939679
0.00353818498463906,228.357547889098,516237.787215289,5641510.46939679
0.000156450838502205,228.357547889098,516737.787215289,5641510.46939679
0.000359874121371994,228.357547889098,517237.787215289,5641510.46939679
0.000105944292504532,228.357547889098,517737.787215289,5641510.46939679
7.75467133226947e-05,228.357547889098,518237.787215289,5641510.46939679
0.000156450838502205,228.357547889098,518737.787215289,5641510.46939679
0.00019318212510867,228.357547889098,519237.787215289,5641510.46939679
0.000164510750024365,228.357547889098,519737.787215289,5641510.46939679
0.00052850034853528,228.357547889098,520237.787215289,5641510.46939679
0.000571184149228309,228.357547889098,520737.787215289,5641510.46939679
0.000120108799714406,228.357547889098,521237.787215289,5641510.46939679
9.53177583853796e-05,228.357547889098,521737.787215289,5641510.46939679
0.00200405610622895,228.357547889098,522237.787215289,5641510.46939679
0.000727562834274852,228.357547889098,522737.787215289,5641510.46939679
0.000849508576442037,228.357547889098,523237.787215289,5641510.46939679
0.000142531937361276,228.357547889098,523737.787215289,5641510.46939679
0.000104570288608691,228.357547889098,524237.787215289,5641510.46939679
0.000124348834239949,228.357547889098,486737.787215289,5642010.46939679
4.77368641624387e-05,228.357547889098,487237.787215289,5642010.46939679
0.000597044576488388,228.357547889098,487737.787215289,5642010.46939679
0.000584572053490572,228.357547889098,488237.787215289,5642010.46939679
0.000577358803988446,228.357547889098,488737.787215289,5642010.46939679
0.000570556324033605,228.357547889098,489237.787215289,5642010.46939679
3.40572280517595e-05,228.357547889098,489737.787215289,5642010.46939679
3.43443942455967e-05,228.357547889098,490237.787215289,5642010.46939679
3.67628366395971e-05,228.357547889098,490737.787215289,5642010.46939679
3.3840835640485e-05,228.357547889098,491237.787215289,5642010.46939679
4.25387447343197e-05,228.357547889098,491737.787215289,5642010.46939679
4.56470819573085e-05,228.357547889098,492237.787215289,5642010.46939679
3.89203470119101e-05,228.357547889098,492737.787215289,5642010.46939679
0.000506185234799098,228.357547889098,493237.787215289,5642010.46939679
0.000746501998987591,228.357547889098,493737.787215289,5642010.46939679
0.00351069096601047,228.357547889098,494237.787215289,5642010.46939679
0.00079566569287774,228.357547889098,494737.787215289,5642010.46939679
0.00353878843945769,228.357547889098,495237.787215289,5642010.46939679
0.00259068336123236,228.357547889098,495737.787215289,5642010.46939679
3.04362101337266e-05,228.357547889098,496237.787215289,5642010.46939679
0.000634665216167296,228.357547889098,496737.787215289,5642010.46939679
0.0001552351128443,228.357547889098,497237.787215289,5642010.46939679
0.00410310597158694,228.357547889098,497737.787215289,5642010.46939679
0.000230337070354976,228.357547889098,498237.787215289,5642010.46939679
7.15258205497796e-05,228.357547889098,498737.787215289,5642010.46939679
0.000249014080384321,228.357547889098,499237.787215289,5642010.46939679
0.000543030927367896,228.357547889098,499737.787215289,5642010.46939679
0.00174041175413762,228.357547889098,500237.787215289,5642010.46939679
0.00410310597158694,228.357547889098,500737.787215289,5642010.46939679
0.00238872315157885,228.357547889098,501237.787215289,5642010.46939679
0.00520914538738148,228.357547889098,501737.787215289,5642010.46939679
0.00352749290385939,228.357547889098,502237.787215289,5642010.46939679
0.00237012666744331,228.357547889098,502737.787215289,5642010.46939679
0.00280075036888349,228.357547889098,503237.787215289,5642010.46939679
0.00257011370633558,228.357547889098,503737.787215289,5642010.46939679
0.00484922749595359,228.357547889098,504237.787215289,5642010.46939679
0.00331284003409525,228.357547889098,504737.787215289,5642010.46939679
7.31788432717762e-05,228.357547889098,505237.787215289,5642010.46939679
0.00154107475333412,228.357547889098,505737.787215289,5642010.46939679
0.000353324110026838,228.357547889098,506237.787215289,5642010.46939679
0.000482629137414105,228.357547889098,506737.787215289,5642010.46939679
0.000772501828126988,228.357547889098,507237.787215289,5642010.46939679
0.00197960842225645,228.357547889098,507737.787215289,5642010.46939679
0.000105977285113485,228.357547889098,508237.787215289,5642010.46939679
0.00030721839234196,228.357547889098,508737.787215289,5642010.46939679
0.000619233879844817,228.357547889098,509237.787215289,5642010.46939679
0.000239414899041594,228.357547889098,509737.787215289,5642010.46939679
0.00163155394171501,228.357547889098,510237.787215289,5642010.46939679
0.000862802537525134,228.357547889098,510737.787215289,5642010.46939679
0.000940228644083035,228.357547889098,511237.787215289,5642010.46939679
0.00259068336123236,228.357547889098,511737.787215289,5642010.46939679
0.00101646760895462,228.357547889098,512237.787215289,5642010.46939679
0.00327336574900791,228.357547889098,512737.787215289,5642010.46939679
0.000744137652420369,228.357547889098,513237.787215289,5642010.46939679
0.000744137652420369,228.357547889098,513737.787215289,5642010.46939679
0.00280075036888349,228.357547889098,514237.787215289,5642010.46939679
0.00372373239039692,228.357547889098,514737.787215289,5642010.46939679
0.00501020465988868,228.357547889098,515237.787215289,5642010.46939679
0.00105396534853011,228.357547889098,515737.787215289,5642010.46939679
0.00049049742946898,228.357547889098,516237.787215289,5642010.46939679
0.00280075036888349,228.357547889098,516737.787215289,5642010.46939679
0.000228888547537975,228.357547889098,517237.787215289,5642010.46939679
0.00018171404955682,228.357547889098,517737.787215289,5642010.46939679
0.00028964797040875,228.357547889098,518237.787215289,5642010.46939679
0.0001552351128443,228.357547889098,518737.787215289,5642010.46939679
0.000167887542081612,228.357547889098,519237.787215289,5642010.46939679
0.000364189773377135,228.357547889098,519737.787215289,5642010.46939679
0.000792479569445685,228.357547889098,520237.787215289,5642010.46939679
0.00013188838694903,228.357547889098,520737.787215289,5642010.46939679
9.65187876754514e-05,228.357547889098,521237.787215289,5642010.46939679
0.000311044389662262,228.357547889098,521737.787215289,5642010.46939679
0.00158104287462699,228.357547889098,522237.787215289,5642010.46939679
0.00146245860187961,228.357547889098,522737.787215289,5642010.46939679
7.52340481906e-05,228.357547889098,523237.787215289,5642010.46939679
0.000112726243375948,228.357547889098,523737.787215289,5642010.46939679
0.000105285374167467,228.357547889098,524237.787215289,5642010.46939679
5.71819433971214e-05,228.357547889098,486737.787215289,5642510.46939679
0.000611223029833596,228.357547889098,487237.787215289,5642510.46939679
0.00059913258723866,228.357547889098,487737.787215289,5642510.46939679
0.000586977131853018,228.357547889098,488237.787215289,5642510.46939679
0.000580109183508858,228.357547889098,488737.787215289,5642510.46939679
0.000573522157784161,228.357547889098,489237.787215289,5642510.46939679
0.000564148783499521,228.357547889098,489737.787215289,5642510.46939679
3.40572280517595e-05,228.357547889098,490237.787215289,5642510.46939679
0.000551668980924413,228.357547889098,490737.787215289,5642510.46939679
3.6856117983967e-05,228.357547889098,491237.787215289,5642510.46939679
3.39013952010539e-05,228.357547889098,491737.787215289,5642510.46939679
4.25387447343197e-05,228.357547889098,492237.787215289,5642510.46939679
3.92197672819129e-05,228.357547889098,492737.787215289,5642510.46939679
4.54879993103693e-05,228.357547889098,493237.787215289,5642510.46939679
0.000344355070504756,228.357547889098,493737.787215289,5642510.46939679
0.000291515577616302,228.357547889098,494237.787215289,5642510.46939679
0.00174041175413762,228.357547889098,494737.787215289,5642510.46939679
0.000337496992239001,228.357547889098,495237.787215289,5642510.46939679
0.00128432146742366,228.357547889098,495737.787215289,5642510.46939679
0.00353878843945769,228.357547889098,496237.787215289,5642510.46939679
0.00409064713982672,228.357547889098,496737.787215289,5642510.46939679
0.0027700760268442,228.357547889098,497237.787215289,5642510.46939679
0.00409064713982672,228.357547889098,497737.787215289,5642510.46939679
0.00409064713982672,228.357547889098,498237.787215289,5642510.46939679
0.00409064713982672,228.357547889098,498737.787215289,5642510.46939679
0.0020279228314631,228.357547889098,499237.787215289,5642510.46939679
0.00256230971236282,228.357547889098,499737.787215289,5642510.46939679
0.00378383293261746,228.357547889098,500237.787215289,5642510.46939679
0.00117498132155477,228.357547889098,500737.787215289,5642510.46939679
0.00516859159214901,228.357547889098,501237.787215289,5642510.46939679
0.00442233954843171,228.357547889098,501737.787215289,5642510.46939679
0.004780927421291,228.357547889098,502237.787215289,5642510.46939679
0.000156477521960753,228.357547889098,502737.787215289,5642510.46939679
0.000169165589246336,228.357547889098,503237.787215289,5642510.46939679
0.00034014506060943,228.357547889098,503737.787215289,5642510.46939679
0.000508518564326155,228.357547889098,504237.787215289,5642510.46939679
0.000555580835286273,228.357547889098,504737.787215289,5642510.46939679
0.000478544925881449,228.357547889098,505237.787215289,5642510.46939679
5.02168282116855e-05,228.357547889098,505737.787215289,5642510.46939679
0.0018311302064881,228.357547889098,506237.787215289,5642510.46939679
0.00504545206961356,228.357547889098,506737.787215289,5642510.46939679
0.00010244970138653,228.357547889098,507237.787215289,5642510.46939679
0.00020788051576652,228.357547889098,507737.787215289,5642510.46939679
0.000503980937108735,228.357547889098,508237.787215289,5642510.46939679
0.00147159773575583,228.357547889098,508737.787215289,5642510.46939679
0.00434866907188687,228.357547889098,509237.787215289,5642510.46939679
0.00212302345237613,228.357547889098,509737.787215289,5642510.46939679
0.000636787174523669,228.357547889098,510237.787215289,5642510.46939679
0.0035000309663881,228.357547889098,510737.787215289,5642510.46939679
0.00382573307704305,228.357547889098,511237.787215289,5642510.46939679
0.00382573307704305,228.357547889098,511737.787215289,5642510.46939679
0.00108685322095458,228.357547889098,512237.787215289,5642510.46939679
0.00205037896550374,228.357547889098,512737.787215289,5642510.46939679
0.000341234253627081,228.357547889098,513237.787215289,5642510.46939679
0.000804476469685216,228.357547889098,513737.787215289,5642510.46939679
0.000213743159058345,228.357547889098,514237.787215289,5642510.46939679
0.00343524165513946,228.357547889098,514737.787215289,5642510.46939679
3.40572280517595e-05,228.357547889098,515237.787215289,5642510.46939679
0.00381927231179929,228.357547889098,515737.787215289,5642510.46939679
0.00483386885739764,228.357547889098,516237.787215289,5642510.46939679
0.000869559586000542,228.357547889098,516737.787215289,5642510.46939679
0.000426273433862335,228.357547889098,517237.787215289,5642510.46939679
0.000504195937898585,228.357547889098,517737.787215289,5642510.46939679
0.000270105595882633,228.357547889098,518237.787215289,5642510.46939679
0.000197739448119178,228.357547889098,518737.787215289,5642510.46939679
0.000156433149908855,228.357547889098,519237.787215289,5642510.46939679
0.000248412056807547,228.357547889098,519737.787215289,5642510.46939679
0.000313255712125042,228.357547889098,520237.787215289,5642510.46939679
0.000933125210352119,228.357547889098,520737.787215289,5642510.46939679
0.000427897021014123,228.357547889098,521237.787215289,5642510.46939679
0.000131206357451109,228.357547889098,521737.787215289,5642510.46939679
0.000120108799714406,228.357547889098,522237.787215289,5642510.46939679
0.000175730056740481,228.357547889098,522737.787215289,5642510.46939679
0.0010559116153129,228.357547889098,523237.787215289,5642510.46939679
0.00106607036796045,228.357547889098,523737.787215289,5642510.46939679
8.88792706669151e-05,228.357547889098,524237.787215289,5642510.46939679
3.89512202116605e-05,228.357547889098,486737.787215289,5643010.46939679
0.000615536961014508,228.357547889098,487237.787215289,5643010.46939679
4.37979590628048e-05,228.357547889098,487737.787215289,5643010.46939679
3.68236984852719e-05,228.357547889098,488237.787215289,5643010.46939679
0.000586161433615354,228.357547889098,488737.787215289,5643010.46939679
3.59717839243196e-05,228.357547889098,489237.787215289,5643010.46939679
6.61603338729169e-05,228.357547889098,489737.787215289,5643010.46939679
3.79320755097262e-05,228.357547889098,490237.787215289,5643010.46939679
3.47318976979553e-05,228.357547889098,490737.787215289,5643010.46939679
4.72576946322962e-05,228.357547889098,491237.787215289,5643010.46939679
4.69796781190171e-05,228.357547889098,491737.787215289,5643010.46939679
3.41583493456836e-05,228.357547889098,492237.787215289,5643010.46939679
3.40054830491285e-05,228.357547889098,492737.787215289,5643010.46939679
5.39940864397013e-05,228.357547889098,493237.787215289,5643010.46939679
3.93481759086033e-05,228.357547889098,493737.787215289,5643010.46939679
0.000116049837341797,228.357547889098,494237.787215289,5643010.46939679
0.000293548580629104,228.357547889098,494737.787215289,5643010.46939679
0.000168904532917695,228.357547889098,495237.787215289,5643010.46939679
0.000104801842212263,228.357547889098,495737.787215289,5643010.46939679
0.000860182690089617,228.357547889098,496237.787215289,5643010.46939679
0.00259068336123236,228.357547889098,496737.787215289,5643010.46939679
0.000231074642519885,228.357547889098,497237.787215289,5643010.46939679
0.00101646760895462,228.357547889098,497737.787215289,5643010.46939679
0.00239637218394505,228.357547889098,498237.787215289,5643010.46939679
0.00138846139110598,228.357547889098,498737.787215289,5643010.46939679
0.000804476469685216,228.357547889098,499237.787215289,5643010.46939679
0.000291966139748174,228.357547889098,499737.787215289,5643010.46939679
0.0011879924369891,228.357547889098,500237.787215289,5643010.46939679
0.000940228644083035,228.357547889098,500737.787215289,5643010.46939679
0.00483386885739764,228.357547889098,501237.787215289,5643010.46939679
0.00447131017400585,228.357547889098,501737.787215289,5643010.46939679
0.000503909968565291,228.357547889098,502237.787215289,5643010.46939679
0.000544769789879667,228.357547889098,502737.787215289,5643010.46939679
0.000582492541418406,228.357547889098,503237.787215289,5643010.46939679
0.00189685979593484,228.357547889098,503737.787215289,5643010.46939679
0.000699061412208394,228.357547889098,504237.787215289,5643010.46939679
0.00364604086406087,228.357547889098,504737.787215289,5643010.46939679
0.00144524280679808,228.357547889098,505237.787215289,5643010.46939679
0.00157351961333735,228.357547889098,505737.787215289,5643010.46939679
0.000165571675562162,228.357547889098,506237.787215289,5643010.46939679
0.000226541372283321,228.357547889098,506737.787215289,5643010.46939679
7.45296387206755e-05,228.357547889098,507237.787215289,5643010.46939679
7.75840641251101e-05,228.357547889098,507737.787215289,5643010.46939679
0.00162298721882665,228.357547889098,508237.787215289,5643010.46939679
0.00653074555686568,228.357547889098,508737.787215289,5643010.46939679
0.00175458804415976,228.357547889098,509237.787215289,5643010.46939679
0.000544846512947103,228.357547889098,509737.787215289,5643010.46939679
0.00382627187706889,228.357547889098,510237.787215289,5643010.46939679
0.00353332738131957,228.357547889098,510737.787215289,5643010.46939679
0.0035000309663881,228.357547889098,511237.787215289,5643010.46939679
0.00149625433879288,228.357547889098,511737.787215289,5643010.46939679
0.00353928682741738,228.357547889098,512237.787215289,5643010.46939679
0.000866931854161585,228.357547889098,512737.787215289,5643010.46939679
0.000269205526205955,228.357547889098,513237.787215289,5643010.46939679
0.00019532869133941,228.357547889098,513737.787215289,5643010.46939679
0.000178014704512733,228.357547889098,514237.787215289,5643010.46939679
0.00424850469926787,228.357547889098,514737.787215289,5643010.46939679
8.02915835650134e-05,228.357547889098,515237.787215289,5643010.46939679
3.40572280517595e-05,228.357547889098,515737.787215289,5643010.46939679
0.00138427634692638,228.357547889098,516237.787215289,5643010.46939679
0.000431154395371508,228.357547889098,516737.787215289,5643010.46939679
0.000365974383359085,228.357547889098,517237.787215289,5643010.46939679
0.000106536672164409,228.357547889098,517737.787215289,5643010.46939679
0.00015891836050893,228.357547889098,518237.787215289,5643010.46939679
0.000437879823121462,228.357547889098,518737.787215289,5643010.46939679
0.000815789424439037,228.357547889098,519237.787215289,5643010.46939679
9.89580628526203e-05,228.357547889098,519737.787215289,5643010.46939679
0.00119773126181917,228.357547889098,520237.787215289,5643010.46939679
0.000875217568950725,228.357547889098,520737.787215289,5643010.46939679
0.00109538088698981,228.357547889098,521237.787215289,5643010.46939679
0.000111750539268795,228.357547889098,521737.787215289,5643010.46939679
0.000240041489656474,228.357547889098,522237.787215289,5643010.46939679
0.000177703612479937,228.357547889098,522737.787215289,5643010.46939679
0.00022453107441509,228.357547889098,523237.787215289,5643010.46939679
0.00144272550732948,228.357547889098,523737.787215289,5643010.46939679
0.00232069497390375,228.357547889098,524237.787215289,5643010.46939679
3.91988694069906e-05,228.357547889098,486737.787215289,5643510.46939679
4.86565973640016e-05,228.357547889098,487237.787215289,5643510.46939679
3.77810208775239e-05,228.357547889098,487737.787215289,5643510.46939679
3.71964955566827e-05,228.357547889098,488237.787215289,5643510.46939679
0.000592197827928586,228.357547889098,488737.787215289,5643510.46939679
6.28082634408914e-05,228.357547889098,489237.787215289,5643510.46939679
0.000949653745260278,228.357547889098,489737.787215289,5643510.46939679
5.25252616137657e-05,228.357547889098,490237.787215289,5643510.46939679
0.000567774106049413,228.357547889098,490737.787215289,5643510.46939679
6.05573695650034e-05,228.357547889098,491237.787215289,5643510.46939679
3.7766044681483e-05,228.357547889098,491737.787215289,5643510.46939679
3.46498603950014e-05,228.357547889098,492237.787215289,5643510.46939679
3.44928378331986e-05,228.357547889098,492737.787215289,5643510.46939679
0.000553193129448241,228.357547889098,493237.787215289,5643510.46939679
0.000354008956833783,228.357547889098,493737.787215289,5643510.46939679
4.62254707534653e-05,228.357547889098,494237.787215289,5643510.46939679
0.000513910144148089,228.357547889098,494737.787215289,5643510.46939679
7.24111028812249e-05,228.357547889098,495237.787215289,5643510.46939679
5.27676263631919e-05,228.357547889098,495737.787215289,5643510.46939679
8.37337826835666e-05,228.357547889098,496237.787215289,5643510.46939679
0.00137325470217993,228.357547889098,496737.787215289,5643510.46939679
0.00127025533842558,228.357547889098,497237.787215289,5643510.46939679
8.29447149094473e-05,228.357547889098,497737.787215289,5643510.46939679
0.000104801842212263,228.357547889098,498237.787215289,5643510.46939679
0.000113299758136417,228.357547889098,498737.787215289,5643510.46939679
4.44537282986513e-05,228.357547889098,499237.787215289,5643510.46939679
0.0027700760268442,228.357547889098,499737.787215289,5643510.46939679
0.000144741108330979,228.357547889098,500237.787215289,5643510.46939679
0.000315640377298831,228.357547889098,500737.787215289,5643510.46939679
0.000688324477615077,228.357547889098,501237.787215289,5643510.46939679
0.00221663508938192,228.357547889098,501737.787215289,5643510.46939679
0.000538803369218585,228.357547889098,502237.787215289,5643510.46939679
0.00128022201386685,228.357547889098,502737.787215289,5643510.46939679
0.000589025696832201,228.357547889098,503237.787215289,5643510.46939679
0.00243007118088513,228.357547889098,503737.787215289,5643510.46939679
0.000276794165037654,228.357547889098,504237.787215289,5643510.46939679
0.00016233553263911,228.357547889098,504737.787215289,5643510.46939679
0.00403824383896452,228.357547889098,505237.787215289,5643510.46939679
0.00322014640368211,228.357547889098,505737.787215289,5643510.46939679
0.00300616697283949,228.357547889098,506237.787215289,5643510.46939679
8.35099709620166e-05,228.357547889098,506737.787215289,5643510.46939679
4.14416742048601e-05,228.357547889098,507237.787215289,5643510.46939679
9.06760634569548e-05,228.357547889098,507737.787215289,5643510.46939679
5.46264515239361e-05,228.357547889098,508237.787215289,5643510.46939679
0.000212007474514188,228.357547889098,508737.787215289,5643510.46939679
0.00483454963899238,228.357547889098,509237.787215289,5643510.46939679
0.00259104822209271,228.357547889098,509737.787215289,5643510.46939679
5.79169045548547e-05,228.357547889098,510237.787215289,5643510.46939679
0.00151477363041792,228.357547889098,510737.787215289,5643510.46939679
0.0044914991396831,228.357547889098,511237.787215289,5643510.46939679
0.000135109438839668,228.357547889098,511737.787215289,5643510.46939679
0.00413652726979784,228.357547889098,512237.787215289,5643510.46939679
0.00259104822209271,228.357547889098,512737.787215289,5643510.46939679
9.12795028512094e-05,228.357547889098,513237.787215289,5643510.46939679
9.0013396172133e-05,228.357547889098,513737.787215289,5643510.46939679
0.000422386959998929,228.357547889098,514237.787215289,5643510.46939679
0.000382512361559916,228.357547889098,514737.787215289,5643510.46939679
0.00338799701687549,228.357547889098,515237.787215289,5643510.46939679
0.00470217662203536,228.357547889098,515737.787215289,5643510.46939679
0.00289889883319011,228.357547889098,516237.787215289,5643510.46939679
0.000169165589246336,228.357547889098,516737.787215289,5643510.46939679
0.000927204233883675,228.357547889098,517237.787215289,5643510.46939679
0.00257514858949707,228.357547889098,517737.787215289,5643510.46939679
0.000371410736645328,228.357547889098,518237.787215289,5643510.46939679
0.00178538192170851,228.357547889098,518737.787215289,5643510.46939679
0.000814177840062185,228.357547889098,519237.787215289,5643510.46939679
0.000399385621691335,228.357547889098,519737.787215289,5643510.46939679
0.000396268149553317,228.357547889098,520237.787215289,5643510.46939679
9.70875042665563e-05,228.357547889098,520737.787215289,5643510.46939679
8.93112621105065e-05,228.357547889098,521237.787215289,5643510.46939679
0.000242278803905609,228.357547889098,521737.787215289,5643510.46939679
0.00061195992702554,228.357547889098,522237.787215289,5643510.46939679
0.00124795207224084,228.357547889098,522737.787215289,5643510.46939679
0.000354570436625667,228.357547889098,523237.787215289,5643510.46939679
0.000262419791761483,228.357547889098,523737.787215289,5643510.46939679
0.00343857708389945,228.357547889098,524237.787215289,5643510.46939679
0.000100592875125871,228.357547889098,486737.787215289,5644010.46939679
9.12891802573968e-05,228.357547889098,487237.787215289,5644010.46939679
0.000680756396809486,228.357547889098,487737.787215289,5644010.46939679
9.53278639253524e-05,228.357547889098,488237.787215289,5644010.46939679
3.7004142706096e-05,228.357547889098,488737.787215289,5644010.46939679
4.27753392693865e-05,228.357547889098,489237.787215289,5644010.46939679
0.000136061990432848,228.357547889098,489737.787215289,5644010.46939679
4.89065010748638e-05,228.357547889098,490237.787215289,5644010.46939679
4.84844236827454e-05,228.357547889098,490737.787215289,5644010.46939679
6.58976405599078e-05,228.357547889098,491237.787215289,5644010.46939679
3.80363125688895e-05,228.357547889098,491737.787215289,5644010.46939679
3.7766044681483e-05,228.357547889098,492237.787215289,5644010.46939679
5.54483859985375e-05,228.357547889098,492737.787215289,5644010.46939679
3.45965081746599e-05,228.357547889098,493237.787215289,5644010.46939679
4.01398728865569e-05,228.357547889098,493737.787215289,5644010.46939679
6.36106819467433e-05,228.357547889098,494237.787215289,5644010.46939679
3.94144327612179e-05,228.357547889098,494737.787215289,5644010.46939679
4.22233759314837e-05,228.357547889098,495237.787215289,5644010.46939679
6.21351140407298e-05,228.357547889098,495737.787215289,5644010.46939679
3.56852218471858e-05,228.357547889098,496237.787215289,5644010.46939679
4.84353585221963e-05,228.357547889098,496737.787215289,5644010.46939679
5.21133555083164e-05,228.357547889098,497237.787215289,5644010.46939679
5.63389960532434e-05,228.357547889098,497737.787215289,5644010.46939679
0.000105624138262026,228.357547889098,498237.787215289,5644010.46939679
7.73255316675196e-05,228.357547889098,498737.787215289,5644010.46939679
4.48025210718087e-05,228.357547889098,499237.787215289,5644010.46939679
0.000367725912873654,228.357547889098,499737.787215289,5644010.46939679
0.00160498591974544,228.357547889098,500237.787215289,5644010.46939679
0.000337496992239001,228.357547889098,500737.787215289,5644010.46939679
0.00079566569287774,228.357547889098,501237.787215289,5644010.46939679
0.00127025533842558,228.357547889098,501737.787215289,5644010.46939679
0.00238872315157885,228.357547889098,502237.787215289,5644010.46939679
0.000744242453612264,228.357547889098,502737.787215289,5644010.46939679
0.00175458804415976,228.357547889098,503237.787215289,5644010.46939679
0.00727996739744954,228.357547889098,503737.787215289,5644010.46939679
0.000351788823115376,228.357547889098,504237.787215289,5644010.46939679
0.000163099729116021,228.357547889098,504737.787215289,5644010.46939679
0.000194328353028475,228.357547889098,505237.787215289,5644010.46939679
0.00277535384402139,228.357547889098,505737.787215289,5644010.46939679
0.00327304308476701,228.357547889098,506237.787215289,5644010.46939679
7.19797295135247e-05,228.357547889098,506737.787215289,5644010.46939679
0.000198550199818656,228.357547889098,507237.787215289,5644010.46939679
0.000292007259021388,228.357547889098,507737.787215289,5644010.46939679
6.60934062543621e-05,228.357547889098,508237.787215289,5644010.46939679
5.67978977733152e-05,228.357547889098,508737.787215289,5644010.46939679
0.00259104822209271,228.357547889098,509237.787215289,5644010.46939679
0.00169143463687917,228.357547889098,509737.787215289,5644010.46939679
0.00265520981474995,228.357547889098,510237.787215289,5644010.46939679
0.00359398877193125,228.357547889098,510737.787215289,5644010.46939679
0.00452523075180138,228.357547889098,511237.787215289,5644010.46939679
0.00302827720687125,228.357547889098,511737.787215289,5644010.46939679
0.00280114481469053,228.357547889098,512237.787215289,5644010.46939679
0.00308793897013571,228.357547889098,512737.787215289,5644010.46939679
0.000184730507511778,228.357547889098,513237.787215289,5644010.46939679
0.00238774826425839,228.357547889098,513737.787215289,5644010.46939679
0.00108211621383594,228.357547889098,514237.787215289,5644010.46939679
0.000569031570377027,228.357547889098,514737.787215289,5644010.46939679
0.0011879924369891,228.357547889098,515237.787215289,5644010.46939679
0.000261469304925914,228.357547889098,515737.787215289,5644010.46939679
0.00390685301992378,228.357547889098,516237.787215289,5644010.46939679
0.00585645380199369,228.357547889098,516737.787215289,5644010.46939679
0.00553839568424427,228.357547889098,517237.787215289,5644010.46939679
0.0020234422533599,228.357547889098,517737.787215289,5644010.46939679
0.000369590182204809,228.357547889098,518237.787215289,5644010.46939679
0.00095203354905489,228.357547889098,518737.787215289,5644010.46939679
0.000157468820698064,228.357547889098,519237.787215289,5644010.46939679
0.000123297413367868,228.357547889098,519737.787215289,5644010.46939679
0.000113008383279733,228.357547889098,520237.787215289,5644010.46939679
0.000265571409853262,228.357547889098,520737.787215289,5644010.46939679
0.000456942831138714,228.357547889098,521237.787215289,5644010.46939679
0.000281385371340366,228.357547889098,521737.787215289,5644010.46939679
0.000529343007509094,228.357547889098,522237.787215289,5644010.46939679
0.00157680542161408,228.357547889098,522737.787215289,5644010.46939679
0.000838421574194742,228.357547889098,523237.787215289,5644010.46939679
0.00028369824717934,228.357547889098,523737.787215289,5644010.46939679
9.52391977655975e-05,228.357547889098,524237.787215289,5644010.46939679
0.000161792853094975,228.357547889098,486737.787215289,5644510.46939679
0.000553495448672889,228.357547889098,487237.787215289,5644510.46939679
0.00204777388336073,228.357547889098,487737.787215289,5644510.46939679
4.41564164650421e-05,228.357547889098,488237.787215289,5644510.46939679
0.000490096101167394,228.357547889098,488737.787215289,5644510.46939679
8.08325911806345e-05,228.357547889098,489237.787215289,5644510.46939679
5.00679194531125e-05,228.357547889098,489737.787215289,5644510.46939679
0.000108108055650213,228.357547889098,490237.787215289,5644510.46939679
0.000135720157867221,228.357547889098,490737.787215289,5644510.46939679
4.18933420687017e-05,228.357547889098,491237.787215289,5644510.46939679
3.86197041469622e-05,228.357547889098,491737.787215289,5644510.46939679
0.000314310909032178,228.357547889098,492237.787215289,5644510.46939679
3.81078749482553e-05,228.357547889098,492737.787215289,5644510.46939679
3.79320755097262e-05,228.357547889098,493237.787215289,5644510.46939679
4.06916083473054e-05,228.357547889098,493737.787215289,5644510.46939679
0.00470128333299893,228.357547889098,494237.787215289,5644510.46939679
4.66286169781142e-05,228.357547889098,494737.787215289,5644510.46939679
3.39013952010539e-05,228.357547889098,495237.787215289,5644510.46939679
4.26103740608435e-05,228.357547889098,495737.787215289,5644510.46939679
3.61270767715006e-05,228.357547889098,496237.787215289,5644510.46939679
5.74747424411714e-05,228.357547889098,496737.787215289,5644510.46939679
9.8546013598288e-05,228.357547889098,497237.787215289,5644510.46939679
6.17274966836245e-05,228.357547889098,497737.787215289,5644510.46939679
6.71733744749916e-05,228.357547889098,498237.787215289,5644510.46939679
0.00111214020639872,228.357547889098,498737.787215289,5644510.46939679
0.00358146351900395,228.357547889098,499237.787215289,5644510.46939679
0.00358146351900395,228.357547889098,499737.787215289,5644510.46939679
0.00205963688520714,228.357547889098,500237.787215289,5644510.46939679
0.00205963688520714,228.357547889098,500737.787215289,5644510.46939679
0.000370569105198187,228.357547889098,501237.787215289,5644510.46939679
0.00162298721882665,228.357547889098,501737.787215289,5644510.46939679
0.00109904321567484,228.357547889098,502237.787215289,5644510.46939679
0.00413652726979784,228.357547889098,502737.787215289,5644510.46939679
0.0019405637045549,228.357547889098,503237.787215289,5644510.46939679
0.00247658123750938,228.357547889098,503737.787215289,5644510.46939679
0.000150866624579193,228.357547889098,504237.787215289,5644510.46939679
0.000103214904048904,228.357547889098,504737.787215289,5644510.46939679
0.00058360236263302,228.357547889098,505237.787215289,5644510.46939679
0.001104783787374,228.357547889098,505737.787215289,5644510.46939679
0.00358729529683312,228.357547889098,506237.787215289,5644510.46939679
0.00389803056413994,228.357547889098,506737.787215289,5644510.46939679
0.000115981791813224,228.357547889098,507237.787215289,5644510.46939679
0.000169510968008212,228.357547889098,507737.787215289,5644510.46939679
0.000105516051377917,228.357547889098,508237.787215289,5644510.46939679
7.75840641251101e-05,228.357547889098,508737.787215289,5644510.46939679
5.25378378412795e-05,228.357547889098,509237.787215289,5644510.46939679
8.83125207370594e-05,228.357547889098,509737.787215289,5644510.46939679
0.00123246701898967,228.357547889098,510237.787215289,5644510.46939679
0.00266920093204083,228.357547889098,510737.787215289,5644510.46939679
0.000826891461599692,228.357547889098,511237.787215289,5644510.46939679
0.00353928682741738,228.357547889098,511737.787215289,5644510.46939679
0.0046417423877257,228.357547889098,512237.787215289,5644510.46939679
0.000101487421316443,228.357547889098,512737.787215289,5644510.46939679
0.00360328735600209,228.357547889098,513237.787215289,5644510.46939679
0.00329410280627396,228.357547889098,513737.787215289,5644510.46939679
0.00445160889694069,228.357547889098,514237.787215289,5644510.46939679
0.000192212458458876,228.357547889098,514737.787215289,5644510.46939679
0.00122959520603819,228.357547889098,515237.787215289,5644510.46939679
0.000720751719776453,228.357547889098,515737.787215289,5644510.46939679
0.00221981240664296,228.357547889098,516237.787215289,5644510.46939679
3.40572280517595e-05,228.357547889098,516737.787215289,5644510.46939679
0.00327336574900791,228.357547889098,517237.787215289,5644510.46939679
0.000847616531169985,228.357547889098,517737.787215289,5644510.46939679
0.000395193666168937,228.357547889098,518237.787215289,5644510.46939679
0.000115020240841796,228.357547889098,518737.787215289,5644510.46939679
0.000314376716514321,228.357547889098,519237.787215289,5644510.46939679
6.04791803455314e-05,228.357547889098,519737.787215289,5644510.46939679
0.000263125009743362,228.357547889098,520237.787215289,5644510.46939679
0.00169893904601694,228.357547889098,520737.787215289,5644510.46939679
0.000356330330392934,228.357547889098,521237.787215289,5644510.46939679
0.000331571187381699,228.357547889098,521737.787215289,5644510.46939679
0.00016437516074172,228.357547889098,522237.787215289,5644510.46939679
0.000358456822345391,228.357547889098,522737.787215289,5644510.46939679
0.000484331578640896,228.357547889098,523237.787215289,5644510.46939679
0.00052756601073005,228.357547889098,523737.787215289,5644510.46939679
0.000280622393274999,228.357547889098,524237.787215289,5644510.46939679
0.000976042358625664,228.357547889098,486737.787215289,5645010.46939679
0.000701610343618434,228.357547889098,487237.787215289,5645010.46939679
0.000370409948217885,228.357547889098,487737.787215289,5645010.46939679
0.00173505211059368,228.357547889098,488237.787215289,5645010.46939679
0.00253457484057688,228.357547889098,488737.787215289,5645010.46939679
0.000618080613427561,228.357547889098,489237.787215289,5645010.46939679
3.6942742845246e-05,228.357547889098,489737.787215289,5645010.46939679
4.99204714604035e-05,228.357547889098,490237.787215289,5645010.46939679
6.26379584705194e-05,228.357547889098,490737.787215289,5645010.46939679
5.76402493145157e-05,228.357547889098,491237.787215289,5645010.46939679
3.88885761197426e-05,228.357547889098,491737.787215289,5645010.46939679
4.17051558357067e-05,228.357547889098,492237.787215289,5645010.46939679
5.24158102632647e-05,228.357547889098,492737.787215289,5645010.46939679
3.40572280517595e-05,228.357547889098,493237.787215289,5645010.46939679
0.000565154847715265,228.357547889098,493737.787215289,5645010.46939679
3.98042485504421e-05,228.357547889098,494237.787215289,5645010.46939679
4.33946369040184e-05,228.357547889098,494737.787215289,5645010.46939679
5.453273403209e-05,228.357547889098,495237.787215289,5645010.46939679
3.96460741704425e-05,228.357547889098,495737.787215289,5645010.46939679
4.59880226157057e-05,228.357547889098,496237.787215289,5645010.46939679
4.23999240223976e-05,228.357547889098,496737.787215289,5645010.46939679
3.33336967440944e-05,228.357547889098,497237.787215289,5645010.46939679
0.000952502925158017,228.357547889098,497737.787215289,5645010.46939679
0.003609016273699,228.357547889098,498237.787215289,5645010.46939679
0.00622887050738103,228.357547889098,498737.787215289,5645010.46939679
0.00308793897013571,228.357547889098,499237.787215289,5645010.46939679
0.00285633171713933,228.357547889098,499737.787215289,5645010.46939679
6.71733744749916e-05,228.357547889098,500237.787215289,5645010.46939679
0.00164232790374858,228.357547889098,500737.787215289,5645010.46939679
0.000744242453612264,228.357547889098,501237.787215289,5645010.46939679
0.00128450234581374,228.357547889098,501737.787215289,5645010.46939679
0.00015891836050893,228.357547889098,502237.787215289,5645010.46939679
9.27652523363025e-05,228.357547889098,502737.787215289,5645010.46939679
7.39295787879993e-05,228.357547889098,503237.787215289,5645010.46939679
0.000567048263083027,228.357547889098,503737.787215289,5645010.46939679
0.000780066390614414,228.357547889098,504237.787215289,5645010.46939679
6.01400868442076e-05,228.357547889098,504737.787215289,5645010.46939679
0.000248759260259956,228.357547889098,505237.787215289,5645010.46939679
0.00358729529683312,228.357547889098,505737.787215289,5645010.46939679
0.00456185234833639,228.357547889098,506237.787215289,5645010.46939679
0.00451613177250749,228.357547889098,506737.787215289,5645010.46939679
0.000341930938245698,228.357547889098,507237.787215289,5645010.46939679
0.00190046488691408,228.357547889098,507737.787215289,5645010.46939679
0.000682734992728519,228.357547889098,508237.787215289,5645010.46939679
0.00239670967884305,228.357547889098,508737.787215289,5645010.46939679
4.4952315138906e-05,228.357547889098,509237.787215289,5645010.46939679
0.000103796931032199,228.357547889098,509737.787215289,5645010.46939679
8.75339754457872e-05,228.357547889098,510237.787215289,5645010.46939679
0.00230112621403901,228.357547889098,510737.787215289,5645010.46939679
0.00313512688066592,228.357547889098,511237.787215289,5645010.46939679
0.00382627187706889,228.357547889098,511737.787215289,5645010.46939679
0.00205066773218384,228.357547889098,512237.787215289,5645010.46939679
0.00270032237951955,228.357547889098,512737.787215289,5645010.46939679
0.0017950139921988,228.357547889098,513237.787215289,5645010.46939679
0.000814177840062185,228.357547889098,513737.787215289,5645010.46939679
0.000183064720031454,228.357547889098,514237.787215289,5645010.46939679
0.00252172730948442,228.357547889098,514737.787215289,5645010.46939679
0.000175406149353527,228.357547889098,515237.787215289,5645010.46939679
0.000714865813900711,228.357547889098,515737.787215289,5645010.46939679
0.000835407424323213,228.357547889098,516237.787215289,5645010.46939679
0.0034311294581819,228.357547889098,516737.787215289,5645010.46939679
0.000368903423715628,228.357547889098,517237.787215289,5645010.46939679
0.00215043572363409,228.357547889098,517737.787215289,5645010.46939679
0.00323036213240531,228.357547889098,518237.787215289,5645010.46939679
0.000213956156557276,228.357547889098,518737.787215289,5645010.46939679
0.00012705665167117,228.357547889098,519237.787215289,5645010.46939679
6.50669153057738e-05,228.357547889098,519737.787215289,5645010.46939679
9.5087586875272e-05,228.357547889098,520237.787215289,5645010.46939679
0.00155970971108123,228.357547889098,520737.787215289,5645010.46939679
0.000279884869515007,228.357547889098,521237.787215289,5645010.46939679
0.000262419791761483,228.357547889098,521737.787215289,5645010.46939679
0.000192112809173391,228.357547889098,522237.787215289,5645010.46939679
9.52391977655975e-05,228.357547889098,522737.787215289,5645010.46939679
0.000354570436625667,228.357547889098,523237.787215289,5645010.46939679
0.000491110202278868,228.357547889098,523737.787215289,5645010.46939679
0.00232069497390375,228.357547889098,524237.787215289,5645010.46939679
4.04511918140135e-05,228.357547889098,486737.787215289,5645510.46939679
8.70575858395925e-05,228.357547889098,487237.787215289,5645510.46939679
0.000347820671394982,228.357547889098,487737.787215289,5645510.46939679
0.00486723901139378,228.357547889098,488237.787215289,5645510.46939679
0.0016165644606811,228.357547889098,488737.787215289,5645510.46939679
0.00604050960083244,228.357547889098,489237.787215289,5645510.46939679
0.00346928839457437,228.357547889098,489737.787215289,5645510.46939679
5.51293758756784e-05,228.357547889098,490237.787215289,5645510.46939679
0.000775404674536018,228.357547889098,490737.787215289,5645510.46939679
4.31766823803873e-05,228.357547889098,491237.787215289,5645510.46939679
3.68236984852719e-05,228.357547889098,491737.787215289,5645510.46939679
3.64418373193043e-05,228.357547889098,492237.787215289,5645510.46939679
0.000126350856002322,228.357547889098,492737.787215289,5645510.46939679
5.32504845704548e-05,228.357547889098,493237.787215289,5645510.46939679
0.000115431905767611,228.357547889098,493737.787215289,5645510.46939679
4.16597458311831e-05,228.357547889098,494237.787215289,5645510.46939679
0.000210827888122274,228.357547889098,494737.787215289,5645510.46939679
0.00254416378665296,228.357547889098,495237.787215289,5645510.46939679
5.97107779751393e-05,228.357547889098,495737.787215289,5645510.46939679
0.000282287439779241,228.357547889098,496237.787215289,5645510.46939679
0.00032854855579585,228.357547889098,496737.787215289,5645510.46939679
0.000109786897781528,228.357547889098,497237.787215289,5645510.46939679
5.88396371011697e-05,228.357547889098,497737.787215289,5645510.46939679
0.00398218722230492,228.357547889098,498237.787215289,5645510.46939679
0.0021401260770989,228.357547889098,498737.787215289,5645510.46939679
0.0018311302064881,228.357547889098,499237.787215289,5645510.46939679
9.43709890118439e-05,228.357547889098,499737.787215289,5645510.46939679
0.000712711666188175,228.357547889098,500237.787215289,5645510.46939679
0.0014376542803211,228.357547889098,500737.787215289,5645510.46939679
0.00327382675596125,228.357547889098,501237.787215289,5645510.46939679
0.000182908231948513,228.357547889098,501737.787215289,5645510.46939679
0.000101750792355062,228.357547889098,502237.787215289,5645510.46939679
6.93761774280523e-05,228.357547889098,502737.787215289,5645510.46939679
3.74017853676131e-05,228.357547889098,503237.787215289,5645510.46939679
4.78004575021349e-05,228.357547889098,503737.787215289,5645510.46939679
5.61692645659052e-05,228.357547889098,504237.787215289,5645510.46939679
4.14416742048601e-05,228.357547889098,504737.787215289,5645510.46939679
9.16817233186829e-05,228.357547889098,505237.787215289,5645510.46939679
4.97091787233163e-05,228.357547889098,505737.787215289,5645510.46939679
0.00222603697848538,228.357547889098,506237.787215289,5645510.46939679
0.00277800709537368,228.357547889098,506737.787215289,5645510.46939679
0.00327382675596125,228.357547889098,507237.787215289,5645510.46939679
0.00447193989437283,228.357547889098,507737.787215289,5645510.46939679
0.00109904321567484,228.357547889098,508237.787215289,5645510.46939679
0.000398872331495987,228.357547889098,508737.787215289,5645510.46939679
4.158071928619e-05,228.357547889098,509237.787215289,5645510.46939679
6.1403387044856e-05,228.357547889098,509737.787215289,5645510.46939679
0.000398872331495987,228.357547889098,510237.787215289,5645510.46939679
0.00150125695957086,228.357547889098,510737.787215289,5645510.46939679
0.000341282311612562,228.357547889098,511237.787215289,5645510.46939679
0.000114570512481954,228.357547889098,511737.787215289,5645510.46939679
0.000213773261738617,228.357547889098,512237.787215289,5645510.46939679
7.75840641251101e-05,228.357547889098,512737.787215289,5645510.46939679
0.000197739448119178,228.357547889098,513237.787215289,5645510.46939679
0.000589025696832201,228.357547889098,513737.787215289,5645510.46939679
0.00189685979593484,228.357547889098,514237.787215289,5645510.46939679
0.0001540892191288,228.357547889098,514737.787215289,5645510.46939679
0.00372622066641918,228.357547889098,515237.787215289,5645510.46939679
0.00114621229601739,228.357547889098,515737.787215289,5645510.46939679
0.000773220183858321,228.357547889098,516237.787215289,5645510.46939679
0.000715225707776784,228.357547889098,516737.787215289,5645510.46939679
0.00106777014690056,228.357547889098,517237.787215289,5645510.46939679
0.00197071568955446,228.357547889098,517737.787215289,5645510.46939679
0.00649297940216241,228.357547889098,518237.787215289,5645510.46939679
0.000422670368204715,228.357547889098,518737.787215289,5645510.46939679
0.00124376271528076,228.357547889098,519237.787215289,5645510.46939679
0.00133851376275902,228.357547889098,519737.787215289,5645510.46939679
0.000140642331894072,228.357547889098,520237.787215289,5645510.46939679
0.00199231636609819,228.357547889098,520737.787215289,5645510.46939679
0.000723065174043449,228.357547889098,521237.787215289,5645510.46939679
0.000328958909286507,228.357547889098,521737.787215289,5645510.46939679
8.12148083249384e-05,228.357547889098,522237.787215289,5645510.46939679
0.000191467889266503,228.357547889098,522737.787215289,5645510.46939679
0.00026200204676571,228.357547889098,523237.787215289,5645510.46939679
0.000393576744090886,228.357547889098,523737.787215289,5645510.46939679
0.00297744237629475,228.357547889098,524237.787215289,5645510.46939679
0.00437177923598769,228.357547889098,486737.787215289,5646010.46939679
4.33389274265473e-05,228.357547889098,487237.787215289,5646010.46939679
7.36422344272875e-05,228.357547889098,487737.787215289,5646010.46939679
0.000644886734130137,228.357547889098,488237.787215289,5646010.46939679
0.000807761783496791,228.357547889098,488737.787215289,5646010.46939679
0.00220817399405196,228.357547889098,489237.787215289,5646010.46939679
0.0044120743118514,228.357547889098,489737.787215289,5646010.46939679
6.00650650200549e-05,228.357547889098,490237.787215289,5646010.46939679
7.53049179775352e-05,228.357547889098,490737.787215289,5646010.46939679
7.50313255513492e-05,228.357547889098,491237.787215289,5646010.46939679
4.33217481058654e-05,228.357547889098,491737.787215289,5646010.46939679
6.84947365937042e-05,228.357547889098,492237.787215289,5646010.46939679
6.31675150940814e-05,228.357547889098,492737.787215289,5646010.46939679
0.00047555342134111,228.357547889098,493237.787215289,5646010.46939679
0.00015882055474074,228.357547889098,493737.787215289,5646010.46939679
4.65210556847865e-05,228.357547889098,494237.787215289,5646010.46939679
0.000196295701336252,228.357547889098,494737.787215289,5646010.46939679
0.000364871818869713,228.357547889098,495237.787215289,5646010.46939679
0.00253564443502535,228.357547889098,495737.787215289,5646010.46939679
0.0047085333104534,228.357547889098,496237.787215289,5646010.46939679
0.00251207474049814,228.357547889098,496737.787215289,5646010.46939679
0.00369368470318796,228.357547889098,497237.787215289,5646010.46939679
0.00466702383470685,228.357547889098,497737.787215289,5646010.46939679
0.00468719567866174,228.357547889098,498237.787215289,5646010.46939679
0.000262660026454383,228.357547889098,498737.787215289,5646010.46939679
0.000140771084253734,228.357547889098,499237.787215289,5646010.46939679
4.71160843485511e-05,228.357547889098,499737.787215289,5646010.46939679
0.00466702383470685,228.357547889098,500237.787215289,5646010.46939679
0.00589685184956987,228.357547889098,500737.787215289,5646010.46939679
0.00259104822209271,228.357547889098,501237.787215289,5646010.46939679
0.00382627187706889,228.357547889098,501737.787215289,5646010.46939679
0.00183372049451483,228.357547889098,502237.787215289,5646010.46939679
0.000263065081656358,228.357547889098,502737.787215289,5646010.46939679
7.02304284354606e-05,228.357547889098,503237.787215289,5646010.46939679
4.81498489895568e-05,228.357547889098,503737.787215289,5646010.46939679
0.000367349613016609,228.357547889098,504237.787215289,5646010.46939679
0.000106294438061126,228.357547889098,504737.787215289,5646010.46939679
3.89357809487109e-05,228.357547889098,505237.787215289,5646010.46939679
0.000185161295164136,228.357547889098,505737.787215289,5646010.46939679
0.00383354392651488,228.357547889098,506237.787215289,5646010.46939679
0.00327382675596125,228.357547889098,506737.787215289,5646010.46939679
0.000744242453612264,228.357547889098,507237.787215289,5646010.46939679
0.00162298721882665,228.357547889098,507737.787215289,5646010.46939679
0.00413652726979784,228.357547889098,508237.787215289,5646010.46939679
0.00016918941381068,228.357547889098,508737.787215289,5646010.46939679
9.80285827192566e-05,228.357547889098,509237.787215289,5646010.46939679
0.000133903826478551,228.357547889098,509737.787215289,5646010.46939679
5.83892573347533e-05,228.357547889098,510237.787215289,5646010.46939679
0.000144761493054988,228.357547889098,510737.787215289,5646010.46939679
0.000940361061898789,228.357547889098,511237.787215289,5646010.46939679
9.80285827192566e-05,228.357547889098,511737.787215289,5646010.46939679
6.1403387044856e-05,228.357547889098,512237.787215289,5646010.46939679
6.1403387044856e-05,228.357547889098,512737.787215289,5646010.46939679
9.06760634569548e-05,228.357547889098,513237.787215289,5646010.46939679
4.8597298724908e-05,228.357547889098,513737.787215289,5646010.46939679
0.000144761493054988,228.357547889098,514237.787215289,5646010.46939679
4.11815426595109e-05,228.357547889098,514737.787215289,5646010.46939679
0.000729005767309291,228.357547889098,515237.787215289,5646010.46939679
0.000419162279528505,228.357547889098,515737.787215289,5646010.46939679
0.00271230293348123,228.357547889098,516237.787215289,5646010.46939679
0.00370491678332498,228.357547889098,516737.787215289,5646010.46939679
0.000618667514787423,228.357547889098,517237.787215289,5646010.46939679
0.000661581039584623,228.357547889098,517737.787215289,5646010.46939679
0.000362761829215651,228.357547889098,518237.787215289,5646010.46939679
0.000208313890633555,228.357547889098,518737.787215289,5646010.46939679
0.00464605878171493,228.357547889098,519237.787215289,5646010.46939679
0.00543006254784705,228.357547889098,519737.787215289,5646010.46939679
0.000140642331894072,228.357547889098,520237.787215289,5646010.46939679
0.00367709205265081,228.357547889098,520737.787215289,5646010.46939679
0.00249002766441957,228.357547889098,521237.787215289,5646010.46939679
0.000306213840255508,228.357547889098,521737.787215289,5646010.46939679
0.000120850377541729,228.357547889098,522237.787215289,5646010.46939679
4.74162516883847e-05,228.357547889098,522737.787215289,5646010.46939679
0.000309429373619667,228.357547889098,523237.787215289,5646010.46939679
7.1467587107702e-05,228.357547889098,523737.787215289,5646010.46939679
0.00299468918900557,228.357547889098,524237.787215289,5646010.46939679
4.10868631459395e-05,228.357547889098,486737.787215289,5646510.46939679
4.04511918140135e-05,228.357547889098,487237.787215289,5646510.46939679
3.99214180735572e-05,228.357547889098,487737.787215289,5646510.46939679
4.61282056513756e-05,228.357547889098,488237.787215289,5646510.46939679
0.000107659576741602,228.357547889098,488737.787215289,5646510.46939679
0.000550123223362751,228.357547889098,489237.787215289,5646510.46939679
0.00447739657523376,228.357547889098,489737.787215289,5646510.46939679
0.0037925456025885,228.357547889098,490237.787215289,5646510.46939679
0.00275751357674064,228.357547889098,490737.787215289,5646510.46939679
3.77810208775239e-05,228.357547889098,491237.787215289,5646510.46939679
7.58930749665421e-05,228.357547889098,491737.787215289,5646510.46939679
0.00214786714019873,228.357547889098,492237.787215289,5646510.46939679
3.71309620988664e-05,228.357547889098,492737.787215289,5646510.46939679
0.000239204304127326,228.357547889098,493237.787215289,5646510.46939679
6.31675150940814e-05,228.357547889098,493737.787215289,5646510.46939679
7.32078624796953e-05,228.357547889098,494237.787215289,5646510.46939679
4.52902871143869e-05,228.357547889098,494737.787215289,5646510.46939679
0.00383772257051693,228.357547889098,495237.787215289,5646510.46939679
0.00410632541581746,228.357547889098,495737.787215289,5646510.46939679
0.00378392309908939,228.357547889098,496237.787215289,5646510.46939679
0.00406870137135937,228.357547889098,496737.787215289,5646510.46939679
0.00159092306027922,228.357547889098,497237.787215289,5646510.46939679
0.00512330448009123,228.357547889098,497737.787215289,5646510.46939679
0.000245749950656176,228.357547889098,498237.787215289,5646510.46939679
0.000211211874174202,228.357547889098,498737.787215289,5646510.46939679
6.06676642013606e-05,228.357547889098,499237.787215289,5646510.46939679
0.000791397054083817,228.357547889098,499737.787215289,5646510.46939679
0.00234935965769491,228.357547889098,500237.787215289,5646510.46939679
0.00185938493936568,228.357547889098,500737.787215289,5646510.46939679
0.00522656179732919,228.357547889098,501237.787215289,5646510.46939679
0.000341282311612562,228.357547889098,501737.787215289,5646510.46939679
0.000675964587421468,228.357547889098,502237.787215289,5646510.46939679
0.00137328742601678,228.357547889098,502737.787215289,5646510.46939679
0.00479925134340908,228.357547889098,503237.787215289,5646510.46939679
0.00485980167498148,228.357547889098,503737.787215289,5646510.46939679
0.000318804440115238,228.357547889098,504237.787215289,5646510.46939679
3.59287835433299e-05,228.357547889098,504737.787215289,5646510.46939679
0.000229198219024811,228.357547889098,505237.787215289,5646510.46939679
0.00137718649937462,228.357547889098,505737.787215289,5646510.46939679
0.00277800709537368,228.357547889098,506237.787215289,5646510.46939679
0.000156499559591496,228.357547889098,506737.787215289,5646510.46939679
0.000940361061898789,228.357547889098,507237.787215289,5646510.46939679
0.00354601344529489,228.357547889098,507737.787215289,5646510.46939679
9.82148916705172e-05,228.357547889098,508237.787215289,5646510.46939679
4.86896606820879e-05,228.357547889098,508737.787215289,5646510.46939679
7.14526270240974e-05,228.357547889098,509237.787215289,5646510.46939679
7.75840641251101e-05,228.357547889098,509737.787215289,5646510.46939679
5.67978977733152e-05,228.357547889098,510237.787215289,5646510.46939679
9.80285827192566e-05,228.357547889098,510737.787215289,5646510.46939679
4.8597298724908e-05,228.357547889098,511237.787215289,5646510.46939679
0.000196106101701508,228.357547889098,511737.787215289,5646510.46939679
0.000196106101701508,228.357547889098,512237.787215289,5646510.46939679
7.75840641251101e-05,228.357547889098,512737.787215289,5646510.46939679
0.000123860526492269,228.357547889098,513237.787215289,5646510.46939679
0.000341282311612562,228.357547889098,513737.787215289,5646510.46939679
0.00302827720687125,228.357547889098,514237.787215289,5646510.46939679
0.00382627187706889,228.357547889098,514737.787215289,5646510.46939679
0.00351342146115957,228.357547889098,515237.787215289,5646510.46939679
0.00160143979626559,228.357547889098,515737.787215289,5646510.46939679
0.00302785077720558,228.357547889098,516237.787215289,5646510.46939679
0.000368903423715628,228.357547889098,516737.787215289,5646510.46939679
0.00199661318639309,228.357547889098,517237.787215289,5646510.46939679
0.000903697985512509,228.357547889098,517737.787215289,5646510.46939679
0.00345771649103384,228.357547889098,518237.787215289,5646510.46939679
0.00368810858484553,228.357547889098,518737.787215289,5646510.46939679
0.00749858682615075,228.357547889098,519237.787215289,5646510.46939679
0.00170466157012039,228.357547889098,519737.787215289,5646510.46939679
0.000331571187381699,228.357547889098,520237.787215289,5646510.46939679
0.00106607036796045,228.357547889098,520737.787215289,5646510.46939679
0.000263541292476155,228.357547889098,521237.787215289,5646510.46939679
0.000536265074581049,228.357547889098,521737.787215289,5646510.46939679
4.45377350589793e-05,228.357547889098,522237.787215289,5646510.46939679
0.000737378555836366,228.357547889098,522737.787215289,5646510.46939679
0.000181785839218844,228.357547889098,523237.787215289,5646510.46939679
8.99434412451993e-05,228.357547889098,523737.787215289,5646510.46939679
0.000315640377298831,228.357547889098,524237.787215289,5646510.46939679
4.13300062942213e-05,228.357547889098,486737.787215289,5647010.46939679
0.000654749506563339,228.357547889098,487237.787215289,5647010.46939679
0.000645712226414105,228.357547889098,487737.787215289,5647010.46939679
0.000638040235701938,228.357547889098,488237.787215289,5647010.46939679
4.25197116853371e-05,228.357547889098,488737.787215289,5647010.46939679
5.33718275463859e-05,228.357547889098,489237.787215289,5647010.46939679
4.18618721792126e-05,228.357547889098,489737.787215289,5647010.46939679
0.00326920681702325,228.357547889098,490237.787215289,5647010.46939679
0.00300158477320136,228.357547889098,490737.787215289,5647010.46939679
0.00378366940212043,228.357547889098,491237.787215289,5647010.46939679
0.00348415812970419,228.357547889098,491737.787215289,5647010.46939679
0.00233975885854156,228.357547889098,492237.787215289,5647010.46939679
0.000177869051682102,228.357547889098,492737.787215289,5647010.46939679
0.00398648193894973,228.357547889098,493237.787215289,5647010.46939679
0.00396032991111185,228.357547889098,493737.787215289,5647010.46939679
0.0045936986978097,228.357547889098,494237.787215289,5647010.46939679
0.00419787478894087,228.357547889098,494737.787215289,5647010.46939679
0.00451613177250749,228.357547889098,495237.787215289,5647010.46939679
0.00447086942524334,228.357547889098,495737.787215289,5647010.46939679
0.00381347690157374,228.357547889098,496237.787215289,5647010.46939679
0.00443076541812118,228.357547889098,496737.787215289,5647010.46939679
0.00378042626885631,228.357547889098,497237.787215289,5647010.46939679
0.00378042626885631,228.357547889098,497737.787215289,5647010.46939679
0.000312778226934196,228.357547889098,498237.787215289,5647010.46939679
4.47566739294551e-05,228.357547889098,498737.787215289,5647010.46939679
0.00257977147680497,228.357547889098,499237.787215289,5647010.46939679
0.00379104225765182,228.357547889098,499737.787215289,5647010.46939679
0.00441835802383815,228.357547889098,500237.787215289,5647010.46939679
0.00299199300782692,228.357547889098,500737.787215289,5647010.46939679
0.00447193989437283,228.357547889098,501237.787215289,5647010.46939679
0.00382627187706889,228.357547889098,501737.787215289,5647010.46939679
0.0040907446174974,228.357547889098,502237.787215289,5647010.46939679
0.00301509755609078,228.357547889098,502737.787215289,5647010.46939679
0.00327304308476701,228.357547889098,503237.787215289,5647010.46939679
0.00164500214331754,228.357547889098,503737.787215289,5647010.46939679
0.00360095856104556,228.357547889098,504237.787215289,5647010.46939679
0.0024065364304789,228.357547889098,504737.787215289,5647010.46939679
7.75840641251101e-05,228.357547889098,505237.787215289,5647010.46939679
0.000182908231948513,228.357547889098,505737.787215289,5647010.46939679
0.00127389223576751,228.357547889098,506237.787215289,5647010.46939679
0.00382627187706889,228.357547889098,506737.787215289,5647010.46939679
0.000862645498978927,228.357547889098,507237.787215289,5647010.46939679
5.31849988170734e-05,228.357547889098,507737.787215289,5647010.46939679
4.19916215171791e-05,228.357547889098,508237.787215289,5647010.46939679
7.19013555144995e-05,228.357547889098,508737.787215289,5647010.46939679
4.81958804720718e-05,228.357547889098,509237.787215289,5647010.46939679
0.000105977285113485,228.357547889098,509737.787215289,5647010.46939679
4.158071928619e-05,228.357547889098,510237.787215289,5647010.46939679
3.84620060393849e-05,228.357547889098,510737.787215289,5647010.46939679
9.42808419291443e-05,228.357547889098,511237.787215289,5647010.46939679
0.00019687884762137,228.357547889098,511737.787215289,5647010.46939679
0.000429338385355364,228.357547889098,512237.787215289,5647010.46939679
4.4952315138906e-05,228.357547889098,512737.787215289,5647010.46939679
0.000156499559591496,228.357547889098,513237.787215289,5647010.46939679
0.000466180436018791,228.357547889098,513737.787215289,5647010.46939679
0.00205066773218384,228.357547889098,514237.787215289,5647010.46939679
0.00282108638987209,228.357547889098,514737.787215289,5647010.46939679
0.00302699217495945,228.357547889098,515237.787215289,5647010.46939679
0.00411114400473513,228.357547889098,515737.787215289,5647010.46939679
0.00327336574900791,228.357547889098,516237.787215289,5647010.46939679
0.00327336574900791,228.357547889098,516737.787215289,5647010.46939679
0.00294210814635808,228.357547889098,517237.787215289,5647010.46939679
0.00269193294866254,228.357547889098,517737.787215289,5647010.46939679
0.00435773487525887,228.357547889098,518237.787215289,5647010.46939679
0.0018229044628078,228.357547889098,518737.787215289,5647010.46939679
0.00318067062903734,228.357547889098,519237.787215289,5647010.46939679
0.000140642331894072,228.357547889098,519737.787215289,5647010.46939679
0.00314618582601153,228.357547889098,520237.787215289,5647010.46939679
0.000784042044019427,228.357547889098,520737.787215289,5647010.46939679
0.00147605578478462,228.357547889098,521237.787215289,5647010.46939679
0.00409837747037522,228.357547889098,521737.787215289,5647010.46939679
0.00352894004207216,228.357547889098,522237.787215289,5647010.46939679
0.0020480711348157,228.357547889098,522737.787215289,5647010.46939679
0.000635714953189995,228.357547889098,523237.787215289,5647010.46939679
0.00239637218394505,228.357547889098,523737.787215289,5647010.46939679
0.00101646760895462,228.357547889098,524237.787215289,5647010.46939679
0.000124747473153708,228.357547889098,486737.787215289,5647510.46939679
4.10868631459395e-05,228.357547889098,487237.787215289,5647510.46939679
4.06494115499047e-05,228.357547889098,487737.787215289,5647510.46939679
8.78059319558361e-05,228.357547889098,488237.787215289,5647510.46939679
3.99214180735572e-05,228.357547889098,488737.787215289,5647510.46939679
5.00503764138497e-05,228.357547889098,489237.787215289,5647510.46939679
6.7881386919261e-05,228.357547889098,489737.787215289,5647510.46939679
0.000146602774394546,228.357547889098,490237.787215289,5647510.46939679
0.00046933256951978,228.357547889098,490737.787215289,5647510.46939679
0.00260126317077161,228.357547889098,491237.787215289,5647510.46939679
0.00326920681702325,228.357547889098,491737.787215289,5647510.46939679
0.0037925456025885,228.357547889098,492237.787215289,5647510.46939679
0.00651543098080211,228.357547889098,492737.787215289,5647510.46939679
0.00511264588643262,228.357547889098,493237.787215289,5647510.46939679
0.00401501068907199,228.357547889098,493737.787215289,5647510.46939679
0.0043097280540489,228.357547889098,494237.787215289,5647510.46939679
0.00288591128803929,228.357547889098,494737.787215289,5647510.46939679
5.37398752505194e-05,228.357547889098,495237.787215289,5647510.46939679
0.000200672058927136,228.357547889098,495737.787215289,5647510.46939679
0.000125234224855398,228.357547889098,496237.787215289,5647510.46939679
0.000157316995093494,228.357547889098,496737.787215289,5647510.46939679
0.000169695738550386,228.357547889098,497237.787215289,5647510.46939679
0.00414890644912113,228.357547889098,497737.787215289,5647510.46939679
0.00485980167498148,228.357547889098,498237.787215289,5647510.46939679
0.00488232484025373,228.357547889098,498737.787215289,5647510.46939679
0.00570619755518879,228.357547889098,499237.787215289,5647510.46939679
0.0041581333641162,228.357547889098,499737.787215289,5647510.46939679
0.00205680466346301,228.357547889098,500237.787215289,5647510.46939679
0.00205680466346301,228.357547889098,500737.787215289,5647510.46939679
0.00382627187706889,228.357547889098,501237.787215289,5647510.46939679
0.000123860526492269,228.357547889098,501737.787215289,5647510.46939679
0.00414438897743574,228.357547889098,502237.787215289,5647510.46939679
0.00570619755518879,228.357547889098,502737.787215289,5647510.46939679
0.00332237983841006,228.357547889098,503237.787215289,5647510.46939679
0.00096321455617074,228.357547889098,503737.787215289,5647510.46939679
0.000316979170426375,228.357547889098,504237.787215289,5647510.46939679
0.000132797768292532,228.357547889098,504737.787215289,5647510.46939679
3.84620060393849e-05,228.357547889098,505237.787215289,5647510.46939679
9.06760634569548e-05,228.357547889098,505737.787215289,5647510.46939679
0.00109904321567484,228.357547889098,506237.787215289,5647510.46939679
0.000368955378509709,228.357547889098,506737.787215289,5647510.46939679
0.00324678463940441,228.357547889098,507237.787215289,5647510.46939679
4.50377495954486e-05,228.357547889098,507737.787215289,5647510.46939679
7.14526270240974e-05,228.357547889098,508237.787215289,5647510.46939679
9.80285827192566e-05,228.357547889098,508737.787215289,5647510.46939679
0.000133903826478551,228.357547889098,509237.787215289,5647510.46939679
6.63823149868723e-05,228.357547889098,509737.787215289,5647510.46939679
7.69432124669691e-05,228.357547889098,510237.787215289,5647510.46939679
7.14526270240974e-05,228.357547889098,510737.787215289,5647510.46939679
4.87965525556737e-05,228.357547889098,511237.787215289,5647510.46939679
0.000216672977867465,228.357547889098,511737.787215289,5647510.46939679
0.0017783880611018,228.357547889098,512237.787215289,5647510.46939679
0.000250321489277684,228.357547889098,512737.787215289,5647510.46939679
0.000265446151948455,228.357547889098,513237.787215289,5647510.46939679
0.000618763308683145,228.357547889098,513737.787215289,5647510.46939679
0.000354711042199113,228.357547889098,514237.787215289,5647510.46939679
0.00361095184035515,228.357547889098,514737.787215289,5647510.46939679
0.00140798663701051,228.357547889098,515237.787215289,5647510.46939679
0.000635714953189995,228.357547889098,515737.787215289,5647510.46939679
0.0035000309663881,228.357547889098,516237.787215289,5647510.46939679
0.00353878843945769,228.357547889098,516737.787215289,5647510.46939679
0.00251732043041782,228.357547889098,517237.787215289,5647510.46939679
0.000177703612479937,228.357547889098,517737.787215289,5647510.46939679
0.00145364267994942,228.357547889098,518237.787215289,5647510.46939679
0.00507784096068717,228.357547889098,518737.787215289,5647510.46939679
0.00340129606135509,228.357547889098,519237.787215289,5647510.46939679
0.000775536744044226,228.357547889098,519737.787215289,5647510.46939679
0.00317560733244084,228.357547889098,520237.787215289,5647510.46939679
0.00126562067370338,228.357547889098,520737.787215289,5647510.46939679
0.00352462096122221,228.357547889098,521237.787215289,5647510.46939679
0.00240611758223401,228.357547889098,521737.787215289,5647510.46939679
0.00418175505330178,228.357547889098,522237.787215289,5647510.46939679
0.00448551685582945,228.357547889098,522737.787215289,5647510.46939679
0.004780927421291,228.357547889098,523237.787215289,5647510.46939679
0.000544769789879667,228.357547889098,523737.787215289,5647510.46939679
0.000869707893656737,228.357547889098,524237.787215289,5647510.46939679
0.000679584502513174,228.357547889098,486737.787215289,5648010.46939679
4.86113942253418e-05,228.357547889098,487237.787215289,5648010.46939679
4.10868631459395e-05,228.357547889098,487737.787215289,5648010.46939679
4.06494115499047e-05,228.357547889098,488237.787215289,5648010.46939679
5.52550003199242e-05,228.357547889098,488737.787215289,5648010.46939679
4.0264582174447e-05,228.357547889098,489237.787215289,5648010.46939679
3.97629086568139e-05,228.357547889098,489737.787215289,5648010.46939679
4.28239985850443e-05,228.357547889098,490237.787215289,5648010.46939679
5.80805305707328e-05,228.357547889098,490737.787215289,5648010.46939679
7.90704362791062e-05,228.357547889098,491237.787215289,5648010.46939679
0.000146602774394546,228.357547889098,491737.787215289,5648010.46939679
0.000316929386648522,228.357547889098,492237.787215289,5648010.46939679
0.0005440776397574,228.357547889098,492737.787215289,5648010.46939679
0.000679205563407207,228.357547889098,493237.787215289,5648010.46939679
0.00235427497777963,228.357547889098,493737.787215289,5648010.46939679
0.000152780803676153,228.357547889098,494237.787215289,5648010.46939679
0.000102309758696936,228.357547889098,494737.787215289,5648010.46939679
9.41564181330811e-05,228.357547889098,495237.787215289,5648010.46939679
3.96259189484137e-05,228.357547889098,495737.787215289,5648010.46939679
3.95092222238041e-05,228.357547889098,496237.787215289,5648010.46939679
3.62925206429497e-05,228.357547889098,496737.787215289,5648010.46939679
0.000201447894260767,228.357547889098,497237.787215289,5648010.46939679
0.00308507013832879,228.357547889098,497737.787215289,5648010.46939679
0.00285746440085336,228.357547889098,498237.787215289,5648010.46939679
0.00421410455009861,228.357547889098,498737.787215289,5648010.46939679
0.00418748100398857,228.357547889098,499237.787215289,5648010.46939679
0.0038419599780346,228.357547889098,499737.787215289,5648010.46939679
0.00566109931512006,228.357547889098,500237.787215289,5648010.46939679
0.00481350873963937,228.357547889098,500737.787215289,5648010.46939679
0.000431215117328499,228.357547889098,501237.787215289,5648010.46939679
0.00189685979593484,228.357547889098,501737.787215289,5648010.46939679
0.000504938781823443,228.357547889098,502237.787215289,5648010.46939679
6.72000122029655e-05,228.357547889098,502737.787215289,5648010.46939679
0.000233953963923985,228.357547889098,503237.787215289,5648010.46939679
0.00059628131412428,228.357547889098,503737.787215289,5648010.46939679
0.000114071879351266,228.357547889098,504237.787215289,5648010.46939679
4.158071928619e-05,228.357547889098,504737.787215289,5648010.46939679
0.000155206858527257,228.357547889098,505237.787215289,5648010.46939679
0.000631527252640506,228.357547889098,505737.787215289,5648010.46939679
0.000544846512947103,228.357547889098,506237.787215289,5648010.46939679
0.000114570512481954,228.357547889098,506737.787215289,5648010.46939679
0.000688421418316075,228.357547889098,507237.787215289,5648010.46939679
0.000114570512481954,228.357547889098,507737.787215289,5648010.46939679
0.000105977285113485,228.357547889098,508237.787215289,5648010.46939679
0.000270105595882633,228.357547889098,508737.787215289,5648010.46939679
0.000156499559591496,228.357547889098,509237.787215289,5648010.46939679
6.63823149868723e-05,228.357547889098,509737.787215289,5648010.46939679
0.000247782884657822,228.357547889098,510237.787215289,5648010.46939679
0.000107024556628621,228.357547889098,510737.787215289,5648010.46939679
0.000115981791813224,228.357547889098,511237.787215289,5648010.46939679
0.000146544664821323,228.357547889098,511737.787215289,5648010.46939679
0.00571996160901515,228.357547889098,512237.787215289,5648010.46939679
0.00357853995074211,228.357547889098,512737.787215289,5648010.46939679
0.00024826498364116,228.357547889098,513237.787215289,5648010.46939679
0.00172432060526192,228.357547889098,513737.787215289,5648010.46939679
3.45965081746599e-05,228.357547889098,514237.787215289,5648010.46939679
5.87645771841021e-05,228.357547889098,514737.787215289,5648010.46939679
0.0024602775384917,228.357547889098,515237.787215289,5648010.46939679
9.10726598806133e-05,228.357547889098,515737.787215289,5648010.46939679
0.000122578654121288,228.357547889098,516237.787215289,5648010.46939679
0.00146477231680918,228.357547889098,516737.787215289,5648010.46939679
0.000102961721322546,228.357547889098,517237.787215289,5648010.46939679
0.00343857708389945,228.357547889098,517737.787215289,5648010.46939679
0.00061195992702554,228.357547889098,518237.787215289,5648010.46939679
0.000452915359060112,228.357547889098,518737.787215289,5648010.46939679
0.00433010661578352,228.357547889098,519237.787215289,5648010.46939679
0.00125489827766594,228.357547889098,519737.787215289,5648010.46939679
0.00348354237269933,228.357547889098,520237.787215289,5648010.46939679
0.000801255762070108,228.357547889098,520737.787215289,5648010.46939679
0.00304426156667364,228.357547889098,521237.787215289,5648010.46939679
0.00206149190996782,228.357547889098,521737.787215289,5648010.46939679
0.00223690770892424,228.357547889098,522237.787215289,5648010.46939679
0.00351069096601047,228.357547889098,522737.787215289,5648010.46939679
0.00483386885739764,228.357547889098,523237.787215289,5648010.46939679
0.00079566569287774,228.357547889098,523737.787215289,5648010.46939679
0.00189053891251274,228.357547889098,524237.787215289,5648010.46939679
4.59856747385744e-05,228.357547889098,486737.787215289,5648510.46939679
4.52742119285089e-05,228.357547889098,487237.787215289,5648510.46939679
0.000313781393538185,228.357547889098,487737.787215289,5648510.46939679
4.10868631459395e-05,228.357547889098,488237.787215289,5648510.46939679
4.06494115499047e-05,228.357547889098,488737.787215289,5648510.46939679
4.04511918140135e-05,228.357547889098,489237.787215289,5648510.46939679
8.08646454966805e-05,228.357547889098,489737.787215289,5648510.46939679
0.00155203405908407,228.357547889098,490237.787215289,5648510.46939679
0.000160593372040547,228.357547889098,490737.787215289,5648510.46939679
9.99066353489132e-05,228.357547889098,491237.787215289,5648510.46939679
5.28930785719789e-05,228.357547889098,491737.787215289,5648510.46939679
4.14161690664499e-05,228.357547889098,492237.787215289,5648510.46939679
0.000395356512921962,228.357547889098,492737.787215289,5648510.46939679
0.00026421848956181,228.357547889098,493237.787215289,5648510.46939679
0.000916212995171246,228.357547889098,493737.787215289,5648510.46939679
8.78505951228031e-05,228.357547889098,494237.787215289,5648510.46939679
5.42932980087435e-05,228.357547889098,494737.787215289,5648510.46939679
5.42932980087435e-05,228.357547889098,495237.787215289,5648510.46939679
5.02210926544498e-05,228.357547889098,495737.787215289,5648510.46939679
8.667754843985e-05,228.357547889098,496237.787215289,5648510.46939679
0.00496618132302744,228.357547889098,496737.787215289,5648510.46939679
0.00457425546855287,228.357547889098,497237.787215289,5648510.46939679
0.00226766982937967,228.357547889098,497737.787215289,5648510.46939679
0.00453259928710272,228.357547889098,498237.787215289,5648510.46939679
0.00451613177250749,228.357547889098,498737.787215289,5648510.46939679
0.00523649517818758,228.357547889098,499237.787215289,5648510.46939679
0.00608193763725358,228.357547889098,499737.787215289,5648510.46939679
0.00605806614191102,228.357547889098,500237.787215289,5648510.46939679
0.00351005198573224,228.357547889098,500737.787215289,5648510.46939679
7.17649620825843e-05,228.357547889098,501237.787215289,5648510.46939679
0.000114570512481954,228.357547889098,501737.787215289,5648510.46939679
0.0028064685512812,228.357547889098,502237.787215289,5648510.46939679
0.00414438897743574,228.357547889098,502737.787215289,5648510.46939679
0.00190046488691408,228.357547889098,503237.787215289,5648510.46939679
0.00523649517818758,228.357547889098,503737.787215289,5648510.46939679
3.52833371519872e-05,228.357547889098,504237.787215289,5648510.46939679
3.84620060393849e-05,228.357547889098,504737.787215289,5648510.46939679
4.158071928619e-05,228.357547889098,505237.787215289,5648510.46939679
5.25378378412795e-05,228.357547889098,505737.787215289,5648510.46939679
6.63823149868723e-05,228.357547889098,506237.787215289,5648510.46939679
0.000213773261738617,228.357547889098,506737.787215289,5648510.46939679
0.000544846512947103,228.357547889098,507237.787215289,5648510.46939679
0.00413652726979784,228.357547889098,507737.787215289,5648510.46939679
4.8597298724908e-05,228.357547889098,508237.787215289,5648510.46939679
3.52833371519872e-05,228.357547889098,508737.787215289,5648510.46939679
4.8597298724908e-05,228.357547889098,509237.787215289,5648510.46939679
0.00302827720687125,228.357547889098,509737.787215289,5648510.46939679
0.00203372902407044,228.357547889098,510237.787215289,5648510.46939679
3.56448247616818e-05,228.357547889098,510737.787215289,5648510.46939679
0.0028064685512812,228.357547889098,511237.787215289,5648510.46939679
0.00523649517818758,228.357547889098,511737.787215289,5648510.46939679
0.00484373797823051,228.357547889098,512237.787215289,5648510.46939679
0.00175792273950406,228.357547889098,512737.787215289,5648510.46939679
0.00204802664767659,228.357547889098,513237.787215289,5648510.46939679
0.00323460043236695,228.357547889098,513737.787215289,5648510.46939679
0.00646262782006156,228.357547889098,514237.787215289,5648510.46939679
0.000150763024951403,228.357547889098,514737.787215289,5648510.46939679
0.00166507448510234,228.357547889098,515237.787215289,5648510.46939679
0.00383788856848795,228.357547889098,515737.787215289,5648510.46939679
0.00323391362723155,228.357547889098,516237.787215289,5648510.46939679
0.00549919071774905,228.357547889098,516737.787215289,5648510.46939679
0.00199231636609819,228.357547889098,517237.787215289,5648510.46939679
0.0023285117540031,228.357547889098,517737.787215289,5648510.46939679
0.000242737302020085,228.357547889098,518237.787215289,5648510.46939679
0.00022453107441509,228.357547889098,518737.787215289,5648510.46939679
0.00215043572363409,228.357547889098,519237.787215289,5648510.46939679
0.00116944600207072,228.357547889098,519737.787215289,5648510.46939679
0.00443069669715134,228.357547889098,520237.787215289,5648510.46939679
0.00414364434397184,228.357547889098,520737.787215289,5648510.46939679
0.00482640923122504,228.357547889098,521237.787215289,5648510.46939679
0.00381982920595494,228.357547889098,521737.787215289,5648510.46939679
0.00415836138064568,228.357547889098,522237.787215289,5648510.46939679
0.0027700760268442,228.357547889098,522737.787215289,5648510.46939679
0.000466114790387994,228.357547889098,523237.787215289,5648510.46939679
0.00219235808716729,228.357547889098,523737.787215289,5648510.46939679
0.00260238087614972,228.357547889098,524237.787215289,5648510.46939679
4.29215825126178e-05,228.357547889098,486737.787215289,5649010.46939679
7.34146882926519e-05,228.357547889098,487237.787215289,5649010.46939679
0.000674546277894134,228.357547889098,487737.787215289,5649010.46939679
0.000669944555488742,228.357547889098,488237.787215289,5649010.46939679
4.10868631459395e-05,228.357547889098,488737.787215289,5649010.46939679
4.06494115499047e-05,228.357547889098,489237.787215289,5649010.46939679
3.97629086568139e-05,228.357547889098,489737.787215289,5649010.46939679
4.93687360070244e-05,228.357547889098,490237.787215289,5649010.46939679
0.00416449688237154,228.357547889098,490737.787215289,5649010.46939679
9.1033544775411e-05,228.357547889098,491237.787215289,5649010.46939679
6.08621532925156e-05,228.357547889098,491737.787215289,5649010.46939679
7.57405049601216e-05,228.357547889098,492237.787215289,5649010.46939679
0.000140773267640703,228.357547889098,492737.787215289,5649010.46939679
5.44655622179551e-05,228.357547889098,493237.787215289,5649010.46939679
5.42932980087435e-05,228.357547889098,493737.787215289,5649010.46939679
0.0031107289879535,228.357547889098,494237.787215289,5649010.46939679
9.92360985945757e-05,228.357547889098,494737.787215289,5649010.46939679
6.21597538370535e-05,228.357547889098,495237.787215289,5649010.46939679
0.00358288375509769,228.357547889098,495737.787215289,5649010.46939679
0.00387340388598592,228.357547889098,496237.787215289,5649010.46939679
0.00451613177250749,228.357547889098,496737.787215289,5649010.46939679
0.00448043907296656,228.357547889098,497237.787215289,5649010.46939679
0.00383354392651488,228.357547889098,497737.787215289,5649010.46939679
0.00445247714308131,228.357547889098,498237.787215289,5649010.46939679
0.00518338990588517,228.357547889098,498737.787215289,5649010.46939679
0.00447193989437283,228.357547889098,499237.787215289,5649010.46939679
0.00483454963899238,228.357547889098,499737.787215289,5649010.46939679
0.000182908231948513,228.357547889098,500237.787215289,5649010.46939679
5.67978977733152e-05,228.357547889098,500737.787215289,5649010.46939679
0.00162298721882665,228.357547889098,501237.787215289,5649010.46939679
0.00479461580480296,228.357547889098,501737.787215289,5649010.46939679
0.000940361061898789,228.357547889098,502237.787215289,5649010.46939679
0.00522656179732919,228.357547889098,502737.787215289,5649010.46939679
0.00413652726979784,228.357547889098,503237.787215289,5649010.46939679
0.00447193989437283,228.357547889098,503737.787215289,5649010.46939679
0.00327382675596125,228.357547889098,504237.787215289,5649010.46939679
8.38750113076412e-05,228.357547889098,504737.787215289,5649010.46939679
4.8597298724908e-05,228.357547889098,505237.787215289,5649010.46939679
5.67978977733152e-05,228.357547889098,505737.787215289,5649010.46939679
0.000123860526492269,228.357547889098,506237.787215289,5649010.46939679
6.08961892994567e-05,228.357547889098,506737.787215289,5649010.46939679
6.1403387044856e-05,228.357547889098,507237.787215289,5649010.46939679
6.58339908289374e-05,228.357547889098,507737.787215289,5649010.46939679
4.45810047929103e-05,228.357547889098,508237.787215289,5649010.46939679
4.87965525556737e-05,228.357547889098,508737.787215289,5649010.46939679
9.82148916705172e-05,228.357547889098,509237.787215289,5649010.46939679
0.00205066773218384,228.357547889098,509737.787215289,5649010.46939679
0.00162298721882665,228.357547889098,510237.787215289,5649010.46939679
0.00382627187706889,228.357547889098,510737.787215289,5649010.46939679
0.00175458804415976,228.357547889098,511237.787215289,5649010.46939679
0.00382627187706889,228.357547889098,511737.787215289,5649010.46939679
0.00447193989437283,228.357547889098,512237.787215289,5649010.46939679
0.00522656179732919,228.357547889098,512737.787215289,5649010.46939679
0.00522656179732919,228.357547889098,513237.787215289,5649010.46939679
0.00382627187706889,228.357547889098,513737.787215289,5649010.46939679
0.00447193989437283,228.357547889098,514237.787215289,5649010.46939679
0.00368855173984173,228.357547889098,514737.787215289,5649010.46939679
0.00363106752994147,228.357547889098,515237.787215289,5649010.46939679
0.000590813998860346,228.357547889098,515737.787215289,5649010.46939679
0.00477560882859677,228.357547889098,516237.787215289,5649010.46939679
0.00252172730948442,228.357547889098,516737.787215289,5649010.46939679
0.00294210814635808,228.357547889098,517237.787215289,5649010.46939679
0.00272143876383907,228.357547889098,517737.787215289,5649010.46939679
0.000387522494039985,228.357547889098,518237.787215289,5649010.46939679
0.00340129606135509,228.357547889098,518737.787215289,5649010.46939679
0.00375045233374793,228.357547889098,519237.787215289,5649010.46939679
0.00127265581280319,228.357547889098,519737.787215289,5649010.46939679
0.00355317973603254,228.357547889098,520237.787215289,5649010.46939679
0.0037953573042645,228.357547889098,520737.787215289,5649010.46939679
0.00558768972887269,228.357547889098,521237.787215289,5649010.46939679
0.00409064713982672,228.357547889098,521737.787215289,5649010.46939679
0.000105121035844872,228.357547889098,522237.787215289,5649010.46939679
0.00018288247555606,228.357547889098,522737.787215289,5649010.46939679
0.00483386885739764,228.357547889098,523237.787215289,5649010.46939679
0.00355003222247518,228.357547889098,523737.787215289,5649010.46939679
0.00130435515217697,228.357547889098,524237.787215289,5649010.46939679
7.40791836798639e-05,228.357547889098,486737.787215289,5649510.46939679
0.000236419856387167,228.357547889098,487237.787215289,5649510.46939679
4.8945296695526e-05,228.357547889098,487737.787215289,5649510.46939679
4.46812729439208e-05,228.357547889098,488237.787215289,5649510.46939679
4.08607130316982e-05,228.357547889098,488737.787215289,5649510.46939679
3.40572280517595e-05,228.357547889098,489237.787215289,5649510.46939679
3.40572280517595e-05,228.357547889098,489737.787215289,5649510.46939679
9.12891802573968e-05,228.357547889098,490237.787215289,5649510.46939679
4.14161690664499e-05,228.357547889098,490737.787215289,5649510.46939679
4.14161690664499e-05,228.357547889098,491237.787215289,5649510.46939679
8.23899707693777e-05,228.357547889098,491737.787215289,5649510.46939679
0.00124004993055941,228.357547889098,492237.787215289,5649510.46939679
0.00341090535466278,228.357547889098,492737.787215289,5649510.46939679
7.37189275021248e-05,228.357547889098,493237.787215289,5649510.46939679
0.00534614271386925,228.357547889098,493737.787215289,5649510.46939679
0.00455580757178594,228.357547889098,494237.787215289,5649510.46939679
0.00354601344529489,228.357547889098,494737.787215289,5649510.46939679
0.00259597265804326,228.357547889098,495237.787215289,5649510.46939679
0.00484373797823051,228.357547889098,495737.787215289,5649510.46939679
0.00484373797823051,228.357547889098,496237.787215289,5649510.46939679
0.00566109931512006,228.357547889098,496737.787215289,5649510.46939679
0.00443500125073856,228.357547889098,497237.787215289,5649510.46939679
0.00518338990588517,228.357547889098,497737.787215289,5649510.46939679
0.00518338990588517,228.357547889098,498237.787215289,5649510.46939679
0.000213773261738617,228.357547889098,498737.787215289,5649510.46939679
8.38750113076412e-05,228.357547889098,499237.787215289,5649510.46939679
0.00382627187706889,228.357547889098,499737.787215289,5649510.46939679
0.00221694727086959,228.357547889098,500237.787215289,5649510.46939679
0.000503980937108735,228.357547889098,500737.787215289,5649510.46939679
0.00353928682741738,228.357547889098,501237.787215289,5649510.46939679
0.00447193989437283,228.357547889098,501737.787215289,5649510.46939679
0.000270105595882633,228.357547889098,502237.787215289,5649510.46939679
0.00205066773218384,228.357547889098,502737.787215289,5649510.46939679
0.00353928682741738,228.357547889098,503237.787215289,5649510.46939679
0.000123860526492269,228.357547889098,503737.787215289,5649510.46939679
0.000341282311612562,228.357547889098,504237.787215289,5649510.46939679
0.000431215117328499,228.357547889098,504737.787215289,5649510.46939679
0.000144761493054988,228.357547889098,505237.787215289,5649510.46939679
5.67978977733152e-05,228.357547889098,505737.787215289,5649510.46939679
4.12372586386751e-05,228.357547889098,506237.787215289,5649510.46939679
4.13997519169711e-05,228.357547889098,506737.787215289,5649510.46939679
5.21038703651567e-05,228.357547889098,507237.787215289,5649510.46939679
5.23091829632062e-05,228.357547889098,507737.787215289,5649510.46939679
3.56448247616818e-05,228.357547889098,508237.787215289,5649510.46939679
3.59287835433299e-05,228.357547889098,508737.787215289,5649510.46939679
4.91959201481719e-05,228.357547889098,509237.787215289,5649510.46939679
0.000132797768292532,228.357547889098,509737.787215289,5649510.46939679
0.00118815974880695,228.357547889098,510237.787215289,5649510.46939679
0.00162298721882665,228.357547889098,510737.787215289,5649510.46939679
0.00205066773218384,228.357547889098,511237.787215289,5649510.46939679
0.00447193989437283,228.357547889098,511737.787215289,5649510.46939679
0.00302827720687125,228.357547889098,512237.787215289,5649510.46939679
0.000197739448119178,228.357547889098,512737.787215289,5649510.46939679
0.000940361061898789,228.357547889098,513237.787215289,5649510.46939679
0.00382627187706889,228.357547889098,513737.787215289,5649510.46939679
0.00447193989437283,228.357547889098,514237.787215289,5649510.46939679
0.00545075860949045,228.357547889098,514737.787215289,5649510.46939679
0.00311039901432168,228.357547889098,515237.787215289,5649510.46939679
0.000183708230844395,228.357547889098,515737.787215289,5649510.46939679
0.00442565835207982,228.357547889098,516237.787215289,5649510.46939679
0.00185076092419775,228.357547889098,516737.787215289,5649510.46939679
0.00184288500585617,228.357547889098,517237.787215289,5649510.46939679
0.000913603264077928,228.357547889098,517737.787215289,5649510.46939679
0.00215386445166644,228.357547889098,518237.787215289,5649510.46939679
0.00269193294866254,228.357547889098,518737.787215289,5649510.46939679
0.00348726072283484,228.357547889098,519237.787215289,5649510.46939679
0.00238677834940507,228.357547889098,519737.787215289,5649510.46939679
0.00449554443629656,228.357547889098,520237.787215289,5649510.46939679
0.00323751523490272,228.357547889098,520737.787215289,5649510.46939679
0.00205037896550374,228.357547889098,521237.787215289,5649510.46939679
0.00382573307704305,228.357547889098,521737.787215289,5649510.46939679
0.00558768972887269,228.357547889098,522237.787215289,5649510.46939679
0.00280075036888349,228.357547889098,522737.787215289,5649510.46939679
0.00447131017400585,228.357547889098,523237.787215289,5649510.46939679
0.00205963688520714,228.357547889098,523737.787215289,5649510.46939679
0.003609016273699,228.357547889098,524237.787215289,5649510.46939679
4.52742119285089e-05,228.357547889098,486737.787215289,5650010.46939679
9.07023637766295e-05,228.357547889098,487237.787215289,5650010.46939679
7.6662594580775e-05,228.357547889098,487737.787215289,5650010.46939679
4.04511918140135e-05,228.357547889098,488237.787215289,5650010.46939679
4.33389274265473e-05,228.357547889098,488737.787215289,5650010.46939679
0.000378606741910538,228.357547889098,489237.787215289,5650010.46939679
8.42056801576626e-05,228.357547889098,489737.787215289,5650010.46939679
3.77810208775239e-05,228.357547889098,490237.787215289,5650010.46939679
3.72635289993685e-05,228.357547889098,490737.787215289,5650010.46939679
4.69155055306809e-05,228.357547889098,491237.787215289,5650010.46939679
3.7004142706096e-05,228.357547889098,491737.787215289,5650010.46939679
5.32504845704548e-05,228.357547889098,492237.787215289,5650010.46939679
0.00418748100398857,228.357547889098,492737.787215289,5650010.46939679
0.00328004885172752,228.357547889098,493237.787215289,5650010.46939679
0.00654928781941408,228.357547889098,493737.787215289,5650010.46939679
0.00409456989653471,228.357547889098,494237.787215289,5650010.46939679
0.00248034976808622,228.357547889098,494737.787215289,5650010.46939679
3.40572280517595e-05,228.357547889098,495237.787215289,5650010.46939679
0.00413652726979784,228.357547889098,495737.787215289,5650010.46939679
0.00447193989437283,228.357547889098,496237.787215289,5650010.46939679
0.000315684830751285,228.357547889098,496737.787215289,5650010.46939679
0.000398872331495987,228.357547889098,497237.787215289,5650010.46939679
0.000398872331495987,228.357547889098,497737.787215289,5650010.46939679
8.38750113076412e-05,228.357547889098,498237.787215289,5650010.46939679
0.00382627187706889,228.357547889098,498737.787215289,5650010.46939679
0.000341282311612562,228.357547889098,499237.787215289,5650010.46939679
0.00479461580480296,228.357547889098,499737.787215289,5650010.46939679
7.17649620825843e-05,228.357547889098,500237.787215289,5650010.46939679
0.00277800709537368,228.357547889098,500737.787215289,5650010.46939679
0.00446815470866738,228.357547889098,501237.787215289,5650010.46939679
0.000738094941029174,228.357547889098,501737.787215289,5650010.46939679
0.00380961919843811,228.357547889098,502237.787215289,5650010.46939679
0.00523649517818758,228.357547889098,502737.787215289,5650010.46939679
0.00566109931512006,228.357547889098,503237.787215289,5650010.46939679
4.86896606820879e-05,228.357547889098,503737.787215289,5650010.46939679
0.000167791893358469,228.357547889098,504237.787215289,5650010.46939679
0.000132797768292532,228.357547889098,504737.787215289,5650010.46939679
0.000144761493054988,228.357547889098,505237.787215289,5650010.46939679
5.21038703651567e-05,228.357547889098,505737.787215289,5650010.46939679
3.60597933980446e-05,228.357547889098,506237.787215289,5650010.46939679
0.00153774184683002,228.357547889098,506737.787215289,5650010.46939679
5.37398752505194e-05,228.357547889098,507237.787215289,5650010.46939679
6.28956669902574e-05,228.357547889098,507737.787215289,5650010.46939679
5.86957004091596e-05,228.357547889098,508237.787215289,5650010.46939679
5.03804363880073e-05,228.357547889098,508737.787215289,5650010.46939679
3.97471468509819e-05,228.357547889098,509237.787215289,5650010.46939679
6.22362900484017e-05,228.357547889098,509737.787215289,5650010.46939679
5.6905845439949e-05,228.357547889098,510237.787215289,5650010.46939679
0.000214179550099595,228.357547889098,510737.787215289,5650010.46939679
0.00150411018464004,228.357547889098,511237.787215289,5650010.46939679
0.00027061894707983,228.357547889098,511737.787215289,5650010.46939679
0.000250321489277684,228.357547889098,512237.787215289,5650010.46939679
5.6905845439949e-05,228.357547889098,512737.787215289,5650010.46939679
0.000806118937803558,228.357547889098,513237.787215289,5650010.46939679
0.000806118937803558,228.357547889098,513737.787215289,5650010.46939679
0.00610065586180636,228.357547889098,514237.787215289,5650010.46939679
0.00353928682741738,228.357547889098,514737.787215289,5650010.46939679
0.00413652726979784,228.357547889098,515237.787215289,5650010.46939679
0.00280114481469053,228.357547889098,515737.787215289,5650010.46939679
0.00353928682741738,228.357547889098,516237.787215289,5650010.46939679
0.00148132567625245,228.357547889098,516737.787215289,5650010.46939679
0.00464605878171493,228.357547889098,517237.787215289,5650010.46939679
0.00215386445166644,228.357547889098,517737.787215289,5650010.46939679
0.00634636380184748,228.357547889098,518237.787215289,5650010.46939679
0.00401242561320402,228.357547889098,518737.787215289,5650010.46939679
0.00301942431199351,228.357547889098,519237.787215289,5650010.46939679
0.00164073256649998,228.357547889098,519737.787215289,5650010.46939679
0.00241828862016842,228.357547889098,520237.787215289,5650010.46939679
0.00257011370633558,228.357547889098,520737.787215289,5650010.46939679
0.00221663508938192,228.357547889098,521237.787215289,5650010.46939679
0.000231074642519885,228.357547889098,521737.787215289,5650010.46939679
0.00175434097021575,228.357547889098,522237.787215289,5650010.46939679
0.00353878843945769,228.357547889098,522737.787215289,5650010.46939679
0.00237734533197015,228.357547889098,523237.787215289,5650010.46939679
0.0028401359362604,228.357547889098,523737.787215289,5650010.46939679
0.00457497399995981,228.357547889098,524237.787215289,5650010.46939679
0.00031577639418764,228.357547889098,486737.787215289,5650510.46939679
0.000122389429248332,228.357547889098,487237.787215289,5650510.46939679
4.7508836547196e-05,228.357547889098,487737.787215289,5650510.46939679
5.06521974299884e-05,228.357547889098,488237.787215289,5650510.46939679
3.96120346276844e-05,228.357547889098,488737.787215289,5650510.46939679
4.23773316316126e-05,228.357547889098,489237.787215289,5650510.46939679
4.14161690664499e-05,228.357547889098,489737.787215289,5650510.46939679
4.38841543832624e-05,228.357547889098,490237.787215289,5650510.46939679
0.000327267974797381,228.357547889098,490737.787215289,5650510.46939679
0.00312946180507953,228.357547889098,491237.787215289,5650510.46939679
5.86957004091596e-05,228.357547889098,491737.787215289,5650510.46939679
0.000807888668017072,228.357547889098,492237.787215289,5650510.46939679
0.00566109931512006,228.357547889098,492737.787215289,5650510.46939679
0.00256964592036779,228.357547889098,493237.787215289,5650510.46939679
0.00138865693612136,228.357547889098,493737.787215289,5650510.46939679
0.0052243439360702,228.357547889098,494237.787215289,5650510.46939679
0.000168834256904931,228.357547889098,494737.787215289,5650510.46939679
0.00204893198475211,228.357547889098,495237.787215289,5650510.46939679
0.00175458804415976,228.357547889098,495737.787215289,5650510.46939679
0.00109904321567484,228.357547889098,496237.787215289,5650510.46939679
0.00162298721882665,228.357547889098,496737.787215289,5650510.46939679
0.000292007259021388,228.357547889098,497237.787215289,5650510.46939679
0.000499818007222814,228.357547889098,497737.787215289,5650510.46939679
8.9927070654433e-05,228.357547889098,498237.787215289,5650510.46939679
4.45810047929103e-05,228.357547889098,498737.787215289,5650510.46939679
0.00188119155582402,228.357547889098,499237.787215289,5650510.46939679
0.00481350873963937,228.357547889098,499737.787215289,5650510.46939679
0.00189685979593484,228.357547889098,500237.787215289,5650510.46939679
0.00327382675596125,228.357547889098,500737.787215289,5650510.46939679
3.40572280517595e-05,228.357547889098,501237.787215289,5650510.46939679
0.00382627187706889,228.357547889098,501737.787215289,5650510.46939679
0.00257977147680497,228.357547889098,502237.787215289,5650510.46939679
0.00387340388598592,228.357547889098,502737.787215289,5650510.46939679
0.000644631117597284,228.357547889098,503237.787215289,5650510.46939679
7.24741461355013e-05,228.357547889098,503737.787215289,5650510.46939679
0.000341930938245698,228.357547889098,504237.787215289,5650510.46939679
0.00119041791464583,228.357547889098,504737.787215289,5650510.46939679
6.58339908289374e-05,228.357547889098,505237.787215289,5650510.46939679
6.60934062543621e-05,228.357547889098,505737.787215289,5650510.46939679
5.78630971902817e-05,228.357547889098,506237.787215289,5650510.46939679
0.000161728719267204,228.357547889098,506737.787215289,5650510.46939679
0.00267762357678476,228.357547889098,507237.787215289,5650510.46939679
0.00737785951499595,228.357547889098,507737.787215289,5650510.46939679
0.000102309758696936,228.357547889098,508237.787215289,5650510.46939679
3.72635289993685e-05,228.357547889098,508737.787215289,5650510.46939679
4.00046442900746e-05,228.357547889098,509237.787215289,5650510.46939679
6.79955972853206e-05,228.357547889098,509737.787215289,5650510.46939679
6.72000122029655e-05,228.357547889098,510237.787215289,5650510.46939679
3.89357809487109e-05,228.357547889098,510737.787215289,5650510.46939679
5.74975341583729e-05,228.357547889098,511237.787215289,5650510.46939679
3.60154482102685e-05,228.357547889098,511737.787215289,5650510.46939679
4.55060376620402e-05,228.357547889098,512237.787215289,5650510.46939679
5.74975341583729e-05,228.357547889098,512737.787215289,5650510.46939679
0.00051018897322979,228.357547889098,513237.787215289,5650510.46939679
0.000185161295164136,228.357547889098,513737.787215289,5650510.46939679
0.00566109931512006,228.357547889098,514237.787215289,5650510.46939679
0.00215749035150837,228.357547889098,514737.787215289,5650510.46939679
0.00447193989437283,228.357547889098,515237.787215289,5650510.46939679
0.00565036048052541,228.357547889098,515737.787215289,5650510.46939679
0.00162161347316684,228.357547889098,516237.787215289,5650510.46939679
0.00218202992091198,228.357547889098,516737.787215289,5650510.46939679
0.00543006254784705,228.357547889098,517237.787215289,5650510.46939679
0.000306702078042129,228.357547889098,517737.787215289,5650510.46939679
0.00155970971108123,228.357547889098,518237.787215289,5650510.46939679
0.00184841752829081,228.357547889098,518737.787215289,5650510.46939679
0.00354231488255027,228.357547889098,519237.787215289,5650510.46939679
0.00359035310240637,228.357547889098,519737.787215289,5650510.46939679
4.90348478644693e-05,228.357547889098,520237.787215289,5650510.46939679
0.000144517743860032,228.357547889098,520737.787215289,5650510.46939679
0.000104801842212263,228.357547889098,521237.787215289,5650510.46939679
0.00189659268786205,228.357547889098,521737.787215289,5650510.46939679
0.00100533506552792,228.357547889098,522237.787215289,5650510.46939679
0.00237012666744331,228.357547889098,522737.787215289,5650510.46939679
0.00353332738131957,228.357547889098,523237.787215289,5650510.46939679
0.00244392858111141,228.357547889098,523737.787215289,5650510.46939679
0.00460961034004614,228.357547889098,524237.787215289,5650510.46939679
0.00404387904451816,228.357547889098,486737.787215289,5651010.46939679
0.00435046102023768,228.357547889098,487237.787215289,5651010.46939679
4.00883418333252e-05,228.357547889098,487737.787215289,5651010.46939679
4.96947423214867e-05,228.357547889098,488237.787215289,5651010.46939679
0.000627396344528006,228.357547889098,488737.787215289,5651010.46939679
0.000250831636802197,228.357547889098,489237.787215289,5651010.46939679
0.00126175971931165,228.357547889098,489737.787215289,5651010.46939679
0.000566699275144854,228.357547889098,490237.787215289,5651010.46939679
0.000159434584410508,228.357547889098,490737.787215289,5651010.46939679
0.00418748100398857,228.357547889098,491237.787215289,5651010.46939679
0.00452702524056613,228.357547889098,491737.787215289,5651010.46939679
0.00479461580480296,228.357547889098,492237.787215289,5651010.46939679
0.00447193989437283,228.357547889098,492737.787215289,5651010.46939679
0.000398872331495987,228.357547889098,493237.787215289,5651010.46939679
0.00138865693612136,228.357547889098,493737.787215289,5651010.46939679
0.00016918941381068,228.357547889098,494237.787215289,5651010.46939679
0.000196106101701508,228.357547889098,494737.787215289,5651010.46939679
5.26376890193562e-05,228.357547889098,495237.787215289,5651010.46939679
0.000134158318390899,228.357547889098,495737.787215289,5651010.46939679
0.000745656929137358,228.357547889098,496237.787215289,5651010.46939679
0.00027061894707983,228.357547889098,496737.787215289,5651010.46939679
0.000214179550099595,228.357547889098,497237.787215289,5651010.46939679
3.60154482102685e-05,228.357547889098,497737.787215289,5651010.46939679
0.000233953963923985,228.357547889098,498237.787215289,5651010.46939679
0.000135553253530882,228.357547889098,498737.787215289,5651010.46939679
0.000747293922804826,228.357547889098,499237.787215289,5651010.46939679
0.00277800709537368,228.357547889098,499737.787215289,5651010.46939679
0.000132797768292532,228.357547889098,500237.787215289,5651010.46939679
7.17649620825843e-05,228.357547889098,500737.787215289,5651010.46939679
0.00798755602725319,228.357547889098,501237.787215289,5651010.46939679
0.00395980065783517,228.357547889098,501737.787215289,5651010.46939679
0.00522213787673295,228.357547889098,502237.787215289,5651010.46939679
0.00485437178056962,228.357547889098,502737.787215289,5651010.46939679
0.00389803056413994,228.357547889098,503237.787215289,5651010.46939679
6.81897255140893e-05,228.357547889098,503737.787215289,5651010.46939679
0.00423116878393208,228.357547889098,504237.787215289,5651010.46939679
0.00675492833696328,228.357547889098,504737.787215289,5651010.46939679
0.000345486226407678,228.357547889098,505237.787215289,5651010.46939679
0.0028391407957236,228.357547889098,505737.787215289,5651010.46939679
0.000189019791325146,228.357547889098,506237.787215289,5651010.46939679
0.000261689098971011,228.357547889098,506737.787215289,5651010.46939679
0.00695597741640858,228.357547889098,507237.787215289,5651010.46939679
0.00158442165777146,228.357547889098,507737.787215289,5651010.46939679
7.6375597948992e-05,228.357547889098,508237.787215289,5651010.46939679
5.60375478320133e-05,228.357547889098,508737.787215289,5651010.46939679
4.74425255576565e-05,228.357547889098,509237.787215289,5651010.46939679
0.000328902889450305,228.357547889098,509737.787215289,5651010.46939679
6.34550740676502e-05,228.357547889098,510237.787215289,5651010.46939679
3.67659585614365e-05,228.357547889098,510737.787215289,5651010.46939679
0.000204346566702136,228.357547889098,511237.787215289,5651010.46939679
5.86957004091596e-05,228.357547889098,511737.787215289,5651010.46939679
8.01764002355731e-05,228.357547889098,512237.787215289,5651010.46939679
7.41628630532358e-05,228.357547889098,512737.787215289,5651010.46939679
4.63126336783843e-05,228.357547889098,513237.787215289,5651010.46939679
0.000216943664932264,228.357547889098,513737.787215289,5651010.46939679
0.00162259871679927,228.357547889098,514237.787215289,5651010.46939679
0.000151841941332409,228.357547889098,514737.787215289,5651010.46939679
0.00338292868353738,228.357547889098,515237.787215289,5651010.46939679
0.00452083499796905,228.357547889098,515737.787215289,5651010.46939679
0.00482041626981531,228.357547889098,516237.787215289,5651010.46939679
0.00406708855974246,228.357547889098,516737.787215289,5651010.46939679
0.00318067062903734,228.357547889098,517237.787215289,5651010.46939679
0.000489640253974223,228.357547889098,517737.787215289,5651010.46939679
0.00106418565804383,228.357547889098,518237.787215289,5651010.46939679
0.00234921764504068,228.357547889098,518737.787215289,5651010.46939679
0.00356779842272819,228.357547889098,519237.787215289,5651010.46939679
0.00493778433152569,228.357547889098,519737.787215289,5651010.46939679
0.00308793897013571,228.357547889098,520237.787215289,5651010.46939679
0.0028263651157281,228.357547889098,520737.787215289,5651010.46939679
0.00415461949677621,228.357547889098,521237.787215289,5651010.46939679
0.000168625625931764,228.357547889098,521737.787215289,5651010.46939679
0.00162791466316514,228.357547889098,522237.787215289,5651010.46939679
0.00415461949677621,228.357547889098,522737.787215289,5651010.46939679
0.000135109438839668,228.357547889098,523237.787215289,5651010.46939679
0.00288737917028176,228.357547889098,523737.787215289,5651010.46939679
0.00268418978653103,228.357547889098,524237.787215289,5651010.46939679
0.0010691880441789,228.357547889098,486737.787215289,5651510.46939679
0.00464162430686187,228.357547889098,487237.787215289,5651510.46939679
0.00581930840487829,228.357547889098,487737.787215289,5651510.46939679
0.000373648274660769,228.357547889098,488237.787215289,5651510.46939679
7.78899315445509e-05,228.357547889098,488737.787215289,5651510.46939679
7.13039759883744e-05,228.357547889098,489237.787215289,5651510.46939679
0.000308183500812692,228.357547889098,489737.787215289,5651510.46939679
0.000279130703006637,228.357547889098,490237.787215289,5651510.46939679
0.00417740458776842,228.357547889098,490737.787215289,5651510.46939679
0.00484373797823051,228.357547889098,491237.787215289,5651510.46939679
0.00354601344529489,228.357547889098,491737.787215289,5651510.46939679
0.00279877384066988,228.357547889098,492237.787215289,5651510.46939679
0.00302827720687125,228.357547889098,492737.787215289,5651510.46939679
0.00205066773218384,228.357547889098,493237.787215289,5651510.46939679
0.000133903826478551,228.357547889098,493737.787215289,5651510.46939679
0.00174009498208401,228.357547889098,494237.787215289,5651510.46939679
5.26376890193562e-05,228.357547889098,494737.787215289,5651510.46939679
0.00386408323958614,228.357547889098,495237.787215289,5651510.46939679
4.55060376620402e-05,228.357547889098,495737.787215289,5651510.46939679
0.000115981791813224,228.357547889098,496237.787215289,5651510.46939679
0.00192022531090312,228.357547889098,496737.787215289,5651510.46939679
0.00262296474863125,228.357547889098,497237.787215289,5651510.46939679
0.00103987027021701,228.357547889098,497737.787215289,5651510.46939679
5.80974030574109e-05,228.357547889098,498237.787215289,5651510.46939679
3.6391195580699e-05,228.357547889098,498737.787215289,5651510.46939679
3.54223693115515e-05,228.357547889098,499237.787215289,5651510.46939679
0.000123860526492269,228.357547889098,499737.787215289,5651510.46939679
0.000932593591187313,228.357547889098,500237.787215289,5651510.46939679
0.00189685979593484,228.357547889098,500737.787215289,5651510.46939679
0.00713027192526736,228.357547889098,501237.787215289,5651510.46939679
3.40572280517595e-05,228.357547889098,501737.787215289,5651510.46939679
0.00483045752938938,228.357547889098,502237.787215289,5651510.46939679
0.00414438897743574,228.357547889098,502737.787215289,5651510.46939679
0.00570619755518879,228.357547889098,503237.787215289,5651510.46939679
0.00541833540273243,228.357547889098,503737.787215289,5651510.46939679
0.00462136196194213,228.357547889098,504237.787215289,5651510.46939679
0.00247679155025342,228.357547889098,504737.787215289,5651510.46939679
0.00362026380217295,228.357547889098,505237.787215289,5651510.46939679
0.00310187310381467,228.357547889098,505737.787215289,5651510.46939679
7.46433188550972e-05,228.357547889098,506237.787215289,5651510.46939679
7.57405049601216e-05,228.357547889098,506737.787215289,5651510.46939679
0.00702810840079927,228.357547889098,507237.787215289,5651510.46939679
0.00255068949414517,228.357547889098,507737.787215289,5651510.46939679
5.22003582138701e-05,228.357547889098,508237.787215289,5651510.46939679
3.83097977165354e-05,228.357547889098,508737.787215289,5651510.46939679
4.78403366809365e-05,228.357547889098,509237.787215289,5651510.46939679
3.74023654765981e-05,228.357547889098,509737.787215289,5651510.46939679
0.00013975177234635,228.357547889098,510237.787215289,5651510.46939679
7.48991340065722e-05,228.357547889098,510737.787215289,5651510.46939679
4.01417469041564e-05,228.357547889098,511237.787215289,5651510.46939679
0.00870844919204125,228.357547889098,511737.787215289,5651510.46939679
0.000416292175753575,228.357547889098,512237.787215289,5651510.46939679
3.70668636784489e-05,228.357547889098,512737.787215289,5651510.46939679
5.83443505955705e-05,228.357547889098,513237.787215289,5651510.46939679
0.000146544664821323,228.357547889098,513737.787215289,5651510.46939679
0.00412691951993858,228.357547889098,514237.787215289,5651510.46939679
0.00505985689452453,228.357547889098,514737.787215289,5651510.46939679
0.00498641756501941,228.357547889098,515237.787215289,5651510.46939679
0.00527113511894551,228.357547889098,515737.787215289,5651510.46939679
0.00161302796748322,228.357547889098,516237.787215289,5651510.46939679
0.000493994295876296,228.357547889098,516737.787215289,5651510.46939679
0.0046969834348645,228.357547889098,517237.787215289,5651510.46939679
0.00371739602773552,228.357547889098,517737.787215289,5651510.46939679
0.00547115208973893,228.357547889098,518237.787215289,5651510.46939679
0.000362761829215651,228.357547889098,518737.787215289,5651510.46939679
0.00140384017345349,228.357547889098,519237.787215289,5651510.46939679
0.00142385279777219,228.357547889098,519737.787215289,5651510.46939679
0.00287050898593275,228.357547889098,520237.787215289,5651510.46939679
0.00178170632603871,228.357547889098,520737.787215289,5651510.46939679
0.00262192501933406,228.357547889098,521237.787215289,5651510.46939679
0.000342775002617038,228.357547889098,521737.787215289,5651510.46939679
0.00261437690393069,228.357547889098,522237.787215289,5651510.46939679
0.000596044951377893,228.357547889098,522737.787215289,5651510.46939679
0.00332442584506737,228.357547889098,523237.787215289,5651510.46939679
4.65682360320263e-05,228.357547889098,523737.787215289,5651510.46939679
0.000779493942557236,228.357547889098,524237.787215289,5651510.46939679
0.000561137630614831,228.357547889098,486737.787215289,5652010.46939679
0.00130911111747439,228.357547889098,487237.787215289,5652010.46939679
0.00572222975387294,228.357547889098,487737.787215289,5652010.46939679
0.00520587836743667,228.357547889098,488237.787215289,5652010.46939679
0.00322283292178069,228.357547889098,488737.787215289,5652010.46939679
0.00436567727626282,228.357547889098,489237.787215289,5652010.46939679
0.000110227833396195,228.357547889098,489737.787215289,5652010.46939679
0.00360566333804263,228.357547889098,490237.787215289,5652010.46939679
0.00301509755609078,228.357547889098,490737.787215289,5652010.46939679
0.00447193989437283,228.357547889098,491237.787215289,5652010.46939679
0.00162161347316684,228.357547889098,491737.787215289,5652010.46939679
0.00395980065783517,228.357547889098,492237.787215289,5652010.46939679
0.00108996501546612,228.357547889098,492737.787215289,5652010.46939679
0.000212007474514188,228.357547889098,493237.787215289,5652010.46939679
0.00259597265804326,228.357547889098,493737.787215289,5652010.46939679
4.19916215171791e-05,228.357547889098,494237.787215289,5652010.46939679
7.9039091566474e-05,228.357547889098,494737.787215289,5652010.46939679
0.000108862759366648,228.357547889098,495237.787215289,5652010.46939679
0.00122786003335075,228.357547889098,495737.787215289,5652010.46939679
0.00267762357678476,228.357547889098,496237.787215289,5652010.46939679
0.000898894243819641,228.357547889098,496737.787215289,5652010.46939679
5.02210926544498e-05,228.357547889098,497237.787215289,5652010.46939679
5.47376528366752e-05,228.357547889098,497737.787215289,5652010.46939679
8.09723721304843e-05,228.357547889098,498237.787215289,5652010.46939679
3.97471468509819e-05,228.357547889098,498737.787215289,5652010.46939679
3.54223693115515e-05,228.357547889098,499237.787215289,5652010.46939679
0.00413652726979784,228.357547889098,499737.787215289,5652010.46939679
0.00118815974880695,228.357547889098,500237.787215289,5652010.46939679
0.000466180436018791,228.357547889098,500737.787215289,5652010.46939679
0.000182908231948513,228.357547889098,501237.787215289,5652010.46939679
0.00302444274041823,228.357547889098,501737.787215289,5652010.46939679
0.00280114481469053,228.357547889098,502237.787215289,5652010.46939679
0.00413652726979784,228.357547889098,502737.787215289,5652010.46939679
0.00481350873963937,228.357547889098,503237.787215289,5652010.46939679
0.00540119823889191,228.357547889098,503737.787215289,5652010.46939679
0.00433259413892131,228.357547889098,504237.787215289,5652010.46939679
0.00642189832965953,228.357547889098,504737.787215289,5652010.46939679
0.000525991161283223,228.357547889098,505237.787215289,5652010.46939679
0.00637529900697203,228.357547889098,505737.787215289,5652010.46939679
0.000178561950902746,228.357547889098,506237.787215289,5652010.46939679
0.0112707834848585,228.357547889098,506737.787215289,5652010.46939679
0.00384135657156531,228.357547889098,507237.787215289,5652010.46939679
0.00614982660966822,228.357547889098,507737.787215289,5652010.46939679
0.000472109977912796,228.357547889098,508237.787215289,5652010.46939679
3.89512202116605e-05,228.357547889098,508737.787215289,5652010.46939679
0.00328673349077637,228.357547889098,509237.787215289,5652010.46939679
0.00560055596725455,228.357547889098,509737.787215289,5652010.46939679
0.00235937801011033,228.357547889098,510237.787215289,5652010.46939679
0.00440228399061316,228.357547889098,510737.787215289,5652010.46939679
0.00556234924264312,228.357547889098,511237.787215289,5652010.46939679
0.00513402343550049,228.357547889098,511737.787215289,5652010.46939679
0.000356815686714246,228.357547889098,512237.787215289,5652010.46939679
4.27753392693865e-05,228.357547889098,512737.787215289,5652010.46939679
8.52268474039712e-05,228.357547889098,513237.787215289,5652010.46939679
0.00027151642351652,228.357547889098,513737.787215289,5652010.46939679
0.00561459079248356,228.357547889098,514237.787215289,5652010.46939679
0.00545075860949045,228.357547889098,514737.787215289,5652010.46939679
0.0045985957822153,228.357547889098,515237.787215289,5652010.46939679
0.00304703247573072,228.357547889098,515737.787215289,5652010.46939679
0.00443069669715134,228.357547889098,516237.787215289,5652010.46939679
0.003733283024192,228.357547889098,516737.787215289,5652010.46939679
0.00215386445166644,228.357547889098,517237.787215289,5652010.46939679
0.000618667514787423,228.357547889098,517737.787215289,5652010.46939679
0.00316999316398572,228.357547889098,518237.787215289,5652010.46939679
0.00439687070772013,228.357547889098,518737.787215289,5652010.46939679
0.00490184516463636,228.357547889098,519237.787215289,5652010.46939679
0.0033705503756227,228.357547889098,519737.787215289,5652010.46939679
0.00501483322230825,228.357547889098,520237.787215289,5652010.46939679
0.00498037214914264,228.357547889098,520737.787215289,5652010.46939679
0.00363315922685218,228.357547889098,521237.787215289,5652010.46939679
0.00264209589543072,228.357547889098,521737.787215289,5652010.46939679
0.00362083247903439,228.357547889098,522237.787215289,5652010.46939679
0.00393232883120156,228.357547889098,522737.787215289,5652010.46939679
5.85110691425286e-05,228.357547889098,523237.787215289,5652010.46939679
8.12588797252386e-05,228.357547889098,523737.787215289,5652010.46939679
0.00013114891768607,228.357547889098,524237.787215289,5652010.46939679
0.000215843605532691,228.357547889098,486737.787215289,5652510.46939679
0.00279719191218072,228.357547889098,487237.787215289,5652510.46939679
0.0011805275407488,228.357547889098,487737.787215289,5652510.46939679
0.00185934455077026,228.357547889098,488237.787215289,5652510.46939679
0.00293391601573828,228.357547889098,488737.787215289,5652510.46939679
0.000175397331202782,228.357547889098,489237.787215289,5652510.46939679
0.000652262945092096,228.357547889098,489737.787215289,5652510.46939679
0.000747293922804826,228.357547889098,490237.787215289,5652510.46939679
0.00221694727086959,228.357547889098,490737.787215289,5652510.46939679
0.000688421418316075,228.357547889098,491237.787215289,5652510.46939679
0.000133903826478551,228.357547889098,491737.787215289,5652510.46939679
0.00237691263174208,228.357547889098,492237.787215289,5652510.46939679
0.000198550199818656,228.357547889098,492737.787215289,5652510.46939679
0.00331415374704087,228.357547889098,493237.787215289,5652510.46939679
7.9039091566474e-05,228.357547889098,493737.787215289,5652510.46939679
4.61762448500181e-05,228.357547889098,494237.787215289,5652510.46939679
5.03804363880073e-05,228.357547889098,494737.787215289,5652510.46939679
5.50280739026411e-05,228.357547889098,495237.787215289,5652510.46939679
7.5591738800937e-05,228.357547889098,495737.787215289,5652510.46939679
3.74743183033159e-05,228.357547889098,496237.787215289,5652510.46939679
3.74743183033159e-05,228.357547889098,496737.787215289,5652510.46939679
3.74743183033159e-05,228.357547889098,497237.787215289,5652510.46939679
6.01889783026494e-05,228.357547889098,497737.787215289,5652510.46939679
0.000103881313739412,228.357547889098,498237.787215289,5652510.46939679
0.00588694706697767,228.357547889098,498737.787215289,5652510.46939679
0.00305820275606131,228.357547889098,499237.787215289,5652510.46939679
0.00445247714308131,228.357547889098,499737.787215289,5652510.46939679
0.00518338990588517,228.357547889098,500237.787215289,5652510.46939679
0.00380961919843811,228.357547889098,500737.787215289,5652510.46939679
0.00410235916595218,228.357547889098,501237.787215289,5652510.46939679
0.000143565749523047,228.357547889098,501737.787215289,5652510.46939679
0.00605806614191102,228.357547889098,502237.787215289,5652510.46939679
0.00150125695957086,228.357547889098,502737.787215289,5652510.46939679
0.00410235916595218,228.357547889098,503237.787215289,5652510.46939679
0.00575632849915749,228.357547889098,503737.787215289,5652510.46939679
0.00541833540273243,228.357547889098,504237.787215289,5652510.46939679
0.0051023677890428,228.357547889098,504737.787215289,5652510.46939679
0.000496130820944131,228.357547889098,505237.787215289,5652510.46939679
0.00601337543843291,228.357547889098,505737.787215289,5652510.46939679
0.00519298869648473,228.357547889098,506237.787215289,5652510.46939679
0.0056279999231651,228.357547889098,506737.787215289,5652510.46939679
0.00608434944106128,228.357547889098,507237.787215289,5652510.46939679
0.00101258766074827,228.357547889098,507737.787215289,5652510.46939679
0.000464335588346544,228.357547889098,508237.787215289,5652510.46939679
4.8404981316233e-05,228.357547889098,508737.787215289,5652510.46939679
0.00971347316786012,228.357547889098,509237.787215289,5652510.46939679
0.00567263646205045,228.357547889098,509737.787215289,5652510.46939679
0.00328673349077637,228.357547889098,510237.787215289,5652510.46939679
0.0037925456025885,228.357547889098,510737.787215289,5652510.46939679
0.00406328840416299,228.357547889098,511237.787215289,5652510.46939679
0.00434873652059224,228.357547889098,511737.787215289,5652510.46939679
0.000279130703006637,228.357547889098,512237.787215289,5652510.46939679
9.22560851688571e-05,228.357547889098,512737.787215289,5652510.46939679
9.0947425199946e-05,228.357547889098,513237.787215289,5652510.46939679
0.00562014469397106,228.357547889098,513737.787215289,5652510.46939679
0.00376026695321728,228.357547889098,514237.787215289,5652510.46939679
0.00502477884923941,228.357547889098,514737.787215289,5652510.46939679
0.000298901627156468,228.357547889098,515237.787215289,5652510.46939679
0.00483868586291642,228.357547889098,515737.787215289,5652510.46939679
0.00477036423891321,228.357547889098,516237.787215289,5652510.46939679
0.00216033056504962,228.357547889098,516737.787215289,5652510.46939679
0.0046969834348645,228.357547889098,517237.787215289,5652510.46939679
0.00343857708389945,228.357547889098,517737.787215289,5652510.46939679
0.000120697359247264,228.357547889098,518237.787215289,5652510.46939679
0.00349229785057856,228.357547889098,518737.787215289,5652510.46939679
0.00620610203729576,228.357547889098,519237.787215289,5652510.46939679
0.0022865883355559,228.357547889098,519737.787215289,5652510.46939679
0.00434866907188687,228.357547889098,520237.787215289,5652510.46939679
0.00231693226189687,228.357547889098,520737.787215289,5652510.46939679
0.00032854855579585,228.357547889098,521237.787215289,5652510.46939679
0.000712711666188175,228.357547889098,521737.787215289,5652510.46939679
0.00314326288030068,228.357547889098,522237.787215289,5652510.46939679
0.00399318919085191,228.357547889098,522737.787215289,5652510.46939679
5.49073101847029e-05,228.357547889098,523237.787215289,5652510.46939679
4.07592397574278e-05,228.357547889098,523737.787215289,5652510.46939679
4.67292524864876e-05,228.357547889098,524237.787215289,5652510.46939679
5.67177460612428e-05,228.357547889098,486737.787215289,5653010.46939679
6.5797194993359e-05,228.357547889098,487237.787215289,5653010.46939679
0.000732649972061269,228.357547889098,487737.787215289,5653010.46939679
0.00295631902497129,228.357547889098,488237.787215289,5653010.46939679
0.000774092609518168,228.357547889098,488737.787215289,5653010.46939679
0.0028774123963097,228.357547889098,489237.787215289,5653010.46939679
0.00192258965054669,228.357547889098,489737.787215289,5653010.46939679
0.00138261323132762,228.357547889098,490237.787215289,5653010.46939679
0.00109904321567484,228.357547889098,490737.787215289,5653010.46939679
0.00327382675596125,228.357547889098,491237.787215289,5653010.46939679
0.000398872331495987,228.357547889098,491737.787215289,5653010.46939679
0.00238627873265435,228.357547889098,492237.787215289,5653010.46939679
7.8350752763149e-05,228.357547889098,492737.787215289,5653010.46939679
0.000236394793932071,228.357547889098,493237.787215289,5653010.46939679
0.000100697635348861,228.357547889098,493737.787215289,5653010.46939679
4.6601710645875e-05,228.357547889098,494237.787215289,5653010.46939679
4.35515999101061e-05,228.357547889098,494737.787215289,5653010.46939679
7.57405049601216e-05,228.357547889098,495237.787215289,5653010.46939679
5.59132014235213e-05,228.357547889098,495737.787215289,5653010.46939679
3.78629135080979e-05,228.357547889098,496237.787215289,5653010.46939679
6.04469545972965e-05,228.357547889098,496737.787215289,5653010.46939679
6.04469545972965e-05,228.357547889098,497237.787215289,5653010.46939679
6.5797194993359e-05,228.357547889098,497737.787215289,5653010.46939679
4.42521281482378e-05,228.357547889098,498237.787215289,5653010.46939679
8.12614639232331e-05,228.357547889098,498737.787215289,5653010.46939679
0.00455580757178594,228.357547889098,499237.787215289,5653010.46939679
0.0038419599780346,228.357547889098,499737.787215289,5653010.46939679
0.00414438897743574,228.357547889098,500237.787215289,5653010.46939679
0.00304069344913001,228.357547889098,500737.787215289,5653010.46939679
0.00380961919843811,228.357547889098,501237.787215289,5653010.46939679
0.00448043907296656,228.357547889098,501737.787215289,5653010.46939679
0.00484373797823051,228.357547889098,502237.787215289,5653010.46939679
0.00128450234581374,228.357547889098,502737.787215289,5653010.46939679
0.00382627187706889,228.357547889098,503237.787215289,5653010.46939679
0.00358729529683312,228.357547889098,503737.787215289,5653010.46939679
0.00032623288846791,228.357547889098,504237.787215289,5653010.46939679
0.000283962365679881,228.357547889098,504737.787215289,5653010.46939679
0.0047104004881925,228.357547889098,505237.787215289,5653010.46939679
3.77013216761117e-05,228.357547889098,505737.787215289,5653010.46939679
0.00126449465924093,228.357547889098,506237.787215289,5653010.46939679
0.00514515173946888,228.357547889098,506737.787215289,5653010.46939679
0.00601337543843291,228.357547889098,507237.787215289,5653010.46939679
0.00650097334527764,228.357547889098,507737.787215289,5653010.46939679
0.000424498417323174,228.357547889098,508237.787215289,5653010.46939679
0.000536359865727763,228.357547889098,508737.787215289,5653010.46939679
0.00440228399061316,228.357547889098,509237.787215289,5653010.46939679
0.00519298869648473,228.357547889098,509737.787215289,5653010.46939679
0.00381112991009559,228.357547889098,510237.787215289,5653010.46939679
0.00407209582567963,228.357547889098,510737.787215289,5653010.46939679
0.00644691520755704,228.357547889098,511237.787215289,5653010.46939679
0.00506370200509912,228.357547889098,511737.787215289,5653010.46939679
0.00628402185526446,228.357547889098,512237.787215289,5653010.46939679
5.31205185700701e-05,228.357547889098,512737.787215289,5653010.46939679
0.000249011159289317,228.357547889098,513237.787215289,5653010.46939679
0.00148464120415315,228.357547889098,513737.787215289,5653010.46939679
0.00404476540954895,228.357547889098,514237.787215289,5653010.46939679
0.00167918464289287,228.357547889098,514737.787215289,5653010.46939679
0.00533816733257943,228.357547889098,515237.787215289,5653010.46939679
0.00353629106758539,228.357547889098,515737.787215289,5653010.46939679
0.00201836931724528,228.357547889098,516237.787215289,5653010.46939679
0.000415644320955235,228.357547889098,516737.787215289,5653010.46939679
0.000987683295137323,228.357547889098,517237.787215289,5653010.46939679
0.00507784096068717,228.357547889098,517737.787215289,5653010.46939679
0.00171194676441283,228.357547889098,518237.787215289,5653010.46939679
0.000247542389865441,228.357547889098,518737.787215289,5653010.46939679
0.00421132763062797,228.357547889098,519237.787215289,5653010.46939679
0.00540073960488913,228.357547889098,519737.787215289,5653010.46939679
0.00319860841835356,228.357547889098,520237.787215289,5653010.46939679
0.000152420275813204,228.357547889098,520737.787215289,5653010.46939679
0.00401044858186706,228.357547889098,521237.787215289,5653010.46939679
0.0031603827950263,228.357547889098,521737.787215289,5653010.46939679
0.00145128578305989,228.357547889098,522237.787215289,5653010.46939679
5.10896112024381e-05,228.357547889098,522737.787215289,5653010.46939679
7.55617746371038e-05,228.357547889098,523237.787215289,5653010.46939679
3.79320755097262e-05,228.357547889098,523737.787215289,5653010.46939679
4.13997519169711e-05,228.357547889098,524237.787215289,5653010.46939679
4.40632683433728e-05,228.357547889098,486737.787215289,5653510.46939679
4.7258427608356e-05,228.357547889098,487237.787215289,5653510.46939679
0.000260758126685848,228.357547889098,487737.787215289,5653510.46939679
0.000138817041049974,228.357547889098,488237.787215289,5653510.46939679
0.000202545088769382,228.357547889098,488737.787215289,5653510.46939679
0.000550230706668614,228.357547889098,489237.787215289,5653510.46939679
0.00138261323132762,228.357547889098,489737.787215289,5653510.46939679
0.000636787174523669,228.357547889098,490237.787215289,5653510.46939679
0.00353928682741738,228.357547889098,490737.787215289,5653510.46939679
0.00280114481469053,228.357547889098,491237.787215289,5653510.46939679
0.00353928682741738,228.357547889098,491737.787215289,5653510.46939679
5.32504845704548e-05,228.357547889098,492237.787215289,5653510.46939679
4.60447864439848e-05,228.357547889098,492737.787215289,5653510.46939679
3.71309620988664e-05,228.357547889098,493237.787215289,5653510.46939679
4.70830057192602e-05,228.357547889098,493737.787215289,5653510.46939679
3.75480685634696e-05,228.357547889098,494237.787215289,5653510.46939679
4.10240807712448e-05,228.357547889098,494737.787215289,5653510.46939679
4.8285131362476e-05,228.357547889098,495237.787215289,5653510.46939679
4.51295351490263e-05,228.357547889098,495737.787215289,5653510.46939679
3.86136386544902e-05,228.357547889098,496237.787215289,5653510.46939679
0.000503269732353897,228.357547889098,496737.787215289,5653510.46939679
3.81229866977315e-05,228.357547889098,497237.787215289,5653510.46939679
0.000333172732145222,228.357547889098,497737.787215289,5653510.46939679
0.00124447722159821,228.357547889098,498237.787215289,5653510.46939679
0.000717246353284629,228.357547889098,498737.787215289,5653510.46939679
0.00540119823889191,228.357547889098,499237.787215289,5653510.46939679
0.00423705684944165,228.357547889098,499737.787215289,5653510.46939679
0.00334873014737838,228.357547889098,500237.787215289,5653510.46939679
0.00492521777388187,228.357547889098,500737.787215289,5653510.46939679
0.00331823440624504,228.357547889098,501237.787215289,5653510.46939679
0.0028391407957236,228.357547889098,501737.787215289,5653510.46939679
0.00411852429941714,228.357547889098,502237.787215289,5653510.46939679
0.00413652726979784,228.357547889098,502737.787215289,5653510.46939679
0.00327382675596125,228.357547889098,503237.787215289,5653510.46939679
0.00485437178056962,228.357547889098,503737.787215289,5653510.46939679
0.00495204318158874,228.357547889098,504237.787215289,5653510.46939679
0.00499608767838634,228.357547889098,504737.787215289,5653510.46939679
0.00631262875664236,228.357547889098,505237.787215289,5653510.46939679
0.00398648193894973,228.357547889098,505737.787215289,5653510.46939679
0.00316053034439687,228.357547889098,506237.787215289,5653510.46939679
0.00589712715697253,228.357547889098,506737.787215289,5653510.46939679
0.00466724172490367,228.357547889098,507237.787215289,5653510.46939679
0.00270420637553863,228.357547889098,507737.787215289,5653510.46939679
0.00431718071481592,228.357547889098,508237.787215289,5653510.46939679
0.00431718071481592,228.357547889098,508737.787215289,5653510.46939679
0.00504568762755871,228.357547889098,509237.787215289,5653510.46939679
0.00550526165896968,228.357547889098,509737.787215289,5653510.46939679
0.000422686737487288,228.357547889098,510237.787215289,5653510.46939679
0.00470135625082026,228.357547889098,510737.787215289,5653510.46939679
0.00503697736020865,228.357547889098,511237.787215289,5653510.46939679
0.00267762357678476,228.357547889098,511737.787215289,5653510.46939679
0.000186338530422015,228.357547889098,512237.787215289,5653510.46939679
0.000315944742297903,228.357547889098,512737.787215289,5653510.46939679
0.00042451677004567,228.357547889098,513237.787215289,5653510.46939679
0.00596338528246186,228.357547889098,513737.787215289,5653510.46939679
0.00433245635797886,228.357547889098,514237.787215289,5653510.46939679
0.0028672805800029,228.357547889098,514737.787215289,5653510.46939679
0.00418787303833708,228.357547889098,515237.787215289,5653510.46939679
0.00351756845115301,228.357547889098,515737.787215289,5653510.46939679
0.0064729777200692,228.357547889098,516237.787215289,5653510.46939679
0.00464605878171493,228.357547889098,516737.787215289,5653510.46939679
0.00371739602773552,228.357547889098,517237.787215289,5653510.46939679
0.0050378352749784,228.357547889098,517737.787215289,5653510.46939679
0.000788646409045399,228.357547889098,518237.787215289,5653510.46939679
0.00325373734112221,228.357547889098,518737.787215289,5653510.46939679
0.00194164515427708,228.357547889098,519237.787215289,5653510.46939679
0.00340264485170467,228.357547889098,519737.787215289,5653510.46939679
0.0047470695494684,228.357547889098,520237.787215289,5653510.46939679
0.000795684653114526,228.357547889098,520737.787215289,5653510.46939679
0.00406870137135937,228.357547889098,521237.787215289,5653510.46939679
0.00405480495881718,228.357547889098,521737.787215289,5653510.46939679
0.00513198833587472,228.357547889098,522237.787215289,5653510.46939679
8.95896013828873e-05,228.357547889098,522737.787215289,5653510.46939679
4.44547876043649e-05,228.357547889098,523237.787215289,5653510.46939679
5.67843017953677e-05,228.357547889098,523737.787215289,5653510.46939679
3.58446938867861e-05,228.357547889098,524237.787215289,5653510.46939679
8.156422793106e-05,228.357547889098,486737.787215289,5654010.46939679
0.000222724174949167,228.357547889098,487237.787215289,5654010.46939679
5.02210926544498e-05,228.357547889098,487737.787215289,5654010.46939679
4.99204714604035e-05,228.357547889098,488237.787215289,5654010.46939679
5.32504845704548e-05,228.357547889098,488737.787215289,5654010.46939679
9.84305098045853e-05,228.357547889098,489237.787215289,5654010.46939679
0.00300326335265752,228.357547889098,489737.787215289,5654010.46939679
0.00016918941381068,228.357547889098,490237.787215289,5654010.46939679
0.00010510190278264,228.357547889098,490737.787215289,5654010.46939679
0.00259104822209271,228.357547889098,491237.787215289,5654010.46939679
0.00128450234581374,228.357547889098,491737.787215289,5654010.46939679
6.72000122029655e-05,228.357547889098,492237.787215289,5654010.46939679
4.29700664584495e-05,228.357547889098,492737.787215289,5654010.46939679
6.99220687905433e-05,228.357547889098,493237.787215289,5654010.46939679
6.00650650200549e-05,228.357547889098,493737.787215289,5654010.46939679
3.40572280517595e-05,228.357547889098,494237.787215289,5654010.46939679
5.65731275740541e-05,228.357547889098,494737.787215289,5654010.46939679
3.86136386544902e-05,228.357547889098,495237.787215289,5654010.46939679
5.33718275463859e-05,228.357547889098,495737.787215289,5654010.46939679
3.90725549007882e-05,228.357547889098,496237.787215289,5654010.46939679
5.20747485479493e-05,228.357547889098,496737.787215289,5654010.46939679
0.000165843261210492,228.357547889098,497237.787215289,5654010.46939679
0.00508256834886759,228.357547889098,497737.787215289,5654010.46939679
0.00463602482629284,228.357547889098,498237.787215289,5654010.46939679
0.00540119823889191,228.357547889098,498737.787215289,5654010.46939679
0.0049451615286642,228.357547889098,499237.787215289,5654010.46939679
0.00194025892556186,228.357547889098,499737.787215289,5654010.46939679
0.00418748100398857,228.357547889098,500237.787215289,5654010.46939679
0.00418748100398857,228.357547889098,500737.787215289,5654010.46939679
0.00418748100398857,228.357547889098,501237.787215289,5654010.46939679
0.00281262979121189,228.357547889098,501737.787215289,5654010.46939679
0.00300326335265752,228.357547889098,502237.787215289,5654010.46939679
0.00150125695957086,228.357547889098,502737.787215289,5654010.46939679
0.000940361061898789,228.357547889098,503237.787215289,5654010.46939679
0.00328004885172752,228.357547889098,503737.787215289,5654010.46939679
0.00306935411325314,228.357547889098,504237.787215289,5654010.46939679
0.00391381491506093,228.357547889098,504737.787215289,5654010.46939679
0.00577963768248793,228.357547889098,505237.787215289,5654010.46939679
0.00289474018038378,228.357547889098,505737.787215289,5654010.46939679
0.00462136196194213,228.357547889098,506237.787215289,5654010.46939679
0.00181321454171637,228.357547889098,506737.787215289,5654010.46939679
0.00155141884102507,228.357547889098,507237.787215289,5654010.46939679
0.00499608767838634,228.357547889098,507737.787215289,5654010.46939679
0.00583915741551425,228.357547889098,508237.787215289,5654010.46939679
0.00499608767838634,228.357547889098,508737.787215289,5654010.46939679
0.00499608767838634,228.357547889098,509237.787215289,5654010.46939679
0.00431718071481592,228.357547889098,509737.787215289,5654010.46939679
0.00318363178218372,228.357547889098,510237.787215289,5654010.46939679
0.00292863818788979,228.357547889098,510737.787215289,5654010.46939679
0.00500393389628225,228.357547889098,511237.787215289,5654010.46939679
0.0067836406861471,228.357547889098,511737.787215289,5654010.46939679
0.000404282814189582,228.357547889098,512237.787215289,5654010.46939679
0.000634015753016198,228.357547889098,512737.787215289,5654010.46939679
0.00274351465816743,228.357547889098,513237.787215289,5654010.46939679
0.00124535154132451,228.357547889098,513737.787215289,5654010.46939679
0.00465416532813894,228.357547889098,514237.787215289,5654010.46939679
0.00333128401527316,228.357547889098,514737.787215289,5654010.46939679
0.00450170017065881,228.357547889098,515237.787215289,5654010.46939679
0.00654293116723228,228.357547889098,515737.787215289,5654010.46939679
0.00436887459922772,228.357547889098,516237.787215289,5654010.46939679
0.000280622393274999,228.357547889098,516737.787215289,5654010.46939679
0.000987683295137323,228.357547889098,517237.787215289,5654010.46939679
0.00232069497390375,228.357547889098,517737.787215289,5654010.46939679
0.00377002720673149,228.357547889098,518237.787215289,5654010.46939679
0.000867287509083713,228.357547889098,518737.787215289,5654010.46939679
0.00179905852239676,228.357547889098,519237.787215289,5654010.46939679
0.00503155092385708,228.357547889098,519737.787215289,5654010.46939679
0.00601363542011055,228.357547889098,520237.787215289,5654010.46939679
0.00481350873963937,228.357547889098,520737.787215289,5654010.46939679
0.00277535384402139,228.357547889098,521237.787215289,5654010.46939679
0.00477662305255146,228.357547889098,521737.787215289,5654010.46939679
0.0032375923829512,228.357547889098,522237.787215289,5654010.46939679
0.000367349613016609,228.357547889098,522737.787215289,5654010.46939679
0.000123446339405674,228.357547889098,523237.787215289,5654010.46939679
4.52383261280267e-05,228.357547889098,523737.787215289,5654010.46939679
0.000597015504816226,228.357547889098,524237.787215289,5654010.46939679
5.80974030574109e-05,228.357547889098,486737.787215289,5654510.46939679
3.60154482102685e-05,228.357547889098,487237.787215289,5654510.46939679
3.56448247616818e-05,228.357547889098,487737.787215289,5654510.46939679
3.56448247616818e-05,228.357547889098,488237.787215289,5654510.46939679
6.05573695650034e-05,228.357547889098,488737.787215289,5654510.46939679
5.43712970560013e-05,228.357547889098,489237.787215289,5654510.46939679
0.000688421418316075,228.357547889098,489737.787215289,5654510.46939679
0.000738094941029174,228.357547889098,490237.787215289,5654510.46939679
0.00190046488691408,228.357547889098,490737.787215289,5654510.46939679
0.000503980937108735,228.357547889098,491237.787215289,5654510.46939679
0.000249846641386982,228.357547889098,491737.787215289,5654510.46939679
6.22362900484017e-05,228.357547889098,492237.787215289,5654510.46939679
6.86003641981008e-05,228.357547889098,492737.787215289,5654510.46939679
9.62929475523932e-05,228.357547889098,493237.787215289,5654510.46939679
5.22003582138701e-05,228.357547889098,493737.787215289,5654510.46939679
5.7021817809182e-05,228.357547889098,494237.787215289,5654510.46939679
7.96135561466365e-05,228.357547889098,494737.787215289,5654510.46939679
6.27900228392049e-05,228.357547889098,495237.787215289,5654510.46939679
3.86136386544902e-05,228.357547889098,495737.787215289,5654510.46939679
5.22003582138701e-05,228.357547889098,496237.787215289,5654510.46939679
0.00232202814718458,228.357547889098,496737.787215289,5654510.46939679
0.00312946180507953,228.357547889098,497237.787215289,5654510.46939679
0.00854682644405499,228.357547889098,497737.787215289,5654510.46939679
0.00488232484025373,228.357547889098,498237.787215289,5654510.46939679
0.00612013271570415,228.357547889098,498737.787215289,5654510.46939679
0.00379466651191344,228.357547889098,499237.787215289,5654510.46939679
0.00256964592036779,228.357547889098,499737.787215289,5654510.46939679
0.00382627187706889,228.357547889098,500237.787215289,5654510.46939679
0.00327382675596125,228.357547889098,500737.787215289,5654510.46939679
0.00522656179732919,228.357547889098,501237.787215289,5654510.46939679
0.00413652726979784,228.357547889098,501737.787215289,5654510.46939679
0.00447193989437283,228.357547889098,502237.787215289,5654510.46939679
0.00353928682741738,228.357547889098,502737.787215289,5654510.46939679
0.00016918941381068,228.357547889098,503237.787215289,5654510.46939679
0.00447193989437283,228.357547889098,503737.787215289,5654510.46939679
0.00518338990588517,228.357547889098,504237.787215289,5654510.46939679
0.00237691263174208,228.357547889098,504737.787215289,5654510.46939679
0.00410235916595218,228.357547889098,505237.787215289,5654510.46939679
0.00523649517818758,228.357547889098,505737.787215289,5654510.46939679
0.00448043907296656,228.357547889098,506237.787215289,5654510.46939679
0.00414438897743574,228.357547889098,506737.787215289,5654510.46939679
0.00303403262161752,228.357547889098,507237.787215289,5654510.46939679
0.000316979170426375,228.357547889098,507737.787215289,5654510.46939679
0.00150411018464004,228.357547889098,508237.787215289,5654510.46939679
0.00484373797823051,228.357547889098,508737.787215289,5654510.46939679
0.00485437178056962,228.357547889098,509237.787215289,5654510.46939679
0.00529094257453257,228.357547889098,509737.787215289,5654510.46939679
0.00209758590448192,228.357547889098,510237.787215289,5654510.46939679
0.00457425546855287,228.357547889098,510737.787215289,5654510.46939679
0.00130520501529562,228.357547889098,511237.787215289,5654510.46939679
0.00615444977518158,228.357547889098,511737.787215289,5654510.46939679
0.00380961919843811,228.357547889098,512237.787215289,5654510.46939679
0.00376026695321728,228.357547889098,512737.787215289,5654510.46939679
0.00398764001830518,228.357547889098,513237.787215289,5654510.46939679
0.00426387190461493,228.357547889098,513737.787215289,5654510.46939679
0.00308793897013571,228.357547889098,514237.787215289,5654510.46939679
0.00485352689616456,228.357547889098,514737.787215289,5654510.46939679
0.00559824910667531,228.357547889098,515237.787215289,5654510.46939679
0.00509308513975708,228.357547889098,515737.787215289,5654510.46939679
0.00465997832885011,228.357547889098,516237.787215289,5654510.46939679
0.00294210814635808,228.357547889098,516737.787215289,5654510.46939679
0.00368810858484553,228.357547889098,517237.787215289,5654510.46939679
0.00471108424210204,228.357547889098,517737.787215289,5654510.46939679
0.00127662016315402,228.357547889098,518237.787215289,5654510.46939679
0.00151406002435465,228.357547889098,518737.787215289,5654510.46939679
0.00684122716463878,228.357547889098,519237.787215289,5654510.46939679
0.0019911240070174,228.357547889098,519737.787215289,5654510.46939679
0.00560368797214534,228.357547889098,520237.787215289,5654510.46939679
0.00567987369620425,228.357547889098,520737.787215289,5654510.46939679
0.00120427647902496,228.357547889098,521237.787215289,5654510.46939679
0.00224153473972172,228.357547889098,521737.787215289,5654510.46939679
0.00386870786182747,228.357547889098,522237.787215289,5654510.46939679
0.00208640042080332,228.357547889098,522737.787215289,5654510.46939679
0.000297483623011143,228.357547889098,523237.787215289,5654510.46939679
0.0026615954429009,228.357547889098,523737.787215289,5654510.46939679
0.00499608767838634,228.357547889098,524237.787215289,5654510.46939679
0.000146544664821323,228.357547889098,486737.787215289,5655010.46939679
8.40344205835912e-05,228.357547889098,487237.787215289,5655010.46939679
3.52496383316466e-05,228.357547889098,487737.787215289,5655010.46939679
5.14998866222304e-05,228.357547889098,488237.787215289,5655010.46939679
3.40572280517595e-05,228.357547889098,488737.787215289,5655010.46939679
0.00212223169074002,228.357547889098,489237.787215289,5655010.46939679
0.000738094941029174,228.357547889098,489737.787215289,5655010.46939679
0.0066163870960172,228.357547889098,490237.787215289,5655010.46939679
0.00520381478489747,228.357547889098,490737.787215289,5655010.46939679
9.06760634569548e-05,228.357547889098,491237.787215289,5655010.46939679
3.29087813164339e-05,228.357547889098,491737.787215289,5655010.46939679
4.95087024264062e-05,228.357547889098,492237.787215289,5655010.46939679
7.41628630532358e-05,228.357547889098,492737.787215289,5655010.46939679
4.38841543832624e-05,228.357547889098,493237.787215289,5655010.46939679
5.17194971070899e-05,228.357547889098,493737.787215289,5655010.46939679
3.83097977165354e-05,228.357547889098,494237.787215289,5655010.46939679
4.96947423214867e-05,228.357547889098,494737.787215289,5655010.46939679
4.9215427879331e-05,228.357547889098,495237.787215289,5655010.46939679
0.000290851678755761,228.357547889098,495737.787215289,5655010.46939679
0.00475924564736254,228.357547889098,496237.787215289,5655010.46939679
0.00802776962897234,228.357547889098,496737.787215289,5655010.46939679
0.00265401818980105,228.357547889098,497237.787215289,5655010.46939679
0.00490012763246962,228.357547889098,497737.787215289,5655010.46939679
0.00414438897743574,228.357547889098,498237.787215289,5655010.46939679
0.00479461580480296,228.357547889098,498737.787215289,5655010.46939679
0.00413652726979784,228.357547889098,499237.787215289,5655010.46939679
0.00353928682741738,228.357547889098,499737.787215289,5655010.46939679
0.00280114481469053,228.357547889098,500237.787215289,5655010.46939679
0.00447193989437283,228.357547889098,500737.787215289,5655010.46939679
0.00413652726979784,228.357547889098,501237.787215289,5655010.46939679
0.00175458804415976,228.357547889098,501737.787215289,5655010.46939679
0.00221694727086959,228.357547889098,502237.787215289,5655010.46939679
0.00162298721882665,228.357547889098,502737.787215289,5655010.46939679
0.00447193989437283,228.357547889098,503237.787215289,5655010.46939679
0.00221694727086959,228.357547889098,503737.787215289,5655010.46939679
0.000466180436018791,228.357547889098,504237.787215289,5655010.46939679
0.00353928682741738,228.357547889098,504737.787215289,5655010.46939679
0.00483454963899238,228.357547889098,505237.787215289,5655010.46939679
0.00443500125073856,228.357547889098,505737.787215289,5655010.46939679
0.00605806614191102,228.357547889098,506237.787215289,5655010.46939679
0.00605806614191102,228.357547889098,506737.787215289,5655010.46939679
0.00410235916595218,228.357547889098,507237.787215289,5655010.46939679
0.00445247714308131,228.357547889098,507737.787215289,5655010.46939679
0.00443500125073856,228.357547889098,508237.787215289,5655010.46939679
0.00443500125073856,228.357547889098,508737.787215289,5655010.46939679
0.00411852429941714,228.357547889098,509237.787215289,5655010.46939679
0.00328004885172752,228.357547889098,509737.787215289,5655010.46939679
0.00387340388598592,228.357547889098,510237.787215289,5655010.46939679
0.00358729529683312,228.357547889098,510737.787215289,5655010.46939679
0.00305820275606131,228.357547889098,511237.787215289,5655010.46939679
0.000590145173996903,228.357547889098,511737.787215289,5655010.46939679
0.00442244493013377,228.357547889098,512237.787215289,5655010.46939679
0.00346360707275878,228.357547889098,512737.787215289,5655010.46939679
0.00429078113300534,228.357547889098,513237.787215289,5655010.46939679
0.00535598606901149,228.357547889098,513737.787215289,5655010.46939679
0.00419410652696723,228.357547889098,514237.787215289,5655010.46939679
0.00101748053053492,228.357547889098,514737.787215289,5655010.46939679
0.000628332935222362,228.357547889098,515237.787215289,5655010.46939679
0.00371147832016679,228.357547889098,515737.787215289,5655010.46939679
0.00280075036888349,228.357547889098,516237.787215289,5655010.46939679
0.000387522494039985,228.357547889098,516737.787215289,5655010.46939679
0.00343310322706977,228.357547889098,517237.787215289,5655010.46939679
0.00253970527019768,228.357547889098,517737.787215289,5655010.46939679
0.000634925584738308,228.357547889098,518237.787215289,5655010.46939679
0.00386810740353738,228.357547889098,518737.787215289,5655010.46939679
0.00503155092385708,228.357547889098,519237.787215289,5655010.46939679
0.00273026231101825,228.357547889098,519737.787215289,5655010.46939679
0.00710113378616915,228.357547889098,520237.787215289,5655010.46939679
0.00357004836456893,228.357547889098,520737.787215289,5655010.46939679
0.00533164661691305,228.357547889098,521237.787215289,5655010.46939679
0.000957996786003762,228.357547889098,521737.787215289,5655010.46939679
0.00421410455009861,228.357547889098,522237.787215289,5655010.46939679
0.00391926135309946,228.357547889098,522737.787215289,5655010.46939679
0.00536886691000131,228.357547889098,523237.787215289,5655010.46939679
0.00462861968343611,228.357547889098,523737.787215289,5655010.46939679
0.00465918476097486,228.357547889098,524237.787215289,5655010.46939679
0.00351005198573224,228.357547889098,486737.787215289,5655510.46939679
0.00239670967884305,228.357547889098,487237.787215289,5655510.46939679
0.000182908231948513,228.357547889098,487737.787215289,5655510.46939679
3.40572280517595e-05,228.357547889098,488237.787215289,5655510.46939679
0.00189287796964566,228.357547889098,488737.787215289,5655510.46939679
0.00410235916595218,228.357547889098,489237.787215289,5655510.46939679
0.00355379826070782,228.357547889098,489737.787215289,5655510.46939679
7.31108568914746e-05,228.357547889098,490237.787215289,5655510.46939679
7.69432124669691e-05,228.357547889098,490737.787215289,5655510.46939679
6.1403387044856e-05,228.357547889098,491237.787215289,5655510.46939679
6.58339908289374e-05,228.357547889098,491737.787215289,5655510.46939679
3.5723078379576e-05,228.357547889098,492237.787215289,5655510.46939679
4.23605326186741e-05,228.357547889098,492737.787215289,5655510.46939679
6.36564071705494e-05,228.357547889098,493237.787215289,5655510.46939679
4.02850630658453e-05,228.357547889098,493737.787215289,5655510.46939679
3.77810208775239e-05,228.357547889098,494237.787215289,5655510.46939679
9.1033544775411e-05,228.357547889098,494737.787215289,5655510.46939679
0.000196469258137683,228.357547889098,495237.787215289,5655510.46939679
0.00010410091499949,228.357547889098,495737.787215289,5655510.46939679
4.35515999101061e-05,228.357547889098,496237.787215289,5655510.46939679
0.00335339021732325,228.357547889098,496737.787215289,5655510.46939679
0.00451613177250749,228.357547889098,497237.787215289,5655510.46939679
0.00352388316348217,228.357547889098,497737.787215289,5655510.46939679
0.00239670967884305,228.357547889098,498237.787215289,5655510.46939679
0.00522656179732919,228.357547889098,498737.787215289,5655510.46939679
0.00128450234581374,228.357547889098,499237.787215289,5655510.46939679
0.00118815974880695,228.357547889098,499737.787215289,5655510.46939679
0.00219863507814588,228.357547889098,500237.787215289,5655510.46939679
0.000797943781665059,228.357547889098,500737.787215289,5655510.46939679
0.00128450234581374,228.357547889098,501237.787215289,5655510.46939679
0.00300326335265752,228.357547889098,501737.787215289,5655510.46939679
0.00148885643605246,228.357547889098,502237.787215289,5655510.46939679
0.00410235916595218,228.357547889098,502737.787215289,5655510.46939679
7.17649620825843e-05,228.357547889098,503237.787215289,5655510.46939679
0.00256964592036779,228.357547889098,503737.787215289,5655510.46939679
0.00175458804415976,228.357547889098,504237.787215289,5655510.46939679
0.00353928682741738,228.357547889098,504737.787215289,5655510.46939679
0.00413652726979784,228.357547889098,505237.787215289,5655510.46939679
0.00128450234581374,228.357547889098,505737.787215289,5655510.46939679
6.63823149868723e-05,228.357547889098,506237.787215289,5655510.46939679
4.8597298724908e-05,228.357547889098,506737.787215289,5655510.46939679
0.00189685979593484,228.357547889098,507237.787215289,5655510.46939679
7.17649620825843e-05,228.357547889098,507737.787215289,5655510.46939679
0.000213773261738617,228.357547889098,508237.787215289,5655510.46939679
0.000431215117328499,228.357547889098,508737.787215289,5655510.46939679
0.000398872331495987,228.357547889098,509237.787215289,5655510.46939679
0.00327382675596125,228.357547889098,509737.787215289,5655510.46939679
0.00560368797214534,228.357547889098,510237.787215289,5655510.46939679
0.00481350873963937,228.357547889098,510737.787215289,5655510.46939679
0.0016159236631136,228.357547889098,511237.787215289,5655510.46939679
0.00108687912001571,228.357547889098,511737.787215289,5655510.46939679
0.00403824383896452,228.357547889098,512237.787215289,5655510.46939679
0.00071845311956153,228.357547889098,512737.787215289,5655510.46939679
0.00180751095363109,228.357547889098,513237.787215289,5655510.46939679
0.0053073416570515,228.357547889098,513737.787215289,5655510.46939679
0.00355003222247518,228.357547889098,514237.787215289,5655510.46939679
0.0027700760268442,228.357547889098,514737.787215289,5655510.46939679
0.00660290620088598,228.357547889098,515237.787215289,5655510.46939679
0.00413594478087091,228.357547889098,515737.787215289,5655510.46939679
0.000418944971961701,228.357547889098,516237.787215289,5655510.46939679
0.00464605878171493,228.357547889098,516737.787215289,5655510.46939679
0.000622111069827028,228.357547889098,517237.787215289,5655510.46939679
0.00411938659756366,228.357547889098,517737.787215289,5655510.46939679
0.00385173530253892,228.357547889098,518237.787215289,5655510.46939679
0.00455520207869611,228.357547889098,518737.787215289,5655510.46939679
0.00468034824256302,228.357547889098,519237.787215289,5655510.46939679
0.000286723453275592,228.357547889098,519737.787215289,5655510.46939679
0.00222116070647764,228.357547889098,520237.787215289,5655510.46939679
0.000511455317952961,228.357547889098,520737.787215289,5655510.46939679
0.00425537028700315,228.357547889098,521237.787215289,5655510.46939679
0.00462136196194213,228.357547889098,521737.787215289,5655510.46939679
0.00462861968343611,228.357547889098,522237.787215289,5655510.46939679
0.000612650402460973,228.357547889098,522737.787215289,5655510.46939679
0.00431718071481592,228.357547889098,523237.787215289,5655510.46939679
0.00052884084419275,228.357547889098,523737.787215289,5655510.46939679
0.00273458377211283,228.357547889098,524237.787215289,5655510.46939679
0.00660383612619963,228.357547889098,486737.787215289,5656010.46939679
0.000636787174523669,228.357547889098,487237.787215289,5656010.46939679
0.00138865693612136,228.357547889098,487737.787215289,5656010.46939679
0.00413652726979784,228.357547889098,488237.787215289,5656010.46939679
0.000181397392769699,228.357547889098,488737.787215289,5656010.46939679
0.000114788260320735,228.357547889098,489237.787215289,5656010.46939679
7.86364490691179e-05,228.357547889098,489737.787215289,5656010.46939679
6.28082634408914e-05,228.357547889098,490237.787215289,5656010.46939679
9.72188574169117e-05,228.357547889098,490737.787215289,5656010.46939679
7.75840641251101e-05,228.357547889098,491237.787215289,5656010.46939679
3.5577208234226e-05,228.357547889098,491737.787215289,5656010.46939679
3.82946119161634e-05,228.357547889098,492237.787215289,5656010.46939679
3.88420890288378e-05,228.357547889098,492737.787215289,5656010.46939679
0.0024619655878164,228.357547889098,493237.787215289,5656010.46939679
5.90759539301928e-05,228.357547889098,493737.787215289,5656010.46939679
4.74425255576565e-05,228.357547889098,494237.787215289,5656010.46939679
5.23299262680826e-05,228.357547889098,494737.787215289,5656010.46939679
0.000104326559981453,228.357547889098,495237.787215289,5656010.46939679
0.000575029217863818,228.357547889098,495737.787215289,5656010.46939679
0.000383753480280687,228.357547889098,496237.787215289,5656010.46939679
0.00308507013832879,228.357547889098,496737.787215289,5656010.46939679
0.0024065364304789,228.357547889098,497237.787215289,5656010.46939679
0.00443500125073856,228.357547889098,497737.787215289,5656010.46939679
0.000589025696832201,228.357547889098,498237.787215289,5656010.46939679
0.00162298721882665,228.357547889098,498737.787215289,5656010.46939679
0.00410235916595218,228.357547889098,499237.787215289,5656010.46939679
0.00379466651191344,228.357547889098,499737.787215289,5656010.46939679
0.00411852429941714,228.357547889098,500237.787215289,5656010.46939679
0.00301509755609078,228.357547889098,500737.787215289,5656010.46939679
0.00127389223576751,228.357547889098,501237.787215289,5656010.46939679
0.000341930938245698,228.357547889098,501737.787215289,5656010.46939679
0.00380961919843811,228.357547889098,502237.787215289,5656010.46939679
0.00110113201042452,228.357547889098,502737.787215289,5656010.46939679
0.00300326335265752,228.357547889098,503237.787215289,5656010.46939679
0.00380961919843811,228.357547889098,503737.787215289,5656010.46939679
0.00219863507814588,228.357547889098,504237.787215289,5656010.46939679
0.00203372902407044,228.357547889098,504737.787215289,5656010.46939679
0.000503980937108735,228.357547889098,505237.787215289,5656010.46939679
0.00150125695957086,228.357547889098,505737.787215289,5656010.46939679
0.00109904321567484,228.357547889098,506237.787215289,5656010.46939679
0.00205066773218384,228.357547889098,506737.787215289,5656010.46939679
0.000431215117328499,228.357547889098,507237.787215289,5656010.46939679
0.00413652726979784,228.357547889098,507737.787215289,5656010.46939679
0.000105977285113485,228.357547889098,508237.787215289,5656010.46939679
0.000688421418316075,228.357547889098,508737.787215289,5656010.46939679
9.06760634569548e-05,228.357547889098,509237.787215289,5656010.46939679
8.38750113076412e-05,228.357547889098,509737.787215289,5656010.46939679
8.38750113076412e-05,228.357547889098,510237.787215289,5656010.46939679
0.000313077244392949,228.357547889098,510737.787215289,5656010.46939679
0.000498402928672003,228.357547889098,511237.787215289,5656010.46939679
0.00172432060526192,228.357547889098,511737.787215289,5656010.46939679
0.00401044858186706,228.357547889098,512237.787215289,5656010.46939679
0.00463870151825364,228.357547889098,512737.787215289,5656010.46939679
0.00458267761953127,228.357547889098,513237.787215289,5656010.46939679
0.00283731296189198,228.357547889098,513737.787215289,5656010.46939679
0.00521776132005032,228.357547889098,514237.787215289,5656010.46939679
0.00447131017400585,228.357547889098,514737.787215289,5656010.46939679
0.00150104555867867,228.357547889098,515237.787215289,5656010.46939679
0.00413594478087091,228.357547889098,515737.787215289,5656010.46939679
0.0046969834348645,228.357547889098,516237.787215289,5656010.46939679
0.00367709205265081,228.357547889098,516737.787215289,5656010.46939679
0.00346915404031856,228.357547889098,517237.787215289,5656010.46939679
0.00138984500873833,228.357547889098,517737.787215289,5656010.46939679
0.00489455979982648,228.357547889098,518237.787215289,5656010.46939679
0.0045775235706591,228.357547889098,518737.787215289,5656010.46939679
0.00434209147678067,228.357547889098,519237.787215289,5656010.46939679
0.0007920915480735,228.357547889098,519737.787215289,5656010.46939679
0.0022285269290488,228.357547889098,520237.787215289,5656010.46939679
0.000758200129138099,228.357547889098,520737.787215289,5656010.46939679
0.00196024005579798,228.357547889098,521237.787215289,5656010.46939679
0.00133828582145806,228.357547889098,521737.787215289,5656010.46939679
0.00183121569679953,228.357547889098,522237.787215289,5656010.46939679
0.00293391601573828,228.357547889098,522737.787215289,5656010.46939679
0.000988602812383253,228.357547889098,523237.787215289,5656010.46939679
0.000390178680347154,228.357547889098,523737.787215289,5656010.46939679
8.90706075770167e-05,228.357547889098,524237.787215289,5656010.46939679
3.84620060393849e-05,228.357547889098,486737.787215289,5656510.46939679
7.17649620825843e-05,228.357547889098,487237.787215289,5656510.46939679
3.54223693115515e-05,228.357547889098,487737.787215289,5656510.46939679
6.15200877083444e-05,228.357547889098,488237.787215289,5656510.46939679
3.88420890288378e-05,228.357547889098,488737.787215289,5656510.46939679
3.62444304898743e-05,228.357547889098,489237.787215289,5656510.46939679
4.29700664584495e-05,228.357547889098,489737.787215289,5656510.46939679
5.39683007772336e-05,228.357547889098,490237.787215289,5656510.46939679
3.5723078379576e-05,228.357547889098,490737.787215289,5656510.46939679
7.11721767539775e-05,228.357547889098,491237.787215289,5656510.46939679
4.8597298724908e-05,228.357547889098,491737.787215289,5656510.46939679
4.4952315138906e-05,228.357547889098,492237.787215289,5656510.46939679
4.83857938386923e-05,228.357547889098,492737.787215289,5656510.46939679
0.000107024556628621,228.357547889098,493237.787215289,5656510.46939679
5.81782510057218e-05,228.357547889098,493737.787215289,5656510.46939679
0.000414870345616141,228.357547889098,494237.787215289,5656510.46939679
0.00375852620694286,228.357547889098,494737.787215289,5656510.46939679
0.000120001029485969,228.357547889098,495237.787215289,5656510.46939679
0.00132742175010864,228.357547889098,495737.787215289,5656510.46939679
0.00495204318158874,228.357547889098,496237.787215289,5656510.46939679
0.00448043907296656,228.357547889098,496737.787215289,5656510.46939679
0.00108996501546612,228.357547889098,497237.787215289,5656510.46939679
0.000869830379629002,228.357547889098,497737.787215289,5656510.46939679
0.000503980937108735,228.357547889098,498237.787215289,5656510.46939679
0.00351005198573224,228.357547889098,498737.787215289,5656510.46939679
0.0038419599780346,228.357547889098,499237.787215289,5656510.46939679
0.00164297917196736,228.357547889098,499737.787215289,5656510.46939679
0.00207848390643107,228.357547889098,500237.787215289,5656510.46939679
0.00453259928710272,228.357547889098,500737.787215289,5656510.46939679
0.00358288375509769,228.357547889098,501237.787215289,5656510.46939679
0.0010356764905893,228.357547889098,501737.787215289,5656510.46939679
0.00358729529683312,228.357547889098,502237.787215289,5656510.46939679
0.00421410455009861,228.357547889098,502737.787215289,5656510.46939679
0.000551557931145202,228.357547889098,503237.787215289,5656510.46939679
0.000597015504816226,228.357547889098,503737.787215289,5656510.46939679
0.00192022531090312,228.357547889098,504237.787215289,5656510.46939679
0.00331415374704087,228.357547889098,504737.787215289,5656510.46939679
0.000871483542220033,228.357547889098,505237.787215289,5656510.46939679
0.00383354392651488,228.357547889098,505737.787215289,5656510.46939679
0.00303403262161752,228.357547889098,506237.787215289,5656510.46939679
0.00222116070647764,228.357547889098,506737.787215289,5656510.46939679
0.00562576901388286,228.357547889098,507237.787215289,5656510.46939679
0.00302827720687125,228.357547889098,507737.787215289,5656510.46939679
0.00109904321567484,228.357547889098,508237.787215289,5656510.46939679
0.00300326335265752,228.357547889098,508737.787215289,5656510.46939679
0.000932593591187313,228.357547889098,509237.787215289,5656510.46939679
0.000133903826478551,228.357547889098,509737.787215289,5656510.46939679
0.00109904321567484,228.357547889098,510237.787215289,5656510.46939679
0.00109904321567484,228.357547889098,510737.787215289,5656510.46939679
0.00239670967884305,228.357547889098,511237.787215289,5656510.46939679
0.000744242453612264,228.357547889098,511737.787215289,5656510.46939679
9.06760634569548e-05,228.357547889098,512237.787215289,5656510.46939679
0.000544846512947103,228.357547889098,512737.787215289,5656510.46939679
0.00102973715696769,228.357547889098,513237.787215289,5656510.46939679
0.000503980937108735,228.357547889098,513737.787215289,5656510.46939679
0.00117855994716247,228.357547889098,514237.787215289,5656510.46939679
0.000940228644083035,228.357547889098,514737.787215289,5656510.46939679
0.00353878843945769,228.357547889098,515237.787215289,5656510.46939679
0.00221663508938192,228.357547889098,515737.787215289,5656510.46939679
0.00434469168258591,228.357547889098,516237.787215289,5656510.46939679
0.00367709205265081,228.357547889098,516737.787215289,5656510.46939679
0.00510610464742122,228.357547889098,517237.787215289,5656510.46939679
0.000397706264263977,228.357547889098,517737.787215289,5656510.46939679
0.00571214014831541,228.357547889098,518237.787215289,5656510.46939679
0.00732025953472402,228.357547889098,518737.787215289,5656510.46939679
0.000727142990411945,228.357547889098,519237.787215289,5656510.46939679
0.00410235916595218,228.357547889098,519737.787215289,5656510.46939679
0.00140576240933361,228.357547889098,520237.787215289,5656510.46939679
0.00153991711229172,228.357547889098,520737.787215289,5656510.46939679
0.00502845427283626,228.357547889098,521237.787215289,5656510.46939679
0.00437447140049556,228.357547889098,521737.787215289,5656510.46939679
0.00375059758219363,228.357547889098,522237.787215289,5656510.46939679
0.00235427497777963,228.357547889098,522737.787215289,5656510.46939679
0.00377504981232371,228.357547889098,523237.787215289,5656510.46939679
0.00117768683859507,228.357547889098,523737.787215289,5656510.46939679
0.000114117114769546,228.357547889098,524237.787215289,5656510.46939679
3.56448247616818e-05,228.357547889098,486737.787215289,5657010.46939679
3.56448247616818e-05,228.357547889098,487237.787215289,5657010.46939679
5.32504845704548e-05,228.357547889098,487737.787215289,5657010.46939679
3.6391195580699e-05,228.357547889098,488237.787215289,5657010.46939679
4.61762448500181e-05,228.357547889098,488737.787215289,5657010.46939679
3.68826112425183e-05,228.357547889098,489237.787215289,5657010.46939679
4.3713864485459e-05,228.357547889098,489737.787215289,5657010.46939679
5.05464443783216e-05,228.357547889098,490237.787215289,5657010.46939679
3.91833303843814e-05,228.357547889098,490737.787215289,5657010.46939679
4.53965356068486e-05,228.357547889098,491237.787215289,5657010.46939679
3.56448247616818e-05,228.357547889098,491737.787215289,5657010.46939679
4.158071928619e-05,228.357547889098,492237.787215289,5657010.46939679
0.000156499559591496,228.357547889098,492737.787215289,5657010.46939679
8.35099709620166e-05,228.357547889098,493237.787215289,5657010.46939679
6.70383075188579e-05,228.357547889098,493737.787215289,5657010.46939679
8.5913416733115e-05,228.357547889098,494237.787215289,5657010.46939679
0.000842726443926153,228.357547889098,494737.787215289,5657010.46939679
0.00338321596384281,228.357547889098,495237.787215289,5657010.46939679
0.00529745721904319,228.357547889098,495737.787215289,5657010.46939679
0.00451613177250749,228.357547889098,496237.787215289,5657010.46939679
0.00327382675596125,228.357547889098,496737.787215289,5657010.46939679
0.00413652726979784,228.357547889098,497237.787215289,5657010.46939679
7.75840641251101e-05,228.357547889098,497737.787215289,5657010.46939679
0.00445247714308131,228.357547889098,498237.787215289,5657010.46939679
0.000402814002869285,228.357547889098,498737.787215289,5657010.46939679
0.00362530173649267,228.357547889098,499237.787215289,5657010.46939679
0.00155141884102507,228.357547889098,499737.787215289,5657010.46939679
0.000711423818641986,228.357547889098,500237.787215289,5657010.46939679
0.00427474210984695,228.357547889098,500737.787215289,5657010.46939679
0.00462136196194213,228.357547889098,501237.787215289,5657010.46939679
0.00396666588398439,228.357547889098,501737.787215289,5657010.46939679
0.00267762357678476,228.357547889098,502237.787215289,5657010.46939679
0.0042883052031963,228.357547889098,502737.787215289,5657010.46939679
0.00289474018038378,228.357547889098,503237.787215289,5657010.46939679
0.00578768058671461,228.357547889098,503737.787215289,5657010.46939679
0.000881629147915824,228.357547889098,504237.787215289,5657010.46939679
0.00151609243727701,228.357547889098,504737.787215289,5657010.46939679
0.00240126476323124,228.357547889098,505237.787215289,5657010.46939679
0.00383354392651488,228.357547889098,505737.787215289,5657010.46939679
0.00162607179924454,228.357547889098,506237.787215289,5657010.46939679
0.00220729868560715,228.357547889098,506737.787215289,5657010.46939679
0.00188119155582402,228.357547889098,507237.787215289,5657010.46939679
0.00302827720687125,228.357547889098,507737.787215289,5657010.46939679
0.00256964592036779,228.357547889098,508237.787215289,5657010.46939679
0.00260458190109894,228.357547889098,508737.787215289,5657010.46939679
3.55686919518009e-05,228.357547889098,509237.787215289,5657010.46939679
0.00188301033264317,228.357547889098,509737.787215289,5657010.46939679
0.00201529278449156,228.357547889098,510237.787215289,5657010.46939679
0.00057107257282977,228.357547889098,510737.787215289,5657010.46939679
0.00588060494127816,228.357547889098,511237.787215289,5657010.46939679
0.00189685979593484,228.357547889098,511737.787215289,5657010.46939679
9.27652523363025e-05,228.357547889098,512237.787215289,5657010.46939679
0.000315684830751285,228.357547889098,512737.787215289,5657010.46939679
0.00109719264828023,228.357547889098,513237.787215289,5657010.46939679
0.0037953573042645,228.357547889098,513737.787215289,5657010.46939679
0.00353878843945769,228.357547889098,514237.787215289,5657010.46939679
0.000804476469685216,228.357547889098,514737.787215289,5657010.46939679
0.00189659268786205,228.357547889098,515237.787215289,5657010.46939679
0.00101646760895462,228.357547889098,515737.787215289,5657010.46939679
0.00168617964434832,228.357547889098,516237.787215289,5657010.46939679
0.0023285117540031,228.357547889098,516737.787215289,5657010.46939679
0.0046895063260993,228.357547889098,517237.787215289,5657010.46939679
0.0008624694725325,228.357547889098,517737.787215289,5657010.46939679
0.000641024924291514,228.357547889098,518237.787215289,5657010.46939679
0.00577101561295072,228.357547889098,518737.787215289,5657010.46939679
0.00507480198059176,228.357547889098,519237.787215289,5657010.46939679
0.00440247431852284,228.357547889098,519737.787215289,5657010.46939679
0.000874373716587145,228.357547889098,520237.787215289,5657010.46939679
0.00575632849915749,228.357547889098,520737.787215289,5657010.46939679
0.00462136196194213,228.357547889098,521237.787215289,5657010.46939679
0.000310095504876133,228.357547889098,521737.787215289,5657010.46939679
0.00519298869648473,228.357547889098,522237.787215289,5657010.46939679
0.0044656292094202,228.357547889098,522737.787215289,5657010.46939679
0.00523293927117758,228.357547889098,523237.787215289,5657010.46939679
0.00657770231455931,228.357547889098,523737.787215289,5657010.46939679
8.98768087507541e-05,228.357547889098,524237.787215289,5657010.46939679
4.20929104987168e-05,228.357547889098,486737.787215289,5657510.46939679
3.60154482102685e-05,228.357547889098,487237.787215289,5657510.46939679
4.60447864439848e-05,228.357547889098,487737.787215289,5657510.46939679
0.000563051608363283,228.357547889098,488237.787215289,5657510.46939679
3.40572280517595e-05,228.357547889098,488737.787215289,5657510.46939679
4.30317982811106e-05,228.357547889098,489237.787215289,5657510.46939679
3.98042485504421e-05,228.357547889098,489737.787215289,5657510.46939679
4.02850630658453e-05,228.357547889098,490237.787215289,5657510.46939679
0.00051770297213308,228.357547889098,490737.787215289,5657510.46939679
0.000254532316511766,228.357547889098,491237.787215289,5657510.46939679
4.90775390576609e-05,228.357547889098,491737.787215289,5657510.46939679
5.25378378412795e-05,228.357547889098,492237.787215289,5657510.46939679
6.1403387044856e-05,228.357547889098,492737.787215289,5657510.46939679
0.000132797768292532,228.357547889098,493237.787215289,5657510.46939679
4.17512044329194e-05,228.357547889098,493737.787215289,5657510.46939679
0.000297483623011143,228.357547889098,494237.787215289,5657510.46939679
0.0058769857428302,228.357547889098,494737.787215289,5657510.46939679
0.000516229131899073,228.357547889098,495237.787215289,5657510.46939679
0.00567352752891065,228.357547889098,495737.787215289,5657510.46939679
0.00612013271570415,228.357547889098,496237.787215289,5657510.46939679
0.00483454963899238,228.357547889098,496737.787215289,5657510.46939679
0.00327382675596125,228.357547889098,497237.787215289,5657510.46939679
0.00324678463940441,228.357547889098,497737.787215289,5657510.46939679
0.00355379826070782,228.357547889098,498237.787215289,5657510.46939679
0.00421410455009861,228.357547889098,498737.787215289,5657510.46939679
0.000769110016419073,228.357547889098,499237.787215289,5657510.46939679
0.000775404674536018,228.357547889098,499737.787215289,5657510.46939679
0.00231376741389879,228.357547889098,500237.787215289,5657510.46939679
0.00399337562160725,228.357547889098,500737.787215289,5657510.46939679
0.00124004993055941,228.357547889098,501237.787215289,5657510.46939679
0.000261689098971011,228.357547889098,501737.787215289,5657510.46939679
0.000175397331202782,228.357547889098,502237.787215289,5657510.46939679
0.00365754592033116,228.357547889098,502737.787215289,5657510.46939679
0.00540119823889191,228.357547889098,503237.787215289,5657510.46939679
0.000697759474319432,228.357547889098,503737.787215289,5657510.46939679
0.00524799122833002,228.357547889098,504237.787215289,5657510.46939679
0.00328004885172752,228.357547889098,504737.787215289,5657510.46939679
0.000738094941029174,228.357547889098,505237.787215289,5657510.46939679
0.000738094941029174,228.357547889098,505737.787215289,5657510.46939679
0.00479461580480296,228.357547889098,506237.787215289,5657510.46939679
0.00379466651191344,228.357547889098,506737.787215289,5657510.46939679
0.00302827720687125,228.357547889098,507237.787215289,5657510.46939679
6.63823149868723e-05,228.357547889098,507737.787215289,5657510.46939679
0.000292007259021388,228.357547889098,508237.787215289,5657510.46939679
0.00302124354602232,228.357547889098,508737.787215289,5657510.46939679
0.000196295701336252,228.357547889098,509237.787215289,5657510.46939679
0.00255534869161844,228.357547889098,509737.787215289,5657510.46939679
0.00510237926657339,228.357547889098,510237.787215289,5657510.46939679
0.00744040324936842,228.357547889098,510737.787215289,5657510.46939679
0.0042743791270424,228.357547889098,511237.787215289,5657510.46939679
0.00310859611331324,228.357547889098,511737.787215289,5657510.46939679
0.0024337523618074,228.357547889098,512237.787215289,5657510.46939679
0.00522656179732919,228.357547889098,512737.787215289,5657510.46939679
0.00560470808413059,228.357547889098,513237.787215289,5657510.46939679
0.00442233954843171,228.357547889098,513737.787215289,5657510.46939679
0.00189659268786205,228.357547889098,514237.787215289,5657510.46939679
0.000364863124400044,228.357547889098,514737.787215289,5657510.46939679
0.00299468918900557,228.357547889098,515237.787215289,5657510.46939679
0.000431154395371508,228.357547889098,515737.787215289,5657510.46939679
0.00017577695147411,228.357547889098,516237.787215289,5657510.46939679
0.00507784096068717,228.357547889098,516737.787215289,5657510.46939679
0.000119932131886094,228.357547889098,517237.787215289,5657510.46939679
0.00108890710983047,228.357547889098,517737.787215289,5657510.46939679
0.000873244760707491,228.357547889098,518237.787215289,5657510.46939679
0.0049219722603995,228.357547889098,518737.787215289,5657510.46939679
0.00547013821754583,228.357547889098,519237.787215289,5657510.46939679
0.00375384066326507,228.357547889098,519737.787215289,5657510.46939679
0.00328004885172752,228.357547889098,520237.787215289,5657510.46939679
0.000185856213074346,228.357547889098,520737.787215289,5657510.46939679
0.00426170424270292,228.357547889098,521237.787215289,5657510.46939679
0.00473893407723297,228.357547889098,521737.787215289,5657510.46939679
0.0056279999231651,228.357547889098,522237.787215289,5657510.46939679
0.00567263646205045,228.357547889098,522737.787215289,5657510.46939679
0.00567263646205045,228.357547889098,523237.787215289,5657510.46939679
0.00277645441580754,228.357547889098,523737.787215289,5657510.46939679
0.00147787305621698,228.357547889098,524237.787215289,5657510.46939679
0.000592197827928586,228.357547889098,486737.787215289,5658010.46939679
3.67659585614365e-05,228.357547889098,487237.787215289,5658010.46939679
0.000597044576488388,228.357547889098,487737.787215289,5658010.46939679
0.000548567676912827,228.357547889098,488237.787215289,5658010.46939679
6.00650650200549e-05,228.357547889098,488737.787215289,5658010.46939679
5.17194971070899e-05,228.357547889098,489237.787215289,5658010.46939679
5.24636978146826e-05,228.357547889098,489737.787215289,5658010.46939679
9.62929475523932e-05,228.357547889098,490237.787215289,5658010.46939679
4.02850630658453e-05,228.357547889098,490737.787215289,5658010.46939679
0.000221617054796488,228.357547889098,491237.787215289,5658010.46939679
3.98042485504421e-05,228.357547889098,491737.787215289,5658010.46939679
3.54223693115515e-05,228.357547889098,492237.787215289,5658010.46939679
4.45810047929103e-05,228.357547889098,492737.787215289,5658010.46939679
0.00280114481469053,228.357547889098,493237.787215289,5658010.46939679
0.000738094941029174,228.357547889098,493737.787215289,5658010.46939679
0.00129719584627901,228.357547889098,494237.787215289,5658010.46939679
0.00457425546855287,228.357547889098,494737.787215289,5658010.46939679
0.00451613177250749,228.357547889098,495237.787215289,5658010.46939679
0.00379466651191344,228.357547889098,495737.787215289,5658010.46939679
0.00221694727086959,228.357547889098,496237.787215289,5658010.46939679
0.000341282311612562,228.357547889098,496737.787215289,5658010.46939679
0.00351005198573224,228.357547889098,497237.787215289,5658010.46939679
0.00355379826070782,228.357547889098,497737.787215289,5658010.46939679
0.00455580757178594,228.357547889098,498237.787215289,5658010.46939679
0.00365754592033116,228.357547889098,498737.787215289,5658010.46939679
0.000308183500812692,228.357547889098,499237.787215289,5658010.46939679
0.000131255536452274,228.357547889098,499737.787215289,5658010.46939679
0.00702810840079927,228.357547889098,500237.787215289,5658010.46939679
0.00440228399061316,228.357547889098,500737.787215289,5658010.46939679
9.49740097067602e-05,228.357547889098,501237.787215289,5658010.46939679
3.67659585614365e-05,228.357547889098,501737.787215289,5658010.46939679
7.31108568914746e-05,228.357547889098,502237.787215289,5658010.46939679
9.92360985945757e-05,228.357547889098,502737.787215289,5658010.46939679
0.00262296474863125,228.357547889098,503237.787215289,5658010.46939679
0.000501787514149951,228.357547889098,503737.787215289,5658010.46939679
0.00137718649937462,228.357547889098,504237.787215289,5658010.46939679
0.00259104822209271,228.357547889098,504737.787215289,5658010.46939679
0.000133903826478551,228.357547889098,505237.787215289,5658010.46939679
0.00175458804415976,228.357547889098,505737.787215289,5658010.46939679
0.00221694727086959,228.357547889098,506237.787215289,5658010.46939679
0.000589025696832201,228.357547889098,506737.787215289,5658010.46939679
0.000270105595882633,228.357547889098,507237.787215289,5658010.46939679
0.00239670967884305,228.357547889098,507737.787215289,5658010.46939679
0.000683395075735247,228.357547889098,508237.787215289,5658010.46939679
0.00186575732483294,228.357547889098,508737.787215289,5658010.46939679
0.000153153165571573,228.357547889098,509237.787215289,5658010.46939679
0.00594469695307271,228.357547889098,509737.787215289,5658010.46939679
0.00168912172799563,228.357547889098,510237.787215289,5658010.46939679
0.00180751095363109,228.357547889098,510737.787215289,5658010.46939679
0.00456004405429108,228.357547889098,511237.787215289,5658010.46939679
0.0035849858024546,228.357547889098,511737.787215289,5658010.46939679
0.00662388559704875,228.357547889098,512237.787215289,5658010.46939679
0.00324737569371376,228.357547889098,512737.787215289,5658010.46939679
0.00522582581417851,228.357547889098,513237.787215289,5658010.46939679
0.00327336574900791,228.357547889098,513737.787215289,5658010.46939679
0.000213743159058345,228.357547889098,514237.787215289,5658010.46939679
0.00327336574900791,228.357547889098,514737.787215289,5658010.46939679
0.00162275867637501,228.357547889098,515237.787215289,5658010.46939679
0.00438332610752142,228.357547889098,515737.787215289,5658010.46939679
0.00169893904601694,228.357547889098,516237.787215289,5658010.46939679
0.00401882316139693,228.357547889098,516737.787215289,5658010.46939679
0.00315561176829052,228.357547889098,517237.787215289,5658010.46939679
0.00376600735209794,228.357547889098,517737.787215289,5658010.46939679
0.00412443450596653,228.357547889098,518237.787215289,5658010.46939679
0.000813386957661496,228.357547889098,518737.787215289,5658010.46939679
0.000280733674612788,228.357547889098,519237.787215289,5658010.46939679
0.00550737904828738,228.357547889098,519737.787215289,5658010.46939679
0.00380961919843811,228.357547889098,520237.787215289,5658010.46939679
0.00242039405398075,228.357547889098,520737.787215289,5658010.46939679
0.000763408077947634,228.357547889098,521237.787215289,5658010.46939679
0.00435710240551209,228.357547889098,521737.787215289,5658010.46939679
0.0051683682148575,228.357547889098,522237.787215289,5658010.46939679
0.00413068991039359,228.357547889098,522737.787215289,5658010.46939679
0.00324496995139528,228.357547889098,523237.787215289,5658010.46939679
0.00471967065712848,228.357547889098,523737.787215289,5658010.46939679
0.00232630280221202,228.357547889098,524237.787215289,5658010.46939679
0.000598077024623295,228.357547889098,486737.787215289,5658510.46939679
3.71309620988664e-05,228.357547889098,487237.787215289,5658510.46939679
3.74023654765981e-05,228.357547889098,487737.787215289,5658510.46939679
3.98042485504421e-05,228.357547889098,488237.787215289,5658510.46939679
6.54936590456754e-05,228.357547889098,488737.787215289,5658510.46939679
0.000113834562632222,228.357547889098,489237.787215289,5658510.46939679
8.44421419991316e-05,228.357547889098,489737.787215289,5658510.46939679
4.81689429027238e-05,228.357547889098,490237.787215289,5658510.46939679
0.000152780803676153,228.357547889098,490737.787215289,5658510.46939679
4.35515999101061e-05,228.357547889098,491237.787215289,5658510.46939679
7.41628630532358e-05,228.357547889098,491737.787215289,5658510.46939679
5.70307748880463e-05,228.357547889098,492237.787215289,5658510.46939679
6.60934062543621e-05,228.357547889098,492737.787215289,5658510.46939679
0.00413652726979784,228.357547889098,493237.787215289,5658510.46939679
0.00708034048106233,228.357547889098,493737.787215289,5658510.46939679
0.00773287585459266,228.357547889098,494237.787215289,5658510.46939679
0.00306557951912274,228.357547889098,494737.787215289,5658510.46939679
0.0038419599780346,228.357547889098,495237.787215289,5658510.46939679
0.00382627187706889,228.357547889098,495737.787215289,5658510.46939679
7.75840641251101e-05,228.357547889098,496237.787215289,5658510.46939679
0.00443500125073856,228.357547889098,496737.787215289,5658510.46939679
0.000341930938245698,228.357547889098,497237.787215289,5658510.46939679
0.00527821087747481,228.357547889098,497737.787215289,5658510.46939679
0.000187888327385133,228.357547889098,498237.787215289,5658510.46939679
0.00543618929673464,228.357547889098,498737.787215289,5658510.46939679
0.000131818111493432,228.357547889098,499237.787215289,5658510.46939679
4.81689429027238e-05,228.357547889098,499737.787215289,5658510.46939679
0.000735955909554689,228.357547889098,500237.787215289,5658510.46939679
5.54482612703445e-05,228.357547889098,500737.787215289,5658510.46939679
3.68826112425183e-05,228.357547889098,501237.787215289,5658510.46939679
3.93967440568586e-05,228.357547889098,501737.787215289,5658510.46939679
3.59287835433299e-05,228.357547889098,502237.787215289,5658510.46939679
4.16597458311831e-05,228.357547889098,502737.787215289,5658510.46939679
0.000467066438710287,228.357547889098,503237.787215289,5658510.46939679
0.00300326335265752,228.357547889098,503737.787215289,5658510.46939679
5.67978977733152e-05,228.357547889098,504237.787215289,5658510.46939679
6.63823149868723e-05,228.357547889098,504737.787215289,5658510.46939679
7.17649620825843e-05,228.357547889098,505237.787215289,5658510.46939679
4.8597298724908e-05,228.357547889098,505737.787215289,5658510.46939679
9.06760634569548e-05,228.357547889098,506237.787215289,5658510.46939679
6.63823149868723e-05,228.357547889098,506737.787215289,5658510.46939679
8.9927070654433e-05,228.357547889098,507237.787215289,5658510.46939679
0.00351005198573224,228.357547889098,507737.787215289,5658510.46939679
0.000179752982057896,228.357547889098,508237.787215289,5658510.46939679
5.12895446197391e-05,228.357547889098,508737.787215289,5658510.46939679
0.000845853155235833,228.357547889098,509237.787215289,5658510.46939679
0.00589685184956987,228.357547889098,509737.787215289,5658510.46939679
0.0042743791270424,228.357547889098,510237.787215289,5658510.46939679
0.0013140974551961,228.357547889098,510737.787215289,5658510.46939679
0.00387953246935806,228.357547889098,511237.787215289,5658510.46939679
0.00525414951093359,228.357547889098,511737.787215289,5658510.46939679
0.00658183024132516,228.357547889098,512237.787215289,5658510.46939679
0.0035000309663881,228.357547889098,512737.787215289,5658510.46939679
0.00327336574900791,228.357547889098,513237.787215289,5658510.46939679
0.00138846139110598,228.357547889098,513737.787215289,5658510.46939679
0.00162275867637501,228.357547889098,514237.787215289,5658510.46939679
0.00162275867637501,228.357547889098,514737.787215289,5658510.46939679
0.000744137652420369,228.357547889098,515237.787215289,5658510.46939679
0.00186501774853742,228.357547889098,515737.787215289,5658510.46939679
0.00370491678332498,228.357547889098,516237.787215289,5658510.46939679
0.00371739602773552,228.357547889098,516737.787215289,5658510.46939679
0.00291020983567431,228.357547889098,517237.787215289,5658510.46939679
0.00473875055372934,228.357547889098,517737.787215289,5658510.46939679
0.00480488304986063,228.357547889098,518237.787215289,5658510.46939679
0.00416985008234726,228.357547889098,518737.787215289,5658510.46939679
0.00585347650527137,228.357547889098,519237.787215289,5658510.46939679
0.000529424970482178,228.357547889098,519737.787215289,5658510.46939679
0.00203768595070096,228.357547889098,520237.787215289,5658510.46939679
0.00357004836456893,228.357547889098,520737.787215289,5658510.46939679
0.00121534420338108,228.357547889098,521237.787215289,5658510.46939679
0.00272397237951264,228.357547889098,521737.787215289,5658510.46939679
0.000856281713358484,228.357547889098,522237.787215289,5658510.46939679
0.00519298869648473,228.357547889098,522737.787215289,5658510.46939679
0.00407209582567963,228.357547889098,523237.787215289,5658510.46939679
0.00370704515267932,228.357547889098,523737.787215289,5658510.46939679
0.00544540348340812,228.357547889098,524237.787215289,5658510.46939679
4.8404981316233e-05,228.357547889098,486737.787215289,5659010.46939679
4.47744222726709e-05,228.357547889098,487237.787215289,5659010.46939679
3.40572280517595e-05,228.357547889098,487737.787215289,5659010.46939679
3.98042485504421e-05,228.357547889098,488237.787215289,5659010.46939679
4.22407748431082e-05,228.357547889098,488737.787215289,5659010.46939679
3.93305704112121e-05,228.357547889098,489237.787215289,5659010.46939679
0.000219365275175997,228.357547889098,489737.787215289,5659010.46939679
0.00302400378105311,228.357547889098,490237.787215289,5659010.46939679
0.000111848078168859,228.357547889098,490737.787215289,5659010.46939679
3.7004142706096e-05,228.357547889098,491237.787215289,5659010.46939679
5.39683007772336e-05,228.357547889098,491737.787215289,5659010.46939679
0.000136967473847402,228.357547889098,492237.787215289,5659010.46939679
3.88420890288378e-05,228.357547889098,492737.787215289,5659010.46939679
0.000167791893358469,228.357547889098,493237.787215289,5659010.46939679
0.00771820695900878,228.357547889098,493737.787215289,5659010.46939679
0.00280114481469053,228.357547889098,494237.787215289,5659010.46939679
0.00447193989437283,228.357547889098,494737.787215289,5659010.46939679
0.00277800709537368,228.357547889098,495237.787215289,5659010.46939679
0.00382627187706889,228.357547889098,495737.787215289,5659010.46939679
0.00174009498208401,228.357547889098,496237.787215289,5659010.46939679
0.00451613177250749,228.357547889098,496737.787215289,5659010.46939679
0.0045806209711437,228.357547889098,497237.787215289,5659010.46939679
0.00501193948928445,228.357547889098,497737.787215289,5659010.46939679
4.05926746794618e-05,228.357547889098,498237.787215289,5659010.46939679
0.00186731389717232,228.357547889098,498737.787215289,5659010.46939679
0.000105296534321988,228.357547889098,499237.787215289,5659010.46939679
4.10240807712448e-05,228.357547889098,499737.787215289,5659010.46939679
0.000120001029485969,228.357547889098,500237.787215289,5659010.46939679
0.000174842582820004,228.357547889098,500737.787215289,5659010.46939679
4.53965356068486e-05,228.357547889098,501237.787215289,5659010.46939679
4.16597458311831e-05,228.357547889098,501737.787215289,5659010.46939679
4.45810047929103e-05,228.357547889098,502237.787215289,5659010.46939679
3.84620060393849e-05,228.357547889098,502737.787215289,5659010.46939679
5.67978977733152e-05,228.357547889098,503237.787215289,5659010.46939679
4.158071928619e-05,228.357547889098,503737.787215289,5659010.46939679
0.000132797768292532,228.357547889098,504237.787215289,5659010.46939679
0.000156796995992303,228.357547889098,504737.787215289,5659010.46939679
5.27532482802276e-05,228.357547889098,505237.787215289,5659010.46939679
4.55060376620402e-05,228.357547889098,505737.787215289,5659010.46939679
9.17930110154978e-05,228.357547889098,506237.787215289,5659010.46939679
0.00176575168412934,228.357547889098,506737.787215289,5659010.46939679
0.00825940729904204,228.357547889098,507237.787215289,5659010.46939679
0.005987841541749,228.357547889098,507737.787215289,5659010.46939679
0.00114539396296875,228.357547889098,508237.787215289,5659010.46939679
0.00540073960488913,228.357547889098,508737.787215289,5659010.46939679
0.00425368348081939,228.357547889098,509237.787215289,5659010.46939679
0.00456495223578079,228.357547889098,509737.787215289,5659010.46939679
0.00529931401826519,228.357547889098,510237.787215289,5659010.46939679
0.000943216030032143,228.357547889098,510737.787215289,5659010.46939679
0.00352749290385939,228.357547889098,511237.787215289,5659010.46939679
0.004780927421291,228.357547889098,511737.787215289,5659010.46939679
0.00189659268786205,228.357547889098,512237.787215289,5659010.46939679
0.00564956481976979,228.357547889098,512737.787215289,5659010.46939679
0.00302785077720558,228.357547889098,513237.787215289,5659010.46939679
0.00101646760895462,228.357547889098,513737.787215289,5659010.46939679
0.00079566569287774,228.357547889098,514237.787215289,5659010.46939679
0.00118420045815451,228.357547889098,514737.787215289,5659010.46939679
0.0011917670421729,228.357547889098,515237.787215289,5659010.46939679
0.0013758498203635,228.357547889098,515737.787215289,5659010.46939679
0.00171981998049396,228.357547889098,516237.787215289,5659010.46939679
0.000903697985512509,228.357547889098,516737.787215289,5659010.46939679
0.00371739602773552,228.357547889098,517237.787215289,5659010.46939679
0.00317560733244084,228.357547889098,517737.787215289,5659010.46939679
0.00147761187097429,228.357547889098,518237.787215289,5659010.46939679
0.00189525423621034,228.357547889098,518737.787215289,5659010.46939679
0.00460406118414622,228.357547889098,519237.787215289,5659010.46939679
0.00144822429040447,228.357547889098,519737.787215289,5659010.46939679
0.00407227187826692,228.357547889098,520237.787215289,5659010.46939679
0.000430659749168268,228.357547889098,520737.787215289,5659010.46939679
0.00452153678118482,228.357547889098,521237.787215289,5659010.46939679
0.0042883052031963,228.357547889098,521737.787215289,5659010.46939679
0.000619243484283054,228.357547889098,522237.787215289,5659010.46939679
0.00049200529899202,228.357547889098,522737.787215289,5659010.46939679
0.0043248002259804,228.357547889098,523237.787215289,5659010.46939679
0.00580420448275841,228.357547889098,523737.787215289,5659010.46939679
0.000218071369273313,228.357547889098,524237.787215289,5659010.46939679
4.17446471166019e-05,228.357547889098,486737.787215289,5659510.46939679
0.000124348834239949,228.357547889098,487237.787215289,5659510.46939679
4.53876677453087e-05,228.357547889098,487737.787215289,5659510.46939679
3.40572280517595e-05,228.357547889098,488237.787215289,5659510.46939679
4.26684135052576e-05,228.357547889098,488737.787215289,5659510.46939679
5.43148281181725e-05,228.357547889098,489237.787215289,5659510.46939679
4.59674462613135e-05,228.357547889098,489737.787215289,5659510.46939679
5.64330534217817e-05,228.357547889098,490237.787215289,5659510.46939679
0.00169991503819488,228.357547889098,490737.787215289,5659510.46939679
0.00196024005579798,228.357547889098,491237.787215289,5659510.46939679
0.00285367805870874,228.357547889098,491737.787215289,5659510.46939679
0.000200175202224331,228.357547889098,492237.787215289,5659510.46939679
3.60154482102685e-05,228.357547889098,492737.787215289,5659510.46939679
0.000144131462910919,228.357547889098,493237.787215289,5659510.46939679
0.00189685979593484,228.357547889098,493737.787215289,5659510.46939679
0.00189685979593484,228.357547889098,494237.787215289,5659510.46939679
0.00353928682741738,228.357547889098,494737.787215289,5659510.46939679
0.00353928682741738,228.357547889098,495237.787215289,5659510.46939679
0.00221694727086959,228.357547889098,495737.787215289,5659510.46939679
0.00445247714308131,228.357547889098,496237.787215289,5659510.46939679
0.000235441417631888,228.357547889098,496737.787215289,5659510.46939679
3.67659585614365e-05,228.357547889098,497237.787215289,5659510.46939679
0.000282908305755745,228.357547889098,497737.787215289,5659510.46939679
0.000209113950937254,228.357547889098,498237.787215289,5659510.46939679
3.74743183033159e-05,228.357547889098,498737.787215289,5659510.46939679
5.17194971070899e-05,228.357547889098,499237.787215289,5659510.46939679
3.76237045664884e-05,228.357547889098,499737.787215289,5659510.46939679
4.00046442900746e-05,228.357547889098,500237.787215289,5659510.46939679
3.64418373193043e-05,228.357547889098,500737.787215289,5659510.46939679
6.65084783888555e-05,228.357547889098,501237.787215289,5659510.46939679
7.69432124669691e-05,228.357547889098,501737.787215289,5659510.46939679
7.75840641251101e-05,228.357547889098,502237.787215289,5659510.46939679
3.84620060393849e-05,228.357547889098,502737.787215289,5659510.46939679
4.158071928619e-05,228.357547889098,503237.787215289,5659510.46939679
0.000132797768292532,228.357547889098,503737.787215289,5659510.46939679
0.000144131462910919,228.357547889098,504237.787215289,5659510.46939679
0.000146192031570885,228.357547889098,504737.787215289,5659510.46939679
6.22362900484017e-05,228.357547889098,505237.787215289,5659510.46939679
5.37398752505194e-05,228.357547889098,505737.787215289,5659510.46939679
0.00489410161125561,228.357547889098,506237.787215289,5659510.46939679
0.00611355242295226,228.357547889098,506737.787215289,5659510.46939679
0.00475945140811711,228.357547889098,507237.787215289,5659510.46939679
0.00594929967017247,228.357547889098,507737.787215289,5659510.46939679
0.00500833934807265,228.357547889098,508237.787215289,5659510.46939679
0.00496277625551953,228.357547889098,508737.787215289,5659510.46939679
0.00422256332925962,228.357547889098,509237.787215289,5659510.46939679
0.0048969729389513,228.357547889098,509737.787215289,5659510.46939679
0.000115602056013609,228.357547889098,510237.787215289,5659510.46939679
0.00381352163663043,228.357547889098,510737.787215289,5659510.46939679
0.00558768972887269,228.357547889098,511237.787215289,5659510.46939679
0.00483386885739764,228.357547889098,511737.787215289,5659510.46939679
0.00413594478087091,228.357547889098,512237.787215289,5659510.46939679
0.00221663508938192,228.357547889098,512737.787215289,5659510.46939679
0.000503909968565291,228.357547889098,513237.787215289,5659510.46939679
0.00127025533842558,228.357547889098,513737.787215289,5659510.46939679
0.000465395482067394,228.357547889098,514237.787215289,5659510.46939679
0.0017622622121461,228.357547889098,514737.787215289,5659510.46939679
0.00261437690393069,228.357547889098,515237.787215289,5659510.46939679
0.000314376716514321,228.357547889098,515737.787215289,5659510.46939679
0.000999545207384903,228.357547889098,516237.787215289,5659510.46939679
0.000484331578640896,228.357547889098,516737.787215289,5659510.46939679
0.00371739602773552,228.357547889098,517237.787215289,5659510.46939679
0.00400533203048173,228.357547889098,517737.787215289,5659510.46939679
0.0034798738232759,228.357547889098,518237.787215289,5659510.46939679
0.00279759794791175,228.357547889098,518737.787215289,5659510.46939679
0.00142385279777219,228.357547889098,519237.787215289,5659510.46939679
0.00105661222782155,228.357547889098,519737.787215289,5659510.46939679
0.00406167773821754,228.357547889098,520237.787215289,5659510.46939679
0.000428909157560248,228.357547889098,520737.787215289,5659510.46939679
0.00385061669225412,228.357547889098,521237.787215289,5659510.46939679
0.00267762357678476,228.357547889098,521737.787215289,5659510.46939679
0.000721051840726748,228.357547889098,522237.787215289,5659510.46939679
0.000130214733249671,228.357547889098,522737.787215289,5659510.46939679
0.000190244334872549,228.357547889098,523237.787215289,5659510.46939679
0.000275536316672431,228.357547889098,523737.787215289,5659510.46939679
0.000253235672970615,228.357547889098,524237.787215289,5659510.46939679
3.94681190249454e-05,228.357547889098,486737.787215289,5660010.46939679
0.000148548253886511,228.357547889098,487237.787215289,5660010.46939679
5.00503764138497e-05,228.357547889098,487737.787215289,5660010.46939679
6.86275678015329e-05,228.357547889098,488237.787215289,5660010.46939679
3.96120346276844e-05,228.357547889098,488737.787215289,5660010.46939679
3.97629086568139e-05,228.357547889098,489237.787215289,5660010.46939679
3.90725549007882e-05,228.357547889098,489737.787215289,5660010.46939679
4.10240807712448e-05,228.357547889098,490237.787215289,5660010.46939679
6.36564071705494e-05,228.357547889098,490737.787215289,5660010.46939679
0.000235441417631888,228.357547889098,491237.787215289,5660010.46939679
0.00837825349700118,228.357547889098,491737.787215289,5660010.46939679
3.52833371519872e-05,228.357547889098,492237.787215289,5660010.46939679
5.63287418019516e-05,228.357547889098,492737.787215289,5660010.46939679
0.000169510968008212,228.357547889098,493237.787215289,5660010.46939679
0.00448043907296656,228.357547889098,493737.787215289,5660010.46939679
0.00380961919843811,228.357547889098,494237.787215289,5660010.46939679
0.00353928682741738,228.357547889098,494737.787215289,5660010.46939679
0.00302827720687125,228.357547889098,495237.787215289,5660010.46939679
0.00445247714308131,228.357547889098,495737.787215289,5660010.46939679
0.0022388552271345,228.357547889098,496237.787215289,5660010.46939679
0.00229829175460664,228.357547889098,496737.787215289,5660010.46939679
4.35515999101061e-05,228.357547889098,497237.787215289,5660010.46939679
3.71309620988664e-05,228.357547889098,497737.787215289,5660010.46939679
3.68826112425183e-05,228.357547889098,498237.787215289,5660010.46939679
4.64543183027977e-05,228.357547889098,498737.787215289,5660010.46939679
9.46361348346486e-05,228.357547889098,499237.787215289,5660010.46939679
4.6601710645875e-05,228.357547889098,499737.787215289,5660010.46939679
9.28797541251244e-05,228.357547889098,500237.787215289,5660010.46939679
0.000125084520870935,228.357547889098,500737.787215289,5660010.46939679
0.000182908231948513,228.357547889098,501237.787215289,5660010.46939679
0.000398872331495987,228.357547889098,501737.787215289,5660010.46939679
4.158071928619e-05,228.357547889098,502237.787215289,5660010.46939679
8.9927070654433e-05,228.357547889098,502737.787215289,5660010.46939679
5.23091829632062e-05,228.357547889098,503237.787215289,5660010.46939679
5.27532482802276e-05,228.357547889098,503737.787215289,5660010.46939679
0.000116124598153063,228.357547889098,504237.787215289,5660010.46939679
0.000408566083090376,228.357547889098,504737.787215289,5660010.46939679
0.00499608767838634,228.357547889098,505237.787215289,5660010.46939679
0.00391381491506093,228.357547889098,505737.787215289,5660010.46939679
0.00222358181864998,228.357547889098,506237.787215289,5660010.46939679
0.00409844103700904,228.357547889098,506737.787215289,5660010.46939679
0.00435537527325679,228.357547889098,507237.787215289,5660010.46939679
0.00398764001830518,228.357547889098,507737.787215289,5660010.46939679
0.00334925617129655,228.357547889098,508237.787215289,5660010.46939679
0.00387953246935806,228.357547889098,508737.787215289,5660010.46939679
0.00614076614622134,228.357547889098,509237.787215289,5660010.46939679
0.00482640923122504,228.357547889098,509737.787215289,5660010.46939679
0.000269205526205955,228.357547889098,510237.787215289,5660010.46939679
0.000466114790387994,228.357547889098,510737.787215289,5660010.46939679
0.00302785077720558,228.357547889098,511237.787215289,5660010.46939679
0.00522582581417851,228.357547889098,511737.787215289,5660010.46939679
0.00483386885739764,228.357547889098,512237.787215289,5660010.46939679
0.000431154395371508,228.357547889098,512737.787215289,5660010.46939679
0.000631642217735393,228.357547889098,513237.787215289,5660010.46939679
0.0025866854188023,228.357547889098,513737.787215289,5660010.46939679
0.00177724313800791,228.357547889098,514237.787215289,5660010.46939679
0.00421802328018542,228.357547889098,514737.787215289,5660010.46939679
0.000601932307905221,228.357547889098,515237.787215289,5660010.46939679
0.00118665527666441,228.357547889098,515737.787215289,5660010.46939679
0.00513882498682123,228.357547889098,516237.787215289,5660010.46939679
0.000715225707776784,228.357547889098,516737.787215289,5660010.46939679
0.00294210814635808,228.357547889098,517237.787215289,5660010.46939679
0.000417538579782694,228.357547889098,517737.787215289,5660010.46939679
0.00253970527019768,228.357547889098,518237.787215289,5660010.46939679
0.00108890710983047,228.357547889098,518737.787215289,5660010.46939679
0.00455280548424867,228.357547889098,519237.787215289,5660010.46939679
0.00365723534574167,228.357547889098,519737.787215289,5660010.46939679
0.00125005292367462,228.357547889098,520237.787215289,5660010.46939679
0.00322582979454606,228.357547889098,520737.787215289,5660010.46939679
0.00302124354602232,228.357547889098,521237.787215289,5660010.46939679
0.00287327949199463,228.357547889098,521737.787215289,5660010.46939679
0.0019729392514476,228.357547889098,522237.787215289,5660010.46939679
0.000448510339361001,228.357547889098,522737.787215289,5660010.46939679
9.32811996658237e-05,228.357547889098,523237.787215289,5660010.46939679
0.00102425410660779,228.357547889098,523737.787215289,5660010.46939679
0.000315609263799592,228.357547889098,524237.787215289,5660010.46939679
3.97629086568139e-05,228.357547889098,486737.787215289,5660510.46939679
3.97629086568139e-05,228.357547889098,487237.787215289,5660510.46939679
7.990385710858e-05,228.357547889098,487737.787215289,5660510.46939679
4.98685369765015e-05,228.357547889098,488237.787215289,5660510.46939679
6.35462351409774e-05,228.357547889098,488737.787215289,5660510.46939679
4.25197116853371e-05,228.357547889098,489237.787215289,5660510.46939679
3.89512202116605e-05,228.357547889098,489737.787215289,5660510.46939679
4.09330490023159e-05,228.357547889098,490237.787215289,5660510.46939679
3.67659585614365e-05,228.357547889098,490737.787215289,5660510.46939679
4.92564942191665e-05,228.357547889098,491237.787215289,5660510.46939679
0.00481350873963937,228.357547889098,491737.787215289,5660510.46939679
0.00302827720687125,228.357547889098,492237.787215289,5660510.46939679
0.00101661076394294,228.357547889098,492737.787215289,5660510.46939679
0.00379466651191344,228.357547889098,493237.787215289,5660510.46939679
0.00237691263174208,228.357547889098,493737.787215289,5660510.46939679
0.00324678463940441,228.357547889098,494237.787215289,5660510.46939679
0.000156499559591496,228.357547889098,494737.787215289,5660510.46939679
0.00447193989437283,228.357547889098,495237.787215289,5660510.46939679
0.00354601344529489,228.357547889098,495737.787215289,5660510.46939679
9.23766209373154e-05,228.357547889098,496237.787215289,5660510.46939679
7.51665428073221e-05,228.357547889098,496737.787215289,5660510.46939679
4.00724510275104e-05,228.357547889098,497237.787215289,5660510.46939679
3.67659585614365e-05,228.357547889098,497737.787215289,5660510.46939679
3.65458791928126e-05,228.357547889098,498237.787215289,5660510.46939679
4.2532063729334e-05,228.357547889098,498737.787215289,5660510.46939679
5.86957004091596e-05,228.357547889098,499237.787215289,5660510.46939679
7.96964679222922e-05,228.357547889098,499737.787215289,5660510.46939679
0.000439302214027019,228.357547889098,500237.787215289,5660510.46939679
0.000145355029790473,228.357547889098,500737.787215289,5660510.46939679
0.000133903826478551,228.357547889098,501237.787215289,5660510.46939679
4.8597298724908e-05,228.357547889098,501737.787215289,5660510.46939679
5.63287418019516e-05,228.357547889098,502237.787215289,5660510.46939679
7.19013555144995e-05,228.357547889098,502737.787215289,5660510.46939679
5.27532482802276e-05,228.357547889098,503237.787215289,5660510.46939679
4.21447387588904e-05,228.357547889098,503737.787215289,5660510.46939679
4.97783536760767e-05,228.357547889098,504237.787215289,5660510.46939679
3.97471468509819e-05,228.357547889098,504737.787215289,5660510.46939679
0.000906251100221641,228.357547889098,505237.787215289,5660510.46939679
0.00390320258323333,228.357547889098,505737.787215289,5660510.46939679
0.00447086942524334,228.357547889098,506237.787215289,5660510.46939679
0.00407953408840249,228.357547889098,506737.787215289,5660510.46939679
0.00400750553301029,228.357547889098,507237.787215289,5660510.46939679
0.00500833934807265,228.357547889098,507737.787215289,5660510.46939679
0.00332442584506737,228.357547889098,508237.787215289,5660510.46939679
0.00386072198049987,228.357547889098,508737.787215289,5660510.46939679
0.002796428251058,228.357547889098,509237.787215289,5660510.46939679
0.0037953573042645,228.357547889098,509737.787215289,5660510.46939679
0.00137325470217993,228.357547889098,510237.787215289,5660510.46939679
0.000213743159058345,228.357547889098,510737.787215289,5660510.46939679
0.00413594478087091,228.357547889098,511237.787215289,5660510.46939679
0.00522582581417851,228.357547889098,511737.787215289,5660510.46939679
0.000368903423715628,228.357547889098,512237.787215289,5660510.46939679
0.000544769789879667,228.357547889098,512737.787215289,5660510.46939679
0.000687262255316554,228.357547889098,513237.787215289,5660510.46939679
0.00129128242117008,228.357547889098,513737.787215289,5660510.46939679
0.00264209589543072,228.357547889098,514237.787215289,5660510.46939679
0.000479102068016951,228.357547889098,514737.787215289,5660510.46939679
0.000760968556254296,228.357547889098,515237.787215289,5660510.46939679
0.00162161347316684,228.357547889098,515737.787215289,5660510.46939679
0.00475840454350442,228.357547889098,516237.787215289,5660510.46939679
0.000384469404504164,228.357547889098,516737.787215289,5660510.46939679
0.000618667514787423,228.357547889098,517237.787215289,5660510.46939679
0.00341148631142965,228.357547889098,517737.787215289,5660510.46939679
0.00135319322335277,228.357547889098,518237.787215289,5660510.46939679
0.000628332935222362,228.357547889098,518737.787215289,5660510.46939679
0.000253837747766293,228.357547889098,519237.787215289,5660510.46939679
0.00364168241615658,228.357547889098,519737.787215289,5660510.46939679
0.00169986097915114,228.357547889098,520237.787215289,5660510.46939679
0.00274811922594859,228.357547889098,520737.787215289,5660510.46939679
0.00257719236983327,228.357547889098,521237.787215289,5660510.46939679
0.00166012029152069,228.357547889098,521737.787215289,5660510.46939679
0.000382493131608865,228.357547889098,522237.787215289,5660510.46939679
0.000658064306700394,228.357547889098,522737.787215289,5660510.46939679
0.000136967473847402,228.357547889098,523237.787215289,5660510.46939679
0.00205456514397914,228.357547889098,523737.787215289,5660510.46939679
0.00237921068245488,228.357547889098,524237.787215289,5660510.46939679
4.33389274265473e-05,228.357547889098,486737.787215289,5661010.46939679
6.30096148895494e-05,228.357547889098,487237.787215289,5661010.46939679
0.000344587550584583,228.357547889098,487737.787215289,5661010.46939679
3.87220713883029e-05,228.357547889098,488237.787215289,5661010.46939679
7.20478882737552e-05,228.357547889098,488737.787215289,5661010.46939679
0.000620272395034201,228.357547889098,489237.787215289,5661010.46939679
0.00281218804818972,228.357547889098,489737.787215289,5661010.46939679
3.77810208775239e-05,228.357547889098,490237.787215289,5661010.46939679
3.97471468509819e-05,228.357547889098,490737.787215289,5661010.46939679
4.55620684456442e-05,228.357547889098,491237.787215289,5661010.46939679
9.02814236109725e-05,228.357547889098,491737.787215289,5661010.46939679
0.000341282311612562,228.357547889098,492237.787215289,5661010.46939679
0.00522656179732919,228.357547889098,492737.787215289,5661010.46939679
0.00327382675596125,228.357547889098,493237.787215289,5661010.46939679
0.00483454963899238,228.357547889098,493737.787215289,5661010.46939679
0.00150125695957086,228.357547889098,494237.787215289,5661010.46939679
0.00302827720687125,228.357547889098,494737.787215289,5661010.46939679
0.00327382675596125,228.357547889098,495237.787215289,5661010.46939679
0.000318804440115238,228.357547889098,495737.787215289,5661010.46939679
0.000160760618452827,228.357547889098,496237.787215289,5661010.46939679
4.61762448500181e-05,228.357547889098,496737.787215289,5661010.46939679
3.6391195580699e-05,228.357547889098,497237.787215289,5661010.46939679
3.60597933980446e-05,228.357547889098,497737.787215289,5661010.46939679
3.59287835433299e-05,228.357547889098,498237.787215289,5661010.46939679
5.6905845439949e-05,228.357547889098,498737.787215289,5661010.46939679
3.60154482102685e-05,228.357547889098,499237.787215289,5661010.46939679
3.59287835433299e-05,228.357547889098,499737.787215289,5661010.46939679
9.08483985231005e-05,228.357547889098,500237.787215289,5661010.46939679
0.000395577608566629,228.357547889098,500737.787215289,5661010.46939679
0.000341282311612562,228.357547889098,501237.787215289,5661010.46939679
0.000144131462910919,228.357547889098,501737.787215289,5661010.46939679
0.000639398066224145,228.357547889098,502237.787215289,5661010.46939679
0.000126183432194366,228.357547889098,502737.787215289,5661010.46939679
4.25912510580093e-05,228.357547889098,503237.787215289,5661010.46939679
3.97471468509819e-05,228.357547889098,503737.787215289,5661010.46939679
6.91618129246894e-05,228.357547889098,504237.787215289,5661010.46939679
4.3713864485459e-05,228.357547889098,504737.787215289,5661010.46939679
0.000414181963731605,228.357547889098,505237.787215289,5661010.46939679
0.00388301809724705,228.357547889098,505737.787215289,5661010.46939679
0.00479925134340908,228.357547889098,506237.787215289,5661010.46939679
0.00346360707275878,228.357547889098,506737.787215289,5661010.46939679
0.00144044088025987,228.357547889098,507237.787215289,5661010.46939679
0.000378091744441762,228.357547889098,507737.787215289,5661010.46939679
0.00101969722876234,228.357547889098,508237.787215289,5661010.46939679
0.00412274316899041,228.357547889098,508737.787215289,5661010.46939679
0.0020279228314631,228.357547889098,509237.787215289,5661010.46939679
0.00205037896550374,228.357547889098,509737.787215289,5661010.46939679
0.00302785077720558,228.357547889098,510237.787215289,5661010.46939679
0.00128432146742366,228.357547889098,510737.787215289,5661010.46939679
0.004780927421291,228.357547889098,511237.787215289,5661010.46939679
0.00442233954843171,228.357547889098,511737.787215289,5661010.46939679
0.00522582581417851,228.357547889098,512237.787215289,5661010.46939679
0.00219903532419911,228.357547889098,512737.787215289,5661010.46939679
0.00110893852726575,228.357547889098,513237.787215289,5661010.46939679
0.00226062457456698,228.357547889098,513737.787215289,5661010.46939679
0.00211379835273911,228.357547889098,514237.787215289,5661010.46939679
0.00398218722230492,228.357547889098,514737.787215289,5661010.46939679
0.00495708252368979,228.357547889098,515237.787215289,5661010.46939679
0.000115020240841796,228.357547889098,515737.787215289,5661010.46939679
0.000267614502839179,228.357547889098,516237.787215289,5661010.46939679
0.000780450940040162,228.357547889098,516737.787215289,5661010.46939679
0.00106777014690056,228.357547889098,517237.787215289,5661010.46939679
0.00507784096068717,228.357547889098,517737.787215289,5661010.46939679
0.000386221586662448,228.357547889098,518237.787215289,5661010.46939679
0.00235647679323119,228.357547889098,518737.787215289,5661010.46939679
0.000693002788391297,228.357547889098,519237.787215289,5661010.46939679
0.00308466011472245,228.357547889098,519737.787215289,5661010.46939679
0.000222184783346438,228.357547889098,520237.787215289,5661010.46939679
0.00403185313518894,228.357547889098,520737.787215289,5661010.46939679
0.000246853029954689,228.357547889098,521237.787215289,5661010.46939679
0.00388794092911613,228.357547889098,521737.787215289,5661010.46939679
0.000220242333026474,228.357547889098,522237.787215289,5661010.46939679
0.00131389106707381,228.357547889098,522737.787215289,5661010.46939679
0.000125234224855398,228.357547889098,523237.787215289,5661010.46939679
0.00219446046537269,228.357547889098,523737.787215289,5661010.46939679
0.005987841541749,228.357547889098,524237.787215289,5661010.46939679
3.94681190249454e-05,228.357547889098,486737.787215289,5661510.46939679
3.89512202116605e-05,228.357547889098,487237.787215289,5661510.46939679
0.00014348550796929,228.357547889098,487737.787215289,5661510.46939679
5.59132014235213e-05,228.357547889098,488237.787215289,5661510.46939679
6.5348329679984e-05,228.357547889098,488737.787215289,5661510.46939679
0.000607263938714452,228.357547889098,489237.787215289,5661510.46939679
3.40572280517595e-05,228.357547889098,489737.787215289,5661510.46939679
0.00167962603370752,228.357547889098,490237.787215289,5661510.46939679
3.40572280517595e-05,228.357547889098,490737.787215289,5661510.46939679
3.64418373193043e-05,228.357547889098,491237.787215289,5661510.46939679
3.59287835433299e-05,228.357547889098,491737.787215289,5661510.46939679
0.000106178701030141,228.357547889098,492237.787215289,5661510.46939679
0.00188860429355441,228.357547889098,492737.787215289,5661510.46939679
0.00324678463940441,228.357547889098,493237.787215289,5661510.46939679
0.000869830379629002,228.357547889098,493737.787215289,5661510.46939679
0.000869830379629002,228.357547889098,494237.787215289,5661510.46939679
5.67978977733152e-05,228.357547889098,494737.787215289,5661510.46939679
4.81958804720718e-05,228.357547889098,495237.787215289,5661510.46939679
4.55620684456442e-05,228.357547889098,495737.787215289,5661510.46939679
3.67659585614365e-05,228.357547889098,496237.787215289,5661510.46939679
3.59287835433299e-05,228.357547889098,496737.787215289,5661510.46939679
6.15200877083444e-05,228.357547889098,497237.787215289,5661510.46939679
4.13997519169711e-05,228.357547889098,497737.787215289,5661510.46939679
5.21038703651567e-05,228.357547889098,498237.787215289,5661510.46939679
4.158071928619e-05,228.357547889098,498737.787215289,5661510.46939679
4.12372586386751e-05,228.357547889098,499237.787215289,5661510.46939679
9.72188574169117e-05,228.357547889098,499737.787215289,5661510.46939679
4.158071928619e-05,228.357547889098,500237.787215289,5661510.46939679
0.00016918941381068,228.357547889098,500737.787215289,5661510.46939679
9.80285827192566e-05,228.357547889098,501237.787215289,5661510.46939679
0.00565036048052541,228.357547889098,501737.787215289,5661510.46939679
6.08961892994567e-05,228.357547889098,502237.787215289,5661510.46939679
6.16551471305336e-05,228.357547889098,502737.787215289,5661510.46939679
3.89837218908117e-05,228.357547889098,503237.787215289,5661510.46939679
4.64543183027977e-05,228.357547889098,503737.787215289,5661510.46939679
0.000352685664481894,228.357547889098,504237.787215289,5661510.46939679
0.000129046698110874,228.357547889098,504737.787215289,5661510.46939679
0.000128200128906983,228.357547889098,505237.787215289,5661510.46939679
0.000252617612349454,228.357547889098,505737.787215289,5661510.46939679
0.0035001143700292,228.357547889098,506237.787215289,5661510.46939679
0.00435537527325679,228.357547889098,506737.787215289,5661510.46939679
5.41225147944527e-05,228.357547889098,507237.787215289,5661510.46939679
0.00454105658931723,228.357547889098,507737.787215289,5661510.46939679
0.000365974383359085,228.357547889098,508237.787215289,5661510.46939679
0.000213743159058345,228.357547889098,508737.787215289,5661510.46939679
0.00138846139110598,228.357547889098,509237.787215289,5661510.46939679
0.00522582581417851,228.357547889098,509737.787215289,5661510.46939679
6.56460381438261e-05,228.357547889098,510237.787215289,5661510.46939679
0.000196141801438132,228.357547889098,510737.787215289,5661510.46939679
0.00381352163663043,228.357547889098,511237.787215289,5661510.46939679
9.80147787333929e-05,228.357547889098,511737.787215289,5661510.46939679
0.00382573307704305,228.357547889098,512237.787215289,5661510.46939679
0.00163008579481342,228.357547889098,512737.787215289,5661510.46939679
0.00244392858111141,228.357547889098,513237.787215289,5661510.46939679
0.00267081467064123,228.357547889098,513737.787215289,5661510.46939679
0.00250126376029967,228.357547889098,514237.787215289,5661510.46939679
0.000984185241168128,228.357547889098,514737.787215289,5661510.46939679
0.00426908450521199,228.357547889098,515237.787215289,5661510.46939679
0.000184908106088364,228.357547889098,515737.787215289,5661510.46939679
8.36298102882986e-05,228.357547889098,516237.787215289,5661510.46939679
0.0010772651096281,228.357547889098,516737.787215289,5661510.46939679
0.00291020983567431,228.357547889098,517237.787215289,5661510.46939679
0.00199231636609819,228.357547889098,517737.787215289,5661510.46939679
0.00341148631142965,228.357547889098,518237.787215289,5661510.46939679
0.00344890003123445,228.357547889098,518737.787215289,5661510.46939679
0.0016182425622927,228.357547889098,519237.787215289,5661510.46939679
0.00488740942937933,228.357547889098,519737.787215289,5661510.46939679
0.00035221888637019,228.357547889098,520237.787215289,5661510.46939679
0.00400458979288657,228.357547889098,520737.787215289,5661510.46939679
0.00172283916770955,228.357547889098,521237.787215289,5661510.46939679
0.00305820275606131,228.357547889098,521737.787215289,5661510.46939679
0.000323814300986674,228.357547889098,522237.787215289,5661510.46939679
0.000146725102689016,228.357547889098,522737.787215289,5661510.46939679
0.00448043907296656,228.357547889098,523237.787215289,5661510.46939679
0.000179145116960215,228.357547889098,523737.787215289,5661510.46939679
0.000151618207755039,228.357547889098,524237.787215289,5661510.46939679
3.91988694069906e-05,228.357547889098,486737.787215289,5662010.46939679
4.51295351490263e-05,228.357547889098,487237.787215289,5662010.46939679
6.01889783026494e-05,228.357547889098,487737.787215289,5662010.46939679
3.75480685634696e-05,228.357547889098,488237.787215289,5662010.46939679
3.74743183033159e-05,228.357547889098,488737.787215289,5662010.46939679
4.05926746794618e-05,228.357547889098,489237.787215289,5662010.46939679
4.3713864485459e-05,228.357547889098,489737.787215289,5662010.46939679
3.74023654765981e-05,228.357547889098,490237.787215289,5662010.46939679
3.9938265787206e-05,228.357547889098,490737.787215289,5662010.46939679
3.64418373193043e-05,228.357547889098,491237.787215289,5662010.46939679
0.000253235672970615,228.357547889098,491737.787215289,5662010.46939679
4.19916215171791e-05,228.357547889098,492237.787215289,5662010.46939679
0.000156796995992303,228.357547889098,492737.787215289,5662010.46939679
0.00101218627637686,228.357547889098,493237.787215289,5662010.46939679
0.00413652726979784,228.357547889098,493737.787215289,5662010.46939679
3.30094208206228e-05,228.357547889098,494237.787215289,5662010.46939679
4.45810047929103e-05,228.357547889098,494737.787215289,5662010.46939679
3.54223693115515e-05,228.357547889098,495237.787215289,5662010.46939679
5.35231432210767e-05,228.357547889098,495737.787215289,5662010.46939679
3.65458791928126e-05,228.357547889098,496237.787215289,5662010.46939679
3.86197041469622e-05,228.357547889098,496737.787215289,5662010.46939679
4.81958804720718e-05,228.357547889098,497237.787215289,5662010.46939679
5.21038703651567e-05,228.357547889098,497737.787215289,5662010.46939679
6.63823149868723e-05,228.357547889098,498237.787215289,5662010.46939679
5.67978977733152e-05,228.357547889098,498737.787215289,5662010.46939679
6.63823149868723e-05,228.357547889098,499237.787215289,5662010.46939679
0.000114570512481954,228.357547889098,499737.787215289,5662010.46939679
0.000133903826478551,228.357547889098,500237.787215289,5662010.46939679
0.00016918941381068,228.357547889098,500737.787215289,5662010.46939679
7.17649620825843e-05,228.357547889098,501237.787215289,5662010.46939679
8.38750113076412e-05,228.357547889098,501737.787215289,5662010.46939679
0.00522656179732919,228.357547889098,502237.787215289,5662010.46939679
4.13997519169711e-05,228.357547889098,502737.787215289,5662010.46939679
5.27532482802276e-05,228.357547889098,503237.787215289,5662010.46939679
6.79011065703255e-05,228.357547889098,503737.787215289,5662010.46939679
3.64418373193043e-05,228.357547889098,504237.787215289,5662010.46939679
0.00267762357678476,228.357547889098,504737.787215289,5662010.46939679
0.00583915741551425,228.357547889098,505237.787215289,5662010.46939679
0.00306186288230789,228.357547889098,505737.787215289,5662010.46939679
0.00299199300782692,228.357547889098,506237.787215289,5662010.46939679
0.000573228454462742,228.357547889098,506737.787215289,5662010.46939679
0.0039346409234254,228.357547889098,507237.787215289,5662010.46939679
0.00668910430507207,228.357547889098,507737.787215289,5662010.46939679
0.00378383293261746,228.357547889098,508237.787215289,5662010.46939679
0.00327336574900791,228.357547889098,508737.787215289,5662010.46939679
0.00522582581417851,228.357547889098,509237.787215289,5662010.46939679
0.000680785819155916,228.357547889098,509737.787215289,5662010.46939679
0.000182298729014471,228.357547889098,510237.787215289,5662010.46939679
0.00381982920595494,228.357547889098,510737.787215289,5662010.46939679
0.00410310597158694,228.357547889098,511237.787215289,5662010.46939679
0.00175434097021575,228.357547889098,511737.787215289,5662010.46939679
0.0035000309663881,228.357547889098,512237.787215289,5662010.46939679
0.00449554443629656,228.357547889098,512737.787215289,5662010.46939679
0.00142304396138641,228.357547889098,513237.787215289,5662010.46939679
0.00229664086179754,228.357547889098,513737.787215289,5662010.46939679
0.0025196249353352,228.357547889098,514237.787215289,5662010.46939679
0.00507480198059176,228.357547889098,514737.787215289,5662010.46939679
0.00363952778012333,228.357547889098,515237.787215289,5662010.46939679
0.00103127883899866,228.357547889098,515737.787215289,5662010.46939679
0.00119020402907184,228.357547889098,516237.787215289,5662010.46939679
0.00201624375458439,228.357547889098,516737.787215289,5662010.46939679
0.00367709205265081,228.357547889098,517237.787215289,5662010.46939679
0.00371739602773552,228.357547889098,517737.787215289,5662010.46939679
0.00397525111597635,228.357547889098,518237.787215289,5662010.46939679
0.0046895063260993,228.357547889098,518737.787215289,5662010.46939679
0.000541503132726306,228.357547889098,519237.787215289,5662010.46939679
0.00416985008234726,228.357547889098,519737.787215289,5662010.46939679
0.000379405065254873,228.357547889098,520237.787215289,5662010.46939679
0.00504193083131873,228.357547889098,520737.787215289,5662010.46939679
0.000246404247798149,228.357547889098,521237.787215289,5662010.46939679
0.00451080753972291,228.357547889098,521737.787215289,5662010.46939679
0.0045806209711437,228.357547889098,522237.787215289,5662010.46939679
0.00488232484025373,228.357547889098,522737.787215289,5662010.46939679
0.00445698581813293,228.357547889098,523237.787215289,5662010.46939679
0.00509032736439062,228.357547889098,523737.787215289,5662010.46939679
0.000717454714493141,228.357547889098,524237.787215289,5662010.46939679
4.17446471166019e-05,228.357547889098,486737.787215289,5662510.46939679
3.80337623856654e-05,228.357547889098,487237.787215289,5662510.46939679
3.40572280517595e-05,228.357547889098,487737.787215289,5662510.46939679
7.41628630532358e-05,228.357547889098,488237.787215289,5662510.46939679
0.000127999109835481,228.357547889098,488737.787215289,5662510.46939679
0.000352685664481894,228.357547889098,489237.787215289,5662510.46939679
3.40572280517595e-05,228.357547889098,489737.787215289,5662510.46939679
0.000101449572536838,228.357547889098,490237.787215289,5662510.46939679
3.6391195580699e-05,228.357547889098,490737.787215289,5662510.46939679
0.000215885777146771,228.357547889098,491237.787215289,5662510.46939679
0.00204174282778088,228.357547889098,491737.787215289,5662510.46939679
0.00379466651191344,228.357547889098,492237.787215289,5662510.46939679
0.00447193989437283,228.357547889098,492737.787215289,5662510.46939679
0.00150125695957086,228.357547889098,493237.787215289,5662510.46939679
0.00175458804415976,228.357547889098,493737.787215289,5662510.46939679
0.00483454963899238,228.357547889098,494237.787215289,5662510.46939679
0.00174009498208401,228.357547889098,494737.787215289,5662510.46939679
4.16597458311831e-05,228.357547889098,495237.787215289,5662510.46939679
4.50377495954486e-05,228.357547889098,495737.787215289,5662510.46939679
4.90775390576609e-05,228.357547889098,496237.787215289,5662510.46939679
5.21038703651567e-05,228.357547889098,496737.787215289,5662510.46939679
3.29087813164339e-05,228.357547889098,497237.787215289,5662510.46939679
6.1403387044856e-05,228.357547889098,497737.787215289,5662510.46939679
5.67978977733152e-05,228.357547889098,498237.787215289,5662510.46939679
9.80285827192566e-05,228.357547889098,498737.787215289,5662510.46939679
3.5577208234226e-05,228.357547889098,499237.787215289,5662510.46939679
3.29087813164339e-05,228.357547889098,499737.787215289,5662510.46939679
7.69432124669691e-05,228.357547889098,500237.787215289,5662510.46939679
4.81958804720718e-05,228.357547889098,500737.787215289,5662510.46939679
5.23091829632062e-05,228.357547889098,501237.787215289,5662510.46939679
0.000499818007222814,228.357547889098,501737.787215289,5662510.46939679
0.000636787174523669,228.357547889098,502237.787215289,5662510.46939679
0.00660383612619963,228.357547889098,502737.787215289,5662510.46939679
0.00219863507814588,228.357547889098,503237.787215289,5662510.46939679
0.000198115263296548,228.357547889098,503737.787215289,5662510.46939679
0.00190463711258993,228.357547889098,504237.787215289,5662510.46939679
0.00489410161125561,228.357547889098,504737.787215289,5662510.46939679
0.00722725389631705,228.357547889098,505237.787215289,5662510.46939679
0.00386870786182747,228.357547889098,505737.787215289,5662510.46939679
0.00173356492854451,228.357547889098,506237.787215289,5662510.46939679
0.000915141259622747,228.357547889098,506737.787215289,5662510.46939679
0.000324625769910041,228.357547889098,507237.787215289,5662510.46939679
0.000373719299450433,228.357547889098,507737.787215289,5662510.46939679
0.00516859159214901,228.357547889098,508237.787215289,5662510.46939679
0.00409064713982672,228.357547889098,508737.787215289,5662510.46939679
0.00174041175413762,228.357547889098,509237.787215289,5662510.46939679
0.00150581482670638,228.357547889098,509737.787215289,5662510.46939679
0.00482640923122504,228.357547889098,510237.787215289,5662510.46939679
0.00442233954843171,228.357547889098,510737.787215289,5662510.46939679
0.000123843084957267,228.357547889098,511237.787215289,5662510.46939679
0.00109888845288432,228.357547889098,511737.787215289,5662510.46939679
0.00160987420486711,228.357547889098,512237.787215289,5662510.46939679
0.00283731296189198,228.357547889098,512737.787215289,5662510.46939679
0.00143493462879308,228.357547889098,513237.787215289,5662510.46939679
0.00370692726483697,228.357547889098,513737.787215289,5662510.46939679
0.00475945140811711,228.357547889098,514237.787215289,5662510.46939679
0.00107466280104526,228.357547889098,514737.787215289,5662510.46939679
0.00366651514732697,228.357547889098,515237.787215289,5662510.46939679
0.00309977562766124,228.357547889098,515737.787215289,5662510.46939679
0.00569854805482623,228.357547889098,516237.787215289,5662510.46939679
0.000288130454738494,228.357547889098,516737.787215289,5662510.46939679
0.00170194792632232,228.357547889098,517237.787215289,5662510.46939679
0.000331571187381699,228.357547889098,517737.787215289,5662510.46939679
0.00343857708389945,228.357547889098,518237.787215289,5662510.46939679
0.00314618582601153,228.357547889098,518737.787215289,5662510.46939679
0.00557534405187835,228.357547889098,519237.787215289,5662510.46939679
0.00327662769535836,228.357547889098,519737.787215289,5662510.46939679
0.00391661116176278,228.357547889098,520237.787215289,5662510.46939679
0.00464790118506215,228.357547889098,520737.787215289,5662510.46939679
0.00475115146682094,228.357547889098,521237.787215289,5662510.46939679
0.00567987369620425,228.357547889098,521737.787215289,5662510.46939679
0.0062313405776947,228.357547889098,522237.787215289,5662510.46939679
0.00448532284636728,228.357547889098,522737.787215289,5662510.46939679
0.00442244493013377,228.357547889098,523237.787215289,5662510.46939679
0.00466053826157202,228.357547889098,523737.787215289,5662510.46939679
0.00460961034004614,228.357547889098,524237.787215289,5662510.46939679
6.13167361864328e-05,228.357547889098,486737.787215289,5663010.46939679
0.000578596761870078,228.357547889098,487237.787215289,5663010.46939679
3.40572280517595e-05,228.357547889098,487737.787215289,5663010.46939679
3.64418373193043e-05,228.357547889098,488237.787215289,5663010.46939679
6.28082634408914e-05,228.357547889098,488737.787215289,5663010.46939679
3.93967440568586e-05,228.357547889098,489237.787215289,5663010.46939679
3.92881988018629e-05,228.357547889098,489737.787215289,5663010.46939679
3.92881988018629e-05,228.357547889098,490237.787215289,5663010.46939679
5.31849988170734e-05,228.357547889098,490737.787215289,5663010.46939679
4.17051558357067e-05,228.357547889098,491237.787215289,5663010.46939679
0.00518338990588517,228.357547889098,491737.787215289,5663010.46939679
0.000197739448119178,228.357547889098,492237.787215289,5663010.46939679
0.00221694727086959,228.357547889098,492737.787215289,5663010.46939679
8.38394194318747e-05,228.357547889098,493237.787215289,5663010.46939679
0.000213773261738617,228.357547889098,493737.787215289,5663010.46939679
0.000231107186092803,228.357547889098,494237.787215289,5663010.46939679
0.00522656179732919,228.357547889098,494737.787215289,5663010.46939679
0.00379466651191344,228.357547889098,495237.787215289,5663010.46939679
0.00351005198573224,228.357547889098,495737.787215289,5663010.46939679
0.000637997425119676,228.357547889098,496237.787215289,5663010.46939679
4.45810047929103e-05,228.357547889098,496737.787215289,5663010.46939679
6.1403387044856e-05,228.357547889098,497237.787215289,5663010.46939679
0.000105977285113485,228.357547889098,497737.787215289,5663010.46939679
4.81958804720718e-05,228.357547889098,498237.787215289,5663010.46939679
8.3182195834783e-05,228.357547889098,498737.787215289,5663010.46939679
5.63287418019516e-05,228.357547889098,499237.787215289,5663010.46939679
0.000122837426907633,228.357547889098,499737.787215289,5663010.46939679
3.82946119161634e-05,228.357547889098,500237.787215289,5663010.46939679
3.8535105290744e-05,228.357547889098,500737.787215289,5663010.46939679
7.20592056719382e-05,228.357547889098,501237.787215289,5663010.46939679
0.000542475235062334,228.357547889098,501737.787215289,5663010.46939679
0.00219863507814588,228.357547889098,502237.787215289,5663010.46939679
0.00327382675596125,228.357547889098,502737.787215289,5663010.46939679
0.00483454963899238,228.357547889098,503237.787215289,5663010.46939679
0.00443500125073856,228.357547889098,503737.787215289,5663010.46939679
0.00352388316348217,228.357547889098,504237.787215289,5663010.46939679
0.00448043907296656,228.357547889098,504737.787215289,5663010.46939679
0.0028064685512812,228.357547889098,505237.787215289,5663010.46939679
0.00528452795966608,228.357547889098,505737.787215289,5663010.46939679
0.00442244493013377,228.357547889098,506237.787215289,5663010.46939679
0.000724843190278482,228.357547889098,506737.787215289,5663010.46939679
0.00311961787285081,228.357547889098,507237.787215289,5663010.46939679
0.00138865693612136,228.357547889098,507737.787215289,5663010.46939679
0.00137743720649124,228.357547889098,508237.787215289,5663010.46939679
0.00324737569371376,228.357547889098,508737.787215289,5663010.46939679
0.0018936658661235,228.357547889098,509237.787215289,5663010.46939679
0.00241828862016842,228.357547889098,509737.787215289,5663010.46939679
0.00765584728394658,228.357547889098,510237.787215289,5663010.46939679
0.00058894275263198,228.357547889098,510737.787215289,5663010.46939679
0.00162275867637501,228.357547889098,511237.787215289,5663010.46939679
0.0011879924369891,228.357547889098,511737.787215289,5663010.46939679
0.00609823759422007,228.357547889098,512237.787215289,5663010.46939679
0.00332442584506737,228.357547889098,512737.787215289,5663010.46939679
0.00339590994111664,228.357547889098,513237.787215289,5663010.46939679
0.0027239301308251,228.357547889098,513737.787215289,5663010.46939679
0.00409456989653471,228.357547889098,514237.787215289,5663010.46939679
0.00375384066326507,228.357547889098,514737.787215289,5663010.46939679
0.00038398980550947,228.357547889098,515237.787215289,5663010.46939679
0.00458528234328088,228.357547889098,515737.787215289,5663010.46939679
0.00140384017345349,228.357547889098,516237.787215289,5663010.46939679
0.00478996221408335,228.357547889098,516737.787215289,5663010.46939679
0.00319021931577386,228.357547889098,517237.787215289,5663010.46939679
0.000773220183858321,228.357547889098,517737.787215289,5663010.46939679
0.00401882316139693,228.357547889098,518237.787215289,5663010.46939679
0.00367709205265081,228.357547889098,518737.787215289,5663010.46939679
0.00126427118446881,228.357547889098,519237.787215289,5663010.46939679
0.00279877384066988,228.357547889098,519737.787215289,5663010.46939679
0.00391226349961279,228.357547889098,520237.787215289,5663010.46939679
0.0021285329321167,228.357547889098,520737.787215289,5663010.46939679
0.00375703634711396,228.357547889098,521237.787215289,5663010.46939679
0.00484901775512578,228.357547889098,521737.787215289,5663010.46939679
0.006214963546343,228.357547889098,522237.787215289,5663010.46939679
0.00239613596725833,228.357547889098,522737.787215289,5663010.46939679
0.00173041328399197,228.357547889098,523237.787215289,5663010.46939679
0.00105452085796347,228.357547889098,523737.787215289,5663010.46939679
0.00535598606901149,228.357547889098,524237.787215289,5663010.46939679
0.000166924485602011,228.357547889098,486737.787215289,5663510.46939679
8.78505951228031e-05,228.357547889098,487237.787215289,5663510.46939679
0.00110990400204474,228.357547889098,487737.787215289,5663510.46939679
3.40572280517595e-05,228.357547889098,488237.787215289,5663510.46939679
3.40572280517595e-05,228.357547889098,488737.787215289,5663510.46939679
3.54223693115515e-05,228.357547889098,489237.787215289,5663510.46939679
3.54223693115515e-05,228.357547889098,489737.787215289,5663510.46939679
3.80718805455616e-05,228.357547889098,490237.787215289,5663510.46939679
3.81078749482553e-05,228.357547889098,490737.787215289,5663510.46939679
0.000341137490438212,228.357547889098,491237.787215289,5663510.46939679
0.000105932314265708,228.357547889098,491737.787215289,5663510.46939679
6.08961892994567e-05,228.357547889098,492237.787215289,5663510.46939679
0.000105932314265708,228.357547889098,492737.787215289,5663510.46939679
8.9841182061053e-05,228.357547889098,493237.787215289,5663510.46939679
0.00162784425191524,228.357547889098,493737.787215289,5663510.46939679
4.50377495954486e-05,228.357547889098,494237.787215289,5663510.46939679
0.000114570512481954,228.357547889098,494737.787215289,5663510.46939679
0.000398872331495987,228.357547889098,495237.787215289,5663510.46939679
0.000213773261738617,228.357547889098,495737.787215289,5663510.46939679
9.06760634569548e-05,228.357547889098,496237.787215289,5663510.46939679
3.84620060393849e-05,228.357547889098,496737.787215289,5663510.46939679
0.000113624149285773,228.357547889098,497237.787215289,5663510.46939679
0.000144131462910919,228.357547889098,497737.787215289,5663510.46939679
4.55620684456442e-05,228.357547889098,498237.787215289,5663510.46939679
9.27506829098365e-05,228.357547889098,498737.787215289,5663510.46939679
0.00334873014737838,228.357547889098,499237.787215289,5663510.46939679
9.27506829098365e-05,228.357547889098,499737.787215289,5663510.46939679
4.60447864439848e-05,228.357547889098,500237.787215289,5663510.46939679
3.67659585614365e-05,228.357547889098,500737.787215289,5663510.46939679
4.64543183027977e-05,228.357547889098,501237.787215289,5663510.46939679
5.38146592929694e-05,228.357547889098,501737.787215289,5663510.46939679
0.00242039405398075,228.357547889098,502237.787215289,5663510.46939679
0.0011829886467278,228.357547889098,502737.787215289,5663510.46939679
0.00127389223576751,228.357547889098,503237.787215289,5663510.46939679
0.00221694727086959,228.357547889098,503737.787215289,5663510.46939679
0.00327382675596125,228.357547889098,504237.787215289,5663510.46939679
0.00221694727086959,228.357547889098,504737.787215289,5663510.46939679
0.00327382675596125,228.357547889098,505237.787215289,5663510.46939679
0.00327382675596125,228.357547889098,505737.787215289,5663510.46939679
0.00382627187706889,228.357547889098,506237.787215289,5663510.46939679
0.00353928682741738,228.357547889098,506737.787215289,5663510.46939679
0.000368955378509709,228.357547889098,507237.787215289,5663510.46939679
0.00211379835273911,228.357547889098,507737.787215289,5663510.46939679
0.00140658715815578,228.357547889098,508237.787215289,5663510.46939679
0.00418993776339754,228.357547889098,508737.787215289,5663510.46939679
0.0028096491855188,228.357547889098,509237.787215289,5663510.46939679
0.004780927421291,228.357547889098,509737.787215289,5663510.46939679
0.00239637218394505,228.357547889098,510237.787215289,5663510.46939679
0.00205037896550374,228.357547889098,510737.787215289,5663510.46939679
0.00219235808716729,228.357547889098,511237.787215289,5663510.46939679
0.00137743720649124,228.357547889098,511737.787215289,5663510.46939679
0.00140115980487103,228.357547889098,512237.787215289,5663510.46939679
0.00460682515759964,228.357547889098,512737.787215289,5663510.46939679
0.00214937614540796,228.357547889098,513237.787215289,5663510.46939679
0.0011676634546953,228.357547889098,513737.787215289,5663510.46939679
0.000638692855813808,228.357547889098,514237.787215289,5663510.46939679
0.00479461580480296,228.357547889098,514737.787215289,5663510.46939679
0.000844573756991803,228.357547889098,515237.787215289,5663510.46939679
0.000522097764317563,228.357547889098,515737.787215289,5663510.46939679
0.00245329662429855,228.357547889098,516237.787215289,5663510.46939679
0.00163378802321619,228.357547889098,516737.787215289,5663510.46939679
0.00324363335315299,228.357547889098,517237.787215289,5663510.46939679
0.00342703383062907,228.357547889098,517737.787215289,5663510.46939679
0.000262419791761483,228.357547889098,518237.787215289,5663510.46939679
0.00401882316139693,228.357547889098,518737.787215289,5663510.46939679
0.00092172732426575,228.357547889098,519237.787215289,5663510.46939679
0.00380279245413198,228.357547889098,519737.787215289,5663510.46939679
0.00263243820848952,228.357547889098,520237.787215289,5663510.46939679
0.00211508545021604,228.357547889098,520737.787215289,5663510.46939679
0.00595864288120981,228.357547889098,521237.787215289,5663510.46939679
0.00605806614191102,228.357547889098,521737.787215289,5663510.46939679
0.00383354392651488,228.357547889098,522237.787215289,5663510.46939679
0.00411852429941714,228.357547889098,522737.787215289,5663510.46939679
0.003750679052499,228.357547889098,523237.787215289,5663510.46939679
0.00363952778012333,228.357547889098,523737.787215289,5663510.46939679
0.00262450361968987,228.357547889098,524237.787215289,5663510.46939679
3.78629135080979e-05,228.357547889098,486737.787215289,5664010.46939679
4.01417469041564e-05,228.357547889098,487237.787215289,5664010.46939679
0.00281262979121189,228.357547889098,487737.787215289,5664010.46939679
0.00196305618342987,228.357547889098,488237.787215289,5664010.46939679
4.158071928619e-05,228.357547889098,488737.787215289,5664010.46939679
3.52833371519872e-05,228.357547889098,489237.787215289,5664010.46939679
4.45810047929103e-05,228.357547889098,489737.787215289,5664010.46939679
3.28948166654851e-05,228.357547889098,490237.787215289,5664010.46939679
4.85766767423671e-05,228.357547889098,490737.787215289,5664010.46939679
9.06375855940582e-05,228.357547889098,491237.787215289,5664010.46939679
6.13773308728297e-05,228.357547889098,491737.787215289,5664010.46939679
0.000113624149285773,228.357547889098,492237.787215289,5664010.46939679
0.000105932314265708,228.357547889098,492737.787215289,5664010.46939679
0.000105001520833958,228.357547889098,493237.787215289,5664010.46939679
0.000270913927458752,228.357547889098,493737.787215289,5664010.46939679
4.16149537758025e-05,228.357547889098,494237.787215289,5664010.46939679
4.81958804720718e-05,228.357547889098,494737.787215289,5664010.46939679
5.63287418019516e-05,228.357547889098,495237.787215289,5664010.46939679
0.000182908231948513,228.357547889098,495737.787215289,5664010.46939679
0.000123860526492269,228.357547889098,496237.787215289,5664010.46939679
4.158071928619e-05,228.357547889098,496737.787215289,5664010.46939679
8.38750113076412e-05,228.357547889098,497237.787215289,5664010.46939679
7.69432124669691e-05,228.357547889098,497737.787215289,5664010.46939679
7.79021666202881e-05,228.357547889098,498237.787215289,5664010.46939679
0.000297483623011143,228.357547889098,498737.787215289,5664010.46939679
0.00143505648429078,228.357547889098,499237.787215289,5664010.46939679
4.64543183027977e-05,228.357547889098,499737.787215289,5664010.46939679
4.64543183027977e-05,228.357547889098,500237.787215289,5664010.46939679
3.70668636784489e-05,228.357547889098,500737.787215289,5664010.46939679
4.00724510275104e-05,228.357547889098,501237.787215289,5664010.46939679
3.97471468509819e-05,228.357547889098,501737.787215289,5664010.46939679
4.95087024264062e-05,228.357547889098,502237.787215289,5664010.46939679
0.0024065364304789,228.357547889098,502737.787215289,5664010.46939679
0.0011829886467278,228.357547889098,503237.787215289,5664010.46939679
0.00160958119193111,228.357547889098,503737.787215289,5664010.46939679
0.00382627187706889,228.357547889098,504237.787215289,5664010.46939679
0.00205066773218384,228.357547889098,504737.787215289,5664010.46939679
0.00280114481469053,228.357547889098,505237.787215289,5664010.46939679
0.00353928682741738,228.357547889098,505737.787215289,5664010.46939679
0.00382627187706889,228.357547889098,506237.787215289,5664010.46939679
0.00302827720687125,228.357547889098,506737.787215289,5664010.46939679
0.000907775866797509,228.357547889098,507237.787215289,5664010.46939679
0.00366651514732697,228.357547889098,507737.787215289,5664010.46939679
0.00390585490245736,228.357547889098,508237.787215289,5664010.46939679
0.00387567637902709,228.357547889098,508737.787215289,5664010.46939679
0.002796428251058,228.357547889098,509237.787215289,5664010.46939679
0.00382573307704305,228.357547889098,509737.787215289,5664010.46939679
0.00353878843945769,228.357547889098,510237.787215289,5664010.46939679
0.00100533506552792,228.357547889098,510737.787215289,5664010.46939679
0.00238872315157885,228.357547889098,511237.787215289,5664010.46939679
0.00353332738131957,228.357547889098,511737.787215289,5664010.46939679
0.00243007118088513,228.357547889098,512237.787215289,5664010.46939679
0.00196007360518768,228.357547889098,512737.787215289,5664010.46939679
0.00294934278610735,228.357547889098,513237.787215289,5664010.46939679
0.00276255056784393,228.357547889098,513737.787215289,5664010.46939679
0.0010230789925369,228.357547889098,514237.787215289,5664010.46939679
0.00519861231052644,228.357547889098,514737.787215289,5664010.46939679
0.00171018848551101,228.357547889098,515237.787215289,5664010.46939679
0.00398218722230492,228.357547889098,515737.787215289,5664010.46939679
0.00460131819588357,228.357547889098,516237.787215289,5664010.46939679
0.00151989171943982,228.357547889098,516737.787215289,5664010.46939679
0.000289314174306837,228.357547889098,517237.787215289,5664010.46939679
0.00134461390988711,228.357547889098,517737.787215289,5664010.46939679
0.00401882316139693,228.357547889098,518237.787215289,5664010.46939679
0.00371739602773552,228.357547889098,518737.787215289,5664010.46939679
0.00319837450731146,228.357547889098,519237.787215289,5664010.46939679
0.00605682996800592,228.357547889098,519737.787215289,5664010.46939679
0.00164640434088022,228.357547889098,520237.787215289,5664010.46939679
0.00288563458078541,228.357547889098,520737.787215289,5664010.46939679
0.00319098311437769,228.357547889098,521237.787215289,5664010.46939679
0.00440247431852284,228.357547889098,521737.787215289,5664010.46939679
0.000586462142555412,228.357547889098,522237.787215289,5664010.46939679
0.00445247714308131,228.357547889098,522737.787215289,5664010.46939679
0.00274580466757742,228.357547889098,523237.787215289,5664010.46939679
0.00580697768953963,228.357547889098,523737.787215289,5664010.46939679
0.0052888452729934,228.357547889098,524237.787215289,5664010.46939679
4.42521281482378e-05,228.357547889098,486737.787215289,5664510.46939679
5.92784171155788e-05,228.357547889098,487237.787215289,5664510.46939679
0.00150741226465997,228.357547889098,487737.787215289,5664510.46939679
0.00137718649937462,228.357547889098,488237.787215289,5664510.46939679
0.00150125695957086,228.357547889098,488737.787215289,5664510.46939679
5.67978977733152e-05,228.357547889098,489237.787215289,5664510.46939679
0.000105977285113485,228.357547889098,489737.787215289,5664510.46939679
3.5577208234226e-05,228.357547889098,490237.787215289,5664510.46939679
4.158071928619e-05,228.357547889098,490737.787215289,5664510.46939679
7.11042008029685e-05,228.357547889098,491237.787215289,5664510.46939679
3.81078749482553e-05,228.357547889098,491737.787215289,5664510.46939679
8.38394194318747e-05,228.357547889098,492237.787215289,5664510.46939679
7.75511417763826e-05,228.357547889098,492737.787215289,5664510.46939679
3.82563271682856e-05,228.357547889098,493237.787215289,5664510.46939679
4.45384258479357e-05,228.357547889098,493737.787215289,5664510.46939679
6.63541460355809e-05,228.357547889098,494237.787215289,5664510.46939679
4.8597298724908e-05,228.357547889098,494737.787215289,5664510.46939679
3.5577208234226e-05,228.357547889098,495237.787215289,5664510.46939679
0.000133903826478551,228.357547889098,495737.787215289,5664510.46939679
3.81443062562694e-05,228.357547889098,496237.787215289,5664510.46939679
0.00010510190278264,228.357547889098,496737.787215289,5664510.46939679
9.06760634569548e-05,228.357547889098,497237.787215289,5664510.46939679
0.000114570512481954,228.357547889098,497737.787215289,5664510.46939679
0.00351005198573224,228.357547889098,498237.787215289,5664510.46939679
0.00383354392651488,228.357547889098,498737.787215289,5664510.46939679
0.000135720157867221,228.357547889098,499237.787215289,5664510.46939679
5.38146592929694e-05,228.357547889098,499737.787215289,5664510.46939679
5.47376528366752e-05,228.357547889098,500237.787215289,5664510.46939679
4.7258427608356e-05,228.357547889098,500737.787215289,5664510.46939679
4.40632683433728e-05,228.357547889098,501237.787215289,5664510.46939679
4.70830057192602e-05,228.357547889098,501737.787215289,5664510.46939679
8.04307875115458e-05,228.357547889098,502237.787215289,5664510.46939679
0.000148279616131725,228.357547889098,502737.787215289,5664510.46939679
0.000552237054722487,228.357547889098,503237.787215289,5664510.46939679
0.000232054748886513,228.357547889098,503737.787215289,5664510.46939679
0.0028064685512812,228.357547889098,504237.787215289,5664510.46939679
0.00240126476323124,228.357547889098,504737.787215289,5664510.46939679
0.00351005198573224,228.357547889098,505237.787215289,5664510.46939679
0.00189685979593484,228.357547889098,505737.787215289,5664510.46939679
0.0020084777312375,228.357547889098,506237.787215289,5664510.46939679
0.000779493942557236,228.357547889098,506737.787215289,5664510.46939679
0.00143140729140314,228.357547889098,507237.787215289,5664510.46939679
0.0017950139921988,228.357547889098,507737.787215289,5664510.46939679
0.00355796848376142,228.357547889098,508237.787215289,5664510.46939679
0.00448551685582945,228.357547889098,508737.787215289,5664510.46939679
0.00443580861152542,228.357547889098,509237.787215289,5664510.46939679
0.00128432146742366,228.357547889098,509737.787215289,5664510.46939679
0.00237012666744331,228.357547889098,510237.787215289,5664510.46939679
0.00150581482670638,228.357547889098,510737.787215289,5664510.46939679
0.000435097592455789,228.357547889098,511237.787215289,5664510.46939679
0.00283731296189198,228.357547889098,511737.787215289,5664510.46939679
0.0049542665944598,228.357547889098,512237.787215289,5664510.46939679
0.00398764001830518,228.357547889098,512737.787215289,5664510.46939679
0.000423776461138512,228.357547889098,513237.787215289,5664510.46939679
0.000542475235062334,228.357547889098,513737.787215289,5664510.46939679
0.000754337691103431,228.357547889098,514237.787215289,5664510.46939679
0.00448043907296656,228.357547889098,514737.787215289,5664510.46939679
0.00406870137135937,228.357547889098,515237.787215289,5664510.46939679
0.000120446261243879,228.357547889098,515737.787215289,5664510.46939679
0.00291136388485757,228.357547889098,516237.787215289,5664510.46939679
0.000883725245526673,228.357547889098,516737.787215289,5664510.46939679
0.000428569021483292,228.357547889098,517237.787215289,5664510.46939679
0.000192689550762451,228.357547889098,517737.787215289,5664510.46939679
0.000566060588012366,228.357547889098,518237.787215289,5664510.46939679
0.00371739602773552,228.357547889098,518737.787215289,5664510.46939679
0.00403599836383648,228.357547889098,519237.787215289,5664510.46939679
0.00324363335315299,228.357547889098,519737.787215289,5664510.46939679
0.00021674892340135,228.357547889098,520237.787215289,5664510.46939679
0.00195290159628944,228.357547889098,520737.787215289,5664510.46939679
0.00340264485170467,228.357547889098,521237.787215289,5664510.46939679
0.00469417238991893,228.357547889098,521737.787215289,5664510.46939679
0.0047470695494684,228.357547889098,522237.787215289,5664510.46939679
0.00408696424483134,228.357547889098,522737.787215289,5664510.46939679
0.00513198833587472,228.357547889098,523237.787215289,5664510.46939679
0.00629277195904074,228.357547889098,523737.787215289,5664510.46939679
0.00490927069975894,228.357547889098,524237.787215289,5664510.46939679
5.17194971070899e-05,228.357547889098,486737.787215289,5665010.46939679
0.000102675030341809,228.357547889098,487237.787215289,5665010.46939679
0.00242039405398075,228.357547889098,487737.787215289,5665010.46939679
0.00300326335265752,228.357547889098,488237.787215289,5665010.46939679
0.00205066773218384,228.357547889098,488737.787215289,5665010.46939679
0.00413652726979784,228.357547889098,489237.787215289,5665010.46939679
5.67978977733152e-05,228.357547889098,489737.787215289,5665010.46939679
4.81958804720718e-05,228.357547889098,490237.787215289,5665010.46939679
7.69432124669691e-05,228.357547889098,490737.787215289,5665010.46939679
5.67978977733152e-05,228.357547889098,491237.787215289,5665010.46939679
0.000123860526492269,228.357547889098,491737.787215289,5665010.46939679
4.49332398840608e-05,228.357547889098,492237.787215289,5665010.46939679
3.84456849096546e-05,228.357547889098,492737.787215289,5665010.46939679
4.85856657626386e-05,228.357547889098,493237.787215289,5665010.46939679
0.000105887582721639,228.357547889098,493737.787215289,5665010.46939679
7.17042180397208e-05,228.357547889098,494237.787215289,5665010.46939679
3.29087813164339e-05,228.357547889098,494737.787215289,5665010.46939679
3.29087813164339e-05,228.357547889098,495237.787215289,5665010.46939679
3.29087813164339e-05,228.357547889098,495737.787215289,5665010.46939679
3.82946119161634e-05,228.357547889098,496237.787215289,5665010.46939679
4.13997519169711e-05,228.357547889098,496737.787215289,5665010.46939679
6.08961892994567e-05,228.357547889098,497237.787215289,5665010.46939679
9.06760634569548e-05,228.357547889098,497737.787215289,5665010.46939679
0.000133903826478551,228.357547889098,498237.787215289,5665010.46939679
0.000499818007222814,228.357547889098,498737.787215289,5665010.46939679
0.00281262979121189,228.357547889098,499237.787215289,5665010.46939679
6.25549587516292e-05,228.357547889098,499737.787215289,5665010.46939679
4.64543183027977e-05,228.357547889098,500237.787215289,5665010.46939679
6.39744119887722e-05,228.357547889098,500737.787215289,5665010.46939679
5.11886888119159e-05,228.357547889098,501237.787215289,5665010.46939679
5.08091920587751e-05,228.357547889098,501737.787215289,5665010.46939679
3.9938265787206e-05,228.357547889098,502237.787215289,5665010.46939679
7.39366679914843e-05,228.357547889098,502737.787215289,5665010.46939679
0.000218968570445652,228.357547889098,503237.787215289,5665010.46939679
0.000345911617520255,228.357547889098,503737.787215289,5665010.46939679
0.00529094257453257,228.357547889098,504237.787215289,5665010.46939679
0.00331415374704087,228.357547889098,504737.787215289,5665010.46939679
0.000316284807901975,228.357547889098,505237.787215289,5665010.46939679
0.00117610807869205,228.357547889098,505737.787215289,5665010.46939679
0.000359338267161941,228.357547889098,506237.787215289,5665010.46939679
0.00315599093964327,228.357547889098,506737.787215289,5665010.46939679
0.00423895924132091,228.357547889098,507237.787215289,5665010.46939679
0.00454105658931723,228.357547889098,507737.787215289,5665010.46939679
0.00521776132005032,228.357547889098,508237.787215289,5665010.46939679
0.00445703810205083,228.357547889098,508737.787215289,5665010.46939679
0.00378383293261746,228.357547889098,509237.787215289,5665010.46939679
0.00101646760895462,228.357547889098,509737.787215289,5665010.46939679
0.00479548863089027,228.357547889098,510237.787215289,5665010.46939679
0.00386072198049987,228.357547889098,510737.787215289,5665010.46939679
0.00490927069975894,228.357547889098,511237.787215289,5665010.46939679
0.00153248175868777,228.357547889098,511737.787215289,5665010.46939679
0.00211379835273911,228.357547889098,512237.787215289,5665010.46939679
0.00115110005492039,228.357547889098,512737.787215289,5665010.46939679
0.00441032538902436,228.357547889098,513237.787215289,5665010.46939679
0.00382535596450696,228.357547889098,513737.787215289,5665010.46939679
0.00360566333804263,228.357547889098,514237.787215289,5665010.46939679
0.00260753387500225,228.357547889098,514737.787215289,5665010.46939679
0.00187586554959346,228.357547889098,515237.787215289,5665010.46939679
0.00135458450574265,228.357547889098,515737.787215289,5665010.46939679
0.00429929078955827,228.357547889098,516237.787215289,5665010.46939679
0.00359582419032408,228.357547889098,516737.787215289,5665010.46939679
0.00257514858949707,228.357547889098,517237.787215289,5665010.46939679
0.00158153914691025,228.357547889098,517737.787215289,5665010.46939679
0.00462800112079387,228.357547889098,518237.787215289,5665010.46939679
0.00343857708389945,228.357547889098,518737.787215289,5665010.46939679
0.00436325954591034,228.357547889098,519237.787215289,5665010.46939679
0.0051783589761623,228.357547889098,519737.787215289,5665010.46939679
0.00331939747275208,228.357547889098,520237.787215289,5665010.46939679
0.00578376697658034,228.357547889098,520737.787215289,5665010.46939679
0.00583142931327806,228.357547889098,521237.787215289,5665010.46939679
0.00504193083131873,228.357547889098,521737.787215289,5665010.46939679
0.00595394795515831,228.357547889098,522237.787215289,5665010.46939679
0.00321185331200949,228.357547889098,522737.787215289,5665010.46939679
0.00475527839250399,228.357547889098,523237.787215289,5665010.46939679
0.00499566344369085,228.357547889098,523737.787215289,5665010.46939679
0.003609016273699,228.357547889098,524237.787215289,5665010.46939679
5.98265745334337e-05,228.357547889098,487237.787215289,5665510.46939679
4.20929104987168e-05,228.357547889098,487737.787215289,5665510.46939679
0.00479461580480296,228.357547889098,488237.787215289,5665510.46939679
0.00118815974880695,228.357547889098,488737.787215289,5665510.46939679
0.00256964592036779,228.357547889098,489237.787215289,5665510.46939679
4.50377495954486e-05,228.357547889098,489737.787215289,5665510.46939679
4.81958804720718e-05,228.357547889098,490237.787215289,5665510.46939679
4.8597298724908e-05,228.357547889098,490737.787215289,5665510.46939679
6.1403387044856e-05,228.357547889098,491237.787215289,5665510.46939679
7.17649620825843e-05,228.357547889098,491737.787215289,5665510.46939679
6.62705405398432e-05,228.357547889098,492237.787215289,5665510.46939679
4.45810047929103e-05,228.357547889098,492737.787215289,5665510.46939679
8.37669874725588e-05,228.357547889098,493237.787215289,5665510.46939679
4.85561644957363e-05,228.357547889098,493737.787215289,5665510.46939679
4.49142661345121e-05,228.357547889098,494237.787215289,5665510.46939679
0.000268395688534885,228.357547889098,494737.787215289,5665510.46939679
3.52496383316466e-05,228.357547889098,495237.787215289,5665510.46939679
3.84936728111203e-05,228.357547889098,495737.787215289,5665510.46939679
3.82946119161634e-05,228.357547889098,496237.787215289,5665510.46939679
9.80285827192566e-05,228.357547889098,496737.787215289,5665510.46939679
0.000105977285113485,228.357547889098,497237.787215289,5665510.46939679
0.00016918941381068,228.357547889098,497737.787215289,5665510.46939679
0.000123860526492269,228.357547889098,498237.787215289,5665510.46939679
0.00016918941381068,228.357547889098,498737.787215289,5665510.46939679
0.000247782884657822,228.357547889098,499237.787215289,5665510.46939679
0.000214179550099595,228.357547889098,499737.787215289,5665510.46939679
0.000216672977867465,228.357547889098,500237.787215289,5665510.46939679
5.81782510057218e-05,228.357547889098,500737.787215289,5665510.46939679
8.72390792293119e-05,228.357547889098,501237.787215289,5665510.46939679
8.65440864399947e-05,228.357547889098,501737.787215289,5665510.46939679
5.80974030574109e-05,228.357547889098,502237.787215289,5665510.46939679
4.56189886149017e-05,228.357547889098,502737.787215289,5665510.46939679
3.59717839243196e-05,228.357547889098,503237.787215289,5665510.46939679
7.21398080435503e-05,228.357547889098,503737.787215289,5665510.46939679
6.15871459057816e-05,228.357547889098,504237.787215289,5665510.46939679
0.00280047429157926,228.357547889098,504737.787215289,5665510.46939679
0.00350669956442516,228.357547889098,505237.787215289,5665510.46939679
0.00274580466757742,228.357547889098,505737.787215289,5665510.46939679
0.00431098003691586,228.357547889098,506237.787215289,5665510.46939679
0.00426387190461493,228.357547889098,506737.787215289,5665510.46939679
0.00419410652696723,228.357547889098,507237.787215289,5665510.46939679
0.00484922749595359,228.357547889098,507737.787215289,5665510.46939679
0.00219235808716729,228.357547889098,508237.787215289,5665510.46939679
0.00150104555867867,228.357547889098,508737.787215289,5665510.46939679
0.00058894275263198,228.357547889098,509237.787215289,5665510.46939679
0.00137325470217993,228.357547889098,509737.787215289,5665510.46939679
0.00190261872672245,228.357547889098,510237.787215289,5665510.46939679
0.00390165537445716,228.357547889098,510737.787215289,5665510.46939679
0.00180751095363109,228.357547889098,511237.787215289,5665510.46939679
0.00268418978653103,228.357547889098,511737.787215289,5665510.46939679
0.000664566383120941,228.357547889098,512237.787215289,5665510.46939679
0.00437993515590911,228.357547889098,512737.787215289,5665510.46939679
0.00562576901388286,228.357547889098,513237.787215289,5665510.46939679
0.00450556197491891,228.357547889098,513737.787215289,5665510.46939679
0.00620697582527531,228.357547889098,514237.787215289,5665510.46939679
0.00416762756549305,228.357547889098,514737.787215289,5665510.46939679
0.00277273241199415,228.357547889098,515237.787215289,5665510.46939679
0.00471221216442038,228.357547889098,515737.787215289,5665510.46939679
0.000834593458316242,228.357547889098,516237.787215289,5665510.46939679
0.0015221540200553,228.357547889098,516737.787215289,5665510.46939679
0.00443069669715134,228.357547889098,517237.787215289,5665510.46939679
0.00400533203048173,228.357547889098,517737.787215289,5665510.46939679
0.00434469168258591,228.357547889098,518237.787215289,5665510.46939679
0.00318067062903734,228.357547889098,518737.787215289,5665510.46939679
0.00345327249475686,228.357547889098,519237.787215289,5665510.46939679
0.00443069669715134,228.357547889098,519737.787215289,5665510.46939679
0.00449963631359497,228.357547889098,520237.787215289,5665510.46939679
0.00569854805482623,228.357547889098,520737.787215289,5665510.46939679
0.00455280548424867,228.357547889098,521237.787215289,5665510.46939679
0.00538097802430317,228.357547889098,521737.787215289,5665510.46939679
0.00429929078955827,228.357547889098,522237.787215289,5665510.46939679
0.00433245635797886,228.357547889098,522737.787215289,5665510.46939679
0.00437273747242217,228.357547889098,523237.787215289,5665510.46939679
0.00466053826157202,228.357547889098,523737.787215289,5665510.46939679
7.86364490691179e-05,228.357547889098,487737.787215289,5666010.46939679
0.000212842878968662,228.357547889098,488237.787215289,5666010.46939679
0.00338807637261379,228.357547889098,488737.787215289,5666010.46939679
0.00479461580480296,228.357547889098,489237.787215289,5666010.46939679
6.63823149868723e-05,228.357547889098,489737.787215289,5666010.46939679
4.8597298724908e-05,228.357547889098,490237.787215289,5666010.46939679
3.29087813164339e-05,228.357547889098,490737.787215289,5666010.46939679
4.45810047929103e-05,228.357547889098,491237.787215289,5666010.46939679
3.54223693115515e-05,228.357547889098,491737.787215289,5666010.46939679
3.84133046617371e-05,228.357547889098,492237.787215289,5666010.46939679
7.16740918217694e-05,228.357547889098,492737.787215289,5666010.46939679
5.62217887712459e-05,228.357547889098,493237.787215289,5666010.46939679
0.000105887582721639,228.357547889098,493737.787215289,5666010.46939679
4.15455241028956e-05,228.357547889098,494237.787215289,5666010.46939679
3.88885761197426e-05,228.357547889098,494737.787215289,5666010.46939679
3.87962966706325e-05,228.357547889098,495237.787215289,5666010.46939679
4.81498489895568e-05,228.357547889098,495737.787215289,5666010.46939679
5.25155437137638e-05,228.357547889098,496237.787215289,5666010.46939679
9.06760634569548e-05,228.357547889098,496737.787215289,5666010.46939679
9.06760634569548e-05,228.357547889098,497237.787215289,5666010.46939679
4.12372586386751e-05,228.357547889098,497737.787215289,5666010.46939679
7.69432124669691e-05,228.357547889098,498237.787215289,5666010.46939679
0.000862645498978927,228.357547889098,498737.787215289,5666010.46939679
0.000123860526492269,228.357547889098,499237.787215289,5666010.46939679
0.00413652726979784,228.357547889098,499737.787215289,5666010.46939679
0.000230101362716182,228.357547889098,500237.787215289,5666010.46939679
0.000170861349957721,228.357547889098,500737.787215289,5666010.46939679
0.000379555519047007,228.357547889098,501237.787215289,5666010.46939679
0.000254532316511766,228.357547889098,501737.787215289,5666010.46939679
0.000158046094122136,228.357547889098,502237.787215289,5666010.46939679
6.63664247422322e-05,228.357547889098,502737.787215289,5666010.46939679
4.14416742048601e-05,228.357547889098,503237.787215289,5666010.46939679
4.11978732776982e-05,228.357547889098,503737.787215289,5666010.46939679
0.000246853029954689,228.357547889098,504237.787215289,5666010.46939679
0.000246404247798149,228.357547889098,504737.787215289,5666010.46939679
0.00403824383896452,228.357547889098,505237.787215289,5666010.46939679
0.00468719567866174,228.357547889098,505737.787215289,5666010.46939679
0.00498338316966379,228.357547889098,506237.787215289,5666010.46939679
0.00226062457456698,228.357547889098,506737.787215289,5666010.46939679
0.00240398617085791,228.357547889098,507237.787215289,5666010.46939679
0.00410310597158694,228.357547889098,507737.787215289,5666010.46939679
0.00382573307704305,228.357547889098,508237.787215289,5666010.46939679
0.00221663508938192,228.357547889098,508737.787215289,5666010.46939679
0.000940228644083035,228.357547889098,509237.787215289,5666010.46939679
0.00109719264828023,228.357547889098,509737.787215289,5666010.46939679
0.0028401359362604,228.357547889098,510237.787215289,5666010.46939679
0.00154747375129348,228.357547889098,510737.787215289,5666010.46939679
0.00368855173984173,228.357547889098,511237.787215289,5666010.46939679
7.54454281813354e-05,228.357547889098,511737.787215289,5666010.46939679
0.000209202197343491,228.357547889098,512237.787215289,5666010.46939679
0.00160804389439101,228.357547889098,512737.787215289,5666010.46939679
0.00568631113590166,228.357547889098,513237.787215289,5666010.46939679
0.00491879120292511,228.357547889098,513737.787215289,5666010.46939679
0.00566727003316884,228.357547889098,514237.787215289,5666010.46939679
0.00324992370125095,228.357547889098,514737.787215289,5666010.46939679
0.00705377009100012,228.357547889098,515237.787215289,5666010.46939679
0.00403185313518894,228.357547889098,515737.787215289,5666010.46939679
0.00429078113300534,228.357547889098,516237.787215289,5666010.46939679
0.0045341879977769,228.357547889098,516737.787215289,5666010.46939679
0.0013758498203635,228.357547889098,517237.787215289,5666010.46939679
0.000282745876288808,228.357547889098,517737.787215289,5666010.46939679
0.00215386445166644,228.357547889098,518237.787215289,5666010.46939679
0.00469469832982767,228.357547889098,518737.787215289,5666010.46939679
0.00548084169091043,228.357547889098,519237.787215289,5666010.46939679
0.00346915404031856,228.357547889098,519737.787215289,5666010.46939679
0.00478996221408335,228.357547889098,520237.787215289,5666010.46939679
0.00203808407463572,228.357547889098,520737.787215289,5666010.46939679
0.00524707783600096,228.357547889098,521237.787215289,5666010.46939679
0.00531005206966338,228.357547889098,521737.787215289,5666010.46939679
0.00579357029756294,228.357547889098,522237.787215289,5666010.46939679
0.00366183788661559,228.357547889098,522737.787215289,5666010.46939679
0.00156565436605378,228.357547889098,523237.787215289,5666010.46939679
