"D_mod","EN","x","y"
8.37257455035066e-05,206.691773418098,487737.787215289,5631510.46939679
0.000727449210289734,206.691773418098,488237.787215289,5631510.46939679
0.00010321065592538,206.691773418098,488737.787215289,5631510.46939679
0.000293800217101452,206.691773418098,489237.787215289,5631510.46939679
0.000127230154028322,206.691773418098,489737.787215289,5631510.46939679
6.38755389567971e-05,206.691773418098,490237.787215289,5631510.46939679
0.00010321065592538,206.691773418098,490737.787215289,5631510.46939679
0.00016778449159872,206.691773418098,491237.787215289,5631510.46939679
5.28601310637012e-05,206.691773418098,491737.787215289,5631510.46939679
0.000171976736525518,206.691773418098,492237.787215289,5631510.46939679
0.000488008848071862,206.691773418098,492737.787215289,5631510.46939679
0.00024104787252694,206.691773418098,493237.787215289,5631510.46939679
0.000756101245375968,206.691773418098,493737.787215289,5631510.46939679
0.000758729779004709,206.691773418098,494237.787215289,5631510.46939679
0.000322956617409114,206.691773418098,494737.787215289,5631510.46939679
4.40980783623911e-05,206.691773418098,495237.787215289,5631510.46939679
4.40980783623911e-05,206.691773418098,495737.787215289,5631510.46939679
4.40980783623911e-05,206.691773418098,496237.787215289,5631510.46939679
4.40980783623911e-05,206.691773418098,496737.787215289,5631510.46939679
4.40980783623911e-05,206.691773418098,497237.787215289,5631510.46939679
3.80183256095692e-05,206.691773418098,497737.787215289,5631510.46939679
0.000622065360271304,206.691773418098,498237.787215289,5631510.46939679
0.00183082186099141,206.691773418098,498737.787215289,5631510.46939679
0.00177077585894946,206.691773418098,499237.787215289,5631510.46939679
5.05184294010273e-05,206.691773418098,499737.787215289,5631510.46939679
9.38651539917415e-06,206.691773418098,500237.787215289,5631510.46939679
4.40980783623911e-05,206.691773418098,500737.787215289,5631510.46939679
4.40980783623911e-05,206.691773418098,501237.787215289,5631510.46939679
4.40980783623911e-05,206.691773418098,501737.787215289,5631510.46939679
4.40980783623911e-05,206.691773418098,502237.787215289,5631510.46939679
4.40980783623911e-05,206.691773418098,502737.787215289,5631510.46939679
4.40980783623911e-05,206.691773418098,503237.787215289,5631510.46939679
4.40980783623911e-05,206.691773418098,503737.787215289,5631510.46939679
0.000543007518820749,206.691773418098,504237.787215289,5631510.46939679
0.000704122145424065,206.691773418098,504737.787215289,5631510.46939679
0.00193126444930095,206.691773418098,505237.787215289,5631510.46939679
0.00308266882324982,206.691773418098,505737.787215289,5631510.46939679
0.00258173980757818,206.691773418098,506237.787215289,5631510.46939679
0.000642023022178577,206.691773418098,506737.787215289,5631510.46939679
0.000406657341091676,206.691773418098,507237.787215289,5631510.46939679
0.000822223789503528,206.691773418098,507737.787215289,5631510.46939679
0.000343580052763142,206.691773418098,508237.787215289,5631510.46939679
9.46338229159428e-05,206.691773418098,508737.787215289,5631510.46939679
4.40980783623911e-05,206.691773418098,509237.787215289,5631510.46939679
4.40980783623911e-05,206.691773418098,509737.787215289,5631510.46939679
0.000616331967618083,206.691773418098,510237.787215289,5631510.46939679
0.000500634959153944,206.691773418098,510737.787215289,5631510.46939679
0.000195397730709401,206.691773418098,511237.787215289,5631510.46939679
0.000429345727550491,206.691773418098,511737.787215289,5631510.46939679
0.000295366818177526,206.691773418098,512237.787215289,5631510.46939679
0.0013702580383003,206.691773418098,512737.787215289,5631510.46939679
0.00153016916301453,206.691773418098,513237.787215289,5631510.46939679
0.00299014553929776,206.691773418098,513737.787215289,5631510.46939679
0.00142816291532801,206.691773418098,514237.787215289,5631510.46939679
0.000496718889991807,206.691773418098,514737.787215289,5631510.46939679
5.30147470886217e-05,206.691773418098,515237.787215289,5631510.46939679
6.59691878136348e-05,206.691773418098,515737.787215289,5631510.46939679
5.7097446977973e-05,206.691773418098,516237.787215289,5631510.46939679
0.000216718623254785,206.691773418098,516737.787215289,5631510.46939679
0.000421156556898721,206.691773418098,517237.787215289,5631510.46939679
0.00010529655192362,206.691773418098,517737.787215289,5631510.46939679
0.000149230184053508,206.691773418098,518237.787215289,5631510.46939679
0.000867426199805017,206.691773418098,518737.787215289,5631510.46939679
0.000644277790303544,206.691773418098,519237.787215289,5631510.46939679
0.000370028189437713,206.691773418098,519737.787215289,5631510.46939679
0.000182234366828644,206.691773418098,520237.787215289,5631510.46939679
0.000189941688746115,206.691773418098,520737.787215289,5631510.46939679
0.000621619857033787,206.691773418098,521237.787215289,5631510.46939679
0.000545183444023308,206.691773418098,521737.787215289,5631510.46939679
0.00100142548436195,206.691773418098,522237.787215289,5631510.46939679
0.00756807248159241,206.691773418098,522737.787215289,5631510.46939679
0.000479968287055342,206.691773418098,523237.787215289,5631510.46939679
0.000202811946672138,206.691773418098,487237.787215289,5632010.46939679
0.00187910926541502,206.691773418098,487737.787215289,5632010.46939679
0.000123794212315842,206.691773418098,488237.787215289,5632010.46939679
5.74813270999316e-05,206.691773418098,488737.787215289,5632010.46939679
0.000201706491589641,206.691773418098,489237.787215289,5632010.46939679
0.000100423378014929,206.691773418098,489737.787215289,5632010.46939679
8.19111398021999e-05,206.691773418098,490237.787215289,5632010.46939679
0.000420665129484796,206.691773418098,490737.787215289,5632010.46939679
0.000136989617072712,206.691773418098,491237.787215289,5632010.46939679
0.00032588085081235,206.691773418098,491737.787215289,5632010.46939679
0.000207304909602615,206.691773418098,492237.787215289,5632010.46939679
0.000118659236064716,206.691773418098,492737.787215289,5632010.46939679
0.000569333686608539,206.691773418098,493237.787215289,5632010.46939679
0.000740227045399706,206.691773418098,493737.787215289,5632010.46939679
0.000210946274408461,206.691773418098,494237.787215289,5632010.46939679
0.00058971299176253,206.691773418098,494737.787215289,5632010.46939679
0.000103373238666949,206.691773418098,495237.787215289,5632010.46939679
0.000352300756162631,206.691773418098,495737.787215289,5632010.46939679
0.000362639332560142,206.691773418098,496237.787215289,5632010.46939679
4.40980783623911e-05,206.691773418098,496737.787215289,5632010.46939679
4.40980783623911e-05,206.691773418098,497237.787215289,5632010.46939679
4.40980783623911e-05,206.691773418098,497737.787215289,5632010.46939679
0.00382722488492979,206.691773418098,498237.787215289,5632010.46939679
4.40980783623911e-05,206.691773418098,498737.787215289,5632010.46939679
4.40980783623911e-05,206.691773418098,499237.787215289,5632010.46939679
4.40980783623911e-05,206.691773418098,499737.787215289,5632010.46939679
4.40980783623911e-05,206.691773418098,500237.787215289,5632010.46939679
4.40980783623911e-05,206.691773418098,500737.787215289,5632010.46939679
4.40980783623911e-05,206.691773418098,501237.787215289,5632010.46939679
4.40980783623911e-05,206.691773418098,501737.787215289,5632010.46939679
4.40980783623911e-05,206.691773418098,502237.787215289,5632010.46939679
0.000953584442745817,206.691773418098,502737.787215289,5632010.46939679
0.000843352741022406,206.691773418098,503237.787215289,5632010.46939679
0.00098289614303252,206.691773418098,503737.787215289,5632010.46939679
0.000730485787365346,206.691773418098,504237.787215289,5632010.46939679
0.00196799686099359,206.691773418098,504737.787215289,5632010.46939679
0.00233223790969355,206.691773418098,505237.787215289,5632010.46939679
0.000148787306780712,206.691773418098,505737.787215289,5632010.46939679
0.000117073535607872,206.691773418098,506237.787215289,5632010.46939679
0.00125391443668097,206.691773418098,506737.787215289,5632010.46939679
0.000118239066149664,206.691773418098,507237.787215289,5632010.46939679
0.000881614131808758,206.691773418098,507737.787215289,5632010.46939679
7.40765645909934e-05,206.691773418098,508237.787215289,5632010.46939679
0.00065118523972475,206.691773418098,508737.787215289,5632010.46939679
0.000298637925951279,206.691773418098,509237.787215289,5632010.46939679
9.42373113354591e-06,206.691773418098,509737.787215289,5632010.46939679
0.000121990351281531,206.691773418098,510237.787215289,5632010.46939679
0.000793770222491777,206.691773418098,510737.787215289,5632010.46939679
0.00104185390456495,206.691773418098,511237.787215289,5632010.46939679
0.000570744248569838,206.691773418098,511737.787215289,5632010.46939679
0.000574341105450037,206.691773418098,512237.787215289,5632010.46939679
0.000823633176625284,206.691773418098,512737.787215289,5632010.46939679
0.00102004417822636,206.691773418098,513237.787215289,5632010.46939679
0.00173050901694368,206.691773418098,513737.787215289,5632010.46939679
0.00220892664340028,206.691773418098,514237.787215289,5632010.46939679
0.00284162486599505,206.691773418098,514737.787215289,5632010.46939679
0.0038238297418969,206.691773418098,515237.787215289,5632010.46939679
0.00244491215397856,206.691773418098,515737.787215289,5632010.46939679
0.000519907969461127,206.691773418098,516237.787215289,5632010.46939679
0.000378620629063663,206.691773418098,516737.787215289,5632010.46939679
0.000120900270334339,206.691773418098,517237.787215289,5632010.46939679
0.000352700133366815,206.691773418098,517737.787215289,5632010.46939679
0.000100510754881865,206.691773418098,518237.787215289,5632010.46939679
0.00102960798608612,206.691773418098,518737.787215289,5632010.46939679
0.00764815445723111,206.691773418098,519237.787215289,5632010.46939679
0.000833399356732018,206.691773418098,519737.787215289,5632010.46939679
0.00513054360943412,206.691773418098,520237.787215289,5632010.46939679
0.00106856680965306,206.691773418098,520737.787215289,5632010.46939679
0.000655816208320023,206.691773418098,521237.787215289,5632010.46939679
0.00611379220851957,206.691773418098,521737.787215289,5632010.46939679
0.0034422261335745,206.691773418098,522237.787215289,5632010.46939679
0.00601377862455843,206.691773418098,522737.787215289,5632010.46939679
0.000266498227335738,206.691773418098,523237.787215289,5632010.46939679
9.59200744980391e-05,206.691773418098,523737.787215289,5632010.46939679
0.000109393143357353,206.691773418098,486737.787215289,5632510.46939679
0.000192265281053366,206.691773418098,487237.787215289,5632510.46939679
0.00117165370480596,206.691773418098,487737.787215289,5632510.46939679
0.000507384517278425,206.691773418098,488237.787215289,5632510.46939679
0.000109393143357353,206.691773418098,488737.787215289,5632510.46939679
0.000144591952263275,206.691773418098,489237.787215289,5632510.46939679
0.000178241831647816,206.691773418098,489737.787215289,5632510.46939679
0.00016723372261029,206.691773418098,490237.787215289,5632510.46939679
0.000210916679477108,206.691773418098,490737.787215289,5632510.46939679
0.000556020153133315,206.691773418098,491237.787215289,5632510.46939679
0.000377157535125764,206.691773418098,491737.787215289,5632510.46939679
0.000278821256097801,206.691773418098,492237.787215289,5632510.46939679
9.79486162798014e-05,206.691773418098,492737.787215289,5632510.46939679
9.34873156307941e-05,206.691773418098,493237.787215289,5632510.46939679
0.000347629936309592,206.691773418098,493737.787215289,5632510.46939679
0.000185575493560465,206.691773418098,494237.787215289,5632510.46939679
0.00027515201729061,206.691773418098,494737.787215289,5632510.46939679
0.000336377005437975,206.691773418098,495237.787215289,5632510.46939679
0.000619379560831454,206.691773418098,495737.787215289,5632510.46939679
0.000138488632469107,206.691773418098,496237.787215289,5632510.46939679
0.00093767594996707,206.691773418098,496737.787215289,5632510.46939679
4.40980783623911e-05,206.691773418098,497237.787215289,5632510.46939679
2.44774277714383e-05,206.691773418098,497737.787215289,5632510.46939679
1.91178771997065e-05,206.691773418098,498237.787215289,5632510.46939679
4.40980783623911e-05,206.691773418098,498737.787215289,5632510.46939679
4.40980783623911e-05,206.691773418098,499237.787215289,5632510.46939679
4.40980783623911e-05,206.691773418098,499737.787215289,5632510.46939679
4.40980783623911e-05,206.691773418098,500237.787215289,5632510.46939679
4.40980783623911e-05,206.691773418098,500737.787215289,5632510.46939679
4.40980783623911e-05,206.691773418098,501237.787215289,5632510.46939679
0.000891265388096095,206.691773418098,501737.787215289,5632510.46939679
0.00164562291277634,206.691773418098,502237.787215289,5632510.46939679
0.00127003079070782,206.691773418098,502737.787215289,5632510.46939679
0.000345286864079759,206.691773418098,503237.787215289,5632510.46939679
0.00173749213197074,206.691773418098,503737.787215289,5632510.46939679
0.00119746847126907,206.691773418098,504237.787215289,5632510.46939679
0.000420162277547602,206.691773418098,504737.787215289,5632510.46939679
0.000850704061826978,206.691773418098,505237.787215289,5632510.46939679
0.000454131850160448,206.691773418098,505737.787215289,5632510.46939679
4.09811673547087e-05,206.691773418098,506237.787215289,5632510.46939679
4.41831053363929e-05,206.691773418098,506737.787215289,5632510.46939679
0.000169143770170263,206.691773418098,507237.787215289,5632510.46939679
0.000690101532062929,206.691773418098,507737.787215289,5632510.46939679
0.00104868250132058,206.691773418098,508237.787215289,5632510.46939679
0.00129273508605824,206.691773418098,508737.787215289,5632510.46939679
6.65203465663035e-05,206.691773418098,509237.787215289,5632510.46939679
6.22752321098373e-05,206.691773418098,509737.787215289,5632510.46939679
2.00046318258107e-05,206.691773418098,510237.787215289,5632510.46939679
0.00013128301242398,206.691773418098,510737.787215289,5632510.46939679
0.000231030999902153,206.691773418098,511237.787215289,5632510.46939679
0.000658979329733672,206.691773418098,511737.787215289,5632510.46939679
0.000636584259083728,206.691773418098,512237.787215289,5632510.46939679
0.00115382503031735,206.691773418098,512737.787215289,5632510.46939679
5.58334344906983e-05,206.691773418098,513237.787215289,5632510.46939679
0.00149966398549598,206.691773418098,513737.787215289,5632510.46939679
0.00260943630365299,206.691773418098,514237.787215289,5632510.46939679
0.00310558325125899,206.691773418098,514737.787215289,5632510.46939679
0.00419390537939664,206.691773418098,515237.787215289,5632510.46939679
0.00296026100710482,206.691773418098,515737.787215289,5632510.46939679
0.000680620200099165,206.691773418098,516237.787215289,5632510.46939679
0.000214083380530666,206.691773418098,516737.787215289,5632510.46939679
0.000119536764696576,206.691773418098,517237.787215289,5632510.46939679
0.000302694490287739,206.691773418098,517737.787215289,5632510.46939679
9.24910972660139e-05,206.691773418098,518237.787215289,5632510.46939679
0.000134133034613325,206.691773418098,518737.787215289,5632510.46939679
0.00465672194852329,206.691773418098,519237.787215289,5632510.46939679
0.000313468357444584,206.691773418098,519737.787215289,5632510.46939679
0.000254652870924941,206.691773418098,520237.787215289,5632510.46939679
0.00556055639546662,206.691773418098,520737.787215289,5632510.46939679
0.000686219572893093,206.691773418098,521237.787215289,5632510.46939679
0.000370554801430632,206.691773418098,521737.787215289,5632510.46939679
0.00723063486712261,206.691773418098,522237.787215289,5632510.46939679
0.00236897431398787,206.691773418098,522737.787215289,5632510.46939679
0.000457564677967813,206.691773418098,523237.787215289,5632510.46939679
0.000107770783372886,206.691773418098,523737.787215289,5632510.46939679
0.000114137703444133,206.691773418098,524237.787215289,5632510.46939679
0.00158512047187342,206.691773418098,486737.787215289,5633010.46939679
0.000395724892576073,206.691773418098,487237.787215289,5633010.46939679
5.97726543532425e-05,206.691773418098,487737.787215289,5633010.46939679
4.84883077389492e-05,206.691773418098,488237.787215289,5633010.46939679
4.52218705409549e-05,206.691773418098,488737.787215289,5633010.46939679
4.52218705409549e-05,206.691773418098,489237.787215289,5633010.46939679
4.52218705409549e-05,206.691773418098,489737.787215289,5633010.46939679
4.55459448942566e-05,206.691773418098,490237.787215289,5633010.46939679
4.9196676055104e-05,206.691773418098,490737.787215289,5633010.46939679
6.96375664015631e-05,206.691773418098,491237.787215289,5633010.46939679
4.44582247882772e-05,206.691773418098,491737.787215289,5633010.46939679
0.00132589614889829,206.691773418098,492237.787215289,5633010.46939679
0.000872526205556786,206.691773418098,492737.787215289,5633010.46939679
0.00038627426150253,206.691773418098,493237.787215289,5633010.46939679
0.00071481523307165,206.691773418098,493737.787215289,5633010.46939679
7.19878282826528e-05,206.691773418098,494237.787215289,5633010.46939679
0.000111321414458711,206.691773418098,494737.787215289,5633010.46939679
0.000167247378005669,206.691773418098,495237.787215289,5633010.46939679
0.00013632706714791,206.691773418098,495737.787215289,5633010.46939679
0.000152633597474048,206.691773418098,496237.787215289,5633010.46939679
0.00019763871291531,206.691773418098,496737.787215289,5633010.46939679
0.000569333686608539,206.691773418098,497237.787215289,5633010.46939679
0.00121208177402463,206.691773418098,497737.787215289,5633010.46939679
0.00149283401946366,206.691773418098,498237.787215289,5633010.46939679
4.40980783623911e-05,206.691773418098,498737.787215289,5633010.46939679
4.40980783623911e-05,206.691773418098,499237.787215289,5633010.46939679
4.40980783623911e-05,206.691773418098,499737.787215289,5633010.46939679
2.55247902874221e-05,206.691773418098,500237.787215289,5633010.46939679
4.69479434789251e-05,206.691773418098,500737.787215289,5633010.46939679
0.0014867912557686,206.691773418098,501237.787215289,5633010.46939679
0.000305954802026448,206.691773418098,501737.787215289,5633010.46939679
0.000282001652987265,206.691773418098,502237.787215289,5633010.46939679
0.00169709679093177,206.691773418098,502737.787215289,5633010.46939679
0.00176212692471985,206.691773418098,503237.787215289,5633010.46939679
0.000237009842669773,206.691773418098,503737.787215289,5633010.46939679
0.000416575703750734,206.691773418098,504237.787215289,5633010.46939679
0.00311357357995851,206.691773418098,504737.787215289,5633010.46939679
0.00224840979157317,206.691773418098,505237.787215289,5633010.46939679
0.000559818797071247,206.691773418098,505737.787215289,5633010.46939679
0.000232459670823449,206.691773418098,506237.787215289,5633010.46939679
4.40980783623911e-05,206.691773418098,506737.787215289,5633010.46939679
4.40980783623911e-05,206.691773418098,507237.787215289,5633010.46939679
0.000409359608485802,206.691773418098,507737.787215289,5633010.46939679
0.000978037521305169,206.691773418098,508237.787215289,5633010.46939679
0.00204273589290637,206.691773418098,508737.787215289,5633010.46939679
0.000802379692835944,206.691773418098,509237.787215289,5633010.46939679
0.000113891660310074,206.691773418098,509737.787215289,5633010.46939679
2.66441232502982e-05,206.691773418098,510237.787215289,5633010.46939679
5.21458279391089e-05,206.691773418098,510737.787215289,5633010.46939679
1.80840102453421e-05,206.691773418098,511237.787215289,5633010.46939679
0.000300126448431544,206.691773418098,511737.787215289,5633010.46939679
0.000695444852964023,206.691773418098,512237.787215289,5633010.46939679
0.00118581062801595,206.691773418098,512737.787215289,5633010.46939679
0.000165892228665052,206.691773418098,513237.787215289,5633010.46939679
0.00192552458331773,206.691773418098,513737.787215289,5633010.46939679
0.00297590948582012,206.691773418098,514237.787215289,5633010.46939679
0.00435743053062526,206.691773418098,514737.787215289,5633010.46939679
0.00398143243201782,206.691773418098,515237.787215289,5633010.46939679
0.00406969957106425,206.691773418098,515737.787215289,5633010.46939679
0.00251605645478406,206.691773418098,516237.787215289,5633010.46939679
0.000258109498787693,206.691773418098,516737.787215289,5633010.46939679
0.000406146007348421,206.691773418098,517237.787215289,5633010.46939679
0.00022299172911463,206.691773418098,517737.787215289,5633010.46939679
0.000146743112148416,206.691773418098,518237.787215289,5633010.46939679
0.000149590006500888,206.691773418098,518737.787215289,5633010.46939679
0.00524770065080943,206.691773418098,519237.787215289,5633010.46939679
7.16043168358281e-05,206.691773418098,519737.787215289,5633010.46939679
0.000237159042582752,206.691773418098,520237.787215289,5633010.46939679
0.000595368644941362,206.691773418098,520737.787215289,5633010.46939679
0.00547044191742835,206.691773418098,521237.787215289,5633010.46939679
0.00031867622244776,206.691773418098,521737.787215289,5633010.46939679
0.00434301972828362,206.691773418098,522237.787215289,5633010.46939679
0.000306781109646657,206.691773418098,522737.787215289,5633010.46939679
0.000196991191309983,206.691773418098,523237.787215289,5633010.46939679
6.99754841408954e-05,206.691773418098,523737.787215289,5633010.46939679
0.000112735290029934,206.691773418098,524237.787215289,5633010.46939679
0.00529127603022841,206.691773418098,486737.787215289,5633510.46939679
0.000460747242443177,206.691773418098,487237.787215289,5633510.46939679
6.53709213450522e-05,206.691773418098,487737.787215289,5633510.46939679
4.94573208132681e-05,206.691773418098,488237.787215289,5633510.46939679
4.94573208132681e-05,206.691773418098,488737.787215289,5633510.46939679
6.53709213450522e-05,206.691773418098,489237.787215289,5633510.46939679
0.000594203069340064,206.691773418098,489737.787215289,5633510.46939679
4.94573208132681e-05,206.691773418098,490237.787215289,5633510.46939679
6.10771117576017e-05,206.691773418098,490737.787215289,5633510.46939679
4.27916222402313e-05,206.691773418098,491237.787215289,5633510.46939679
9.6888410245261e-05,206.691773418098,491737.787215289,5633510.46939679
9.51509419249405e-05,206.691773418098,492237.787215289,5633510.46939679
7.71876070023837e-05,206.691773418098,492737.787215289,5633510.46939679
0.000364546912281892,206.691773418098,493237.787215289,5633510.46939679
0.00014436069291756,206.691773418098,493737.787215289,5633510.46939679
0.000118632690864725,206.691773418098,494237.787215289,5633510.46939679
0.000897155019161016,206.691773418098,494737.787215289,5633510.46939679
0.000727272496811374,206.691773418098,495237.787215289,5633510.46939679
0.000158262488136294,206.691773418098,495737.787215289,5633510.46939679
0.00015523509293706,206.691773418098,496237.787215289,5633510.46939679
0.00186299355115577,206.691773418098,496737.787215289,5633510.46939679
0.00265828124646761,206.691773418098,497237.787215289,5633510.46939679
0.000799793780797915,206.691773418098,497737.787215289,5633510.46939679
0.000997908055279949,206.691773418098,498237.787215289,5633510.46939679
0.00134448638140775,206.691773418098,498737.787215289,5633510.46939679
0.00108292728435415,206.691773418098,499237.787215289,5633510.46939679
0.000463308041553066,206.691773418098,499737.787215289,5633510.46939679
0.00211478457018002,206.691773418098,500237.787215289,5633510.46939679
0.000242520731484379,206.691773418098,500737.787215289,5633510.46939679
0.00140244961607674,206.691773418098,501237.787215289,5633510.46939679
0.000667854930763791,206.691773418098,501737.787215289,5633510.46939679
0.00152435640214481,206.691773418098,502237.787215289,5633510.46939679
0.000320510273818832,206.691773418098,502737.787215289,5633510.46939679
0.000335899151472301,206.691773418098,503237.787215289,5633510.46939679
0.000636749469423302,206.691773418098,503737.787215289,5633510.46939679
0.000612660153685838,206.691773418098,504237.787215289,5633510.46939679
0.000405139814589325,206.691773418098,504737.787215289,5633510.46939679
0.00195625292702379,206.691773418098,505237.787215289,5633510.46939679
0.00201430949142711,206.691773418098,505737.787215289,5633510.46939679
3.81697054901142e-05,206.691773418098,506237.787215289,5633510.46939679
4.40980783623911e-05,206.691773418098,506737.787215289,5633510.46939679
4.40980783623911e-05,206.691773418098,507237.787215289,5633510.46939679
5.10683705605211e-05,206.691773418098,507737.787215289,5633510.46939679
0.000850704061826978,206.691773418098,508237.787215289,5633510.46939679
0.00202625564081252,206.691773418098,508737.787215289,5633510.46939679
0.00227053638291367,206.691773418098,509237.787215289,5633510.46939679
0.00134212591985528,206.691773418098,509737.787215289,5633510.46939679
0.000123580100166769,206.691773418098,510237.787215289,5633510.46939679
6.70117091064309e-05,206.691773418098,510737.787215289,5633510.46939679
0.000106476901915176,206.691773418098,511237.787215289,5633510.46939679
6.32349403948441e-05,206.691773418098,511737.787215289,5633510.46939679
0.000303863124144591,206.691773418098,512237.787215289,5633510.46939679
0.00201318493239683,206.691773418098,512737.787215289,5633510.46939679
0.00157522503173202,206.691773418098,513237.787215289,5633510.46939679
0.000586510797143312,206.691773418098,513737.787215289,5633510.46939679
0.00403242732246941,206.691773418098,514237.787215289,5633510.46939679
0.00437324775701608,206.691773418098,514737.787215289,5633510.46939679
0.00341784900312244,206.691773418098,515237.787215289,5633510.46939679
0.00351075083064944,206.691773418098,515737.787215289,5633510.46939679
0.0028504957949048,206.691773418098,516237.787215289,5633510.46939679
0.00554335443523619,206.691773418098,516737.787215289,5633510.46939679
0.000283780258346293,206.691773418098,517237.787215289,5633510.46939679
0.000189966589698848,206.691773418098,517737.787215289,5633510.46939679
0.000102292910377968,206.691773418098,518237.787215289,5633510.46939679
0.000260078864673779,206.691773418098,518737.787215289,5633510.46939679
0.00209735487864744,206.691773418098,519237.787215289,5633510.46939679
0.00152747591736798,206.691773418098,519737.787215289,5633510.46939679
0.0049265706360452,206.691773418098,520237.787215289,5633510.46939679
0.00621446179605408,206.691773418098,520737.787215289,5633510.46939679
0.000707021051870816,206.691773418098,521237.787215289,5633510.46939679
0.00251578031512017,206.691773418098,521737.787215289,5633510.46939679
0.00397022421099349,206.691773418098,522237.787215289,5633510.46939679
0.00022514609310942,206.691773418098,522737.787215289,5633510.46939679
0.000135378543692335,206.691773418098,523237.787215289,5633510.46939679
0.00451695199551609,206.691773418098,523737.787215289,5633510.46939679
0.00417259240401098,206.691773418098,524237.787215289,5633510.46939679
7.68749754375351e-05,206.691773418098,486737.787215289,5634010.46939679
0.000705346834036384,206.691773418098,487237.787215289,5634010.46939679
7.1696257287255e-05,206.691773418098,487737.787215289,5634010.46939679
6.23619196231521e-05,206.691773418098,488237.787215289,5634010.46939679
0.000698771646789444,206.691773418098,488737.787215289,5634010.46939679
5.81608801665458e-05,206.691773418098,489237.787215289,5634010.46939679
4.40980783623911e-05,206.691773418098,489737.787215289,5634010.46939679
6.29487226230804e-05,206.691773418098,490237.787215289,5634010.46939679
5.36727713445661e-05,206.691773418098,490737.787215289,5634010.46939679
4.98477728447839e-05,206.691773418098,491237.787215289,5634010.46939679
6.10771117576017e-05,206.691773418098,491737.787215289,5634010.46939679
4.52218705409549e-05,206.691773418098,492237.787215289,5634010.46939679
4.52218705409549e-05,206.691773418098,492737.787215289,5634010.46939679
4.95464995281429e-05,206.691773418098,493237.787215289,5634010.46939679
4.79568321684287e-05,206.691773418098,493737.787215289,5634010.46939679
8.05842412019695e-05,206.691773418098,494237.787215289,5634010.46939679
0.000117550348364608,206.691773418098,494737.787215289,5634010.46939679
0.000352903032523454,206.691773418098,495237.787215289,5634010.46939679
0.000995350340457124,206.691773418098,495737.787215289,5634010.46939679
0.000159572079865723,206.691773418098,496237.787215289,5634010.46939679
0.00165065327687276,206.691773418098,496737.787215289,5634010.46939679
0.00139881229971595,206.691773418098,497237.787215289,5634010.46939679
0.00152157333155137,206.691773418098,497737.787215289,5634010.46939679
0.000454302800559175,206.691773418098,498237.787215289,5634010.46939679
0.000260038333678387,206.691773418098,498737.787215289,5634010.46939679
0.000168870257864102,206.691773418098,499237.787215289,5634010.46939679
0.000185575493560465,206.691773418098,499737.787215289,5634010.46939679
0.00101487643016679,206.691773418098,500237.787215289,5634010.46939679
0.000115454758149244,206.691773418098,500737.787215289,5634010.46939679
0.000288697640595734,206.691773418098,501237.787215289,5634010.46939679
0.000208662969941425,206.691773418098,501737.787215289,5634010.46939679
9.4998758181452e-05,206.691773418098,502237.787215289,5634010.46939679
0.00132239420665791,206.691773418098,502737.787215289,5634010.46939679
0.000424308639639612,206.691773418098,503237.787215289,5634010.46939679
0.000400761261284668,206.691773418098,503737.787215289,5634010.46939679
0.00237498764389452,206.691773418098,504237.787215289,5634010.46939679
0.000348487570899438,206.691773418098,504737.787215289,5634010.46939679
0.0022907459475053,206.691773418098,505237.787215289,5634010.46939679
0.000486934411187078,206.691773418098,505737.787215289,5634010.46939679
0.000395007145555052,206.691773418098,506237.787215289,5634010.46939679
0.000171965810166711,206.691773418098,506737.787215289,5634010.46939679
4.40980783623911e-05,206.691773418098,507237.787215289,5634010.46939679
2.06253552075789e-05,206.691773418098,507737.787215289,5634010.46939679
0.000541076919010697,206.691773418098,508237.787215289,5634010.46939679
0.0017074877025415,206.691773418098,508737.787215289,5634010.46939679
0.00133340846282359,206.691773418098,509237.787215289,5634010.46939679
0.000245281886984231,206.691773418098,509737.787215289,5634010.46939679
0.000309706962488888,206.691773418098,510237.787215289,5634010.46939679
5.48175779160314e-06,206.691773418098,510737.787215289,5634010.46939679
0.000124303425660418,206.691773418098,511237.787215289,5634010.46939679
0.000198779678543213,206.691773418098,511737.787215289,5634010.46939679
0.000918461502389536,206.691773418098,512237.787215289,5634010.46939679
0.00137359143520307,206.691773418098,512737.787215289,5634010.46939679
0.000225242983236029,206.691773418098,513237.787215289,5634010.46939679
0.000953584442745817,206.691773418098,513737.787215289,5634010.46939679
0.000254150136693654,206.691773418098,514237.787215289,5634010.46939679
0.00375385350296857,206.691773418098,514737.787215289,5634010.46939679
0.00290299508616565,206.691773418098,515237.787215289,5634010.46939679
0.00196491190497885,206.691773418098,515737.787215289,5634010.46939679
0.00320643447962437,206.691773418098,516237.787215289,5634010.46939679
0.00332990375220318,206.691773418098,516737.787215289,5634010.46939679
9.80896694079974e-05,206.691773418098,517237.787215289,5634010.46939679
0.000986891141683314,206.691773418098,517737.787215289,5634010.46939679
0.000568997882537123,206.691773418098,518237.787215289,5634010.46939679
0.00116840649544122,206.691773418098,518737.787215289,5634010.46939679
0.000102554116524106,206.691773418098,519237.787215289,5634010.46939679
0.000115741498028835,206.691773418098,519737.787215289,5634010.46939679
0.000592008339325447,206.691773418098,520237.787215289,5634010.46939679
0.000855293565643905,206.691773418098,520737.787215289,5634010.46939679
9.74939581648068e-05,206.691773418098,521237.787215289,5634010.46939679
0.00431026524826473,206.691773418098,521737.787215289,5634010.46939679
0.00358557893399797,206.691773418098,522237.787215289,5634010.46939679
0.00334403475659729,206.691773418098,522737.787215289,5634010.46939679
0.00328681917872745,206.691773418098,523237.787215289,5634010.46939679
0.00409958519580173,206.691773418098,523737.787215289,5634010.46939679
0.0035374383051856,206.691773418098,524237.787215289,5634010.46939679
8.529152245778e-05,206.691773418098,486737.787215289,5634510.46939679
0.000171313234999328,206.691773418098,487237.787215289,5634510.46939679
9.14522450970027e-05,206.691773418098,487737.787215289,5634510.46939679
6.91895254310718e-05,206.691773418098,488237.787215289,5634510.46939679
0.000831274879052807,206.691773418098,488737.787215289,5634510.46939679
6.91895254310718e-05,206.691773418098,489237.787215289,5634510.46939679
6.91895254310718e-05,206.691773418098,489737.787215289,5634510.46939679
6.91895254310718e-05,206.691773418098,490237.787215289,5634510.46939679
8.22536261925869e-05,206.691773418098,490737.787215289,5634510.46939679
5.81608801665458e-05,206.691773418098,491237.787215289,5634510.46939679
0.000650411844913654,206.691773418098,491737.787215289,5634510.46939679
0.000644849436817303,206.691773418098,492237.787215289,5634510.46939679
0.000644849436817303,206.691773418098,492737.787215289,5634510.46939679
5.41357474143819e-05,206.691773418098,493237.787215289,5634510.46939679
0.000679786627180099,206.691773418098,493737.787215289,5634510.46939679
6.68664058719222e-05,206.691773418098,494237.787215289,5634510.46939679
5.47465244007906e-05,206.691773418098,494737.787215289,5634510.46939679
0.000357017396363469,206.691773418098,495237.787215289,5634510.46939679
0.000191532931226793,206.691773418098,495737.787215289,5634510.46939679
0.00232612970551555,206.691773418098,496237.787215289,5634510.46939679
0.00134064145510424,206.691773418098,496737.787215289,5634510.46939679
0.00139717014995957,206.691773418098,497237.787215289,5634510.46939679
0.00010266305338146,206.691773418098,497737.787215289,5634510.46939679
0.000285865931170698,206.691773418098,498237.787215289,5634510.46939679
0.000100423378014929,206.691773418098,498737.787215289,5634510.46939679
0.000226151478022151,206.691773418098,499237.787215289,5634510.46939679
0.00190905660073554,206.691773418098,499737.787215289,5634510.46939679
0.000553967713530027,206.691773418098,500237.787215289,5634510.46939679
0.000310901281698483,206.691773418098,500737.787215289,5634510.46939679
0.000118373814212523,206.691773418098,501237.787215289,5634510.46939679
8.07295462640187e-05,206.691773418098,501737.787215289,5634510.46939679
0.000338009281853057,206.691773418098,502237.787215289,5634510.46939679
0.000167098531144379,206.691773418098,502737.787215289,5634510.46939679
6.61636621148224e-05,206.691773418098,503237.787215289,5634510.46939679
0.00301379074241699,206.691773418098,503737.787215289,5634510.46939679
0.000110742047042133,206.691773418098,504237.787215289,5634510.46939679
0.00116977977015789,206.691773418098,504737.787215289,5634510.46939679
0.000197017016437558,206.691773418098,505237.787215289,5634510.46939679
0.000330898433909408,206.691773418098,505737.787215289,5634510.46939679
3.20788487353179e-05,206.691773418098,506237.787215289,5634510.46939679
0.000850704061826978,206.691773418098,506737.787215289,5634510.46939679
4.40980783623911e-05,206.691773418098,507237.787215289,5634510.46939679
4.40980783623911e-05,206.691773418098,507737.787215289,5634510.46939679
4.40980783623911e-05,206.691773418098,508237.787215289,5634510.46939679
0.000144529741596581,206.691773418098,508737.787215289,5634510.46939679
0.00196306461340537,206.691773418098,509237.787215289,5634510.46939679
0.00159246200651749,206.691773418098,509737.787215289,5634510.46939679
6.22752321098373e-05,206.691773418098,510237.787215289,5634510.46939679
2.89162386525531e-05,206.691773418098,510737.787215289,5634510.46939679
7.48971679037665e-05,206.691773418098,511237.787215289,5634510.46939679
6.85383111021042e-05,206.691773418098,511737.787215289,5634510.46939679
0.00037643482330027,206.691773418098,512237.787215289,5634510.46939679
0.00154370827518412,206.691773418098,512737.787215289,5634510.46939679
0.0008107154664111,206.691773418098,513237.787215289,5634510.46939679
4.47657704536716e-05,206.691773418098,513737.787215289,5634510.46939679
0.00468444236407491,206.691773418098,514237.787215289,5634510.46939679
0.00149361497971534,206.691773418098,514737.787215289,5634510.46939679
0.00302782622862363,206.691773418098,515237.787215289,5634510.46939679
0.00273521227534098,206.691773418098,515737.787215289,5634510.46939679
0.0011727894865665,206.691773418098,516237.787215289,5634510.46939679
0.000215104064612083,206.691773418098,516737.787215289,5634510.46939679
0.00273831604017675,206.691773418098,517237.787215289,5634510.46939679
0.00137162381876074,206.691773418098,517737.787215289,5634510.46939679
0.00223488176940893,206.691773418098,518237.787215289,5634510.46939679
0.00326695952814457,206.691773418098,518737.787215289,5634510.46939679
0.000108128383281373,206.691773418098,519237.787215289,5634510.46939679
0.000143026873897108,206.691773418098,519737.787215289,5634510.46939679
0.000267925587099201,206.691773418098,520237.787215289,5634510.46939679
0.000551330278699161,206.691773418098,520737.787215289,5634510.46939679
0.00471321147176653,206.691773418098,521237.787215289,5634510.46939679
0.0001474926539283,206.691773418098,521737.787215289,5634510.46939679
0.00229551824674268,206.691773418098,522237.787215289,5634510.46939679
0.00348828354231452,206.691773418098,522737.787215289,5634510.46939679
0.00398143243201782,206.691773418098,523237.787215289,5634510.46939679
0.00373891141933232,206.691773418098,523737.787215289,5634510.46939679
0.00344059449086381,206.691773418098,524237.787215289,5634510.46939679
5.06986826455827e-05,206.691773418098,486737.787215289,5635010.46939679
4.72833425232915e-05,206.691773418098,487237.787215289,5635010.46939679
9.2589899998574e-05,206.691773418098,487737.787215289,5635010.46939679
7.51100584912512e-05,206.691773418098,488237.787215289,5635010.46939679
7.51100584912512e-05,206.691773418098,488737.787215289,5635010.46939679
0.000902406894670283,206.691773418098,489237.787215289,5635010.46939679
0.000902406894670283,206.691773418098,489737.787215289,5635010.46939679
7.51100584912512e-05,206.691773418098,490237.787215289,5635010.46939679
0.000804219800846756,206.691773418098,490737.787215289,5635010.46939679
0.00075523235628921,206.691773418098,491237.787215289,5635010.46939679
0.000705346834036384,206.691773418098,491737.787215289,5635010.46939679
0.000698771646789444,206.691773418098,492237.787215289,5635010.46939679
0.000698771646789444,206.691773418098,492737.787215289,5635010.46939679
0.000529814658053653,206.691773418098,493237.787215289,5635010.46939679
6.10084322322043e-05,206.691773418098,493737.787215289,5635010.46939679
6.28602759912359e-05,206.691773418098,494237.787215289,5635010.46939679
5.90659877830848e-05,206.691773418098,494737.787215289,5635010.46939679
9.56455111995958e-05,206.691773418098,495237.787215289,5635010.46939679
0.000897362043071789,206.691773418098,495737.787215289,5635010.46939679
0.000219113857058125,206.691773418098,496237.787215289,5635010.46939679
0.000538512398510105,206.691773418098,496737.787215289,5635010.46939679
0.00149993522218934,206.691773418098,497237.787215289,5635010.46939679
0.00147069807220626,206.691773418098,497737.787215289,5635010.46939679
0.000507384517278425,206.691773418098,498237.787215289,5635010.46939679
0.000109393143357353,206.691773418098,498737.787215289,5635010.46939679
0.00052627195752315,206.691773418098,499237.787215289,5635010.46939679
6.79041538248851e-05,206.691773418098,499737.787215289,5635010.46939679
9.81566520719253e-05,206.691773418098,500237.787215289,5635010.46939679
8.95574298929784e-05,206.691773418098,500737.787215289,5635010.46939679
0.000388602541160713,206.691773418098,501237.787215289,5635010.46939679
0.00305258349249881,206.691773418098,501737.787215289,5635010.46939679
6.39784756585202e-05,206.691773418098,502237.787215289,5635010.46939679
6.33324043935215e-05,206.691773418098,502737.787215289,5635010.46939679
7.68749754375351e-05,206.691773418098,503237.787215289,5635010.46939679
0.000108950070292651,206.691773418098,503737.787215289,5635010.46939679
0.000490189997119658,206.691773418098,504237.787215289,5635010.46939679
0.00111244008958829,206.691773418098,504737.787215289,5635010.46939679
0.0020489346346623,206.691773418098,505237.787215289,5635010.46939679
0.000148123434987988,206.691773418098,505737.787215289,5635010.46939679
2.60227541543823e-05,206.691773418098,506237.787215289,5635010.46939679
0.000486934411187078,206.691773418098,506737.787215289,5635010.46939679
0.000405586661908622,206.691773418098,507237.787215289,5635010.46939679
4.40980783623911e-05,206.691773418098,507737.787215289,5635010.46939679
4.40980783623911e-05,206.691773418098,508237.787215289,5635010.46939679
0.000193226565692124,206.691773418098,508737.787215289,5635010.46939679
3.32444238205175e-05,206.691773418098,509237.787215289,5635010.46939679
4.71152321216301e-05,206.691773418098,509737.787215289,5635010.46939679
0.000288843410223918,206.691773418098,510237.787215289,5635010.46939679
0.000239584676934533,206.691773418098,510737.787215289,5635010.46939679
3.95443360867364e-05,206.691773418098,511237.787215289,5635010.46939679
3.85457208776922e-06,206.691773418098,511737.787215289,5635010.46939679
0.000493958118345409,206.691773418098,512237.787215289,5635010.46939679
0.000983075449128651,206.691773418098,512737.787215289,5635010.46939679
0.00175108271604283,206.691773418098,513237.787215289,5635010.46939679
0.000205223687587849,206.691773418098,513737.787215289,5635010.46939679
0.00201186006725239,206.691773418098,514237.787215289,5635010.46939679
0.00297186780883901,206.691773418098,514737.787215289,5635010.46939679
0.00299715123502243,206.691773418098,515237.787215289,5635010.46939679
0.0035831838752827,206.691773418098,515737.787215289,5635010.46939679
0.00329234455675856,206.691773418098,516237.787215289,5635010.46939679
0.00161236839908501,206.691773418098,516737.787215289,5635010.46939679
0.0026925015532934,206.691773418098,517237.787215289,5635010.46939679
0.00218419016716475,206.691773418098,517737.787215289,5635010.46939679
0.00313004743677963,206.691773418098,518237.787215289,5635010.46939679
0.000983894302438957,206.691773418098,518737.787215289,5635010.46939679
7.60866181631992e-05,206.691773418098,519237.787215289,5635010.46939679
0.000430483619317057,206.691773418098,519737.787215289,5635010.46939679
0.00122541785710005,206.691773418098,520237.787215289,5635010.46939679
0.00269808745139899,206.691773418098,520737.787215289,5635010.46939679
0.00403982850669179,206.691773418098,521237.787215289,5635010.46939679
0.00414924800760018,206.691773418098,521737.787215289,5635010.46939679
0.00209765150254469,206.691773418098,522237.787215289,5635010.46939679
0.0036891133091642,206.691773418098,522737.787215289,5635010.46939679
0.00424130011670581,206.691773418098,523237.787215289,5635010.46939679
0.00260109883817415,206.691773418098,523737.787215289,5635010.46939679
0.00295398695200507,206.691773418098,524237.787215289,5635010.46939679
8.81550996966312e-05,206.691773418098,486737.787215289,5635510.46939679
0.000101350162843397,206.691773418098,487237.787215289,5635510.46939679
9.45226624134626e-05,206.691773418098,487737.787215289,5635510.46939679
0.00105913603802948,206.691773418098,488237.787215289,5635510.46939679
0.00105913603802948,206.691773418098,488737.787215289,5635510.46939679
0.00105913603802948,206.691773418098,489237.787215289,5635510.46939679
8.44710359054877e-05,206.691773418098,489737.787215289,5635510.46939679
7.70000330122055e-05,206.691773418098,490237.787215289,5635510.46939679
0.000529814658053653,206.691773418098,490737.787215289,5635510.46939679
0.0008808253418792,206.691773418098,491237.787215289,5635510.46939679
6.91895254310718e-05,206.691773418098,491737.787215289,5635510.46939679
0.000211181772663212,206.691773418098,492237.787215289,5635510.46939679
0.000129609518247395,206.691773418098,492737.787215289,5635510.46939679
6.91895254310718e-05,206.691773418098,493237.787215289,5635510.46939679
9.46440301834017e-05,206.691773418098,493737.787215289,5635510.46939679
7.76816661172235e-05,206.691773418098,494237.787215289,5635510.46939679
6.35037530567505e-05,206.691773418098,494737.787215289,5635510.46939679
8.48009451658982e-05,206.691773418098,495237.787215289,5635510.46939679
9.88499267562662e-05,206.691773418098,495737.787215289,5635510.46939679
0.000978558186955532,206.691773418098,496237.787215289,5635510.46939679
0.000873562974370459,206.691773418098,496737.787215289,5635510.46939679
0.000152146455219754,206.691773418098,497237.787215289,5635510.46939679
0.00032568863995416,206.691773418098,497737.787215289,5635510.46939679
0.00018243939417793,206.691773418098,498237.787215289,5635510.46939679
0.000341755227275039,206.691773418098,498737.787215289,5635510.46939679
5.78047528050509e-05,206.691773418098,499237.787215289,5635510.46939679
0.000161858372936293,206.691773418098,499737.787215289,5635510.46939679
7.57489799448255e-05,206.691773418098,500237.787215289,5635510.46939679
9.06726718355354e-05,206.691773418098,500737.787215289,5635510.46939679
0.00045848323606897,206.691773418098,501237.787215289,5635510.46939679
0.000674211397630321,206.691773418098,501737.787215289,5635510.46939679
8.06387681187626e-05,206.691773418098,502237.787215289,5635510.46939679
6.4832570541899e-05,206.691773418098,502737.787215289,5635510.46939679
7.25591829519612e-05,206.691773418098,503237.787215289,5635510.46939679
7.52065003398651e-05,206.691773418098,503737.787215289,5635510.46939679
7.95237667273742e-05,206.691773418098,504237.787215289,5635510.46939679
0.000519333329846151,206.691773418098,504737.787215289,5635510.46939679
0.00303802993313017,206.691773418098,505237.787215289,5635510.46939679
0.0023340599839016,206.691773418098,505737.787215289,5635510.46939679
0.000739948504064711,206.691773418098,506237.787215289,5635510.46939679
5.60437017612698e-05,206.691773418098,506737.787215289,5635510.46939679
0.000368137853371944,206.691773418098,507237.787215289,5635510.46939679
4.40980783623911e-05,206.691773418098,507737.787215289,5635510.46939679
4.40980783623911e-05,206.691773418098,508237.787215289,5635510.46939679
4.40980783623911e-05,206.691773418098,508737.787215289,5635510.46939679
7.00837134752969e-05,206.691773418098,509237.787215289,5635510.46939679
0.000622065360271304,206.691773418098,509737.787215289,5635510.46939679
0.000125083609315935,206.691773418098,510237.787215289,5635510.46939679
0.000850704061826978,206.691773418098,510737.787215289,5635510.46939679
6.90863626771147e-05,206.691773418098,511237.787215289,5635510.46939679
2.45385737511409e-05,206.691773418098,511737.787215289,5635510.46939679
1.20840231603653e-05,206.691773418098,512237.787215289,5635510.46939679
0.00095736426788294,206.691773418098,512737.787215289,5635510.46939679
0.00184011087054308,206.691773418098,513237.787215289,5635510.46939679
0.000114830456481067,206.691773418098,513737.787215289,5635510.46939679
0.00028563112645213,206.691773418098,514237.787215289,5635510.46939679
0.00289504117373422,206.691773418098,514737.787215289,5635510.46939679
0.00253603583041145,206.691773418098,515237.787215289,5635510.46939679
0.00286199490550024,206.691773418098,515737.787215289,5635510.46939679
0.00244114795327192,206.691773418098,516237.787215289,5635510.46939679
0.00129791603641465,206.691773418098,516737.787215289,5635510.46939679
0.00281082561416174,206.691773418098,517237.787215289,5635510.46939679
0.00172510036796563,206.691773418098,517737.787215289,5635510.46939679
0.00230141695477252,206.691773418098,518237.787215289,5635510.46939679
0.000363686115310384,206.691773418098,518737.787215289,5635510.46939679
0.000216276025740349,206.691773418098,519237.787215289,5635510.46939679
0.00181296340555418,206.691773418098,519737.787215289,5635510.46939679
0.00169083229018536,206.691773418098,520237.787215289,5635510.46939679
0.00230516082097906,206.691773418098,520737.787215289,5635510.46939679
0.00242587461615316,206.691773418098,521237.787215289,5635510.46939679
0.00133903011210292,206.691773418098,521737.787215289,5635510.46939679
0.00359855321492302,206.691773418098,522237.787215289,5635510.46939679
0.00252504597979969,206.691773418098,522737.787215289,5635510.46939679
0.00357858894166268,206.691773418098,523237.787215289,5635510.46939679
0.0033557506571439,206.691773418098,523737.787215289,5635510.46939679
0.002331619553842,206.691773418098,524237.787215289,5635510.46939679
9.66244585198037e-05,206.691773418098,486737.787215289,5636010.46939679
0.000127714760404325,206.691773418098,487237.787215289,5636010.46939679
0.000103603774540341,206.691773418098,487737.787215289,5636010.46939679
0.00116089082226197,206.691773418098,488237.787215289,5636010.46939679
0.00116089082226197,206.691773418098,488737.787215289,5636010.46939679
0.00109093973992076,206.691773418098,489237.787215289,5636010.46939679
9.08147875515922e-05,206.691773418098,489737.787215289,5636010.46939679
7.07801831186896e-05,206.691773418098,490237.787215289,5636010.46939679
4.72833425232915e-05,206.691773418098,490737.787215289,5636010.46939679
0.00011026137740106,206.691773418098,491237.787215289,5636010.46939679
8.529152245778e-05,206.691773418098,491737.787215289,5636010.46939679
0.000105159923631714,206.691773418098,492237.787215289,5636010.46939679
0.000902406894670283,206.691773418098,492737.787215289,5636010.46939679
7.60428726885672e-05,206.691773418098,493237.787215289,5636010.46939679
7.79825117373113e-05,206.691773418098,493737.787215289,5636010.46939679
0.00012546149145933,206.691773418098,494237.787215289,5636010.46939679
7.33638243954105e-05,206.691773418098,494737.787215289,5636010.46939679
6.4832570541899e-05,206.691773418098,495237.787215289,5636010.46939679
6.16130182822149e-05,206.691773418098,495737.787215289,5636010.46939679
7.52065003398651e-05,206.691773418098,496237.787215289,5636010.46939679
6.1786352033273e-05,206.691773418098,496737.787215289,5636010.46939679
5.75496285984152e-05,206.691773418098,497237.787215289,5636010.46939679
4.98477728447839e-05,206.691773418098,497737.787215289,5636010.46939679
6.09671791006696e-05,206.691773418098,498237.787215289,5636010.46939679
4.94573208132681e-05,206.691773418098,498737.787215289,5636010.46939679
0.000220864874131688,206.691773418098,499237.787215289,5636010.46939679
0.000123941309305967,206.691773418098,499737.787215289,5636010.46939679
8.2265012279666e-05,206.691773418098,500237.787215289,5636010.46939679
6.97483321578238e-05,206.691773418098,500737.787215289,5636010.46939679
7.01401797835019e-05,206.691773418098,501237.787215289,5636010.46939679
8.48057590929869e-05,206.691773418098,501737.787215289,5636010.46939679
7.1003564871988e-05,206.691773418098,502237.787215289,5636010.46939679
7.07801831186896e-05,206.691773418098,502737.787215289,5636010.46939679
4.40980783623911e-05,206.691773418098,503237.787215289,5636010.46939679
8.30864691006261e-05,206.691773418098,503737.787215289,5636010.46939679
8.89751082744896e-05,206.691773418098,504237.787215289,5636010.46939679
0.000220760107839332,206.691773418098,504737.787215289,5636010.46939679
0.00299043154313164,206.691773418098,505237.787215289,5636010.46939679
0.00105057692292381,206.691773418098,505737.787215289,5636010.46939679
0.000203083751343503,206.691773418098,506237.787215289,5636010.46939679
8.51643513536118e-05,206.691773418098,506737.787215289,5636010.46939679
0.000242429472932383,206.691773418098,507237.787215289,5636010.46939679
0.000948667194699299,206.691773418098,507737.787215289,5636010.46939679
4.40980783623911e-05,206.691773418098,508237.787215289,5636010.46939679
4.40980783623911e-05,206.691773418098,508737.787215289,5636010.46939679
4.40980783623911e-05,206.691773418098,509237.787215289,5636010.46939679
3.26607502056876e-06,206.691773418098,509737.787215289,5636010.46939679
0.000313078417383148,206.691773418098,510237.787215289,5636010.46939679
8.92195525077185e-05,206.691773418098,510737.787215289,5636010.46939679
0.000912151572927162,206.691773418098,511237.787215289,5636010.46939679
3.02492653495991e-05,206.691773418098,511737.787215289,5636010.46939679
4.17936746856445e-06,206.691773418098,512237.787215289,5636010.46939679
5.04215971165244e-05,206.691773418098,512737.787215289,5636010.46939679
0.000822640035024664,206.691773418098,513237.787215289,5636010.46939679
0.001096602314372,206.691773418098,513737.787215289,5636010.46939679
9.20560869074088e-05,206.691773418098,514237.787215289,5636010.46939679
0.0018775658015947,206.691773418098,514737.787215289,5636010.46939679
0.00143437971625258,206.691773418098,515237.787215289,5636010.46939679
0.00175206086556571,206.691773418098,515737.787215289,5636010.46939679
0.00277856038619718,206.691773418098,516237.787215289,5636010.46939679
0.00239372157526075,206.691773418098,516737.787215289,5636010.46939679
0.00258495196873264,206.691773418098,517237.787215289,5636010.46939679
0.00258495196873264,206.691773418098,517737.787215289,5636010.46939679
0.00171553908973941,206.691773418098,518237.787215289,5636010.46939679
0.00236848041836208,206.691773418098,518737.787215289,5636010.46939679
0.00308185150255654,206.691773418098,519237.787215289,5636010.46939679
3.58649713903918e-05,206.691773418098,519737.787215289,5636010.46939679
0.0033375156483172,206.691773418098,520237.787215289,5636010.46939679
0.00280076080390807,206.691773418098,520737.787215289,5636010.46939679
0.00256780144383428,206.691773418098,521237.787215289,5636010.46939679
0.00319592183675844,206.691773418098,521737.787215289,5636010.46939679
0.002331619553842,206.691773418098,522237.787215289,5636010.46939679
0.000763908969896804,206.691773418098,522737.787215289,5636010.46939679
0.00308185150255654,206.691773418098,523237.787215289,5636010.46939679
6.65883510431691e-05,206.691773418098,523737.787215289,5636010.46939679
0.00279791943595353,206.691773418098,524237.787215289,5636010.46939679
0.00011525903672508,206.691773418098,486737.787215289,5636510.46939679
0.00014072501542384,206.691773418098,487237.787215289,5636510.46939679
0.000137872059288777,206.691773418098,487737.787215289,5636510.46939679
0.000103603774540341,206.691773418098,488237.787215289,5636510.46939679
0.00102919613258853,206.691773418098,488737.787215289,5636510.46939679
0.000529814658053653,206.691773418098,489237.787215289,5636510.46939679
0.000770860212980322,206.691773418098,489737.787215289,5636510.46939679
4.40980783623911e-05,206.691773418098,490237.787215289,5636510.46939679
0.000634015377913088,206.691773418098,490737.787215289,5636510.46939679
7.95237667273742e-05,206.691773418098,491237.787215289,5636510.46939679
0.000264663270454918,206.691773418098,491737.787215289,5636510.46939679
0.000310138076521303,206.691773418098,492237.787215289,5636510.46939679
6.10084322322043e-05,206.691773418098,492737.787215289,5636510.46939679
0.000359408966197116,206.691773418098,493237.787215289,5636510.46939679
0.0001315986232322,206.691773418098,493737.787215289,5636510.46939679
0.000636984918535411,206.691773418098,494237.787215289,5636510.46939679
0.000134523745579213,206.691773418098,494737.787215289,5636510.46939679
8.2187132496651e-05,206.691773418098,495237.787215289,5636510.46939679
9.08147875515922e-05,206.691773418098,495737.787215289,5636510.46939679
8.36152945940286e-05,206.691773418098,496237.787215289,5636510.46939679
0.000102676853541555,206.691773418098,496737.787215289,5636510.46939679
8.94453769368699e-05,206.691773418098,497237.787215289,5636510.46939679
0.000519907969461127,206.691773418098,497737.787215289,5636510.46939679
0.000762963386621856,206.691773418098,498237.787215289,5636510.46939679
6.35037530567505e-05,206.691773418098,498737.787215289,5636510.46939679
4.72833425232915e-05,206.691773418098,499237.787215289,5636510.46939679
5.06986826455827e-05,206.691773418098,499737.787215289,5636510.46939679
6.91895254310718e-05,206.691773418098,500237.787215289,5636510.46939679
7.16043168358281e-05,206.691773418098,500737.787215289,5636510.46939679
7.79825117373113e-05,206.691773418098,501237.787215289,5636510.46939679
4.40980783623911e-05,206.691773418098,501737.787215289,5636510.46939679
8.44710359054877e-05,206.691773418098,502237.787215289,5636510.46939679
7.89913545862702e-05,206.691773418098,502737.787215289,5636510.46939679
5.06986826455827e-05,206.691773418098,503237.787215289,5636510.46939679
0.000110944922818116,206.691773418098,503737.787215289,5636510.46939679
0.000141373253986888,206.691773418098,504237.787215289,5636510.46939679
0.000226372942984876,206.691773418098,504737.787215289,5636510.46939679
0.000275744292742317,206.691773418098,505237.787215289,5636510.46939679
0.00191090720869083,206.691773418098,505737.787215289,5636510.46939679
0.00158647394202149,206.691773418098,506237.787215289,5636510.46939679
0.00217512562803155,206.691773418098,506737.787215289,5636510.46939679
0.000978037521305169,206.691773418098,507237.787215289,5636510.46939679
0.000395007145555052,206.691773418098,507737.787215289,5636510.46939679
0.000250240225109306,206.691773418098,508237.787215289,5636510.46939679
4.40980783623911e-05,206.691773418098,508737.787215289,5636510.46939679
4.40980783623911e-05,206.691773418098,509237.787215289,5636510.46939679
4.40980783623911e-05,206.691773418098,509737.787215289,5636510.46939679
4.40980783623911e-05,206.691773418098,510237.787215289,5636510.46939679
4.40980783623911e-05,206.691773418098,510737.787215289,5636510.46939679
5.80800323975178e-05,206.691773418098,511237.787215289,5636510.46939679
0.000190077816375112,206.691773418098,511737.787215289,5636510.46939679
0.000203807395503399,206.691773418098,512237.787215289,5636510.46939679
2.7828904689956e-06,206.691773418098,512737.787215289,5636510.46939679
7.00645669689556e-06,206.691773418098,513237.787215289,5636510.46939679
1.40004913540295e-05,206.691773418098,513737.787215289,5636510.46939679
8.90765282124027e-05,206.691773418098,514237.787215289,5636510.46939679
0.00119186028505077,206.691773418098,514737.787215289,5636510.46939679
0.00133117555688361,206.691773418098,515237.787215289,5636510.46939679
0.00116054379120993,206.691773418098,515737.787215289,5636510.46939679
0.00235816847473753,206.691773418098,516237.787215289,5636510.46939679
0.0016256246627424,206.691773418098,516737.787215289,5636510.46939679
0.0017567478691319,206.691773418098,517237.787215289,5636510.46939679
0.00201969804610308,206.691773418098,517737.787215289,5636510.46939679
0.00217969217397143,206.691773418098,518237.787215289,5636510.46939679
0.00187861460418762,206.691773418098,518737.787215289,5636510.46939679
0.00314674304325651,206.691773418098,519237.787215289,5636510.46939679
0.00195568298830739,206.691773418098,519737.787215289,5636510.46939679
0.00137992643130838,206.691773418098,520237.787215289,5636510.46939679
0.00252828815677331,206.691773418098,520737.787215289,5636510.46939679
0.00202062510662997,206.691773418098,521237.787215289,5636510.46939679
0.00235796885986167,206.691773418098,521737.787215289,5636510.46939679
0.0024313257123415,206.691773418098,522237.787215289,5636510.46939679
0.00277166656423019,206.691773418098,522737.787215289,5636510.46939679
0.00182393750247019,206.691773418098,523237.787215289,5636510.46939679
0.00198028905484158,206.691773418098,523737.787215289,5636510.46939679
0.00182184322859376,206.691773418098,524237.787215289,5636510.46939679
0.000131245009902849,206.691773418098,486737.787215289,5637010.46939679
0.00014313880456271,206.691773418098,487237.787215289,5637010.46939679
0.00138477524186567,206.691773418098,487737.787215289,5637010.46939679
5.43607174287936e-05,206.691773418098,488237.787215289,5637010.46939679
0.000974282610752717,206.691773418098,488737.787215289,5637010.46939679
7.16043168358281e-05,206.691773418098,489237.787215289,5637010.46939679
7.37604712783683e-05,206.691773418098,489737.787215289,5637010.46939679
5.23318289233085e-05,206.691773418098,490237.787215289,5637010.46939679
4.83230470185655e-05,206.691773418098,490737.787215289,5637010.46939679
0.000194950525430268,206.691773418098,491237.787215289,5637010.46939679
0.000490189997119658,206.691773418098,491737.787215289,5637010.46939679
0.000200234844561639,206.691773418098,492237.787215289,5637010.46939679
6.91231413233024e-05,206.691773418098,492737.787215289,5637010.46939679
6.23619196231521e-05,206.691773418098,493237.787215289,5637010.46939679
0.000173667054764189,206.691773418098,493737.787215289,5637010.46939679
0.000273007122687599,206.691773418098,494237.787215289,5637010.46939679
7.5892731986175e-05,206.691773418098,494737.787215289,5637010.46939679
0.000142447574743547,206.691773418098,495237.787215289,5637010.46939679
8.93306757147311e-05,206.691773418098,495737.787215289,5637010.46939679
9.71146680570173e-05,206.691773418098,496237.787215289,5637010.46939679
7.79825117373113e-05,206.691773418098,496737.787215289,5637010.46939679
7.86093131063428e-05,206.691773418098,497237.787215289,5637010.46939679
0.000831274879052807,206.691773418098,497737.787215289,5637010.46939679
0.000831274879052807,206.691773418098,498237.787215289,5637010.46939679
7.41871789309408e-05,206.691773418098,498737.787215289,5637010.46939679
0.000850385774360307,206.691773418098,499237.787215289,5637010.46939679
0.0008808253418792,206.691773418098,499737.787215289,5637010.46939679
0.000913614154789809,206.691773418098,500237.787215289,5637010.46939679
7.79825117373113e-05,206.691773418098,500737.787215289,5637010.46939679
8.44710359054877e-05,206.691773418098,501237.787215289,5637010.46939679
4.72833425232915e-05,206.691773418098,501737.787215289,5637010.46939679
0.000139576844469618,206.691773418098,502237.787215289,5637010.46939679
7.33137604996866e-05,206.691773418098,502737.787215289,5637010.46939679
5.43607174287936e-05,206.691773418098,503237.787215289,5637010.46939679
5.98353957844843e-05,206.691773418098,503737.787215289,5637010.46939679
0.00017416570619966,206.691773418098,504237.787215289,5637010.46939679
0.000128290169909847,206.691773418098,504737.787215289,5637010.46939679
0.00310558325125899,206.691773418098,505237.787215289,5637010.46939679
0.00226256680581596,206.691773418098,505737.787215289,5637010.46939679
0.000354799677717996,206.691773418098,506237.787215289,5637010.46939679
0.000793395990631819,206.691773418098,506737.787215289,5637010.46939679
0.000159534416257702,206.691773418098,507237.787215289,5637010.46939679
0.00120564939119368,206.691773418098,507737.787215289,5637010.46939679
0.00120564939119368,206.691773418098,508237.787215289,5637010.46939679
0.000251238073138068,206.691773418098,508737.787215289,5637010.46939679
0.0014416004608541,206.691773418098,509237.787215289,5637010.46939679
0.000825157540761552,206.691773418098,509737.787215289,5637010.46939679
4.40980783623911e-05,206.691773418098,510237.787215289,5637010.46939679
4.40980783623911e-05,206.691773418098,510737.787215289,5637010.46939679
0.000471121210001909,206.691773418098,511237.787215289,5637010.46939679
0.000622065360271304,206.691773418098,511737.787215289,5637010.46939679
0.000380770615624137,206.691773418098,512237.787215289,5637010.46939679
0.000372478328616805,206.691773418098,512737.787215289,5637010.46939679
1.05151823720694e-05,206.691773418098,513237.787215289,5637010.46939679
6.69779093175252e-06,206.691773418098,513737.787215289,5637010.46939679
6.97293481733927e-06,206.691773418098,514237.787215289,5637010.46939679
1.33794793506746e-05,206.691773418098,514737.787215289,5637010.46939679
4.40980783623911e-05,206.691773418098,515237.787215289,5637010.46939679
0.00136649698853319,206.691773418098,515737.787215289,5637010.46939679
0.00160724901176801,206.691773418098,516237.787215289,5637010.46939679
0.00149272042759531,206.691773418098,516737.787215289,5637010.46939679
0.00160650178754244,206.691773418098,517237.787215289,5637010.46939679
0.00121900610602784,206.691773418098,517737.787215289,5637010.46939679
0.000350488013963269,206.691773418098,518237.787215289,5637010.46939679
0.000661714065383817,206.691773418098,518737.787215289,5637010.46939679
0.00222383387156371,206.691773418098,519237.787215289,5637010.46939679
0.00193430667654045,206.691773418098,519737.787215289,5637010.46939679
0.00255669752283493,206.691773418098,520237.787215289,5637010.46939679
0.0020368873638962,206.691773418098,520737.787215289,5637010.46939679
0.00397753158160124,206.691773418098,521237.787215289,5637010.46939679
0.00175650472221366,206.691773418098,521737.787215289,5637010.46939679
0.000955248393231201,206.691773418098,522237.787215289,5637010.46939679
0.00204273589290637,206.691773418098,522737.787215289,5637010.46939679
0.00234849278265888,206.691773418098,523237.787215289,5637010.46939679
0.00194020204065986,206.691773418098,523737.787215289,5637010.46939679
0.00181898091421049,206.691773418098,524237.787215289,5637010.46939679
0.000136603609378604,206.691773418098,486737.787215289,5637510.46939679
0.000133496193023919,206.691773418098,487237.787215289,5637510.46939679
0.0030417901896724,206.691773418098,487737.787215289,5637510.46939679
0.00101487399600324,206.691773418098,488237.787215289,5637510.46939679
0.0008808253418792,206.691773418098,488737.787215289,5637510.46939679
9.09313943838712e-05,206.691773418098,489237.787215289,5637510.46939679
0.000639384885194362,206.691773418098,489737.787215289,5637510.46939679
0.000543316415747407,206.691773418098,490237.787215289,5637510.46939679
4.11392025341895e-05,206.691773418098,490737.787215289,5637510.46939679
0.000189592589901524,206.691773418098,491237.787215289,5637510.46939679
0.000841632720853079,206.691773418098,491737.787215289,5637510.46939679
0.00027922277897657,206.691773418098,492237.787215289,5637510.46939679
6.84852169312983e-05,206.691773418098,492737.787215289,5637510.46939679
5.26177515864174e-05,206.691773418098,493237.787215289,5637510.46939679
0.000129573585747667,206.691773418098,493737.787215289,5637510.46939679
0.00214594678118595,206.691773418098,494237.787215289,5637510.46939679
6.54151542463702e-05,206.691773418098,494737.787215289,5637510.46939679
0.000787173745796078,206.691773418098,495237.787215289,5637510.46939679
7.5892731986175e-05,206.691773418098,495737.787215289,5637510.46939679
9.37398015561235e-05,206.691773418098,496237.787215289,5637510.46939679
0.000133961027702223,206.691773418098,496737.787215289,5637510.46939679
8.56631107034463e-05,206.691773418098,497237.787215289,5637510.46939679
4.40980783623911e-05,206.691773418098,497737.787215289,5637510.46939679
8.10924919931857e-05,206.691773418098,498237.787215289,5637510.46939679
0.000974282610752717,206.691773418098,498737.787215289,5637510.46939679
0.00100095929944437,206.691773418098,499237.787215289,5637510.46939679
0.000184487691030894,206.691773418098,499737.787215289,5637510.46939679
8.94583744720945e-05,206.691773418098,500237.787215289,5637510.46939679
9.2188612790522e-05,206.691773418098,500737.787215289,5637510.46939679
0.000103603774540341,206.691773418098,501237.787215289,5637510.46939679
0.000113226442109763,206.691773418098,501737.787215289,5637510.46939679
0.000328940326331077,206.691773418098,502237.787215289,5637510.46939679
7.90927800466392e-05,206.691773418098,502737.787215289,5637510.46939679
5.87081529119397e-05,206.691773418098,503237.787215289,5637510.46939679
5.23318289233085e-05,206.691773418098,503737.787215289,5637510.46939679
5.10342801759258e-05,206.691773418098,504237.787215289,5637510.46939679
6.41664614073436e-05,206.691773418098,504737.787215289,5637510.46939679
0.000406739383653233,206.691773418098,505237.787215289,5637510.46939679
0.000560830097271002,206.691773418098,505737.787215289,5637510.46939679
0.000539155756378056,206.691773418098,506237.787215289,5637510.46939679
9.79117590229516e-05,206.691773418098,506737.787215289,5637510.46939679
0.00138611109907452,206.691773418098,507237.787215289,5637510.46939679
9.79117590229516e-05,206.691773418098,507737.787215289,5637510.46939679
0.000793395990631819,206.691773418098,508237.787215289,5637510.46939679
0.000171057804065213,206.691773418098,508737.787215289,5637510.46939679
0.000454131850160448,206.691773418098,509237.787215289,5637510.46939679
9.13158882510641e-05,206.691773418098,509737.787215289,5637510.46939679
5.80029174959039e-05,206.691773418098,510237.787215289,5637510.46939679
7.76038076856348e-05,206.691773418098,510737.787215289,5637510.46939679
0.000549372292318166,206.691773418098,511237.787215289,5637510.46939679
0.000666997987074825,206.691773418098,511737.787215289,5637510.46939679
0.000641197790006078,206.691773418098,512237.787215289,5637510.46939679
0.000402409746932078,206.691773418098,512737.787215289,5637510.46939679
2.88013913629753e-05,206.691773418098,513237.787215289,5637510.46939679
3.98587418055049e-05,206.691773418098,513737.787215289,5637510.46939679
3.91312641075668e-05,206.691773418098,514237.787215289,5637510.46939679
1.12418233959513e-05,206.691773418098,514737.787215289,5637510.46939679
4.40980783623911e-05,206.691773418098,515237.787215289,5637510.46939679
6.98630192847482e-06,206.691773418098,515737.787215289,5637510.46939679
7.79677910628604e-06,206.691773418098,516237.787215289,5637510.46939679
0.00410367054230043,206.691773418098,516737.787215289,5637510.46939679
0.00152363384502174,206.691773418098,517237.787215289,5637510.46939679
0.00160521379865789,206.691773418098,517737.787215289,5637510.46939679
0.00159080121516318,206.691773418098,518237.787215289,5637510.46939679
0.00190757224340804,206.691773418098,518737.787215289,5637510.46939679
0.0018775658015947,206.691773418098,519237.787215289,5637510.46939679
0.00163312022184234,206.691773418098,519737.787215289,5637510.46939679
0.00181333019738678,206.691773418098,520237.787215289,5637510.46939679
0.00162837155689916,206.691773418098,520737.787215289,5637510.46939679
0.000962750994825722,206.691773418098,521237.787215289,5637510.46939679
0.00175206086556571,206.691773418098,521737.787215289,5637510.46939679
0.00288103931466677,206.691773418098,522237.787215289,5637510.46939679
0.00201969804610308,206.691773418098,522737.787215289,5637510.46939679
0.00201318493239683,206.691773418098,523237.787215289,5637510.46939679
0.00167556572642631,206.691773418098,523737.787215289,5637510.46939679
0.00110533385249051,206.691773418098,524237.787215289,5637510.46939679
0.000146897355264468,206.691773418098,486737.787215289,5638010.46939679
0.000228047003373735,206.691773418098,487237.787215289,5638010.46939679
0.000315226837791437,206.691773418098,487737.787215289,5638010.46939679
8.2187132496651e-05,206.691773418098,488237.787215289,5638010.46939679
8.13745672099644e-05,206.691773418098,488737.787215289,5638010.46939679
0.0013124539755022,206.691773418098,489237.787215289,5638010.46939679
0.00115897160295086,206.691773418098,489737.787215289,5638010.46939679
0.000342162341097078,206.691773418098,490237.787215289,5638010.46939679
0.000133260103721045,206.691773418098,490737.787215289,5638010.46939679
0.000246720860052564,206.691773418098,491237.787215289,5638010.46939679
0.00207171280594762,206.691773418098,491737.787215289,5638010.46939679
0.000137284492567829,206.691773418098,492237.787215289,5638010.46939679
5.45821157439704e-05,206.691773418098,492737.787215289,5638010.46939679
0.000120917395936225,206.691773418098,493237.787215289,5638010.46939679
0.000257678646043029,206.691773418098,493737.787215289,5638010.46939679
0.000228272760679406,206.691773418098,494237.787215289,5638010.46939679
5.60735370485575e-05,206.691773418098,494737.787215289,5638010.46939679
6.54151542463702e-05,206.691773418098,495237.787215289,5638010.46939679
0.000114465427834583,206.691773418098,495737.787215289,5638010.46939679
8.72523628456975e-05,206.691773418098,496237.787215289,5638010.46939679
0.000331569005937754,206.691773418098,496737.787215289,5638010.46939679
8.68905778317728e-05,206.691773418098,497237.787215289,5638010.46939679
6.24974344383012e-05,206.691773418098,497737.787215289,5638010.46939679
0.00014363721488187,206.691773418098,498237.787215289,5638010.46939679
8.81550996966312e-05,206.691773418098,498737.787215289,5638010.46939679
0.00109093973992076,206.691773418098,499237.787215289,5638010.46939679
0.00109093973992076,206.691773418098,499737.787215289,5638010.46939679
8.68905778317728e-05,206.691773418098,500237.787215289,5638010.46939679
8.68905778317728e-05,206.691773418098,500737.787215289,5638010.46939679
9.08022181122827e-05,206.691773418098,501237.787215289,5638010.46939679
0.00010577764344549,206.691773418098,501737.787215289,5638010.46939679
0.000154210079139177,206.691773418098,502237.787215289,5638010.46939679
0.000484856605447664,206.691773418098,502737.787215289,5638010.46939679
6.73154115589004e-05,206.691773418098,503237.787215289,5638010.46939679
9.05213152612523e-05,206.691773418098,503737.787215289,5638010.46939679
7.78976958624981e-05,206.691773418098,504237.787215289,5638010.46939679
5.61421554984898e-05,206.691773418098,504737.787215289,5638010.46939679
6.53729040231291e-05,206.691773418098,505237.787215289,5638010.46939679
0.00219693196928954,206.691773418098,505737.787215289,5638010.46939679
0.00158647394202149,206.691773418098,506237.787215289,5638010.46939679
0.00138611109907452,206.691773418098,506737.787215289,5638010.46939679
0.000643612524303385,206.691773418098,507237.787215289,5638010.46939679
0.000539155756378056,206.691773418098,507737.787215289,5638010.46939679
0.000486934411187078,206.691773418098,508237.787215289,5638010.46939679
4.54633358219422e-05,206.691773418098,508737.787215289,5638010.46939679
0.00060025526997729,206.691773418098,509237.787215289,5638010.46939679
8.51643513536118e-05,206.691773418098,509737.787215289,5638010.46939679
0.000226098099758054,206.691773418098,510237.787215289,5638010.46939679
8.82587718206303e-05,206.691773418098,510737.787215289,5638010.46939679
8.32092362337703e-05,206.691773418098,511237.787215289,5638010.46939679
0.00191840943106614,206.691773418098,511737.787215289,5638010.46939679
0.000988872651621327,206.691773418098,512237.787215289,5638010.46939679
0.00310469160211509,206.691773418098,512737.787215289,5638010.46939679
0.00073584337257118,206.691773418098,513237.787215289,5638010.46939679
1.89783177303474e-05,206.691773418098,513737.787215289,5638010.46939679
2.09115924497145e-05,206.691773418098,514237.787215289,5638010.46939679
3.64507573346112e-05,206.691773418098,514737.787215289,5638010.46939679
1.01561560537654e-05,206.691773418098,515237.787215289,5638010.46939679
2.6315816471898e-05,206.691773418098,515737.787215289,5638010.46939679
1.16515909699861e-05,206.691773418098,516237.787215289,5638010.46939679
1.55461328363672e-05,206.691773418098,516737.787215289,5638010.46939679
1.38327919173005e-05,206.691773418098,517237.787215289,5638010.46939679
1.55461328363672e-05,206.691773418098,517737.787215289,5638010.46939679
0.000178540080986536,206.691773418098,518237.787215289,5638010.46939679
0.0010016514632182,206.691773418098,518737.787215289,5638010.46939679
0.000641292033484306,206.691773418098,519237.787215289,5638010.46939679
0.00144320151032807,206.691773418098,519737.787215289,5638010.46939679
0.00123794577956417,206.691773418098,520237.787215289,5638010.46939679
0.00162787182633566,206.691773418098,520737.787215289,5638010.46939679
0.000221035143874319,206.691773418098,521237.787215289,5638010.46939679
0.00117891533089027,206.691773418098,521737.787215289,5638010.46939679
0.000250154507500752,206.691773418098,522237.787215289,5638010.46939679
3.35046014254123e-05,206.691773418098,522737.787215289,5638010.46939679
0.00132120689265631,206.691773418098,523237.787215289,5638010.46939679
4.40980783623911e-05,206.691773418098,523737.787215289,5638010.46939679
4.40980783623911e-05,206.691773418098,524237.787215289,5638010.46939679
0.000158940685993901,206.691773418098,486737.787215289,5638510.46939679
0.000438613863328361,206.691773418098,487237.787215289,5638510.46939679
0.00487845071925746,206.691773418098,487737.787215289,5638510.46939679
0.000101775895233228,206.691773418098,488237.787215289,5638510.46939679
0.0004951456179166,206.691773418098,488737.787215289,5638510.46939679
0.00183308751430449,206.691773418098,489237.787215289,5638510.46939679
0.00341378235579255,206.691773418098,489737.787215289,5638510.46939679
0.00264250025972098,206.691773418098,490237.787215289,5638510.46939679
0.00105057692292381,206.691773418098,490737.787215289,5638510.46939679
0.00137505998090413,206.691773418098,491237.787215289,5638510.46939679
0.00134833272100628,206.691773418098,491737.787215289,5638510.46939679
5.84372840602743e-05,206.691773418098,492237.787215289,5638510.46939679
6.11555352029326e-05,206.691773418098,492737.787215289,5638510.46939679
0.000416575703750734,206.691773418098,493237.787215289,5638510.46939679
6.37452646243758e-05,206.691773418098,493737.787215289,5638510.46939679
0.000102962393947997,206.691773418098,494237.787215289,5638510.46939679
5.18134864102514e-05,206.691773418098,494737.787215289,5638510.46939679
5.23318289233085e-05,206.691773418098,495237.787215289,5638510.46939679
0.000183511183424792,206.691773418098,495737.787215289,5638510.46939679
0.000348820892242671,206.691773418098,496237.787215289,5638510.46939679
0.000465265998509914,206.691773418098,496737.787215289,5638510.46939679
7.33137604996866e-05,206.691773418098,497237.787215289,5638510.46939679
7.33137604996866e-05,206.691773418098,497737.787215289,5638510.46939679
7.51100584912512e-05,206.691773418098,498237.787215289,5638510.46939679
0.000182407050465551,206.691773418098,498737.787215289,5638510.46939679
8.00276137939276e-05,206.691773418098,499237.787215289,5638510.46939679
7.70000330122055e-05,206.691773418098,499737.787215289,5638510.46939679
7.33137604996866e-05,206.691773418098,500237.787215289,5638510.46939679
4.40980783623911e-05,206.691773418098,500737.787215289,5638510.46939679
7.89913545862702e-05,206.691773418098,501237.787215289,5638510.46939679
7.67763940022889e-05,206.691773418098,501737.787215289,5638510.46939679
0.000193827534698899,206.691773418098,502237.787215289,5638510.46939679
0.00401740270747079,206.691773418098,502737.787215289,5638510.46939679
0.00236444799267148,206.691773418098,503237.787215289,5638510.46939679
0.00165785533537089,206.691773418098,503737.787215289,5638510.46939679
0.000274134002442644,206.691773418098,504237.787215289,5638510.46939679
0.00201483988270756,206.691773418098,504737.787215289,5638510.46939679
0.000557483368543344,206.691773418098,505237.787215289,5638510.46939679
0.00206012128202349,206.691773418098,505737.787215289,5638510.46939679
0.00153476476682693,206.691773418098,506237.787215289,5638510.46939679
0.00104868250132058,206.691773418098,506737.787215289,5638510.46939679
2.42697193274759e-05,206.691773418098,507237.787215289,5638510.46939679
0.000739948504064711,206.691773418098,507737.787215289,5638510.46939679
0.00112443026429949,206.691773418098,508237.787215289,5638510.46939679
8.58511000340005e-05,206.691773418098,508737.787215289,5638510.46939679
0.000210866897064373,206.691773418098,509237.787215289,5638510.46939679
0.000559818797071247,206.691773418098,509737.787215289,5638510.46939679
0.000368397307144913,206.691773418098,510237.787215289,5638510.46939679
0.000423539048775332,206.691773418098,510737.787215289,5638510.46939679
0.000210866897064373,206.691773418098,511237.787215289,5638510.46939679
0.000850704061826978,206.691773418098,511737.787215289,5638510.46939679
0.000690101532062929,206.691773418098,512237.787215289,5638510.46939679
6.44323280150351e-05,206.691773418098,512737.787215289,5638510.46939679
3.91800765404899e-05,206.691773418098,513237.787215289,5638510.46939679
0.000193779805992169,206.691773418098,513737.787215289,5638510.46939679
0.00104479640738915,206.691773418098,514237.787215289,5638510.46939679
0.000780454182914552,206.691773418098,514737.787215289,5638510.46939679
0.000883884978565006,206.691773418098,515237.787215289,5638510.46939679
0.000137994336888588,206.691773418098,515737.787215289,5638510.46939679
2.55969539060053e-05,206.691773418098,516237.787215289,5638510.46939679
4.85716928832251e-05,206.691773418098,516737.787215289,5638510.46939679
1.19904971914204e-05,206.691773418098,517237.787215289,5638510.46939679
4.79410472582662e-06,206.691773418098,517737.787215289,5638510.46939679
4.40980783623911e-05,206.691773418098,518237.787215289,5638510.46939679
1.69288145113623e-05,206.691773418098,518737.787215289,5638510.46939679
1.69288145113623e-05,206.691773418098,519237.787215289,5638510.46939679
4.40980783623911e-05,206.691773418098,519737.787215289,5638510.46939679
4.40980783623911e-05,206.691773418098,520237.787215289,5638510.46939679
4.40980783623911e-05,206.691773418098,520737.787215289,5638510.46939679
4.40980783623911e-05,206.691773418098,521237.787215289,5638510.46939679
4.40980783623911e-05,206.691773418098,521737.787215289,5638510.46939679
4.40980783623911e-05,206.691773418098,522237.787215289,5638510.46939679
4.40980783623911e-05,206.691773418098,522737.787215289,5638510.46939679
4.40980783623911e-05,206.691773418098,523237.787215289,5638510.46939679
4.40980783623911e-05,206.691773418098,523737.787215289,5638510.46939679
4.40980783623911e-05,206.691773418098,524237.787215289,5638510.46939679
0.000333178580505611,206.691773418098,486737.787215289,5639010.46939679
0.000567729424999213,206.691773418098,487237.787215289,5639010.46939679
0.0041091121589498,206.691773418098,487737.787215289,5639010.46939679
0.00395232381781088,206.691773418098,488237.787215289,5639010.46939679
0.00412749523535675,206.691773418098,488737.787215289,5639010.46939679
0.00283467219093969,206.691773418098,489237.787215289,5639010.46939679
0.00239579793277444,206.691773418098,489737.787215289,5639010.46939679
0.00219693196928954,206.691773418098,490237.787215289,5639010.46939679
0.00182393750247019,206.691773418098,490737.787215289,5639010.46939679
0.00108292728435415,206.691773418098,491237.787215289,5639010.46939679
0.00236848041836208,206.691773418098,491737.787215289,5639010.46939679
0.00179130066149849,206.691773418098,492237.787215289,5639010.46939679
0.00276189200120572,206.691773418098,492737.787215289,5639010.46939679
0.0025257689414407,206.691773418098,493237.787215289,5639010.46939679
3.58649713903918e-05,206.691773418098,493737.787215289,5639010.46939679
3.79758110460021e-05,206.691773418098,494237.787215289,5639010.46939679
5.54460890885101e-05,206.691773418098,494737.787215289,5639010.46939679
5.49644753783516e-05,206.691773418098,495237.787215289,5639010.46939679
0.000137556743320406,206.691773418098,495737.787215289,5639010.46939679
6.45106514903859e-05,206.691773418098,496237.787215289,5639010.46939679
0.000246127399929388,206.691773418098,496737.787215289,5639010.46939679
0.000747662051296523,206.691773418098,497237.787215289,5639010.46939679
0.000747662051296523,206.691773418098,497737.787215289,5639010.46939679
7.90927800466392e-05,206.691773418098,498237.787215289,5639010.46939679
0.000102833568895473,206.691773418098,498737.787215289,5639010.46939679
0.000126765310156659,206.691773418098,499237.787215289,5639010.46939679
0.000787173745796078,206.691773418098,499737.787215289,5639010.46939679
6.22301765824706e-05,206.691773418098,500237.787215289,5639010.46939679
0.000747662051296523,206.691773418098,500737.787215289,5639010.46939679
6.76712001515225e-05,206.691773418098,501237.787215289,5639010.46939679
8.39369941178612e-05,206.691773418098,501737.787215289,5639010.46939679
0.000262431172733482,206.691773418098,502237.787215289,5639010.46939679
0.00220516586392478,206.691773418098,502737.787215289,5639010.46939679
0.00366472488391592,206.691773418098,503237.787215289,5639010.46939679
0.00199312492598617,206.691773418098,503737.787215289,5639010.46939679
0.00473140542104872,206.691773418098,504237.787215289,5639010.46939679
0.00240231350287841,206.691773418098,504737.787215289,5639010.46939679
0.00189193989641736,206.691773418098,505237.787215289,5639010.46939679
0.000183413541842574,206.691773418098,505737.787215289,5639010.46939679
0.000912151572927162,206.691773418098,506237.787215289,5639010.46939679
0.000320434624160509,206.691773418098,506737.787215289,5639010.46939679
0.000454131850160448,206.691773418098,507237.787215289,5639010.46939679
0.00112443026429949,206.691773418098,507737.787215289,5639010.46939679
0.000454131850160448,206.691773418098,508237.787215289,5639010.46939679
0.000912151572927162,206.691773418098,508737.787215289,5639010.46939679
0.000242429472932383,206.691773418098,509237.787215289,5639010.46939679
0.00104868250132058,206.691773418098,509737.787215289,5639010.46939679
0.000919506984893154,206.691773418098,510237.787215289,5639010.46939679
0.00197492885640316,206.691773418098,510737.787215289,5639010.46939679
0.0014212931874308,206.691773418098,511237.787215289,5639010.46939679
0.000423539048775332,206.691773418098,511737.787215289,5639010.46939679
0.000796635274631244,206.691773418098,512237.787215289,5639010.46939679
4.7781337808915e-05,206.691773418098,512737.787215289,5639010.46939679
0.000641227494781355,206.691773418098,513237.787215289,5639010.46939679
0.000513564288539687,206.691773418098,513737.787215289,5639010.46939679
0.000978037521305169,206.691773418098,514237.787215289,5639010.46939679
3.36855518596293e-05,206.691773418098,514737.787215289,5639010.46939679
0.000112447753551216,206.691773418098,515237.787215289,5639010.46939679
0.000241531104072051,206.691773418098,515737.787215289,5639010.46939679
0.000452448977580088,206.691773418098,516237.787215289,5639010.46939679
0.000686272944644422,206.691773418098,516737.787215289,5639010.46939679
0.000104401621538866,206.691773418098,517237.787215289,5639010.46939679
0.000108833931325529,206.691773418098,517737.787215289,5639010.46939679
4.40980783623911e-05,206.691773418098,518237.787215289,5639010.46939679
4.40980783623911e-05,206.691773418098,518737.787215289,5639010.46939679
7.49798785378805e-06,206.691773418098,519237.787215289,5639010.46939679
7.49798785378805e-06,206.691773418098,519737.787215289,5639010.46939679
4.40980783623911e-05,206.691773418098,520237.787215289,5639010.46939679
4.40980783623911e-05,206.691773418098,520737.787215289,5639010.46939679
4.40980783623911e-05,206.691773418098,521237.787215289,5639010.46939679
4.40980783623911e-05,206.691773418098,521737.787215289,5639010.46939679
4.40980783623911e-05,206.691773418098,522237.787215289,5639010.46939679
4.40980783623911e-05,206.691773418098,522737.787215289,5639010.46939679
4.40980783623911e-05,206.691773418098,523237.787215289,5639010.46939679
4.40980783623911e-05,206.691773418098,523737.787215289,5639010.46939679
4.67341142693844e-06,206.691773418098,524237.787215289,5639010.46939679
0.000669209539402397,206.691773418098,486737.787215289,5639510.46939679
0.0104079109892315,206.691773418098,487237.787215289,5639510.46939679
0.00573308713457559,206.691773418098,487737.787215289,5639510.46939679
0.00390508308769438,206.691773418098,488237.787215289,5639510.46939679
0.00355413827800955,206.691773418098,488737.787215289,5639510.46939679
0.00212660215471502,206.691773418098,489237.787215289,5639510.46939679
0.00177760448045423,206.691773418098,489737.787215289,5639510.46939679
0.000601339617765553,206.691773418098,490237.787215289,5639510.46939679
0.00133494941926795,206.691773418098,490737.787215289,5639510.46939679
0.00104868250132058,206.691773418098,491237.787215289,5639510.46939679
0.00217512562803155,206.691773418098,491737.787215289,5639510.46939679
0.00135569426510841,206.691773418098,492237.787215289,5639510.46939679
0.00236848041836208,206.691773418098,492737.787215289,5639510.46939679
0.00236767727654069,206.691773418098,493237.787215289,5639510.46939679
5.84540156030336e-05,206.691773418098,493737.787215289,5639510.46939679
0.000150959287452189,206.691773418098,494237.787215289,5639510.46939679
0.00046729278214967,206.691773418098,494737.787215289,5639510.46939679
4.72969220208019e-05,206.691773418098,495237.787215289,5639510.46939679
7.90053610276147e-05,206.691773418098,495737.787215289,5639510.46939679
5.95689336548251e-05,206.691773418098,496237.787215289,5639510.46939679
0.000101831402277036,206.691773418098,496737.787215289,5639510.46939679
4.40980783623911e-05,206.691773418098,497237.787215289,5639510.46939679
6.12216732094034e-05,206.691773418098,497737.787215289,5639510.46939679
5.9266210750543e-05,206.691773418098,498237.787215289,5639510.46939679
0.00017714488127476,206.691773418098,498737.787215289,5639510.46939679
7.67125727552948e-05,206.691773418098,499237.787215289,5639510.46939679
0.000186211262267373,206.691773418098,499737.787215289,5639510.46939679
0.00374909967600963,206.691773418098,500237.787215289,5639510.46939679
0.00349653984846034,206.691773418098,500737.787215289,5639510.46939679
0.000124993112535887,206.691773418098,501237.787215289,5639510.46939679
0.00224884967333543,206.691773418098,501737.787215289,5639510.46939679
0.00430758516755105,206.691773418098,502237.787215289,5639510.46939679
0.000179881570771424,206.691773418098,502737.787215289,5639510.46939679
0.00120776739347779,206.691773418098,503237.787215289,5639510.46939679
0.00299058004495144,206.691773418098,503737.787215289,5639510.46939679
0.00236767727654069,206.691773418098,504237.787215289,5639510.46939679
0.00126436729613068,206.691773418098,504737.787215289,5639510.46939679
0.000183413541842574,206.691773418098,505237.787215289,5639510.46939679
0.000423539048775332,206.691773418098,505737.787215289,5639510.46939679
0.00112443026429949,206.691773418098,506237.787215289,5639510.46939679
0.00129273508605824,206.691773418098,506737.787215289,5639510.46939679
0.00148623178847567,206.691773418098,507237.787215289,5639510.46939679
0.000978037521305169,206.691773418098,507737.787215289,5639510.46939679
0.000148787306780712,206.691773418098,508237.787215289,5639510.46939679
0.000116243087719292,206.691773418098,508737.787215289,5639510.46939679
0.000739948504064711,206.691773418098,509237.787215289,5639510.46939679
0.0020285972876332,206.691773418098,509737.787215289,5639510.46939679
0.00114354150138758,206.691773418098,510237.787215289,5639510.46939679
0.000745915304147672,206.691773418098,510737.787215289,5639510.46939679
0.00125352278955999,206.691773418098,511237.787215289,5639510.46939679
0.000423539048775332,206.691773418098,511737.787215289,5639510.46939679
0.00108292728435415,206.691773418098,512237.787215289,5639510.46939679
0.00181806557359577,206.691773418098,512737.787215289,5639510.46939679
0.00120765188302387,206.691773418098,513237.787215289,5639510.46939679
0.000637799272773175,206.691773418098,513737.787215289,5639510.46939679
0.000502254848436613,206.691773418098,514237.787215289,5639510.46939679
0.000730095244710758,206.691773418098,514737.787215289,5639510.46939679
1.70928777037988e-05,206.691773418098,515237.787215289,5639510.46939679
4.85665722428567e-05,206.691773418098,515737.787215289,5639510.46939679
5.98691328107992e-05,206.691773418098,516237.787215289,5639510.46939679
0.000137994336888588,206.691773418098,516737.787215289,5639510.46939679
0.000478921985238717,206.691773418098,517237.787215289,5639510.46939679
9.41333577424454e-05,206.691773418098,517737.787215289,5639510.46939679
8.26068780870497e-05,206.691773418098,518237.787215289,5639510.46939679
8.85736852130254e-05,206.691773418098,518737.787215289,5639510.46939679
0.000144319245280244,206.691773418098,519237.787215289,5639510.46939679
7.18520559719631e-05,206.691773418098,519737.787215289,5639510.46939679
4.40980783623911e-05,206.691773418098,520237.787215289,5639510.46939679
4.40980783623911e-05,206.691773418098,520737.787215289,5639510.46939679
4.40980783623911e-05,206.691773418098,521237.787215289,5639510.46939679
0.000125529916271382,206.691773418098,521737.787215289,5639510.46939679
0.000109186822925114,206.691773418098,522237.787215289,5639510.46939679
5.03008362643862e-06,206.691773418098,522737.787215289,5639510.46939679
3.53202538252904e-05,206.691773418098,523237.787215289,5639510.46939679
1.37472823736951e-05,206.691773418098,523737.787215289,5639510.46939679
2.68564371471926e-05,206.691773418098,524237.787215289,5639510.46939679
0.00768528179629159,206.691773418098,486737.787215289,5640010.46939679
0.00483270198830151,206.691773418098,487237.787215289,5640010.46939679
0.00285432547049259,206.691773418098,487737.787215289,5640010.46939679
0.00137183760754292,206.691773418098,488237.787215289,5640010.46939679
0.00124855232083167,206.691773418098,488737.787215289,5640010.46939679
0.0022802095199213,206.691773418098,489237.787215289,5640010.46939679
0.000235216884110536,206.691773418098,489737.787215289,5640010.46939679
0.000260410060096125,206.691773418098,490237.787215289,5640010.46939679
0.00176448849334307,206.691773418098,490737.787215289,5640010.46939679
0.00060025526997729,206.691773418098,491237.787215289,5640010.46939679
7.40765645909934e-05,206.691773418098,491737.787215289,5640010.46939679
0.000690101532062929,206.691773418098,492237.787215289,5640010.46939679
0.000690101532062929,206.691773418098,492737.787215289,5640010.46939679
0.00189193989641736,206.691773418098,493237.787215289,5640010.46939679
0.00236848041836208,206.691773418098,493737.787215289,5640010.46939679
3.67265575015743e-05,206.691773418098,494237.787215289,5640010.46939679
4.74186118686811e-05,206.691773418098,494737.787215289,5640010.46939679
4.6127004577044e-05,206.691773418098,495237.787215289,5640010.46939679
0.000362340539620878,206.691773418098,495737.787215289,5640010.46939679
0.000120200046160615,206.691773418098,496237.787215289,5640010.46939679
5.55560449851989e-05,206.691773418098,496737.787215289,5640010.46939679
4.83230470185655e-05,206.691773418098,497237.787215289,5640010.46939679
0.000137556743320406,206.691773418098,497737.787215289,5640010.46939679
0.000410411246032506,206.691773418098,498237.787215289,5640010.46939679
9.14268911892305e-05,206.691773418098,498737.787215289,5640010.46939679
5.23318289233085e-05,206.691773418098,499237.787215289,5640010.46939679
0.0002602564651825,206.691773418098,499737.787215289,5640010.46939679
0.00119515859424943,206.691773418098,500237.787215289,5640010.46939679
0.00223883497776295,206.691773418098,500737.787215289,5640010.46939679
6.01648617212418e-05,206.691773418098,501237.787215289,5640010.46939679
0.00034399770620859,206.691773418098,501737.787215289,5640010.46939679
0.00166835028992367,206.691773418098,502237.787215289,5640010.46939679
0.00242587461615316,206.691773418098,502737.787215289,5640010.46939679
0.00266314344023293,206.691773418098,503237.787215289,5640010.46939679
0.000120159540792724,206.691773418098,503737.787215289,5640010.46939679
0.00233223790969355,206.691773418098,504237.787215289,5640010.46939679
0.00148623178847567,206.691773418098,504737.787215289,5640010.46939679
0.00120564939119368,206.691773418098,505237.787215289,5640010.46939679
0.00148623178847567,206.691773418098,505737.787215289,5640010.46939679
0.000912151572927162,206.691773418098,506237.787215289,5640010.46939679
0.000850704061826978,206.691773418098,506737.787215289,5640010.46939679
0.000819304379037911,206.691773418098,507237.787215289,5640010.46939679
0.000250346020305927,206.691773418098,507737.787215289,5640010.46939679
0.000414244904219845,206.691773418098,508237.787215289,5640010.46939679
0.000297601674836907,206.691773418098,508737.787215289,5640010.46939679
0.00145361790523398,206.691773418098,509237.787215289,5640010.46939679
0.000348487570899438,206.691773418098,509737.787215289,5640010.46939679
0.000460618432466401,206.691773418098,510237.787215289,5640010.46939679
0.000213878809756526,206.691773418098,510737.787215289,5640010.46939679
0.000519776767535157,206.691773418098,511237.787215289,5640010.46939679
0.000690101532062929,206.691773418098,511737.787215289,5640010.46939679
7.94272155743601e-05,206.691773418098,512237.787215289,5640010.46939679
0.000559818797071247,206.691773418098,512737.787215289,5640010.46939679
0.000242429472932383,206.691773418098,513237.787215289,5640010.46939679
0.000486934411187078,206.691773418098,513737.787215289,5640010.46939679
0.000486934411187078,206.691773418098,514237.787215289,5640010.46939679
0.000642417618143639,206.691773418098,514737.787215289,5640010.46939679
0.000235149350601891,206.691773418098,515237.787215289,5640010.46939679
5.97584335048624e-05,206.691773418098,515737.787215289,5640010.46939679
4.86567121896348e-05,206.691773418098,516237.787215289,5640010.46939679
0.000297770925261377,206.691773418098,516737.787215289,5640010.46939679
0.000440494335780078,206.691773418098,517237.787215289,5640010.46939679
2.64414083116078e-05,206.691773418098,517737.787215289,5640010.46939679
8.43798666195047e-05,206.691773418098,518237.787215289,5640010.46939679
5.16916459782023e-05,206.691773418098,518737.787215289,5640010.46939679
9.04747391179374e-05,206.691773418098,519237.787215289,5640010.46939679
0.000354587221526225,206.691773418098,519737.787215289,5640010.46939679
9.17581856399563e-05,206.691773418098,520237.787215289,5640010.46939679
0.000119684893938491,206.691773418098,520737.787215289,5640010.46939679
3.45625477161172e-05,206.691773418098,521237.787215289,5640010.46939679
4.69198307665711e-05,206.691773418098,521737.787215289,5640010.46939679
9.44524315034851e-05,206.691773418098,522237.787215289,5640010.46939679
5.21770079751948e-05,206.691773418098,522737.787215289,5640010.46939679
0.000118437293614163,206.691773418098,523237.787215289,5640010.46939679
6.7792310412564e-05,206.691773418098,523737.787215289,5640010.46939679
4.45729032447529e-05,206.691773418098,524237.787215289,5640010.46939679
0.00382626237211237,206.691773418098,486737.787215289,5640510.46939679
0.00229040088600576,206.691773418098,487237.787215289,5640510.46939679
0.00582358636227128,206.691773418098,487737.787215289,5640510.46939679
0.00226227022698503,206.691773418098,488237.787215289,5640510.46939679
0.000312616500635788,206.691773418098,488737.787215289,5640510.46939679
9.96906908087172e-05,206.691773418098,489237.787215289,5640510.46939679
0.000157833247600017,206.691773418098,489737.787215289,5640510.46939679
7.20576120950615e-05,206.691773418098,490237.787215289,5640510.46939679
3.9367893822554e-05,206.691773418098,490737.787215289,5640510.46939679
8.79453977910475e-05,206.691773418098,491237.787215289,5640510.46939679
6.44323280150351e-05,206.691773418098,491737.787215289,5640510.46939679
0.000171057804065213,206.691773418098,492237.787215289,5640510.46939679
0.000259940483397094,206.691773418098,492737.787215289,5640510.46939679
0.000739948504064711,206.691773418098,493237.787215289,5640510.46939679
0.00233223790969355,206.691773418098,493737.787215289,5640510.46939679
0.0024108154880133,206.691773418098,494237.787215289,5640510.46939679
9.57307096393488e-05,206.691773418098,494737.787215289,5640510.46939679
8.53181988592449e-05,206.691773418098,495237.787215289,5640510.46939679
0.000358254085825555,206.691773418098,495737.787215289,5640510.46939679
0.000644743178709641,206.691773418098,496237.787215289,5640510.46939679
4.52218705409549e-05,206.691773418098,496737.787215289,5640510.46939679
5.49644753783516e-05,206.691773418098,497237.787215289,5640510.46939679
6.77559754443333e-05,206.691773418098,497737.787215289,5640510.46939679
7.64042590025506e-05,206.691773418098,498237.787215289,5640510.46939679
4.83230470185655e-05,206.691773418098,498737.787215289,5640510.46939679
4.83230470185655e-05,206.691773418098,499237.787215289,5640510.46939679
9.05213152612523e-05,206.691773418098,499737.787215289,5640510.46939679
0.000387400543572547,206.691773418098,500237.787215289,5640510.46939679
0.00336592069491767,206.691773418098,500737.787215289,5640510.46939679
0.000365191747243092,206.691773418098,501237.787215289,5640510.46939679
0.00295921216170348,206.691773418098,501737.787215289,5640510.46939679
0.00145761161338289,206.691773418098,502237.787215289,5640510.46939679
0.00303802993313017,206.691773418098,502737.787215289,5640510.46939679
0.00311357357995851,206.691773418098,503237.787215289,5640510.46939679
0.0020285972876332,206.691773418098,503737.787215289,5640510.46939679
0.000486934411187078,206.691773418098,504237.787215289,5640510.46939679
0.00138611109907452,206.691773418098,504737.787215289,5640510.46939679
0.000320434624160509,206.691773418098,505237.787215289,5640510.46939679
0.000233481345269222,206.691773418098,505737.787215289,5640510.46939679
0.00100997538874703,206.691773418098,506237.787215289,5640510.46939679
0.00287500341723953,206.691773418098,506737.787215289,5640510.46939679
0.000444166376906337,206.691773418098,507237.787215289,5640510.46939679
0.00102567020342676,206.691773418098,507737.787215289,5640510.46939679
0.00272207142143563,206.691773418098,508237.787215289,5640510.46939679
0.000979804324324001,206.691773418098,508737.787215289,5640510.46939679
0.00185828110958506,206.691773418098,509237.787215289,5640510.46939679
0.00131119983926273,206.691773418098,509737.787215289,5640510.46939679
0.0017330971461983,206.691773418098,510237.787215289,5640510.46939679
0.000303116992551318,206.691773418098,510737.787215289,5640510.46939679
0.000640927528626145,206.691773418098,511237.787215289,5640510.46939679
0.000354799677717996,206.691773418098,511737.787215289,5640510.46939679
0.000129416268261098,206.691773418098,512237.787215289,5640510.46939679
0.000171057804065213,206.691773418098,512737.787215289,5640510.46939679
5.22682919628524e-05,206.691773418098,513237.787215289,5640510.46939679
2.66441232502982e-05,206.691773418098,513737.787215289,5640510.46939679
0.00060025526997729,206.691773418098,514237.787215289,5640510.46939679
0.000129175999014809,206.691773418098,514737.787215289,5640510.46939679
0.000310812018317265,206.691773418098,515237.787215289,5640510.46939679
2.17901113094067e-05,206.691773418098,515737.787215289,5640510.46939679
5.80029174959039e-05,206.691773418098,516237.787215289,5640510.46939679
4.09267552175571e-05,206.691773418098,516737.787215289,5640510.46939679
5.76966340979687e-05,206.691773418098,517237.787215289,5640510.46939679
2.86497262234138e-05,206.691773418098,517737.787215289,5640510.46939679
5.17868266963296e-05,206.691773418098,518237.787215289,5640510.46939679
2.57356600839786e-05,206.691773418098,518737.787215289,5640510.46939679
5.18823901590992e-05,206.691773418098,519237.787215289,5640510.46939679
0.00015835655838857,206.691773418098,519737.787215289,5640510.46939679
6.20169575732827e-05,206.691773418098,520237.787215289,5640510.46939679
8.19718009167795e-05,206.691773418098,520737.787215289,5640510.46939679
7.6449732769079e-05,206.691773418098,521237.787215289,5640510.46939679
0.000126680733833798,206.691773418098,521737.787215289,5640510.46939679
0.000126680733833798,206.691773418098,522237.787215289,5640510.46939679
0.000395391375680045,206.691773418098,522737.787215289,5640510.46939679
0.000138243559615877,206.691773418098,523237.787215289,5640510.46939679
0.000138243559615877,206.691773418098,523737.787215289,5640510.46939679
0.000135512111581329,206.691773418098,524237.787215289,5640510.46939679
0.00757154629852059,206.691773418098,486737.787215289,5641010.46939679
0.0118835487328835,206.691773418098,487237.787215289,5641010.46939679
0.000496505994038862,206.691773418098,487737.787215289,5641010.46939679
0.000170119115443672,206.691773418098,488237.787215289,5641010.46939679
8.34198478961745e-05,206.691773418098,488737.787215289,5641010.46939679
6.74955944504197e-05,206.691773418098,489237.787215289,5641010.46939679
5.10342801759258e-05,206.691773418098,489737.787215289,5641010.46939679
4.5543202696854e-05,206.691773418098,490237.787215289,5641010.46939679
4.01215999374312e-05,206.691773418098,490737.787215289,5641010.46939679
4.24772731312276e-05,206.691773418098,491237.787215289,5641010.46939679
0.000414104435502308,206.691773418098,491737.787215289,5641010.46939679
0.000629489085494391,206.691773418098,492237.787215289,5641010.46939679
0.000664629725624756,206.691773418098,492737.787215289,5641010.46939679
0.000793395990631819,206.691773418098,493237.787215289,5641010.46939679
0.000148787306780712,206.691773418098,493737.787215289,5641010.46939679
0.000793395990631819,206.691773418098,494237.787215289,5641010.46939679
1.29559185569083e-05,206.691773418098,494737.787215289,5641010.46939679
0.00133494941926795,206.691773418098,495237.787215289,5641010.46939679
0.00195625292702379,206.691773418098,495737.787215289,5641010.46939679
0.000111669729587879,206.691773418098,496237.787215289,5641010.46939679
0.000134943535004335,206.691773418098,496737.787215289,5641010.46939679
4.01215999374312e-05,206.691773418098,497237.787215289,5641010.46939679
8.05866852949253e-05,206.691773418098,497737.787215289,5641010.46939679
0.000264541843244026,206.691773418098,498237.787215289,5641010.46939679
3.75332556207606e-05,206.691773418098,498737.787215289,5641010.46939679
4.96101175854688e-05,206.691773418098,499237.787215289,5641010.46939679
0.000151421078674212,206.691773418098,499737.787215289,5641010.46939679
0.000303210953930732,206.691773418098,500237.787215289,5641010.46939679
0.000150959287452189,206.691773418098,500737.787215289,5641010.46939679
0.00122699130233278,206.691773418098,501237.787215289,5641010.46939679
0.000131707141973934,206.691773418098,501737.787215289,5641010.46939679
0.00109347090382706,206.691773418098,502237.787215289,5641010.46939679
0.00312951131339258,206.691773418098,502737.787215289,5641010.46939679
0.00224840979157317,206.691773418098,503237.787215289,5641010.46939679
0.00104868250132058,206.691773418098,503737.787215289,5641010.46939679
0.00233223790969355,206.691773418098,504237.787215289,5641010.46939679
0.00133494941926795,206.691773418098,504737.787215289,5641010.46939679
0.00135569426510841,206.691773418098,505237.787215289,5641010.46939679
0.000279219832820134,206.691773418098,505737.787215289,5641010.46939679
0.00060252926465564,206.691773418098,506237.787215289,5641010.46939679
0.00139136221375948,206.691773418098,506737.787215289,5641010.46939679
0.00095110884716768,206.691773418098,507237.787215289,5641010.46939679
0.000326106826481247,206.691773418098,507737.787215289,5641010.46939679
0.00136332224441475,206.691773418098,508237.787215289,5641010.46939679
0.00122287025778856,206.691773418098,508737.787215289,5641010.46939679
0.000750517542268234,206.691773418098,509237.787215289,5641010.46939679
0.00140590958650976,206.691773418098,509737.787215289,5641010.46939679
0.00106366133479202,206.691773418098,510237.787215289,5641010.46939679
0.00213642879099882,206.691773418098,510737.787215289,5641010.46939679
0.000941937931209368,206.691773418098,511237.787215289,5641010.46939679
0.00148623178847567,206.691773418098,511737.787215289,5641010.46939679
0.00104868250132058,206.691773418098,512237.787215289,5641010.46939679
0.00120026992274273,206.691773418098,512737.787215289,5641010.46939679
0.000250346020305927,206.691773418098,513237.787215289,5641010.46939679
0.000758729779004709,206.691773418098,513737.787215289,5641010.46939679
0.00183082186099141,206.691773418098,514237.787215289,5641010.46939679
0.000822223789503528,206.691773418098,514737.787215289,5641010.46939679
6.66847993347185e-05,206.691773418098,515237.787215289,5641010.46939679
0.000394273790541679,206.691773418098,515737.787215289,5641010.46939679
4.23219577911808e-05,206.691773418098,516237.787215289,5641010.46939679
9.75587464116159e-05,206.691773418098,516737.787215289,5641010.46939679
0.0001399517719541,206.691773418098,517237.787215289,5641010.46939679
5.98691328107992e-05,206.691773418098,517737.787215289,5641010.46939679
3.67437462222264e-05,206.691773418098,518237.787215289,5641010.46939679
9.09774997314421e-05,206.691773418098,518737.787215289,5641010.46939679
5.59396531886881e-05,206.691773418098,519237.787215289,5641010.46939679
0.000222398962733875,206.691773418098,519737.787215289,5641010.46939679
9.92892986606362e-05,206.691773418098,520237.787215289,5641010.46939679
6.07575381243872e-05,206.691773418098,520737.787215289,5641010.46939679
0.000199428623903248,206.691773418098,521237.787215289,5641010.46939679
6.79560571932636e-05,206.691773418098,521737.787215289,5641010.46939679
5.30036647586372e-05,206.691773418098,522237.787215289,5641010.46939679
0.000107414689488509,206.691773418098,522737.787215289,5641010.46939679
0.000133056088506889,206.691773418098,523237.787215289,5641010.46939679
0.000329446817512576,206.691773418098,523737.787215289,5641010.46939679
0.000223307496913731,206.691773418098,524237.787215289,5641010.46939679
0.00231355590412265,206.691773418098,486737.787215289,5641510.46939679
0.000184994516274665,206.691773418098,487237.787215289,5641510.46939679
0.000146369176997848,206.691773418098,487737.787215289,5641510.46939679
0.000108632018185923,206.691773418098,488237.787215289,5641510.46939679
0.000850385774360307,206.691773418098,488737.787215289,5641510.46939679
0.000732983451021791,206.691773418098,489237.787215289,5641510.46939679
0.000603662748587009,206.691773418098,489737.787215289,5641510.46939679
0.000507319276919952,206.691773418098,490237.787215289,5641510.46939679
4.31512366533266e-05,206.691773418098,490737.787215289,5641510.46939679
4.94588208371886e-05,206.691773418098,491237.787215289,5641510.46939679
4.12450492380416e-05,206.691773418098,491737.787215289,5641510.46939679
0.000221061614600072,206.691773418098,492237.787215289,5641510.46939679
0.000135719138890455,206.691773418098,492737.787215289,5641510.46939679
0.000217752766838911,206.691773418098,493237.787215289,5641510.46939679
0.0025006986250878,206.691773418098,493737.787215289,5641510.46939679
0.00159358433140778,206.691773418098,494237.787215289,5641510.46939679
0.000423539048775332,206.691773418098,494737.787215289,5641510.46939679
0.000643612524303385,206.691773418098,495237.787215289,5641510.46939679
0.000342047038217027,206.691773418098,495737.787215289,5641510.46939679
0.000179388713491451,206.691773418098,496237.787215289,5641510.46939679
3.58752401137253e-05,206.691773418098,496737.787215289,5641510.46939679
0.000171366816181858,206.691773418098,497237.787215289,5641510.46939679
0.000197017016437558,206.691773418098,497737.787215289,5641510.46939679
0.000105381777950073,206.691773418098,498237.787215289,5641510.46939679
4.8931887326572e-05,206.691773418098,498737.787215289,5641510.46939679
3.70201306592434e-05,206.691773418098,499237.787215289,5641510.46939679
0.000344881664345162,206.691773418098,499737.787215289,5641510.46939679
0.000159822611630693,206.691773418098,500237.787215289,5641510.46939679
0.00260122800612378,206.691773418098,500737.787215289,5641510.46939679
0.000139289872647689,206.691773418098,501237.787215289,5641510.46939679
0.00226704290465367,206.691773418098,501737.787215289,5641510.46939679
0.0025257689414407,206.691773418098,502237.787215289,5641510.46939679
0.00258570529338485,206.691773418098,502737.787215289,5641510.46939679
0.00164562291277634,206.691773418098,503237.787215289,5641510.46939679
0.000850704061826978,206.691773418098,503737.787215289,5641510.46939679
0.00209694462972283,206.691773418098,504237.787215289,5641510.46939679
7.24510278158759e-05,206.691773418098,504737.787215289,5641510.46939679
0.000970239872018441,206.691773418098,505237.787215289,5641510.46939679
9.93410640672421e-05,206.691773418098,505737.787215289,5641510.46939679
0.00325747096605271,206.691773418098,506237.787215289,5641510.46939679
0.000246720860052564,206.691773418098,506737.787215289,5641510.46939679
0.000193428463586709,206.691773418098,507237.787215289,5641510.46939679
0.00203062873544302,206.691773418098,507737.787215289,5641510.46939679
0.00239579793277444,206.691773418098,508237.787215289,5641510.46939679
0.000263653337581642,206.691773418098,508737.787215289,5641510.46939679
0.000140746216421946,206.691773418098,509237.787215289,5641510.46939679
0.0017330971461983,206.691773418098,509737.787215289,5641510.46939679
0.000750517542268234,206.691773418098,510237.787215289,5641510.46939679
0.00167062886686684,206.691773418098,510737.787215289,5641510.46939679
0.00189193989641736,206.691773418098,511237.787215289,5641510.46939679
0.000912151572927162,206.691773418098,511737.787215289,5641510.46939679
0.000320434624160509,206.691773418098,512237.787215289,5641510.46939679
0.0014313746309714,206.691773418098,512737.787215289,5641510.46939679
0.00104868250132058,206.691773418098,513237.787215289,5641510.46939679
0.000758729779004709,206.691773418098,513737.787215289,5641510.46939679
0.000368397307144913,206.691773418098,514237.787215289,5641510.46939679
2.69682829088861e-05,206.691773418098,514737.787215289,5641510.46939679
0.000486934411187078,206.691773418098,515237.787215289,5641510.46939679
0.00112443026429949,206.691773418098,515737.787215289,5641510.46939679
0.000910458107539284,206.691773418098,516237.787215289,5641510.46939679
5.59396531886881e-05,206.691773418098,516737.787215289,5641510.46939679
0.000200954788480808,206.691773418098,517237.787215289,5641510.46939679
3.94709195993487e-05,206.691773418098,517737.787215289,5641510.46939679
2.98069760090639e-05,206.691773418098,518237.787215289,5641510.46939679
5.59396531886881e-05,206.691773418098,518737.787215289,5641510.46939679
0.000117053260907937,206.691773418098,519237.787215289,5641510.46939679
9.67032887460475e-05,206.691773418098,519737.787215289,5641510.46939679
0.000268119001433621,206.691773418098,520237.787215289,5641510.46939679
0.000286555208474943,206.691773418098,520737.787215289,5641510.46939679
7.10294100617984e-05,206.691773418098,521237.787215289,5641510.46939679
5.93501347642456e-05,206.691773418098,521737.787215289,5641510.46939679
0.000951863329502363,206.691773418098,522237.787215289,5641510.46939679
0.000385803134222058,206.691773418098,522737.787215289,5641510.46939679
0.000438869065561479,206.691773418098,523237.787215289,5641510.46939679
9.64094528017721e-05,206.691773418098,523737.787215289,5641510.46939679
7.46739035264991e-05,206.691773418098,524237.787215289,5641510.46939679
0.000493113623118392,206.691773418098,486737.787215289,5642010.46939679
0.000168394417284103,206.691773418098,487237.787215289,5642010.46939679
0.00133308623419624,206.691773418098,487737.787215289,5642010.46939679
0.00105913603802948,206.691773418098,488237.787215289,5642010.46939679
0.000925113920503034,206.691773418098,488737.787215289,5642010.46939679
0.000813033018666331,206.691773418098,489237.787215289,5642010.46939679
4.40980783623911e-05,206.691773418098,489737.787215289,5642010.46939679
4.83230470185655e-05,206.691773418098,490237.787215289,5642010.46939679
4.65063976019995e-05,206.691773418098,490737.787215289,5642010.46939679
4.11392025341895e-05,206.691773418098,491237.787215289,5642010.46939679
4.79457683943138e-05,206.691773418098,491737.787215289,5642010.46939679
4.74050390367057e-05,206.691773418098,492237.787215289,5642010.46939679
3.96941450335592e-05,206.691773418098,492737.787215289,5642010.46939679
0.000365460167273778,206.691773418098,493237.787215289,5642010.46939679
0.000510476080598321,206.691773418098,493737.787215289,5642010.46939679
0.00182393750247019,206.691773418098,494237.787215289,5642010.46939679
0.000468961549957853,206.691773418098,494737.787215289,5642010.46939679
0.000912151572927162,206.691773418098,495237.787215289,5642010.46939679
0.000690101532062929,206.691773418098,495737.787215289,5642010.46939679
1.29559185569083e-05,206.691773418098,496237.787215289,5642010.46939679
0.000414244904219845,206.691773418098,496737.787215289,5642010.46939679
0.000112064937948418,206.691773418098,497237.787215289,5642010.46939679
0.00209694462972283,206.691773418098,497737.787215289,5642010.46939679
0.000167304110130915,206.691773418098,498237.787215289,5642010.46939679
5.87731592439945e-05,206.691773418098,498737.787215289,5642010.46939679
0.000179388713491451,206.691773418098,499237.787215289,5642010.46939679
0.000360313193445462,206.691773418098,499737.787215289,5642010.46939679
0.000973673630751136,206.691773418098,500237.787215289,5642010.46939679
0.00209694462972283,206.691773418098,500737.787215289,5642010.46939679
0.00135569426510841,206.691773418098,501237.787215289,5642010.46939679
0.00272299477759614,206.691773418098,501737.787215289,5642010.46939679
0.00192134026239686,206.691773418098,502237.787215289,5642010.46939679
0.00124501993639109,206.691773418098,502737.787215289,5642010.46939679
0.000739948504064711,206.691773418098,503237.787215289,5642010.46939679
0.00137992643130838,206.691773418098,503737.787215289,5642010.46939679
0.00272207142143563,206.691773418098,504237.787215289,5642010.46939679
0.00211432251455308,206.691773418098,504737.787215289,5642010.46939679
7.53878375618408e-05,206.691773418098,505237.787215289,5642010.46939679
0.00123056535818153,206.691773418098,505737.787215289,5642010.46939679
0.000358789727059867,206.691773418098,506237.787215289,5642010.46939679
0.000474235454759028,206.691773418098,506737.787215289,5642010.46939679
0.000741293026158747,206.691773418098,507237.787215289,5642010.46939679
0.00181617029648616,206.691773418098,507737.787215289,5642010.46939679
8.63807944953848e-05,206.691773418098,508237.787215289,5642010.46939679
0.000371940632932421,206.691773418098,508737.787215289,5642010.46939679
0.000690940414530804,206.691773418098,509237.787215289,5642010.46939679
0.000254934842819217,206.691773418098,509737.787215289,5642010.46939679
0.00105057692292381,206.691773418098,510237.787215289,5642010.46939679
0.000519776767535157,206.691773418098,510737.787215289,5642010.46939679
0.000278716337957642,206.691773418098,511237.787215289,5642010.46939679
0.000690101532062929,206.691773418098,511737.787215289,5642010.46939679
0.000298848398022895,206.691773418098,512237.787215289,5642010.46939679
0.000850704061826978,206.691773418098,512737.787215289,5642010.46939679
0.000226098099758054,206.691773418098,513237.787215289,5642010.46939679
0.000226098099758054,206.691773418098,513737.787215289,5642010.46939679
0.000739948504064711,206.691773418098,514237.787215289,5642010.46939679
0.000334045727459156,206.691773418098,514737.787215289,5642010.46939679
0.00081678940650367,206.691773418098,515237.787215289,5642010.46939679
0.000443488841147071,206.691773418098,515737.787215289,5642010.46939679
0.000259331674075173,206.691773418098,516237.787215289,5642010.46939679
0.000739948504064711,206.691773418098,516737.787215289,5642010.46939679
0.000156189827591813,206.691773418098,517237.787215289,5642010.46939679
0.000131050616882015,206.691773418098,517737.787215289,5642010.46939679
0.000195784269320166,206.691773418098,518237.787215289,5642010.46939679
0.000112064937948418,206.691773418098,518737.787215289,5642010.46939679
0.000120668439358645,206.691773418098,519237.787215289,5642010.46939679
0.000228828838786059,206.691773418098,519737.787215289,5642010.46939679
0.000448899906945972,206.691773418098,520237.787215289,5642010.46939679
9.02638599871574e-05,206.691773418098,520737.787215289,5642010.46939679
6.80263380847247e-05,206.691773418098,521237.787215289,5642010.46939679
0.000195153967403231,206.691773418098,521737.787215289,5642010.46939679
0.00074577229772139,206.691773418098,522237.787215289,5642010.46939679
0.000695533003175872,206.691773418098,522737.787215289,5642010.46939679
4.67419878213344e-05,206.691773418098,523237.787215289,5642010.46939679
7.76085139963106e-05,206.691773418098,523737.787215289,5642010.46939679
8.04302715423732e-05,206.691773418098,524237.787215289,5642010.46939679
0.000253123370075198,206.691773418098,486737.787215289,5642510.46939679
0.00172157272616303,206.691773418098,487237.787215289,5642510.46939679
0.00138477524186567,206.691773418098,487737.787215289,5642510.46939679
0.00110759652519704,206.691773418098,488237.787215289,5642510.46939679
0.000974282610752717,206.691773418098,488737.787215289,5642510.46939679
0.000860287297051343,206.691773418098,489237.787215289,5642510.46939679
0.000718890049959596,206.691773418098,489737.787215289,5642510.46939679
4.40980783623911e-05,206.691773418098,490237.787215289,5642510.46939679
0.000563381183874189,206.691773418098,490737.787215289,5642510.46939679
4.78084955249512e-05,206.691773418098,491237.787215289,5642510.46939679
4.19485446964568e-05,206.691773418098,491737.787215289,5642510.46939679
4.79457683943138e-05,206.691773418098,492237.787215289,5642510.46939679
4.31512366533266e-05,206.691773418098,492737.787215289,5642510.46939679
4.56355681852217e-05,206.691773418098,493237.787215289,5642510.46939679
0.000271119940240179,206.691773418098,493737.787215289,5642510.46939679
0.000209987211406137,206.691773418098,494237.787215289,5642510.46939679
0.000973673630751136,206.691773418098,494737.787215289,5642510.46939679
0.000217752766838911,206.691773418098,495237.787215289,5642510.46939679
0.000368397307144913,206.691773418098,495737.787215289,5642510.46939679
0.000912151572927162,206.691773418098,496237.787215289,5642510.46939679
0.0020285972876332,206.691773418098,496737.787215289,5642510.46939679
0.0014313746309714,206.691773418098,497237.787215289,5642510.46939679
0.0020285972876332,206.691773418098,497737.787215289,5642510.46939679
0.0020285972876332,206.691773418098,498237.787215289,5642510.46939679
0.0020285972876332,206.691773418098,498737.787215289,5642510.46939679
0.00108292728435415,206.691773418098,499237.787215289,5642510.46939679
0.00133494941926795,206.691773418098,499737.787215289,5642510.46939679
0.00189193989641736,206.691773418098,500237.787215289,5642510.46939679
0.000664629725624756,206.691773418098,500737.787215289,5642510.46939679
0.0025006986250878,206.691773418098,501237.787215289,5642510.46939679
0.00217512562803155,206.691773418098,501737.787215289,5642510.46939679
0.00233223790969355,206.691773418098,502237.787215289,5642510.46939679
5.60437017612698e-05,206.691773418098,502737.787215289,5642510.46939679
6.00918145429055e-05,206.691773418098,503237.787215289,5642510.46939679
0.000237109598478164,206.691773418098,503737.787215289,5642510.46939679
0.000384241248583013,206.691773418098,504237.787215289,5642510.46939679
0.000462170705952482,206.691773418098,504737.787215289,5642510.46939679
0.000432291912613222,206.691773418098,505237.787215289,5642510.46939679
6.14704963732374e-05,206.691773418098,505737.787215289,5642510.46939679
0.00169382314743172,206.691773418098,506237.787215289,5642510.46939679
0.00419390537939664,206.691773418098,506737.787215289,5642510.46939679
0.000130281530137683,206.691773418098,507237.787215289,5642510.46939679
0.0002602564651825,206.691773418098,507737.787215289,5642510.46939679
0.000348487570899438,206.691773418098,508237.787215289,5642510.46939679
0.00162354723203464,206.691773418098,508737.787215289,5642510.46939679
0.00395051049608733,206.691773418098,509237.787215289,5642510.46939679
0.00178433179251653,206.691773418098,509737.787215289,5642510.46939679
0.000429588659474726,206.691773418098,510237.787215289,5642510.46939679
0.00176448849334307,206.691773418098,510737.787215289,5642510.46939679
0.000978037521305169,206.691773418098,511237.787215289,5642510.46939679
0.000978037521305169,206.691773418098,511737.787215289,5642510.46939679
0.000619856637845296,206.691773418098,512237.787215289,5642510.46939679
0.000559818797071247,206.691773418098,512737.787215289,5642510.46939679
0.000112567199803629,206.691773418098,513237.787215289,5642510.46939679
0.000242429472932383,206.691773418098,513737.787215289,5642510.46939679
7.40765645909934e-05,206.691773418098,514237.787215289,5642510.46939679
0.000659981827173827,206.691773418098,514737.787215289,5642510.46939679
4.40980783623911e-05,206.691773418098,515237.787215289,5642510.46939679
0.00096018973853034,206.691773418098,515737.787215289,5642510.46939679
0.00120564939119368,206.691773418098,516237.787215289,5642510.46939679
0.000259457887933131,206.691773418098,516737.787215289,5642510.46939679
0.000267341107323171,206.691773418098,517237.787215289,5642510.46939679
0.000350110934418056,206.691773418098,517737.787215289,5642510.46939679
0.000199470765165391,206.691773418098,518237.787215289,5642510.46939679
0.000150912507008737,206.691773418098,518737.787215289,5642510.46939679
0.00012185719574097,206.691773418098,519237.787215289,5642510.46939679
0.000174719099044325,206.691773418098,519737.787215289,5642510.46939679
0.000210815110081186,206.691773418098,520237.787215289,5642510.46939679
0.00055968131068986,206.691773418098,520737.787215289,5642510.46939679
0.000278647887771725,206.691773418098,521237.787215289,5642510.46939679
8.53058028560589e-05,206.691773418098,521737.787215289,5642510.46939679
7.10294100617984e-05,206.691773418098,522237.787215289,5642510.46939679
9.09866564969865e-05,206.691773418098,522737.787215289,5642510.46939679
0.000452494515973875,206.691773418098,523237.787215289,5642510.46939679
0.000502254848436613,206.691773418098,523737.787215289,5642510.46939679
6.04124165014595e-05,206.691773418098,524237.787215289,5642510.46939679
0.00019046349723189,206.691773418098,486737.787215289,5643010.46939679
0.00185869368629199,206.691773418098,487237.787215289,5643010.46939679
0.000143703145723546,206.691773418098,487737.787215289,5643010.46939679
0.000103277830443775,206.691773418098,488237.787215289,5643010.46939679
0.00109093973992076,206.691773418098,488737.787215289,5643010.46939679
8.00276137939276e-05,206.691773418098,489237.787215289,5643010.46939679
0.000119536764696576,206.691773418098,489737.787215289,5643010.46939679
6.54151542463702e-05,206.691773418098,490237.787215289,5643010.46939679
5.46070845700183e-05,206.691773418098,490737.787215289,5643010.46939679
6.91703435635878e-05,206.691773418098,491237.787215289,5643010.46939679
6.48631149462313e-05,206.691773418098,491737.787215289,5643010.46939679
4.55459448942566e-05,206.691773418098,492237.787215289,5643010.46939679
4.33734726937982e-05,206.691773418098,492737.787215289,5643010.46939679
6.21162572655089e-05,206.691773418098,493237.787215289,5643010.46939679
4.4715879609315e-05,206.691773418098,493737.787215289,5643010.46939679
0.000106516604200278,206.691773418098,494237.787215289,5643010.46939679
0.000226506540944106,206.691773418098,494737.787215289,5643010.46939679
0.000128876374912655,206.691773418098,495237.787215289,5643010.46939679
7.64955387601017e-05,206.691773418098,495737.787215289,5643010.46939679
0.000502835280365003,206.691773418098,496237.787215289,5643010.46939679
0.000690101532062929,206.691773418098,496737.787215289,5643010.46939679
7.94272155743601e-05,206.691773418098,497237.787215289,5643010.46939679
0.000298848398022895,206.691773418098,497737.787215289,5643010.46939679
0.000643612524303385,206.691773418098,498237.787215289,5643010.46939679
0.000395007145555052,206.691773418098,498737.787215289,5643010.46939679
0.000242429472932383,206.691773418098,499237.787215289,5643010.46939679
9.79117590229516e-05,206.691773418098,499737.787215289,5643010.46939679
0.000343580052763142,206.691773418098,500237.787215289,5643010.46939679
0.000278716337957642,206.691773418098,500737.787215289,5643010.46939679
0.00120564939119368,206.691773418098,501237.787215289,5643010.46939679
0.00112443026429949,206.691773418098,501737.787215289,5643010.46939679
0.000159534416257702,206.691773418098,502237.787215289,5643010.46939679
0.000171057804065213,206.691773418098,502737.787215289,5643010.46939679
0.000354799677717996,206.691773418098,503237.787215289,5643010.46939679
0.0011404910392795,206.691773418098,503737.787215289,5643010.46939679
0.000544405096028105,206.691773418098,504237.787215289,5643010.46939679
0.00275440117999029,206.691773418098,504737.787215289,5643010.46939679
0.00133335646546556,206.691773418098,505237.787215289,5643010.46939679
0.00154419039519985,206.691773418098,505737.787215289,5643010.46939679
0.000226218464786585,206.691773418098,506237.787215289,5643010.46939679
0.000304467407118287,206.691773418098,506737.787215289,5643010.46939679
1.93430129558004e-05,206.691773418098,507237.787215289,5643010.46939679
6.53526457568671e-05,206.691773418098,507737.787215289,5643010.46939679
0.000992007298756397,206.691773418098,508237.787215289,5643010.46939679
0.00672521410655827,206.691773418098,508737.787215289,5643010.46939679
0.00106366133479202,206.691773418098,509237.787215289,5643010.46939679
0.000373659301989015,206.691773418098,509737.787215289,5643010.46939679
0.00213642879099882,206.691773418098,510237.787215289,5643010.46939679
0.00195625292702379,206.691773418098,510737.787215289,5643010.46939679
0.00176448849334307,206.691773418098,511237.787215289,5643010.46939679
0.000892135310908788,206.691773418098,511737.787215289,5643010.46939679
0.00199250728086167,206.691773418098,512237.787215289,5643010.46939679
0.000547534128538549,206.691773418098,512737.787215289,5643010.46939679
0.000192346204184326,206.691773418098,513237.787215289,5643010.46939679
0.000132031254297559,206.691773418098,513737.787215289,5643010.46939679
0.000104738174248925,206.691773418098,514237.787215289,5643010.46939679
0.00140511454615285,206.691773418098,514737.787215289,5643010.46939679
9.49714829308627e-05,206.691773418098,515237.787215289,5643010.46939679
4.40980783623911e-05,206.691773418098,515737.787215289,5643010.46939679
0.000382225434186135,206.691773418098,516237.787215289,5643010.46939679
0.000138764181286739,206.691773418098,516737.787215289,5643010.46939679
0.000241347780600644,206.691773418098,517237.787215289,5643010.46939679
9.14808483712177e-05,206.691773418098,517737.787215289,5643010.46939679
0.000144690690022344,206.691773418098,518237.787215289,5643010.46939679
0.000358254085825555,206.691773418098,518737.787215289,5643010.46939679
0.000615652935703593,206.691773418098,519237.787215289,5643010.46939679
8.92868345559259e-05,206.691773418098,519737.787215289,5643010.46939679
0.000819087153490351,206.691773418098,520237.787215289,5643010.46939679
0.000607330663097468,206.691773418098,520737.787215289,5643010.46939679
0.000674957938064921,206.691773418098,521237.787215289,5643010.46939679
7.05944867402475e-05,206.691773418098,521737.787215289,5643010.46939679
0.000120262914923571,206.691773418098,522237.787215289,5643010.46939679
4.71152321216301e-05,206.691773418098,522737.787215289,5643010.46939679
5.80800323975178e-05,206.691773418098,523237.787215289,5643010.46939679
0.000599832523959555,206.691773418098,523737.787215289,5643010.46939679
0.000989545065892306,206.691773418098,524237.787215289,5643010.46939679
0.00020408166375692,206.691773418098,486737.787215289,5643510.46939679
0.00020731748168301,206.691773418098,487237.787215289,5643510.46939679
0.000136603609378604,206.691773418098,487737.787215289,5643510.46939679
0.00011525903672508,206.691773418098,488237.787215289,5643510.46939679
0.0012197907466938,206.691773418098,488737.787215289,5643510.46939679
0.00014795034841578,206.691773418098,489237.787215289,5643510.46939679
0.00147807601402013,206.691773418098,489737.787215289,5643510.46939679
0.000100312304260493,206.691773418098,490237.787215289,5643510.46939679
0.000770860212980322,206.691773418098,490737.787215289,5643510.46939679
9.94052677644246e-05,206.691773418098,491237.787215289,5643510.46939679
6.23619196231521e-05,206.691773418098,491737.787215289,5643510.46939679
5.32179401653589e-05,206.691773418098,492237.787215289,5643510.46939679
5.064821034682e-05,206.691773418098,492737.787215289,5643510.46939679
0.000580575380674336,206.691773418098,493237.787215289,5643510.46939679
0.000366440672030562,206.691773418098,493737.787215289,5643510.46939679
5.43763295066966e-05,206.691773418098,494237.787215289,5643510.46939679
0.00043103636334201,206.691773418098,494737.787215289,5643510.46939679
6.72034178465607e-05,206.691773418098,495237.787215289,5643510.46939679
4.83585650001778e-05,206.691773418098,495737.787215289,5643510.46939679
6.87981510930642e-05,206.691773418098,496237.787215289,5643510.46939679
0.000764111561945239,206.691773418098,496737.787215289,5643510.46939679
0.000712636834413131,206.691773418098,497237.787215289,5643510.46939679
6.20541159530306e-05,206.691773418098,497737.787215289,5643510.46939679
7.64955387601017e-05,206.691773418098,498237.787215289,5643510.46939679
8.20209155368168e-05,206.691773418098,498737.787215289,5643510.46939679
3.55191491015465e-05,206.691773418098,499237.787215289,5643510.46939679
0.0014313746309714,206.691773418098,499737.787215289,5643510.46939679
5.22682919628524e-05,206.691773418098,500237.787215289,5643510.46939679
0.000104984058509192,206.691773418098,500737.787215289,5643510.46939679
0.000210866897064373,206.691773418098,501237.787215289,5643510.46939679
0.00060025526997729,206.691773418098,501737.787215289,5643510.46939679
0.000330898433909408,206.691773418098,502237.787215289,5643510.46939679
0.000775985702140125,206.691773418098,502737.787215289,5643510.46939679
0.000400649221441553,206.691773418098,503237.787215289,5643510.46939679
0.00163446273776083,206.691773418098,503737.787215289,5643510.46939679
0.000260397129036853,206.691773418098,504237.787215289,5643510.46939679
0.00018243939417793,206.691773418098,504737.787215289,5643510.46939679
0.00384457017576336,206.691773418098,505237.787215289,5643510.46939679
0.00338485795459594,206.691773418098,505737.787215289,5643510.46939679
0.00348988469748964,206.691773418098,506237.787215289,5643510.46939679
0.000145739553031917,206.691773418098,506737.787215289,5643510.46939679
7.86629931853274e-05,206.691773418098,507237.787215289,5643510.46939679
7.51346355741054e-05,206.691773418098,507737.787215289,5643510.46939679
1.48242755824471e-05,206.691773418098,508237.787215289,5643510.46939679
0.000322425108869346,206.691773418098,508737.787215289,5643510.46939679
0.00263362500424222,206.691773418098,509237.787215289,5643510.46939679
0.00150746034757864,206.691773418098,509737.787215289,5643510.46939679
6.11555352029326e-05,206.691773418098,510237.787215289,5643510.46939679
0.00102010072022461,206.691773418098,510737.787215289,5643510.46939679
0.00257583587365119,206.691773418098,511237.787215289,5643510.46939679
0.000117408462448467,206.691773418098,511737.787215289,5643510.46939679
0.0022907459475053,206.691773418098,512237.787215289,5643510.46939679
0.00150746034757864,206.691773418098,512737.787215289,5643510.46939679
8.07660100589543e-05,206.691773418098,513237.787215289,5643510.46939679
6.93632430830039e-05,206.691773418098,513737.787215289,5643510.46939679
0.00024194807237205,206.691773418098,514237.787215289,5643510.46939679
0.000179115072183782,206.691773418098,514737.787215289,5643510.46939679
0.00123783892951336,206.691773418098,515237.787215289,5643510.46939679
0.000409111209920398,206.691773418098,515737.787215289,5643510.46939679
0.00234889956317997,206.691773418098,516237.787215289,5643510.46939679
6.00918145429055e-05,206.691773418098,516737.787215289,5643510.46939679
0.000522176528312552,206.691773418098,517237.787215289,5643510.46939679
0.00140966996144768,206.691773418098,517737.787215289,5643510.46939679
0.000283414272957952,206.691773418098,518237.787215289,5643510.46939679
0.00128569127143625,206.691773418098,518737.787215289,5643510.46939679
0.00060252926465564,206.691773418098,519237.787215289,5643510.46939679
0.000286686740028913,206.691773418098,519737.787215289,5643510.46939679
0.000263223172476829,206.691773418098,520237.787215289,5643510.46939679
7.2523572803072e-05,206.691773418098,520737.787215289,5643510.46939679
6.36900187468522e-05,206.691773418098,521237.787215289,5643510.46939679
0.000133056088506889,206.691773418098,521737.787215289,5643510.46939679
0.000278520044434132,206.691773418098,522237.787215289,5643510.46939679
0.000269385340772815,206.691773418098,522737.787215289,5643510.46939679
0.000170937331977606,206.691773418098,523237.787215289,5643510.46939679
6.67734568016505e-05,206.691773418098,523737.787215289,5643510.46939679
0.000666997987074825,206.691773418098,524237.787215289,5643510.46939679
0.000507761787358081,206.691773418098,486737.787215289,5644010.46939679
0.000384647818531359,206.691773418098,487237.787215289,5644010.46939679
0.00193949498093508,206.691773418098,487737.787215289,5644010.46939679
0.000282654793148077,206.691773418098,488237.787215289,5644010.46939679
0.000108928032389129,206.691773418098,488737.787215289,5644010.46939679
0.000111087216046917,206.691773418098,489237.787215289,5644010.46939679
0.000276447332914109,206.691773418098,489737.787215289,5644010.46939679
0.000100510754881865,206.691773418098,490237.787215289,5644010.46939679
9.14522450970027e-05,206.691773418098,490737.787215289,5644010.46939679
0.000114465427834583,206.691773418098,491237.787215289,5644010.46939679
6.74007591980948e-05,206.691773418098,491737.787215289,5644010.46939679
6.23619196231521e-05,206.691773418098,492237.787215289,5644010.46939679
8.29812590989716e-05,206.691773418098,492737.787215289,5644010.46939679
5.23318289233085e-05,206.691773418098,493237.787215289,5644010.46939679
5.55560449851989e-05,206.691773418098,493737.787215289,5644010.46939679
7.78976958624981e-05,206.691773418098,494237.787215289,5644010.46939679
4.5543202696854e-05,206.691773418098,494737.787215289,5644010.46939679
4.42115767340919e-05,206.691773418098,495237.787215289,5644010.46939679
6.03194651331088e-05,206.691773418098,495737.787215289,5644010.46939679
3.36297550476877e-05,206.691773418098,496237.787215289,5644010.46939679
4.14702364223546e-05,206.691773418098,496737.787215289,5644010.46939679
4.22114903224427e-05,206.691773418098,497237.787215289,5644010.46939679
4.5260483663997e-05,206.691773418098,497737.787215289,5644010.46939679
8.32955040897209e-05,206.691773418098,498237.787215289,5644010.46939679
6.30184244508895e-05,206.691773418098,498737.787215289,5644010.46939679
3.86765748330725e-05,206.691773418098,499237.787215289,5644010.46939679
0.000254236347177538,206.691773418098,499737.787215289,5644010.46939679
0.000878483848355647,206.691773418098,500237.787215289,5644010.46939679
0.000217752766838911,206.691773418098,500737.787215289,5644010.46939679
0.000468961549957853,206.691773418098,501237.787215289,5644010.46939679
0.000712636834413131,206.691773418098,501737.787215289,5644010.46939679
0.00135569426510841,206.691773418098,502237.787215289,5644010.46939679
0.000493889528152888,206.691773418098,502737.787215289,5644010.46939679
0.00106366133479202,206.691773418098,503237.787215289,5644010.46939679
0.00461660883412041,206.691773418098,503737.787215289,5644010.46939679
0.000342162341097078,206.691773418098,504237.787215289,5644010.46939679
0.000192018727643152,206.691773418098,504737.787215289,5644010.46939679
0.000272298673493875,206.691773418098,505237.787215289,5644010.46939679
0.00318733420465952,206.691773418098,505737.787215289,5644010.46939679
0.00404245290567794,206.691773418098,506237.787215289,5644010.46939679
0.000137335255879671,206.691773418098,506737.787215289,5644010.46939679
0.00034415560441292,206.691773418098,507237.787215289,5644010.46939679
0.000213878809756526,206.691773418098,507737.787215289,5644010.46939679
0.000118225706614703,206.691773418098,508237.787215289,5644010.46939679
4.94434941513621e-05,206.691773418098,508737.787215289,5644010.46939679
0.00150746034757864,206.691773418098,509237.787215289,5644010.46939679
0.0015559611037382,206.691773418098,509737.787215289,5644010.46939679
0.00196789913710364,206.691773418098,510237.787215289,5644010.46939679
0.00235494509363413,206.691773418098,510737.787215289,5644010.46939679
0.00279463603212091,206.691773418098,511237.787215289,5644010.46939679
0.0017330971461983,206.691773418098,511737.787215289,5644010.46939679
0.00161634625819953,206.691773418098,512237.787215289,5644010.46939679
0.00214362850671452,206.691773418098,512737.787215289,5644010.46939679
0.000156801443075743,206.691773418098,513237.787215289,5644010.46939679
0.00134967755521042,206.691773418098,513737.787215289,5644010.46939679
0.000591045270735307,206.691773418098,514237.787215289,5644010.46939679
0.000275004911623249,206.691773418098,514737.787215289,5644010.46939679
0.000343580052763142,206.691773418098,515237.787215289,5644010.46939679
2.94283508469482e-05,206.691773418098,515737.787215289,5644010.46939679
0.0012292735301906,206.691773418098,516237.787215289,5644010.46939679
0.00205115187938234,206.691773418098,516737.787215289,5644010.46939679
0.00243454031313217,206.691773418098,517237.787215289,5644010.46939679
0.00105713887200247,206.691773418098,517737.787215289,5644010.46939679
0.000268638565329159,206.691773418098,518237.787215289,5644010.46939679
0.000696425064157533,206.691773418098,518737.787215289,5644010.46939679
0.000130941737540407,206.691773418098,519237.787215289,5644010.46939679
9.44997330073656e-05,206.691773418098,519737.787215289,5644010.46939679
7.97515016957509e-05,206.691773418098,520237.787215289,5644010.46939679
0.000165869139037333,206.691773418098,520737.787215289,5644010.46939679
0.000261327318338234,206.691773418098,521237.787215289,5644010.46939679
0.000142830324513252,206.691773418098,521737.787215289,5644010.46939679
0.000125083609315935,206.691773418098,522237.787215289,5644010.46939679
0.000332077517502426,206.691773418098,522737.787215289,5644010.46939679
0.000380335730530397,206.691773418098,523237.787215289,5644010.46939679
7.15965943792533e-05,206.691773418098,523737.787215289,5644010.46939679
2.69682829088861e-05,206.691773418098,524237.787215289,5644010.46939679
0.000836768500864572,206.691773418098,486737.787215289,5644510.46939679
0.00211027592085373,206.691773418098,487237.787215289,5644510.46939679
0.005728363416539,206.691773418098,487737.787215289,5644510.46939679
0.000157050449754597,206.691773418098,488237.787215289,5644510.46939679
0.00122268605340511,206.691773418098,488737.787215289,5644510.46939679
0.000222863521562965,206.691773418098,489237.787215289,5644510.46939679
0.000129801486094412,206.691773418098,489737.787215289,5644510.46939679
0.000234038071195206,206.691773418098,490237.787215289,5644510.46939679
0.000268972829976642,206.691773418098,490737.787215289,5644510.46939679
8.85254047875823e-05,206.691773418098,491237.787215289,5644510.46939679
7.95602688892816e-05,206.691773418098,491737.787215289,5644510.46939679
0.000476960064522545,206.691773418098,492237.787215289,5644510.46939679
6.87954682526638e-05,206.691773418098,492737.787215289,5644510.46939679
6.54151542463702e-05,206.691773418098,493237.787215289,5644510.46939679
6.4466629050772e-05,206.691773418098,493737.787215289,5644510.46939679
0.00423586124078507,206.691773418098,494237.787215289,5644510.46939679
5.97726543532425e-05,206.691773418098,494737.787215289,5644510.46939679
4.19485446964568e-05,206.691773418098,495237.787215289,5644510.46939679
4.88328501533888e-05,206.691773418098,495737.787215289,5644510.46939679
3.84555470400319e-05,206.691773418098,496237.787215289,5644510.46939679
5.62560165645451e-05,206.691773418098,496737.787215289,5644510.46939679
8.53181988592449e-05,206.691773418098,497237.787215289,5644510.46939679
5.61449434614106e-05,206.691773418098,497737.787215289,5644510.46939679
6.46764221169085e-05,206.691773418098,498237.787215289,5644510.46939679
0.000796401675630785,206.691773418098,498737.787215289,5644510.46939679
0.00226704290465367,206.691773418098,499237.787215289,5644510.46939679
0.00226704290465367,206.691773418098,499737.787215289,5644510.46939679
0.0012824284315566,206.691773418098,500237.787215289,5644510.46939679
0.0012824284315566,206.691773418098,500737.787215289,5644510.46939679
0.000276494202092165,206.691773418098,501237.787215289,5644510.46939679
0.000992007298756397,206.691773418098,501737.787215289,5644510.46939679
0.000699958582136843,206.691773418098,502237.787215289,5644510.46939679
0.0022907459475053,206.691773418098,502737.787215289,5644510.46939679
0.00146179686385749,206.691773418098,503237.787215289,5644510.46939679
0.00200951830989908,206.691773418098,503737.787215289,5644510.46939679
0.0001790832975584,206.691773418098,504237.787215289,5644510.46939679
0.000141285349482265,206.691773418098,504737.787215289,5644510.46939679
0.00079005532452764,206.691773418098,505237.787215289,5644510.46939679
0.0016158175396451,206.691773418098,505737.787215289,5644510.46939679
0.00503298481832456,206.691773418098,506237.787215289,5644510.46939679
0.00570535907363881,206.691773418098,506737.787215289,5644510.46939679
0.00023083848793792,206.691773418098,507237.787215289,5644510.46939679
0.000292280691284558,206.691773418098,507737.787215289,5644510.46939679
0.000179656505561553,206.691773418098,508237.787215289,5644510.46939679
6.53526457568671e-05,206.691773418098,508737.787215289,5644510.46939679
4.6112710380472e-05,206.691773418098,509237.787215289,5644510.46939679
0.000122891011912113,206.691773418098,509737.787215289,5644510.46939679
0.00111845818009557,206.691773418098,510237.787215289,5644510.46939679
0.00208388225229649,206.691773418098,510737.787215289,5644510.46939679
0.000713350472622792,206.691773418098,511237.787215289,5644510.46939679
0.00199250728086167,206.691773418098,511737.787215289,5644510.46939679
0.00368659583702387,206.691773418098,512237.787215289,5644510.46939679
0.000117550348364608,206.691773418098,512737.787215289,5644510.46939679
0.00242219218627277,206.691773418098,513237.787215289,5644510.46939679
0.00198760368226223,206.691773418098,513737.787215289,5644510.46939679
0.0023372319219572,206.691773418098,514237.787215289,5644510.46939679
0.000110807797487224,206.691773418098,514737.787215289,5644510.46939679
0.000499935034753568,206.691773418098,515237.787215289,5644510.46939679
7.32019605859216e-05,206.691773418098,515737.787215289,5644510.46939679
0.000279542517075811,206.691773418098,516237.787215289,5644510.46939679
4.40980783623911e-05,206.691773418098,516737.787215289,5644510.46939679
0.000850704061826978,206.691773418098,517237.787215289,5644510.46939679
0.000428334823811939,206.691773418098,517737.787215289,5644510.46939679
0.00025554953936769,206.691773418098,518237.787215289,5644510.46939679
9.66596296760021e-05,206.691773418098,518737.787215289,5644510.46939679
0.000219182680534495,206.691773418098,519237.787215289,5644510.46939679
4.49395637251889e-05,206.691773418098,519737.787215289,5644510.46939679
0.000149958343101029,206.691773418098,520237.787215289,5644510.46939679
0.000748654704202459,206.691773418098,520737.787215289,5644510.46939679
0.00018041275667856,206.691773418098,521237.787215289,5644510.46939679
8.23131789804697e-05,206.691773418098,521737.787215289,5644510.46939679
4.39412927954159e-05,206.691773418098,522237.787215289,5644510.46939679
8.82587718206303e-05,206.691773418098,522737.787215289,5644510.46939679
0.000225938864052729,206.691773418098,523237.787215289,5644510.46939679
0.000262998931194376,206.691773418098,523737.787215289,5644510.46939679
0.00013866645285689,206.691773418098,524237.787215289,5644510.46939679
0.00434578265491229,206.691773418098,486737.787215289,5645010.46939679
0.00269450298710155,206.691773418098,487237.787215289,5645010.46939679
0.00130913993214074,206.691773418098,487737.787215289,5645010.46939679
0.0044786870755423,206.691773418098,488237.787215289,5645010.46939679
0.0056402141998669,206.691773418098,488737.787215289,5645010.46939679
0.00147667672851513,206.691773418098,489237.787215289,5645010.46939679
0.000106974685211519,206.691773418098,489737.787215289,5645010.46939679
0.000125696373513827,206.691773418098,490237.787215289,5645010.46939679
0.00014363721488187,206.691773418098,490737.787215289,5645010.46939679
0.000126602751324691,206.691773418098,491237.787215289,5645010.46939679
8.58081171529487e-05,206.691773418098,491737.787215289,5645010.46939679
8.42873706782158e-05,206.691773418098,492237.787215289,5645010.46939679
9.80579651092787e-05,206.691773418098,492737.787215289,5645010.46939679
4.40980783623911e-05,206.691773418098,493237.787215289,5645010.46939679
0.000732983451021791,206.691773418098,493737.787215289,5645010.46939679
5.06986826455827e-05,206.691773418098,494237.787215289,5645010.46939679
5.95689336548251e-05,206.691773418098,494737.787215289,5645010.46939679
6.92118959277473e-05,206.691773418098,495237.787215289,5645010.46939679
4.85460691386656e-05,206.691773418098,495737.787215289,5645010.46939679
5.14089564379789e-05,206.691773418098,496237.787215289,5645010.46939679
4.6268109150147e-05,206.691773418098,496737.787215289,5645010.46939679
3.48980558416838e-05,206.691773418098,497237.787215289,5645010.46939679
0.000700175558009281,206.691773418098,497737.787215289,5645010.46939679
0.00246448701185651,206.691773418098,498237.787215289,5645010.46939679
0.00401555952762584,206.691773418098,498737.787215289,5645010.46939679
0.00214362850671452,206.691773418098,499237.787215289,5645010.46939679
0.00199922198440999,206.691773418098,499737.787215289,5645010.46939679
6.46764221169085e-05,206.691773418098,500237.787215289,5645010.46939679
0.00112869003270984,206.691773418098,500737.787215289,5645010.46939679
0.000493889528152888,206.691773418098,501237.787215289,5645010.46939679
0.000804728444835655,206.691773418098,501737.787215289,5645010.46939679
0.000144690690022344,206.691773418098,502237.787215289,5645010.46939679
9.63020057734848e-05,206.691773418098,502737.787215289,5645010.46939679
8.425621548755e-05,206.691773418098,503237.787215289,5645010.46939679
0.000577409881277464,206.691773418098,503737.787215289,5645010.46939679
0.000824336067781382,206.691773418098,504237.787215289,5645010.46939679
9.21908558826436e-05,206.691773418098,504737.787215289,5645010.46939679
0.000386915833636618,206.691773418098,505237.787215289,5645010.46939679
0.00503298481832456,206.691773418098,505737.787215289,5645010.46939679
0.00665479601612113,206.691773418098,506237.787215289,5645010.46939679
0.00596302827196294,206.691773418098,506737.787215289,5645010.46939679
0.00054751581766732,206.691773418098,507237.787215289,5645010.46939679
0.00253947405041601,206.691773418098,507737.787215289,5645010.46939679
0.000917817701432499,206.691773418098,508237.787215289,5645010.46939679
0.00140590958650976,206.691773418098,508737.787215289,5645010.46939679
4.01091667425696e-05,206.691773418098,509237.787215289,5645010.46939679
0.000150212952195945,206.691773418098,509737.787215289,5645010.46939679
0.000111587711368311,206.691773418098,510237.787215289,5645010.46939679
0.00196801762608954,206.691773418098,510737.787215289,5645010.46939679
0.00252882128564777,206.691773418098,511237.787215289,5645010.46939679
0.00213642879099882,206.691773418098,511737.787215289,5645010.46939679
0.00122287025778856,206.691773418098,512237.787215289,5645010.46939679
0.00236444799267148,206.691773418098,512737.787215289,5645010.46939679
0.00136332224441475,206.691773418098,513237.787215289,5645010.46939679
0.00060252926465564,206.691773418098,513737.787215289,5645010.46939679
0.000142063895589943,206.691773418098,514237.787215289,5645010.46939679
0.00112179672442987,206.691773418098,514737.787215289,5645010.46939679
8.91758141263858e-05,206.691773418098,515237.787215289,5645010.46939679
0.000146010859623857,206.691773418098,515737.787215289,5645010.46939679
0.000167670759351185,206.691773418098,516237.787215289,5645010.46939679
0.000651424005859108,206.691773418098,516737.787215289,5645010.46939679
0.00012069808170467,206.691773418098,517237.787215289,5645010.46939679
0.000940850635088382,206.691773418098,517737.787215289,5645010.46939679
0.00160643468392369,206.691773418098,518237.787215289,5645010.46939679
0.000163328032090675,206.691773418098,518737.787215289,5645010.46939679
2.75565598957755e-05,206.691773418098,519237.787215289,5645010.46939679
4.57058918941425e-05,206.691773418098,519737.787215289,5645010.46939679
5.78070070367627e-05,206.691773418098,520237.787215289,5645010.46939679
0.000643159242765975,206.691773418098,520737.787215289,5645010.46939679
0.000134746597109095,206.691773418098,521237.787215289,5645010.46939679
6.67734568016505e-05,206.691773418098,521737.787215289,5645010.46939679
5.05184294010273e-05,206.691773418098,522237.787215289,5645010.46939679
2.69682829088861e-05,206.691773418098,522737.787215289,5645010.46939679
0.000170937331977606,206.691773418098,523237.787215289,5645010.46939679
0.000262883815505158,206.691773418098,523737.787215289,5645010.46939679
0.000989545065892306,206.691773418098,524237.787215289,5645010.46939679
0.00028749182472253,206.691773418098,486737.787215289,5645510.46939679
0.000500177727093581,206.691773418098,487237.787215289,5645510.46939679
0.00143840811594027,206.691773418098,487737.787215289,5645510.46939679
0.0134827048134448,206.691773418098,488237.787215289,5645510.46939679
0.00451942642729079,206.691773418098,488737.787215289,5645510.46939679
0.0136699459914505,206.691773418098,489237.787215289,5645510.46939679
0.00762433847453537,206.691773418098,489737.787215289,5645510.46939679
0.00016995806471955,206.691773418098,490237.787215289,5645510.46939679
0.00168424641776126,206.691773418098,490737.787215289,5645510.46939679
0.000122986665588478,206.691773418098,491237.787215289,5645510.46939679
0.000103277830443775,206.691773418098,491737.787215289,5645510.46939679
9.2188612790522e-05,206.691773418098,492237.787215289,5645510.46939679
0.000269068910463668,206.691773418098,492737.787215289,5645510.46939679
0.000116478656567993,206.691773418098,493237.787215289,5645510.46939679
0.000219188863911114,206.691773418098,493737.787215289,5645510.46939679
8.32927184857378e-05,206.691773418098,494237.787215289,5645510.46939679
0.000303406917850097,206.691773418098,494737.787215289,5645510.46939679
0.00269462753050971,206.691773418098,495237.787215289,5645510.46939679
8.52678765276901e-05,206.691773418098,495737.787215289,5645510.46939679
0.000322577012192165,206.691773418098,496237.787215289,5645510.46939679
0.000354376306249722,206.691773418098,496737.787215289,5645510.46939679
0.000126924115767653,206.691773418098,497237.787215289,5645510.46939679
7.26500816794418e-05,206.691773418098,497737.787215289,5645510.46939679
0.00330139003097707,206.691773418098,498237.787215289,5645510.46939679
0.00194735474647396,206.691773418098,498737.787215289,5645510.46939679
0.00169382314743172,206.691773418098,499237.787215289,5645510.46939679
0.000116104378442438,206.691773418098,499737.787215289,5645510.46939679
0.000672104099379473,206.691773418098,500237.787215289,5645510.46939679
0.00125902133292495,206.691773418098,500737.787215289,5645510.46939679
0.00185828110958506,206.691773418098,501237.787215289,5645510.46939679
0.000140746216421946,206.691773418098,501737.787215289,5645510.46939679
0.000120917395936225,206.691773418098,502237.787215289,5645510.46939679
9.19264154891914e-05,206.691773418098,502737.787215289,5645510.46939679
5.61118280827718e-05,206.691773418098,503237.787215289,5645510.46939679
7.8335961950322e-05,206.691773418098,503737.787215289,5645510.46939679
9.55228591699171e-05,206.691773418098,504237.787215289,5645510.46939679
7.86629931853274e-05,206.691773418098,504737.787215289,5645510.46939679
0.000184799983041231,206.691773418098,505237.787215289,5645510.46939679
0.000120019130849924,206.691773418098,505737.787215289,5645510.46939679
0.00299018803763867,206.691773418098,506237.787215289,5645510.46939679
0.00322069440312276,206.691773418098,506737.787215289,5645510.46939679
0.00185828110958506,206.691773418098,507237.787215289,5645510.46939679
0.00245620964205348,206.691773418098,507737.787215289,5645510.46939679
0.000699958582136843,206.691773418098,508237.787215289,5645510.46939679
0.00028269737664836,206.691773418098,508737.787215289,5645510.46939679
3.74071942395522e-05,206.691773418098,509237.787215289,5645510.46939679
5.30148649629378e-05,206.691773418098,509737.787215289,5645510.46939679
0.00028269737664836,206.691773418098,510237.787215289,5645510.46939679
0.000925180269882036,206.691773418098,510737.787215289,5645510.46939679
0.000245892208983618,206.691773418098,511237.787215289,5645510.46939679
9.26201967349822e-05,206.691773418098,511737.787215289,5645510.46939679
0.000161813122587862,206.691773418098,512237.787215289,5645510.46939679
6.53526457568671e-05,206.691773418098,512737.787215289,5645510.46939679
0.000150912507008737,206.691773418098,513237.787215289,5645510.46939679
0.000400649221441553,206.691773418098,513737.787215289,5645510.46939679
0.0011404910392795,206.691773418098,514237.787215289,5645510.46939679
0.000103373238666949,206.691773418098,514737.787215289,5645510.46939679
0.00160066345051719,206.691773418098,515237.787215289,5645510.46939679
0.000507305445879996,206.691773418098,515737.787215289,5645510.46939679
0.000343338077213167,206.691773418098,516237.787215289,5645510.46939679
0.000320208949404978,206.691773418098,516737.787215289,5645510.46939679
0.000234313304551199,206.691773418098,517237.787215289,5645510.46939679
0.000792837220034872,206.691773418098,517737.787215289,5645510.46939679
0.0028946382288617,206.691773418098,518237.787215289,5645510.46939679
0.000243722883098552,206.691773418098,518737.787215289,5645510.46939679
0.00056640559934384,206.691773418098,519237.787215289,5645510.46939679
0.000577960498134116,206.691773418098,519737.787215289,5645510.46939679
3.82204521285693e-05,206.691773418098,520237.787215289,5645510.46939679
0.000409359608485802,206.691773418098,520737.787215289,5645510.46939679
0.000165331050119351,206.691773418098,521237.787215289,5645510.46939679
0.000164704349286261,206.691773418098,521737.787215289,5645510.46939679
4.93207718726374e-05,206.691773418098,522237.787215289,5645510.46939679
0.000106219296123206,206.691773418098,522737.787215289,5645510.46939679
0.00014313012438512,206.691773418098,523237.787215289,5645510.46939679
0.000244384376809152,206.691773418098,523737.787215289,5645510.46939679
0.00144115019195729,206.691773418098,524237.787215289,5645510.46939679
0.0199098665558705,206.691773418098,486737.787215289,5646010.46939679
0.000279430397452261,206.691773418098,487237.787215289,5646010.46939679
0.000384154561345918,206.691773418098,487737.787215289,5646010.46939679
0.00234529745736076,206.691773418098,488237.787215289,5646010.46939679
0.00262948755490732,206.691773418098,488737.787215289,5646010.46939679
0.00597361653735028,206.691773418098,489237.787215289,5646010.46939679
0.0100883437332296,206.691773418098,489737.787215289,5646010.46939679
0.000198356921724862,206.691773418098,490237.787215289,5646010.46939679
0.000224644503544527,206.691773418098,490737.787215289,5646010.46939679
0.000215909389904381,206.691773418098,491237.787215289,5646010.46939679
0.000127564828377901,206.691773418098,491737.787215289,5646010.46939679
0.000174420256803073,206.691773418098,492237.787215289,5646010.46939679
0.000157436928311747,206.691773418098,492737.787215289,5646010.46939679
0.000880578554180531,206.691773418098,493237.787215289,5646010.46939679
0.000313468357444584,206.691773418098,493737.787215289,5646010.46939679
5.82872659637167e-05,206.691773418098,494237.787215289,5646010.46939679
0.000303887898047077,206.691773418098,494737.787215289,5646010.46939679
0.000509367735184548,206.691773418098,495237.787215289,5646010.46939679
0.00259791970533161,206.691773418098,495737.787215289,5646010.46939679
0.00430758516755105,206.691773418098,496237.787215289,5646010.46939679
0.00234656115211424,206.691773418098,496737.787215289,5646010.46939679
0.00317296007982622,206.691773418098,497237.787215289,5646010.46939679
0.00391138101063783,206.691773418098,497737.787215289,5646010.46939679
0.00409958519580173,206.691773418098,498237.787215289,5646010.46939679
0.000320824142189117,206.691773418098,498737.787215289,5646010.46939679
0.000183636498027243,206.691773418098,499237.787215289,5646010.46939679
6.69449966234605e-05,206.691773418098,499737.787215289,5646010.46939679
0.00391138101063783,206.691773418098,500237.787215289,5646010.46939679
0.00482164950881327,206.691773418098,500737.787215289,5646010.46939679
0.00150746034757864,206.691773418098,501237.787215289,5646010.46939679
0.00213642879099882,206.691773418098,501737.787215289,5646010.46939679
0.00172011520122785,206.691773418098,502237.787215289,5646010.46939679
0.00032625651260238,206.691773418098,502737.787215289,5646010.46939679
0.000105039947564479,206.691773418098,503237.787215289,5646010.46939679
8.48057590929869e-05,206.691773418098,503737.787215289,5646010.46939679
0.000548351489312697,206.691773418098,504237.787215289,5646010.46939679
0.000194636625203313,206.691773418098,504737.787215289,5646010.46939679
8.69499129524692e-05,206.691773418098,505237.787215289,5646010.46939679
0.000350783575582215,206.691773418098,505737.787215289,5646010.46939679
0.00475707856392332,206.691773418098,506237.787215289,5646010.46939679
0.00185828110958506,206.691773418098,506737.787215289,5646010.46939679
0.000493889528152888,206.691773418098,507237.787215289,5646010.46939679
0.000992007298756397,206.691773418098,507737.787215289,5646010.46939679
0.0022907459475053,206.691773418098,508237.787215289,5646010.46939679
0.000131264782685946,206.691773418098,508737.787215289,5646010.46939679
8.05617124632565e-05,206.691773418098,509237.787215289,5646010.46939679
0.000106483596002746,206.691773418098,509737.787215289,5646010.46939679
1.40456317267622e-05,206.691773418098,510237.787215289,5646010.46939679
0.000114175050929286,206.691773418098,510737.787215289,5646010.46939679
0.000608829002940336,206.691773418098,511237.787215289,5646010.46939679
8.05617124632565e-05,206.691773418098,511737.787215289,5646010.46939679
5.30148649629378e-05,206.691773418098,512237.787215289,5646010.46939679
5.30148649629378e-05,206.691773418098,512737.787215289,5646010.46939679
7.51346355741054e-05,206.691773418098,513237.787215289,5646010.46939679
4.30063063933904e-05,206.691773418098,513737.787215289,5646010.46939679
0.000114175050929286,206.691773418098,514237.787215289,5646010.46939679
3.36748474162358e-05,206.691773418098,514737.787215289,5646010.46939679
0.000394222766251226,206.691773418098,515237.787215289,5646010.46939679
0.000222564232688934,206.691773418098,515737.787215289,5646010.46939679
0.00113766025918178,206.691773418098,516237.787215289,5646010.46939679
0.00150371872348597,206.691773418098,516737.787215289,5646010.46939679
0.000143806135060095,206.691773418098,517237.787215289,5646010.46939679
0.000298637925951279,206.691773418098,517737.787215289,5646010.46939679
0.000219239907525927,206.691773418098,518237.787215289,5646010.46939679
0.000122064758163143,206.691773418098,518737.787215289,5646010.46939679
0.0017074877025415,206.691773418098,519237.787215289,5646010.46939679
0.00196306461340537,206.691773418098,519737.787215289,5646010.46939679
3.82204521285693e-05,206.691773418098,520237.787215289,5646010.46939679
0.00138513489282265,206.691773418098,520737.787215289,5646010.46939679
0.000977348711913554,206.691773418098,521237.787215289,5646010.46939679
0.000164553854106547,206.691773418098,521737.787215289,5646010.46939679
7.59567661436035e-05,206.691773418098,522237.787215289,5646010.46939679
3.28930698257682e-05,206.691773418098,522737.787215289,5646010.46939679
0.000184392090105551,206.691773418098,523237.787215289,5646010.46939679
5.82538508894591e-05,206.691773418098,523737.787215289,5646010.46939679
0.00153476476682693,206.691773418098,524237.787215289,5646010.46939679
0.000340731816261944,206.691773418098,486737.787215289,5646510.46939679
0.00028749182472253,206.691773418098,487237.787215289,5646510.46939679
0.000249022907327918,206.691773418098,487737.787215289,5646510.46939679
0.0002527987746529,206.691773418098,488237.787215289,5646510.46939679
0.000487843631022958,206.691773418098,488737.787215289,5646510.46939679
0.00197432757159707,206.691773418098,489237.787215289,5646510.46939679
0.0118404773666942,206.691773418098,489737.787215289,5646510.46939679
0.0092283556326243,206.691773418098,490237.787215289,5646510.46939679
0.00648001982082744,206.691773418098,490737.787215289,5646510.46939679
0.000136603609378604,206.691773418098,491237.787215289,5646510.46939679
0.000244519148506177,206.691773418098,491737.787215289,5646510.46939679
0.0044177161452645,206.691773418098,492237.787215289,5646510.46939679
0.000113065530951413,206.691773418098,492737.787215289,5646510.46939679
0.000550720477224645,206.691773418098,493237.787215289,5646510.46939679
0.000157436928311747,206.691773418098,493737.787215289,5646510.46939679
0.000165136845953858,206.691773418098,494237.787215289,5646510.46939679
9.49197151446424e-05,206.691773418098,494737.787215289,5646510.46939679
0.0048138859140665,206.691773418098,495237.787215289,5646510.46939679
0.00461280502686861,206.691773418098,495737.787215289,5646510.46939679
0.00412749523535675,206.691773418098,496237.787215289,5646510.46939679
0.00417259240401098,206.691773418098,496737.787215289,5646510.46939679
0.00174081825616478,206.691773418098,497237.787215289,5646510.46939679
0.00495542613318102,206.691773418098,497737.787215289,5646510.46939679
0.000338859592968426,206.691773418098,498237.787215289,5646510.46939679
0.000309482892500687,206.691773418098,498737.787215289,5646510.46939679
0.000101395940526112,206.691773418098,499237.787215289,5646510.46939679
0.000964600225513648,206.691773418098,499737.787215289,5646510.46939679
0.00246715228585659,206.691773418098,500237.787215289,5646510.46939679
0.00200138408725322,206.691773418098,500737.787215289,5646510.46939679
0.00282385531927604,206.691773418098,501237.787215289,5646510.46939679
0.000245892208983618,206.691773418098,501737.787215289,5646510.46939679
0.000823368330170587,206.691773418098,502237.787215289,5646510.46939679
0.0016670015982972,206.691773418098,502737.787215289,5646510.46939679
0.00530325009269813,206.691773418098,503237.787215289,5646510.46939679
0.00607958468301276,206.691773418098,503737.787215289,5646510.46939679
0.00055674676222427,206.691773418098,504237.787215289,5646510.46939679
7.89913545862702e-05,206.691773418098,504737.787215289,5646510.46939679
0.000345714312888989,206.691773418098,505237.787215289,5646510.46939679
0.00171930518933976,206.691773418098,505737.787215289,5646510.46939679
0.00322069440312276,206.691773418098,506237.787215289,5646510.46939679
0.00012242207010335,206.691773418098,506737.787215289,5646510.46939679
0.000608829002940336,206.691773418098,507237.787215289,5646510.46939679
0.00443661577403514,206.691773418098,507737.787215289,5646510.46939679
0.000179382714297133,206.691773418098,508237.787215289,5646510.46939679
9.5759979981298e-05,206.691773418098,508737.787215289,5646510.46939679
0.000126765310156659,206.691773418098,509237.787215289,5646510.46939679
6.53526457568671e-05,206.691773418098,509737.787215289,5646510.46939679
4.94434941513621e-05,206.691773418098,510237.787215289,5646510.46939679
8.05617124632565e-05,206.691773418098,510737.787215289,5646510.46939679
4.30063063933904e-05,206.691773418098,511237.787215289,5646510.46939679
0.000300704792811951,206.691773418098,511737.787215289,5646510.46939679
0.000300704792811951,206.691773418098,512237.787215289,5646510.46939679
6.53526457568671e-05,206.691773418098,512737.787215289,5646510.46939679
9.93102794821499e-05,206.691773418098,513237.787215289,5646510.46939679
0.000245892208983618,206.691773418098,513737.787215289,5646510.46939679
0.0017330971461983,206.691773418098,514237.787215289,5646510.46939679
0.00213642879099882,206.691773418098,514737.787215289,5646510.46939679
0.00183945481083421,206.691773418098,515237.787215289,5646510.46939679
0.000857563973075938,206.691773418098,515737.787215289,5646510.46939679
0.000793395990631819,206.691773418098,516237.787215289,5646510.46939679
0.00012069808170467,206.691773418098,516737.787215289,5646510.46939679
0.000192146994217155,206.691773418098,517237.787215289,5646510.46939679
0.00039472895108328,206.691773418098,517737.787215289,5646510.46939679
0.00154546153417332,206.691773418098,518237.787215289,5646510.46939679
0.00143102994304849,206.691773418098,518737.787215289,5646510.46939679
0.00133970621711426,206.691773418098,519237.787215289,5646510.46939679
0.000356063928122154,206.691773418098,519737.787215289,5646510.46939679
8.23131789804697e-05,206.691773418098,520237.787215289,5646510.46939679
0.000502254848436613,206.691773418098,520737.787215289,5646510.46939679
0.00015256380649776,206.691773418098,521237.787215289,5646510.46939679
0.000314302880241005,206.691773418098,521737.787215289,5646510.46939679
3.62574255446137e-05,206.691773418098,522237.787215289,5646510.46939679
0.000446460603612144,206.691773418098,522737.787215289,5646510.46939679
0.000131615875532727,206.691773418098,523237.787215289,5646510.46939679
6.8778107299451e-05,206.691773418098,523737.787215289,5646510.46939679
0.000104984058509192,206.691773418098,524237.787215289,5646510.46939679
0.000363357997484999,206.691773418098,486737.787215289,5647010.46939679
0.00364302672080351,206.691773418098,487237.787215289,5647010.46939679
0.00313104600003774,206.691773418098,487737.787215289,5647010.46939679
0.002748694832951,206.691773418098,488237.787215289,5647010.46939679
0.000226968408879216,206.691773418098,488737.787215289,5647010.46939679
0.000260425852757367,206.691773418098,489237.787215289,5647010.46939679
0.000191504165178669,206.691773418098,489737.787215289,5647010.46939679
0.00870485602049299,206.691773418098,490237.787215289,5647010.46939679
0.00748615487601947,206.691773418098,490737.787215289,5647010.46939679
0.00899571668263549,206.691773418098,491237.787215289,5647010.46939679
0.00798806976390619,206.691773418098,491737.787215289,5647010.46939679
0.00514616956585079,206.691773418098,492237.787215289,5647010.46939679
0.00049381513218533,206.691773418098,492737.787215289,5647010.46939679
0.00728558176055901,206.691773418098,493237.787215289,5647010.46939679
0.00678136941578328,206.691773418098,493737.787215289,5647010.46939679
0.00717886911216509,206.691773418098,494237.787215289,5647010.46939679
0.00586557937536194,206.691773418098,494737.787215289,5647010.46939679
0.00596302827196294,206.691773418098,495237.787215289,5647010.46939679
0.00534316996134688,206.691773418098,495737.787215289,5647010.46939679
0.00449266208930427,206.691773418098,496237.787215289,5647010.46939679
0.00484349251666665,206.691773418098,496737.787215289,5647010.46939679
0.00408612201090826,206.691773418098,497237.787215289,5647010.46939679
0.00408612201090826,206.691773418098,497737.787215289,5647010.46939679
0.000452219686629787,206.691773418098,498237.787215289,5647010.46939679
8.34198478961745e-05,206.691773418098,498737.787215289,5647010.46939679
0.0031352462072232,206.691773418098,499237.787215289,5647010.46939679
0.00421290458453816,206.691773418098,499737.787215289,5647010.46939679
0.00469773311616329,206.691773418098,500237.787215289,5647010.46939679
0.00331471211488981,206.691773418098,500737.787215289,5647010.46939679
0.00245620964205348,206.691773418098,501237.787215289,5647010.46939679
0.00213642879099882,206.691773418098,501737.787215289,5647010.46939679
0.00442562982842059,206.691773418098,502237.787215289,5647010.46939679
0.003604530137788,206.691773418098,502737.787215289,5647010.46939679
0.00404245290567794,206.691773418098,503237.787215289,5647010.46939679
0.00250576633885572,206.691773418098,503737.787215289,5647010.46939679
0.00524584716078847,206.691773418098,504237.787215289,5647010.46939679
0.00320617338539854,206.691773418098,504737.787215289,5647010.46939679
6.53526457568671e-05,206.691773418098,505237.787215289,5647010.46939679
0.000140746216421946,206.691773418098,505737.787215289,5647010.46939679
0.00160348340287117,206.691773418098,506237.787215289,5647010.46939679
0.00213642879099882,206.691773418098,506737.787215289,5647010.46939679
0.00113141503148283,206.691773418098,507237.787215289,5647010.46939679
0.000114927291392019,206.691773418098,507737.787215289,5647010.46939679
9.08147875515922e-05,206.691773418098,508237.787215289,5647010.46939679
0.000135714600112786,206.691773418098,508737.787215289,5647010.46939679
8.56933776395555e-05,206.691773418098,509237.787215289,5647010.46939679
8.63807944953848e-05,206.691773418098,509737.787215289,5647010.46939679
3.74071942395522e-05,206.691773418098,510237.787215289,5647010.46939679
3.48872413594785e-05,206.691773418098,510737.787215289,5647010.46939679
2.41542198310892e-05,206.691773418098,511237.787215289,5647010.46939679
0.000313870853042127,206.691773418098,511737.787215289,5647010.46939679
0.000630428788901758,206.691773418098,512237.787215289,5647010.46939679
4.01091667425696e-05,206.691773418098,512737.787215289,5647010.46939679
0.00012242207010335,206.691773418098,513237.787215289,5647010.46939679
0.000325011545075789,206.691773418098,513737.787215289,5647010.46939679
0.00122287025778856,206.691773418098,514237.787215289,5647010.46939679
0.00174624224041549,206.691773418098,514737.787215289,5647010.46939679
0.00172510036796563,206.691773418098,515237.787215289,5647010.46939679
0.00214214307971228,206.691773418098,515737.787215289,5647010.46939679
0.000850704061826978,206.691773418098,516237.787215289,5647010.46939679
0.000850704061826978,206.691773418098,516737.787215289,5647010.46939679
0.000580159640580829,206.691773418098,517237.787215289,5647010.46939679
0.00104794393829003,206.691773418098,517737.787215289,5647010.46939679
0.00185285736509067,206.691773418098,518237.787215289,5647010.46939679
0.000739427375306551,206.691773418098,518737.787215289,5647010.46939679
0.000622065360271304,206.691773418098,519237.787215289,5647010.46939679
3.82204521285693e-05,206.691773418098,519737.787215289,5647010.46939679
0.00120480027998316,206.691773418098,520237.787215289,5647010.46939679
0.000399479850996054,206.691773418098,520737.787215289,5647010.46939679
0.000769330055421508,206.691773418098,521237.787215289,5647010.46939679
0.00207076230644173,206.691773418098,521737.787215289,5647010.46939679
0.00192994654333297,206.691773418098,522237.787215289,5647010.46939679
0.00120610323789938,206.691773418098,522737.787215289,5647010.46939679
0.000421772146373402,206.691773418098,523237.787215289,5647010.46939679
0.000643612524303385,206.691773418098,523737.787215289,5647010.46939679
0.000298848398022895,206.691773418098,524237.787215289,5647010.46939679
0.00111367890368425,206.691773418098,486737.787215289,5647510.46939679
0.000340731816261944,206.691773418098,487237.787215289,5647510.46939679
0.000303220145702366,206.691773418098,487737.787215289,5647510.46939679
0.000549071734868283,206.691773418098,488237.787215289,5647510.46939679
0.000249022907327918,206.691773418098,488737.787215289,5647510.46939679
0.000282025083377181,206.691773418098,489237.787215289,5647510.46939679
0.000344902579817059,206.691773418098,489737.787215289,5647510.46939679
0.000623327573325392,206.691773418098,490237.787215289,5647510.46939679
0.00166387952580946,206.691773418098,490737.787215289,5647510.46939679
0.00748511873673079,206.691773418098,491237.787215289,5647510.46939679
0.00870485602049299,206.691773418098,491737.787215289,5647510.46939679
0.0092283556326243,206.691773418098,492237.787215289,5647510.46939679
0.0142975754153559,206.691773418098,492737.787215289,5647510.46939679
0.0105655507925853,206.691773418098,493237.787215289,5647510.46939679
0.00787425635434038,206.691773418098,493737.787215289,5647510.46939679
0.00781182923743341,206.691773418098,494237.787215289,5647510.46939679
0.00487845071925746,206.691773418098,494737.787215289,5647510.46939679
0.000128688275862935,206.691773418098,495237.787215289,5647510.46939679
0.000386419668038096,206.691773418098,495737.787215289,5647510.46939679
0.000244262021421799,206.691773418098,496237.787215289,5647510.46939679
0.000282604904291298,206.691773418098,496737.787215289,5647510.46939679
0.000295771003951625,206.691773418098,497237.787215289,5647510.46939679
0.00516159943914872,206.691773418098,497737.787215289,5647510.46939679
0.00607958468301276,206.691773418098,498237.787215289,5647510.46939679
0.00639374591206125,206.691773418098,498737.787215289,5647510.46939679
0.00735076236765317,206.691773418098,499237.787215289,5647510.46939679
0.00528806643037397,206.691773418098,499737.787215289,5647510.46939679
0.00275541966739133,206.691773418098,500237.787215289,5647510.46939679
0.00275541966739133,206.691773418098,500737.787215289,5647510.46939679
0.00213642879099882,206.691773418098,501237.787215289,5647510.46939679
9.93102794821499e-05,206.691773418098,501737.787215289,5647510.46939679
0.00510068881686294,206.691773418098,502237.787215289,5647510.46939679
0.00735076236765317,206.691773418098,502737.787215289,5647510.46939679
0.00475822967705223,206.691773418098,503237.787215289,5647510.46939679
0.00172502140323018,206.691773418098,503737.787215289,5647510.46939679
0.000522980957599622,206.691773418098,504237.787215289,5647510.46939679
0.000212176765919233,206.691773418098,504737.787215289,5647510.46939679
3.48872413594785e-05,206.691773418098,505237.787215289,5647510.46939679
7.51346355741054e-05,206.691773418098,505737.787215289,5647510.46939679
0.000699958582136843,206.691773418098,506237.787215289,5647510.46939679
0.000263653337581642,206.691773418098,506737.787215289,5647510.46939679
0.00370276822723374,206.691773418098,507237.787215289,5647510.46939679
8.93090647962576e-05,206.691773418098,507737.787215289,5647510.46939679
0.000126765310156659,206.691773418098,508237.787215289,5647510.46939679
8.05617124632565e-05,206.691773418098,508737.787215289,5647510.46939679
0.000106483596002746,206.691773418098,509237.787215289,5647510.46939679
5.68442007442774e-05,206.691773418098,509737.787215289,5647510.46939679
0.000130220179835021,206.691773418098,510237.787215289,5647510.46939679
0.000126765310156659,206.691773418098,510737.787215289,5647510.46939679
9.80757769104424e-05,206.691773418098,511237.787215289,5647510.46939679
0.000408732754561483,206.691773418098,511737.787215289,5647510.46939679
0.00268676124863743,206.691773418098,512237.787215289,5647510.46939679
0.000414231050864039,206.691773418098,512737.787215289,5647510.46939679
0.000359914667325748,206.691773418098,513237.787215289,5647510.46939679
0.000685240552858697,206.691773418098,513737.787215289,5647510.46939679
0.000374437744488876,206.691773418098,514237.787215289,5647510.46939679
0.00247892757878507,206.691773418098,514737.787215289,5647510.46939679
0.00100312600544527,206.691773418098,515237.787215289,5647510.46939679
0.000421772146373402,206.691773418098,515737.787215289,5647510.46939679
0.00176448849334307,206.691773418098,516237.787215289,5647510.46939679
0.000912151572927162,206.691773418098,516737.787215289,5647510.46939679
0.000504627022991477,206.691773418098,517237.787215289,5647510.46939679
4.71152321216301e-05,206.691773418098,517737.787215289,5647510.46939679
0.00065118523972475,206.691773418098,518237.787215289,5647510.46939679
0.000945294319292589,206.691773418098,518737.787215289,5647510.46939679
0.00129182464239043,206.691773418098,519237.787215289,5647510.46939679
0.000354714238755115,206.691773418098,519737.787215289,5647510.46939679
0.00133340846282359,206.691773418098,520237.787215289,5647510.46939679
0.000684810599732166,206.691773418098,520737.787215289,5647510.46939679
0.0019043636686081,206.691773418098,521237.787215289,5647510.46939679
0.00146722534372082,206.691773418098,521737.787215289,5647510.46939679
0.00257891864459036,206.691773418098,522237.787215289,5647510.46939679
0.00253869782558971,206.691773418098,522737.787215289,5647510.46939679
0.00233223790969355,206.691773418098,523237.787215289,5647510.46939679
0.000171057804065213,206.691773418098,523737.787215289,5647510.46939679
0.000259940483397094,206.691773418098,524237.787215289,5647510.46939679
0.00546562093048041,206.691773418098,486737.787215289,5648010.46939679
0.000447614312879715,206.691773418098,487237.787215289,5648010.46939679
0.000340731816261944,206.691773418098,487737.787215289,5648010.46939679
0.000303220145702366,206.691773418098,488237.787215289,5648010.46939679
0.00037999643232272,206.691773418098,488737.787215289,5648010.46939679
0.00027336571051054,206.691773418098,489237.787215289,5648010.46939679
0.000238458185088903,206.691773418098,489737.787215289,5648010.46939679
0.000245307443466885,206.691773418098,490237.787215289,5648010.46939679
0.00029999874155485,206.691773418098,490737.787215289,5648010.46939679
0.000382296683751822,206.691773418098,491237.787215289,5648010.46939679
0.000623327573325392,206.691773418098,491737.787215289,5648010.46939679
0.00113869931726733,206.691773418098,492237.787215289,5648010.46939679
0.00175035435045593,206.691773418098,492737.787215289,5648010.46939679
0.0018918894368876,206.691773418098,493237.787215289,5648010.46939679
0.00550494440068518,206.691773418098,493737.787215289,5648010.46939679
0.000448111839765123,206.691773418098,494237.787215289,5648010.46939679
0.000279950205663712,206.691773418098,494737.787215289,5648010.46939679
0.000247026233517782,206.691773418098,495237.787215289,5648010.46939679
0.00010529655192362,206.691773418098,495737.787215289,5648010.46939679
0.00010196643442651,206.691773418098,496237.787215289,5648010.46939679
8.81550996966312e-05,206.691773418098,496737.787215289,5648010.46939679
0.000403013685649377,206.691773418098,497237.787215289,5648010.46939679
0.00462825701011884,206.691773418098,497737.787215289,5648010.46939679
0.00437929012881236,206.691773418098,498237.787215289,5648010.46939679
0.00611746491718568,206.691773418098,498737.787215289,5648010.46939679
0.00570925510215765,206.691773418098,499237.787215289,5648010.46939679
0.00487212065073437,206.691773418098,499737.787215289,5648010.46939679
0.00674190841658536,206.691773418098,500237.787215289,5648010.46939679
0.00547746600370719,206.691773418098,500737.787215289,5648010.46939679
0.000303116992551318,206.691773418098,501237.787215289,5648010.46939679
0.0011404910392795,206.691773418098,501737.787215289,5648010.46939679
0.000775959751293362,206.691773418098,502237.787215289,5648010.46939679
0.000141673520575589,206.691773418098,502737.787215289,5648010.46939679
0.000432418997358158,206.691773418098,503237.787215289,5648010.46939679
0.000998543122680951,206.691773418098,503737.787215289,5648010.46939679
0.000192633339239772,206.691773418098,504237.787215289,5648010.46939679
3.74071942395522e-05,206.691773418098,504737.787215289,5648010.46939679
0.000243935403073695,206.691773418098,505237.787215289,5648010.46939679
0.000855988488974162,206.691773418098,505737.787215289,5648010.46939679
0.000373659301989015,206.691773418098,506237.787215289,5648010.46939679
9.26201967349822e-05,206.691773418098,506737.787215289,5648010.46939679
0.000460618432466401,206.691773418098,507237.787215289,5648010.46939679
9.26201967349822e-05,206.691773418098,507737.787215289,5648010.46939679
8.63807944953848e-05,206.691773418098,508237.787215289,5648010.46939679
0.000199470765165391,206.691773418098,508737.787215289,5648010.46939679
0.00012242207010335,206.691773418098,509237.787215289,5648010.46939679
5.68442007442774e-05,206.691773418098,509737.787215289,5648010.46939679
0.000370685727781633,206.691773418098,510237.787215289,5648010.46939679
0.000209709753968706,206.691773418098,510737.787215289,5648010.46939679
0.00023083848793792,206.691773418098,511237.787215289,5648010.46939679
0.000284559923708269,206.691773418098,511737.787215289,5648010.46939679
0.00754628961061435,206.691773418098,512237.787215289,5648010.46939679
0.00490073997031095,206.691773418098,512737.787215289,5648010.46939679
0.000378620629063663,206.691773418098,513237.787215289,5648010.46939679
0.00191921515486999,206.691773418098,513737.787215289,5648010.46939679
5.23318289233085e-05,206.691773418098,514237.787215289,5648010.46939679
7.16465753781927e-05,206.691773418098,514737.787215289,5648010.46939679
0.00186997463112224,206.691773418098,515237.787215289,5648010.46939679
7.8793962189517e-05,206.691773418098,515737.787215289,5648010.46939679
8.86672387229095e-05,206.691773418098,516237.787215289,5648010.46939679
0.000707617597760731,206.691773418098,516737.787215289,5648010.46939679
2.89162386525531e-05,206.691773418098,517237.787215289,5648010.46939679
0.000666997987074825,206.691773418098,517737.787215289,5648010.46939679
0.000278520044434132,206.691773418098,518237.787215289,5648010.46939679
0.000108798621929192,206.691773418098,518737.787215289,5648010.46939679
0.00172879547547936,206.691773418098,519237.787215289,5648010.46939679
0.000624176819274051,206.691773418098,519737.787215289,5648010.46939679
0.00167599407787366,206.691773418098,520237.787215289,5648010.46939679
0.000506137240952942,206.691773418098,520737.787215289,5648010.46939679
0.00183542184544769,206.691773418098,521237.787215289,5648010.46939679
0.00129507038322511,206.691773418098,521737.787215289,5648010.46939679
0.00144572462679176,206.691773418098,522237.787215289,5648010.46939679
0.00182393750247019,206.691773418098,522737.787215289,5648010.46939679
0.00120564939119368,206.691773418098,523237.787215289,5648010.46939679
0.000468961549957853,206.691773418098,523737.787215289,5648010.46939679
0.00109975575683865,206.691773418098,524237.787215289,5648010.46939679
0.000533085190235027,206.691773418098,486737.787215289,5648510.46939679
0.000449789619750112,206.691773418098,487237.787215289,5648510.46939679
0.0022275930394391,206.691773418098,487737.787215289,5648510.46939679
0.000340731816261944,206.691773418098,488237.787215289,5648510.46939679
0.000303220145702366,206.691773418098,488737.787215289,5648510.46939679
0.00028749182472253,206.691773418098,489237.787215289,5648510.46939679
0.000488181916597463,206.691773418098,489737.787215289,5648510.46939679
0.00632371031469338,206.691773418098,490237.787215289,5648510.46939679
0.00077159791204916,206.691773418098,490737.787215289,5648510.46939679
0.000471265932012164,206.691773418098,491237.787215289,5648510.46939679
0.000236071597591269,206.691773418098,491737.787215289,5648510.46939679
0.000170421187857154,206.691773418098,492237.787215289,5648510.46939679
0.00122111812905373,206.691773418098,492737.787215289,5648510.46939679
0.000746326657249247,206.691773418098,493237.787215289,5648510.46939679
0.00218131290265371,206.691773418098,493737.787215289,5648510.46939679
0.000253144854586717,206.691773418098,494237.787215289,5648510.46939679
0.000143887661583387,206.691773418098,494737.787215289,5648510.46939679
0.000143887661583387,206.691773418098,495237.787215289,5648510.46939679
0.000134194602946266,206.691773418098,495737.787215289,5648510.46939679
0.000218652569002956,206.691773418098,496237.787215289,5648510.46939679
0.00769740858934729,206.691773418098,496737.787215289,5648510.46939679
0.00685462601061154,206.691773418098,497237.787215289,5648510.46939679
0.00365920903877155,206.691773418098,497737.787215289,5648510.46939679
0.00620427636968611,206.691773418098,498237.787215289,5648510.46939679
0.00596302827196294,206.691773418098,498737.787215289,5648510.46939679
0.0062877366489096,206.691773418098,499237.787215289,5648510.46939679
0.00675219856988809,206.691773418098,499737.787215289,5648510.46939679
0.00646896152447401,206.691773418098,500237.787215289,5648510.46939679
0.00397022421099349,206.691773418098,500737.787215289,5648510.46939679
6.09501346559054e-05,206.691773418098,501237.787215289,5648510.46939679
9.26201967349822e-05,206.691773418098,501737.787215289,5648510.46939679
0.00359903693919228,206.691773418098,502237.787215289,5648510.46939679
0.00510068881686294,206.691773418098,502737.787215289,5648510.46939679
0.00253947405041601,206.691773418098,503237.787215289,5648510.46939679
0.0062877366489096,206.691773418098,503737.787215289,5648510.46939679
6.4832570541899e-05,206.691773418098,504237.787215289,5648510.46939679
3.48872413594785e-05,206.691773418098,504737.787215289,5648510.46939679
3.74071942395522e-05,206.691773418098,505237.787215289,5648510.46939679
4.6112710380472e-05,206.691773418098,505737.787215289,5648510.46939679
5.68442007442774e-05,206.691773418098,506237.787215289,5648510.46939679
0.000161813122587862,206.691773418098,506737.787215289,5648510.46939679
0.000373659301989015,206.691773418098,507237.787215289,5648510.46939679
0.0022907459475053,206.691773418098,507737.787215289,5648510.46939679
4.30063063933904e-05,206.691773418098,508237.787215289,5648510.46939679
6.4832570541899e-05,206.691773418098,508737.787215289,5648510.46939679
4.30063063933904e-05,206.691773418098,509237.787215289,5648510.46939679
0.0017330971461983,206.691773418098,509737.787215289,5648510.46939679
0.00243666316856639,206.691773418098,510237.787215289,5648510.46939679
7.24486048775208e-05,206.691773418098,510737.787215289,5648510.46939679
0.00359903693919228,206.691773418098,511237.787215289,5648510.46939679
0.0062877366489096,206.691773418098,511737.787215289,5648510.46939679
0.00586416037168076,206.691773418098,512237.787215289,5648510.46939679
0.00236840121062381,206.691773418098,512737.787215289,5648510.46939679
0.00262995410306197,206.691773418098,513237.787215289,5648510.46939679
0.00355413827800955,206.691773418098,513737.787215289,5648510.46939679
0.00599912323668694,206.691773418098,514237.787215289,5648510.46939679
0.000177747838804587,206.691773418098,514737.787215289,5648510.46939679
0.00131119692391465,206.691773418098,515237.787215289,5648510.46939679
0.00220817760559783,206.691773418098,515737.787215289,5648510.46939679
0.00162578430773648,206.691773418098,516237.787215289,5648510.46939679
0.00225319727372506,206.691773418098,516737.787215289,5648510.46939679
0.000409359608485802,206.691773418098,517237.787215289,5648510.46939679
0.00047063259101652,206.691773418098,517737.787215289,5648510.46939679
6.22752321098373e-05,206.691773418098,518237.787215289,5648510.46939679
5.80800323975178e-05,206.691773418098,518737.787215289,5648510.46939679
0.000940850635088382,206.691773418098,519237.787215289,5648510.46939679
0.000631296541931776,206.691773418098,519737.787215289,5648510.46939679
0.002220336283481,206.691773418098,520237.787215289,5648510.46939679
0.0023340599839016,206.691773418098,520737.787215289,5648510.46939679
0.00258570529338485,206.691773418098,521237.787215289,5648510.46939679
0.00209755573588767,206.691773418098,521737.787215289,5648510.46939679
0.00242599508264433,206.691773418098,522237.787215289,5648510.46939679
0.0014313746309714,206.691773418098,522737.787215289,5648510.46939679
0.000148787306780712,206.691773418098,523237.787215289,5648510.46939679
0.00116114859457469,206.691773418098,523737.787215289,5648510.46939679
0.00158087908088881,206.691773418098,524237.787215289,5648510.46939679
0.000548464431466904,206.691773418098,486737.787215289,5649010.46939679
0.000810079509665033,206.691773418098,487237.787215289,5649010.46939679
0.00503993839831863,206.691773418098,487737.787215289,5649010.46939679
0.00467768809253172,206.691773418098,488237.787215289,5649010.46939679
0.000340731816261944,206.691773418098,488737.787215289,5649010.46939679
0.000303220145702366,206.691773418098,489237.787215289,5649010.46939679
0.000238458185088903,206.691773418098,489737.787215289,5649010.46939679
0.000242882145162005,206.691773418098,490237.787215289,5649010.46939679
0.0117273535006157,206.691773418098,490737.787215289,5649010.46939679
0.00037307227975616,206.691773418098,491237.787215289,5649010.46939679
0.000228998986418272,206.691773418098,491737.787215289,5649010.46939679
0.000239215807238884,206.691773418098,492237.787215289,5649010.46939679
0.00040058887052342,206.691773418098,492737.787215289,5649010.46939679
0.00014894109983588,206.691773418098,493237.787215289,5649010.46939679
0.000143887661583387,206.691773418098,493737.787215289,5649010.46939679
0.00506539725201255,206.691773418098,494237.787215289,5649010.46939679
0.000200784975051599,206.691773418098,494737.787215289,5649010.46939679
0.000132129618567906,206.691773418098,495237.787215289,5649010.46939679
0.00496595110065972,206.691773418098,495737.787215289,5649010.46939679
0.00532464850093477,206.691773418098,496237.787215289,5649010.46939679
0.00596302827196294,206.691773418098,496737.787215289,5649010.46939679
0.00546911850558414,206.691773418098,497237.787215289,5649010.46939679
0.00475707856392332,206.691773418098,497737.787215289,5649010.46939679
0.00510847398192776,206.691773418098,498237.787215289,5649010.46939679
0.00562674920419067,206.691773418098,498737.787215289,5649010.46939679
0.00245620964205348,206.691773418098,499237.787215289,5649010.46939679
0.00263362500424222,206.691773418098,499737.787215289,5649010.46939679
0.000140746216421946,206.691773418098,500237.787215289,5649010.46939679
4.94434941513621e-05,206.691773418098,500737.787215289,5649010.46939679
0.000992007298756397,206.691773418098,501237.787215289,5649010.46939679
0.00524770065080943,206.691773418098,501737.787215289,5649010.46939679
0.000608829002940336,206.691773418098,502237.787215289,5649010.46939679
0.00282385531927604,206.691773418098,502737.787215289,5649010.46939679
0.0022907459475053,206.691773418098,503237.787215289,5649010.46939679
0.00245620964205348,206.691773418098,503737.787215289,5649010.46939679
0.00185828110958506,206.691773418098,504237.787215289,5649010.46939679
7.00731562208083e-05,206.691773418098,504737.787215289,5649010.46939679
4.30063063933904e-05,206.691773418098,505237.787215289,5649010.46939679
4.94434941513621e-05,206.691773418098,505737.787215289,5649010.46939679
9.93102794821499e-05,206.691773418098,506237.787215289,5649010.46939679
0.00010563620140318,206.691773418098,506737.787215289,5649010.46939679
5.30148649629378e-05,206.691773418098,507237.787215289,5649010.46939679
0.000113266447865579,206.691773418098,507737.787215289,5649010.46939679
7.9920603760735e-05,206.691773418098,508237.787215289,5649010.46939679
9.80757769104424e-05,206.691773418098,508737.787215289,5649010.46939679
0.000179382714297133,206.691773418098,509237.787215289,5649010.46939679
0.00122287025778856,206.691773418098,509737.787215289,5649010.46939679
0.000992007298756397,206.691773418098,510237.787215289,5649010.46939679
0.00213642879099882,206.691773418098,510737.787215289,5649010.46939679
0.00106366133479202,206.691773418098,511237.787215289,5649010.46939679
0.00213642879099882,206.691773418098,511737.787215289,5649010.46939679
0.00245620964205348,206.691773418098,512237.787215289,5649010.46939679
0.00282385531927604,206.691773418098,512737.787215289,5649010.46939679
0.00282385531927604,206.691773418098,513237.787215289,5649010.46939679
0.00213642879099882,206.691773418098,513737.787215289,5649010.46939679
0.00245620964205348,206.691773418098,514237.787215289,5649010.46939679
0.00312524296123878,206.691773418098,514737.787215289,5649010.46939679
0.00263361914858747,206.691773418098,515237.787215289,5649010.46939679
0.000414104435502308,206.691773418098,515737.787215289,5649010.46939679
0.00230412190183405,206.691773418098,516237.787215289,5649010.46939679
0.00112179672442987,206.691773418098,516737.787215289,5649010.46939679
0.000580159640580829,206.691773418098,517237.787215289,5649010.46939679
0.000541076919010697,206.691773418098,517737.787215289,5649010.46939679
9.46338229159428e-05,206.691773418098,518237.787215289,5649010.46939679
0.00129182464239043,206.691773418098,518737.787215289,5649010.46939679
0.00171780730632854,206.691773418098,519237.787215289,5649010.46939679
0.000727449210289734,206.691773418098,519737.787215289,5649010.46939679
0.00207940624922129,206.691773418098,520237.787215289,5649010.46939679
0.00195568298830739,206.691773418098,520737.787215289,5649010.46939679
0.0026813274870134,206.691773418098,521237.787215289,5649010.46939679
0.0020285972876332,206.691773418098,521737.787215289,5649010.46939679
7.90728205044087e-05,206.691773418098,522237.787215289,5649010.46939679
6.44323280150351e-05,206.691773418098,522737.787215289,5649010.46939679
0.00120564939119368,206.691773418098,523237.787215289,5649010.46939679
0.00205942270349782,206.691773418098,523737.787215289,5649010.46939679
0.00095110884716768,206.691773418098,524237.787215289,5649010.46939679
0.000893651117958921,206.691773418098,486737.787215289,5649510.46939679
0.00230597832825611,206.691773418098,487237.787215289,5649510.46939679
0.000482278535570012,206.691773418098,487737.787215289,5649510.46939679
0.000389603839706382,206.691773418098,488237.787215289,5649510.46939679
0.000320843598683977,206.691773418098,488737.787215289,5649510.46939679
4.40980783623911e-05,206.691773418098,489237.787215289,5649510.46939679
4.40980783623911e-05,206.691773418098,489737.787215289,5649510.46939679
0.000384647818531359,206.691773418098,490237.787215289,5649510.46939679
0.000170421187857154,206.691773418098,490737.787215289,5649510.46939679
0.000170421187857154,206.691773418098,491237.787215289,5649510.46939679
0.000274376697248162,206.691773418098,491737.787215289,5649510.46939679
0.00260803220150073,206.691773418098,492237.787215289,5649510.46939679
0.00633705135178164,206.691773418098,492737.787215289,5649510.46939679
0.000178141568851497,206.691773418098,493237.787215289,5649510.46939679
0.00788062704025971,206.691773418098,493737.787215289,5649510.46939679
0.00655933772615814,206.691773418098,494237.787215289,5649510.46939679
0.00443661577403514,206.691773418098,494737.787215289,5649510.46939679
0.0033565861570692,206.691773418098,495237.787215289,5649510.46939679
0.00586416037168076,206.691773418098,495737.787215289,5649510.46939679
0.00586416037168076,206.691773418098,496237.787215289,5649510.46939679
0.00674190841658536,206.691773418098,496737.787215289,5649510.46939679
0.00489418687792159,206.691773418098,497237.787215289,5649510.46939679
0.00562674920419067,206.691773418098,497737.787215289,5649510.46939679
0.00562674920419067,206.691773418098,498237.787215289,5649510.46939679
0.000161813122587862,206.691773418098,498737.787215289,5649510.46939679
7.00731562208083e-05,206.691773418098,499237.787215289,5649510.46939679
0.00213642879099882,206.691773418098,499737.787215289,5649510.46939679
0.00131119983926273,206.691773418098,500237.787215289,5649510.46939679
0.000348487570899438,206.691773418098,500737.787215289,5649510.46939679
0.00199250728086167,206.691773418098,501237.787215289,5649510.46939679
0.00245620964205348,206.691773418098,501737.787215289,5649510.46939679
0.000199470765165391,206.691773418098,502237.787215289,5649510.46939679
0.00122287025778856,206.691773418098,502737.787215289,5649510.46939679
0.00199250728086167,206.691773418098,503237.787215289,5649510.46939679
9.93102794821499e-05,206.691773418098,503737.787215289,5649510.46939679
0.000245892208983618,206.691773418098,504237.787215289,5649510.46939679
0.000303116992551318,206.691773418098,504737.787215289,5649510.46939679
0.000114175050929286,206.691773418098,505237.787215289,5649510.46939679
4.94434941513621e-05,206.691773418098,505737.787215289,5649510.46939679
7.45367154548016e-05,206.691773418098,506237.787215289,5649510.46939679
7.78002313963353e-05,206.691773418098,506737.787215289,5649510.46939679
9.18831268249658e-05,206.691773418098,507237.787215289,5649510.46939679
9.59061381331723e-05,206.691773418098,507737.787215289,5649510.46939679
7.24486048775208e-05,206.691773418098,508237.787215289,5649510.46939679
7.89913545862702e-05,206.691773418098,508737.787215289,5649510.46939679
0.000107185161440016,206.691773418098,509237.787215289,5649510.46939679
0.000212176765919233,206.691773418098,509737.787215289,5649510.46939679
0.000750517542268234,206.691773418098,510237.787215289,5649510.46939679
0.000992007298756397,206.691773418098,510737.787215289,5649510.46939679
0.00122287025778856,206.691773418098,511237.787215289,5649510.46939679
0.00245620964205348,206.691773418098,511737.787215289,5649510.46939679
0.0017330971461983,206.691773418098,512237.787215289,5649510.46939679
0.000150912507008737,206.691773418098,512737.787215289,5649510.46939679
0.000608829002940336,206.691773418098,513237.787215289,5649510.46939679
0.00213642879099882,206.691773418098,513737.787215289,5649510.46939679
0.00245620964205348,206.691773418098,514237.787215289,5649510.46939679
0.00446275771597943,206.691773418098,514737.787215289,5649510.46939679
0.00231977051442307,206.691773418098,515237.787215289,5649510.46939679
0.000147601062683406,206.691773418098,515737.787215289,5649510.46939679
0.00219297869083747,206.691773418098,516237.787215289,5649510.46939679
0.00087229651966692,206.691773418098,516737.787215289,5649510.46939679
0.000381782909795608,206.691773418098,517237.787215289,5649510.46939679
0.000203807395503399,206.691773418098,517737.787215289,5649510.46939679
0.000438928209618818,206.691773418098,518237.787215289,5649510.46939679
0.00104794393829003,206.691773418098,518737.787215289,5649510.46939679
0.00169559074832536,206.691773418098,519237.787215289,5649510.46939679
0.00134371561078521,206.691773418098,519737.787215289,5649510.46939679
0.00260122800612378,206.691773418098,520237.787215289,5649510.46939679
0.00164562291277634,206.691773418098,520737.787215289,5649510.46939679
0.000559818797071247,206.691773418098,521237.787215289,5649510.46939679
0.000978037521305169,206.691773418098,521737.787215289,5649510.46939679
0.0026813274870134,206.691773418098,522237.787215289,5649510.46939679
0.000739948504064711,206.691773418098,522737.787215289,5649510.46939679
0.00112443026429949,206.691773418098,523237.787215289,5649510.46939679
0.0012824284315566,206.691773418098,523737.787215289,5649510.46939679
0.00246448701185651,206.691773418098,524237.787215289,5649510.46939679
0.000449789619750112,206.691773418098,486737.787215289,5650010.46939679
0.000782009456202444,206.691773418098,487237.787215289,5650010.46939679
0.000595279227403699,206.691773418098,487737.787215289,5650010.46939679
0.00028749182472253,206.691773418098,488237.787215289,5650010.46939679
0.000279430397452261,206.691773418098,488737.787215289,5650010.46939679
0.00166174583235723,206.691773418098,489237.787215289,5650010.46939679
0.000347940093689845,206.691773418098,489737.787215289,5650010.46939679
0.000136603609378604,206.691773418098,490237.787215289,5650010.46939679
0.000117542669547739,206.691773418098,490737.787215289,5650010.46939679
0.000139378485576554,206.691773418098,491237.787215289,5650010.46939679
0.000108928032389129,206.691773418098,491737.787215289,5650010.46939679
0.000116478656567993,206.691773418098,492237.787215289,5650010.46939679
0.00570925510215765,206.691773418098,492737.787215289,5650010.46939679
0.0041377411076818,206.691773418098,493237.787215289,5650010.46939679
0.00693622341132583,206.691773418098,493737.787215289,5650010.46939679
0.00447093334085575,206.691773418098,494237.787215289,5650010.46939679
0.00204308971352575,206.691773418098,494737.787215289,5650010.46939679
4.40980783623911e-05,206.691773418098,495237.787215289,5650010.46939679
0.0022907459475053,206.691773418098,495737.787215289,5650010.46939679
0.00245620964205348,206.691773418098,496237.787215289,5650010.46939679
0.000229327566999302,206.691773418098,496737.787215289,5650010.46939679
0.00028269737664836,206.691773418098,497237.787215289,5650010.46939679
0.00028269737664836,206.691773418098,497737.787215289,5650010.46939679
7.00731562208083e-05,206.691773418098,498237.787215289,5650010.46939679
0.00213642879099882,206.691773418098,498737.787215289,5650010.46939679
0.000245892208983618,206.691773418098,499237.787215289,5650010.46939679
0.00524770065080943,206.691773418098,499737.787215289,5650010.46939679
6.09501346559054e-05,206.691773418098,500237.787215289,5650010.46939679
0.00322069440312276,206.691773418098,500737.787215289,5650010.46939679
0.00243365042442747,206.691773418098,501237.787215289,5650010.46939679
0.000984112921976762,206.691773418098,501737.787215289,5650010.46939679
0.00444338736653376,206.691773418098,502237.787215289,5650010.46939679
0.0062877366489096,206.691773418098,502737.787215289,5650010.46939679
0.00674190841658536,206.691773418098,503237.787215289,5650010.46939679
9.5759979981298e-05,206.691773418098,503737.787215289,5650010.46939679
0.000261555188920148,206.691773418098,504237.787215289,5650010.46939679
0.000212176765919233,206.691773418098,504737.787215289,5650010.46939679
0.000114175050929286,206.691773418098,505237.787215289,5650010.46939679
9.18831268249658e-05,206.691773418098,505737.787215289,5650010.46939679
8.2187132496651e-05,206.691773418098,506237.787215289,5650010.46939679
0.00262135305592395,206.691773418098,506737.787215289,5650010.46939679
0.000128688275862935,206.691773418098,507237.787215289,5650010.46939679
0.00015020929737046,206.691773418098,507737.787215289,5650010.46939679
0.000154280863025657,206.691773418098,508237.787215289,5650010.46939679
0.000138907614001865,206.691773418098,508737.787215289,5650010.46939679
0.000108860302005505,206.691773418098,509237.787215289,5650010.46939679
0.000133913192221111,206.691773418098,509737.787215289,5650010.46939679
0.000110093342284041,206.691773418098,510237.787215289,5650010.46939679
0.000360301143697066,206.691773418098,510737.787215289,5650010.46939679
0.00206005238656375,206.691773418098,511237.787215289,5650010.46939679
0.000444151522903805,206.691773418098,511737.787215289,5650010.46939679
0.000414231050864039,206.691773418098,512237.787215289,5650010.46939679
0.000110093342284041,206.691773418098,512737.787215289,5650010.46939679
0.00117915317544349,206.691773418098,513237.787215289,5650010.46939679
0.00117915317544349,206.691773418098,513737.787215289,5650010.46939679
0.00698211887605707,206.691773418098,514237.787215289,5650010.46939679
0.00199250728086167,206.691773418098,514737.787215289,5650010.46939679
0.0022907459475053,206.691773418098,515237.787215289,5650010.46939679
0.00161634625819953,206.691773418098,515737.787215289,5650010.46939679
0.00199250728086167,206.691773418098,516237.787215289,5650010.46939679
0.000799793780797915,206.691773418098,516737.787215289,5650010.46939679
0.0017074877025415,206.691773418098,517237.787215289,5650010.46939679
0.000438928209618818,206.691773418098,517737.787215289,5650010.46939679
0.00225689629897097,206.691773418098,518237.787215289,5650010.46939679
0.00164372334025634,206.691773418098,518737.787215289,5650010.46939679
0.00167868136728673,206.691773418098,519237.787215289,5650010.46939679
0.00111680045581601,206.691773418098,519737.787215289,5650010.46939679
0.00155015128235728,206.691773418098,520237.787215289,5650010.46939679
0.00137992643130838,206.691773418098,520737.787215289,5650010.46939679
0.00060025526997729,206.691773418098,521237.787215289,5650010.46939679
7.94272155743601e-05,206.691773418098,521737.787215289,5650010.46939679
0.000486934411187078,206.691773418098,522237.787215289,5650010.46939679
0.000912151572927162,206.691773418098,522737.787215289,5650010.46939679
0.00128696705128654,206.691773418098,523237.787215289,5650010.46939679
0.00187910926541502,206.691773418098,523737.787215289,5650010.46939679
0.00314818742810865,206.691773418098,524237.787215289,5650010.46939679
0.00238686625137715,206.691773418098,486737.787215289,5650510.46939679
0.000904589948252671,206.691773418098,487237.787215289,5650510.46939679
0.00034860616402329,206.691773418098,487737.787215289,5650510.46939679
0.000321255564143659,206.691773418098,488237.787215289,5650510.46939679
0.000228782194481108,206.691773418098,488737.787215289,5650510.46939679
0.000218822759822825,206.691773418098,489237.787215289,5650510.46939679
0.000170421187857154,206.691773418098,489737.787215289,5650510.46939679
0.00014681496959891,206.691773418098,490237.787215289,5650510.46939679
0.00074071334713882,206.691773418098,490737.787215289,5650510.46939679
0.00540786463440934,206.691773418098,491237.787215289,5650510.46939679
0.000154280863025657,206.691773418098,491737.787215289,5650510.46939679
0.0012076690471387,206.691773418098,492237.787215289,5650510.46939679
0.00674190841658536,206.691773418098,492737.787215289,5650510.46939679
0.00300373084031148,206.691773418098,493237.787215289,5650510.46939679
0.000862855074606855,206.691773418098,493737.787215289,5650510.46939679
0.00281082561416174,206.691773418098,494237.787215289,5650510.46939679
0.000128293291408921,206.691773418098,494737.787215289,5650510.46939679
0.00121163872616296,206.691773418098,495237.787215289,5650510.46939679
0.00106366133479202,206.691773418098,495737.787215289,5650510.46939679
0.000699958582136843,206.691773418098,496237.787215289,5650510.46939679
0.000992007298756397,206.691773418098,496737.787215289,5650510.46939679
0.000213878809756526,206.691773418098,497237.787215289,5650510.46939679
0.000694388323949776,206.691773418098,497737.787215289,5650510.46939679
0.000149711547910372,206.691773418098,498237.787215289,5650510.46939679
7.9920603760735e-05,206.691773418098,498737.787215289,5650510.46939679
0.00227251623121319,206.691773418098,499237.787215289,5650510.46939679
0.00547746600370719,206.691773418098,499737.787215289,5650510.46939679
0.0011404910392795,206.691773418098,500237.787215289,5650510.46939679
0.00185828110958506,206.691773418098,500737.787215289,5650510.46939679
4.40980783623911e-05,206.691773418098,501237.787215289,5650510.46939679
0.00213642879099882,206.691773418098,501737.787215289,5650510.46939679
0.0031352462072232,206.691773418098,502237.787215289,5650510.46939679
0.00532464850093477,206.691773418098,502737.787215289,5650510.46939679
0.00107066925016549,206.691773418098,503237.787215289,5650510.46939679
0.000147970828674565,206.691773418098,503737.787215289,5650510.46939679
0.00054751581766732,206.691773418098,504237.787215289,5650510.46939679
0.00167113967346577,206.691773418098,504737.787215289,5650510.46939679
0.000113266447865579,206.691773418098,505237.787215289,5650510.46939679
0.000118225706614703,206.691773418098,505737.787215289,5650510.46939679
0.000132039452556243,206.691773418098,506237.787215289,5650510.46939679
0.000381999350027975,206.691773418098,506737.787215289,5650510.46939679
0.00470379950675434,206.691773418098,507237.787215289,5650510.46939679
0.0116466055413707,206.691773418098,507737.787215289,5650510.46939679
0.000279950205663712,206.691773418098,508237.787215289,5650510.46939679
0.000117542669547739,206.691773418098,508737.787215289,5650510.46939679
0.000116796052279592,206.691773418098,509237.787215289,5650510.46939679
0.000161059119161248,206.691773418098,509737.787215289,5650510.46939679
0.000141673520575589,206.691773418098,510237.787215289,5650510.46939679
8.69499129524692e-05,206.691773418098,510737.787215289,5650510.46939679
0.000123228645917538,206.691773418098,511237.787215289,5650510.46939679
8.10924919931857e-05,206.691773418098,511737.787215289,5650510.46939679
9.99645836404027e-05,206.691773418098,512237.787215289,5650510.46939679
0.000123228645917538,206.691773418098,512737.787215289,5650510.46939679
0.000868539981206945,206.691773418098,513237.787215289,5650510.46939679
0.000350783575582215,206.691773418098,513737.787215289,5650510.46939679
0.00674190841658536,206.691773418098,514237.787215289,5650510.46939679
0.00212660215471502,206.691773418098,514737.787215289,5650510.46939679
0.00245620964205348,206.691773418098,515237.787215289,5650510.46939679
0.00302782622862363,206.691773418098,515737.787215289,5650510.46939679
0.00098289614303252,206.691773418098,516237.787215289,5650510.46939679
0.00110291349327611,206.691773418098,516737.787215289,5650510.46939679
0.00196306461340537,206.691773418098,517237.787215289,5650510.46939679
7.67681137421753e-05,206.691773418098,517737.787215289,5650510.46939679
0.000643159242765975,206.691773418098,518237.787215289,5650510.46939679
0.000860336669056574,206.691773418098,518737.787215289,5650510.46939679
0.00201116131933474,206.691773418098,519237.787215289,5650510.46939679
0.00232911647258007,206.691773418098,519737.787215289,5650510.46939679
4.74186118686811e-05,206.691773418098,520237.787215289,5650510.46939679
0.000112097596690796,206.691773418098,520737.787215289,5650510.46939679
7.64955387601017e-05,206.691773418098,521237.787215289,5650510.46939679
0.000522106345798771,206.691773418098,521737.787215289,5650510.46939679
0.000578099709759,206.691773418098,522237.787215289,5650510.46939679
0.00124501993639109,206.691773418098,522737.787215289,5650510.46939679
0.00195625292702379,206.691773418098,523237.787215289,5650510.46939679
0.00173893764358014,206.691773418098,523737.787215289,5650510.46939679
0.00341784900312244,206.691773418098,524237.787215289,5650510.46939679
0.0185686292193289,206.691773418098,486737.787215289,5651010.46939679
0.0188771226030205,206.691773418098,487237.787215289,5651010.46939679
0.000260606439944764,206.691773418098,487737.787215289,5651010.46939679
0.000260941060464756,206.691773418098,488237.787215289,5651010.46939679
0.00228831632590317,206.691773418098,488737.787215289,5651010.46939679
0.000923726803087744,206.691773418098,489237.787215289,5651010.46939679
0.00315097456406694,206.691773418098,489737.787215289,5651010.46939679
0.00125094245544318,206.691773418098,490237.787215289,5651010.46939679
0.000326929627339113,206.691773418098,490737.787215289,5651010.46939679
0.00570925510215765,206.691773418098,491237.787215289,5651010.46939679
0.00612164236114193,206.691773418098,491737.787215289,5651010.46939679
0.00524770065080943,206.691773418098,492237.787215289,5651010.46939679
0.00245620964205348,206.691773418098,492737.787215289,5651010.46939679
0.00028269737664836,206.691773418098,493237.787215289,5651010.46939679
0.000862855074606855,206.691773418098,493737.787215289,5651010.46939679
0.000131264782685946,206.691773418098,494237.787215289,5651010.46939679
0.000300704792811951,206.691773418098,494737.787215289,5651010.46939679
0.000102676853541555,206.691773418098,495237.787215289,5651010.46939679
0.000237101668957247,206.691773418098,495737.787215289,5651010.46939679
0.00109971897833482,206.691773418098,496237.787215289,5651010.46939679
0.000444151522903805,206.691773418098,496737.787215289,5651010.46939679
0.000360301143697066,206.691773418098,497237.787215289,5651010.46939679
8.10924919931857e-05,206.691773418098,497737.787215289,5651010.46939679
0.000432418997358158,206.691773418098,498237.787215289,5651010.46939679
0.000265390413300454,206.691773418098,498737.787215289,5651010.46939679
0.00112631386519096,206.691773418098,499237.787215289,5651010.46939679
0.00322069440312276,206.691773418098,499737.787215289,5651010.46939679
0.000212176765919233,206.691773418098,500237.787215289,5651010.46939679
6.09501346559054e-05,206.691773418098,500737.787215289,5651010.46939679
0.00581587430105656,206.691773418098,501237.787215289,5651010.46939679
0.00310469160211509,206.691773418098,501737.787215289,5651010.46939679
0.00279791943595353,206.691773418098,502237.787215289,5651010.46939679
0.00600597540321482,206.691773418098,502737.787215289,5651010.46939679
0.00570535907363881,206.691773418098,503237.787215289,5651010.46939679
0.000166140979964412,206.691773418098,503737.787215289,5651010.46939679
0.00639286097026522,206.691773418098,504237.787215289,5651010.46939679
0.00971463056001608,206.691773418098,504737.787215289,5651010.46939679
0.000612840262906233,206.691773418098,505237.787215289,5651010.46939679
0.00408281879660481,206.691773418098,505737.787215289,5651010.46939679
0.000439177046644375,206.691773418098,506237.787215289,5651010.46939679
0.000672060195091926,206.691773418098,506737.787215289,5651010.46939679
0.0133726998508977,206.691773418098,507237.787215289,5651010.46939679
0.00363112807462643,206.691773418098,507737.787215289,5651010.46939679
0.000262002301610634,206.691773418098,508237.787215289,5651010.46939679
0.000203078334939622,206.691773418098,508737.787215289,5651010.46939679
0.000157419614479443,206.691773418098,509237.787215289,5651010.46939679
0.000782045601689519,206.691773418098,509737.787215289,5651010.46939679
0.000165424779539885,206.691773418098,510237.787215289,5651010.46939679
0.000101526877589663,206.691773418098,510737.787215289,5651010.46939679
0.00047089940187878,206.691773418098,511237.787215289,5651010.46939679
0.000154280863025657,206.691773418098,511737.787215289,5651010.46939679
0.000203922937920068,206.691773418098,512237.787215289,5651010.46939679
0.000190185575223632,206.691773418098,512737.787215289,5651010.46939679
0.000121057349161105,206.691773418098,513237.787215289,5651010.46939679
0.00041433128608081,206.691773418098,513737.787215289,5651010.46939679
0.00215798501455302,206.691773418098,514237.787215289,5651010.46939679
0.000192109854116839,206.691773418098,514737.787215289,5651010.46939679
0.00265610957524035,206.691773418098,515237.787215289,5651010.46939679
0.00276519744488151,206.691773418098,515737.787215289,5651010.46939679
0.00255093445438979,206.691773418098,516237.787215289,5651010.46939679
0.00190486088400432,206.691773418098,516737.787215289,5651010.46939679
0.000622065360271304,206.691773418098,517237.787215289,5651010.46939679
0.000116657294326172,206.691773418098,517737.787215289,5651010.46939679
0.0004926636591205,206.691773418098,518237.787215289,5651010.46939679
0.00113042932669649,206.691773418098,518737.787215289,5651010.46939679
0.00217454892800693,206.691773418098,519237.787215289,5651010.46939679
0.00331543797759375,206.691773418098,519737.787215289,5651010.46939679
0.00214362850671452,206.691773418098,520237.787215289,5651010.46939679
0.00178217806388363,206.691773418098,520737.787215289,5651010.46939679
0.00240231350287841,206.691773418098,521237.787215289,5651010.46939679
0.00012657635654923,206.691773418098,521737.787215289,5651010.46939679
0.00102532240294298,206.691773418098,522237.787215289,5651010.46939679
0.00240231350287841,206.691773418098,522737.787215289,5651010.46939679
0.000117408462448467,206.691773418098,523237.787215289,5651010.46939679
0.0022491677227801,206.691773418098,523737.787215289,5651010.46939679
0.0022149955066857,206.691773418098,524237.787215289,5651010.46939679
0.00537950985364051,206.691773418098,486737.787215289,5651510.46939679
0.017532268022242,206.691773418098,487237.787215289,5651510.46939679
0.0198557610776459,206.691773418098,487737.787215289,5651510.46939679
0.00143938972460534,206.691773418098,488237.787215289,5651510.46939679
0.00032450094892074,206.691773418098,488737.787215289,5651510.46939679
0.000270278536537937,206.691773418098,489237.787215289,5651510.46939679
0.000839427056495301,206.691773418098,489737.787215289,5651510.46939679
0.00062241802134562,206.691773418098,490237.787215289,5651510.46939679
0.00556132612419783,206.691773418098,490737.787215289,5651510.46939679
0.00586416037168076,206.691773418098,491237.787215289,5651510.46939679
0.00443661577403514,206.691773418098,491737.787215289,5651510.46939679
0.00160150082058973,206.691773418098,492237.787215289,5651510.46939679
0.0017330971461983,206.691773418098,492737.787215289,5651510.46939679
0.00122287025778856,206.691773418098,493237.787215289,5651510.46939679
0.000106483596002746,206.691773418098,493737.787215289,5651510.46939679
0.00211942712794639,206.691773418098,494237.787215289,5651510.46939679
0.000102676853541555,206.691773418098,494737.787215289,5651510.46939679
0.00518668482675233,206.691773418098,495237.787215289,5651510.46939679
9.99645836404027e-05,206.691773418098,495737.787215289,5651510.46939679
0.00023083848793792,206.691773418098,496237.787215289,5651510.46939679
0.00284246024403651,206.691773418098,496737.787215289,5651510.46939679
0.00375706249315268,206.691773418098,497237.787215289,5651510.46939679
0.00182180617807678,206.691773418098,497737.787215289,5651510.46939679
0.000137983605007795,206.691773418098,498237.787215289,5651510.46939679
9.08022181122827e-05,206.691773418098,498737.787215289,5651510.46939679
6.76712001515225e-05,206.691773418098,499237.787215289,5651510.46939679
9.93102794821499e-05,206.691773418098,499737.787215289,5651510.46939679
0.00121313867760796,206.691773418098,500237.787215289,5651510.46939679
0.0011404910392795,206.691773418098,500737.787215289,5651510.46939679
0.00368129450531029,206.691773418098,501237.787215289,5651510.46939679
4.40980783623911e-05,206.691773418098,501737.787215289,5651510.46939679
0.00260943630365299,206.691773418098,502237.787215289,5651510.46939679
0.00510068881686294,206.691773418098,502737.787215289,5651510.46939679
0.00735076236765317,206.691773418098,503237.787215289,5651510.46939679
0.00912087174143826,206.691773418098,503737.787215289,5651510.46939679
0.00766422660558489,206.691773418098,504237.787215289,5651510.46939679
0.00438692588510745,206.691773418098,504737.787215289,5651510.46939679
0.00556055639546662,206.691773418098,505237.787215289,5651510.46939679
0.00491045869469228,206.691773418098,505737.787215289,5651510.46939679
0.000204049814095869,206.691773418098,506237.787215289,5651510.46939679
0.000239215807238884,206.691773418098,506737.787215289,5651510.46939679
0.0149636793629678,206.691773418098,507237.787215289,5651510.46939679
0.00604349029910341,206.691773418098,507737.787215289,5651510.46939679
0.000204483155743514,206.691773418098,508237.787215289,5651510.46939679
0.000158940685993901,206.691773418098,508737.787215289,5651510.46939679
0.000172414615022015,206.691773418098,509237.787215289,5651510.46939679
0.000122403629322899,206.691773418098,509737.787215289,5651510.46939679
0.000370028189437713,206.691773418098,510237.787215289,5651510.46939679
0.000211800397613618,206.691773418098,510737.787215289,5651510.46939679
0.000121232407988845,206.691773418098,511237.787215289,5651510.46939679
0.0149116455912611,206.691773418098,511737.787215289,5651510.46939679
0.0009823672599983,206.691773418098,512237.787215289,5651510.46939679
0.000110956804093287,206.691773418098,512737.787215289,5651510.46939679
0.000144510617857513,206.691773418098,513237.787215289,5651510.46939679
0.000284559923708269,206.691773418098,513737.787215289,5651510.46939679
0.00487123581202077,206.691773418098,514237.787215289,5651510.46939679
0.00432623469716969,206.691773418098,514737.787215289,5651510.46939679
0.0036891133091642,206.691773418098,515237.787215289,5651510.46939679
0.00309762788834631,206.691773418098,515737.787215289,5651510.46939679
0.000927654842026155,206.691773418098,516237.787215289,5651510.46939679
0.00028020334587228,206.691773418098,516737.787215289,5651510.46939679
0.000881614131808758,206.691773418098,517237.787215289,5651510.46939679
0.000715176158607897,206.691773418098,517737.787215289,5651510.46939679
0.00213112602237244,206.691773418098,518237.787215289,5651510.46939679
0.000219239907525927,206.691773418098,518737.787215289,5651510.46939679
0.000971401059077012,206.691773418098,519237.787215289,5651510.46939679
0.00113340150153861,206.691773418098,519737.787215289,5651510.46939679
0.0021100431675571,206.691773418098,520237.787215289,5651510.46939679
0.0012571417257625,206.691773418098,520737.787215289,5651510.46939679
0.00171516426456771,206.691773418098,521237.787215289,5651510.46939679
0.000257868042738327,206.691773418098,521737.787215289,5651510.46939679
0.00166212081724471,206.691773418098,522237.787215289,5651510.46939679
0.000455852273890461,206.691773418098,522737.787215289,5651510.46939679
0.00219630313206075,206.691773418098,523237.787215289,5651510.46939679
5.89346341709096e-05,206.691773418098,523737.787215289,5651510.46939679
0.000817768297627774,206.691773418098,524237.787215289,5651510.46939679
0.00245036843746031,206.691773418098,486737.787215289,5652010.46939679
0.00470746076487814,206.691773418098,487237.787215289,5652010.46939679
0.016530122475775,206.691773418098,487737.787215289,5652010.46939679
0.0128650327198003,206.691773418098,488237.787215289,5652010.46939679
0.0074499497627407,206.691773418098,488737.787215289,5652010.46939679
0.00899067154002734,206.691773418098,489237.787215289,5652010.46939679
0.000289186974856486,206.691773418098,489737.787215289,5652010.46939679
0.0053210149301727,206.691773418098,490237.787215289,5652010.46939679
0.003604530137788,206.691773418098,490737.787215289,5652010.46939679
0.00245620964205348,206.691773418098,491237.787215289,5652010.46939679
0.00098289614303252,206.691773418098,491737.787215289,5652010.46939679
0.00310469160211509,206.691773418098,492237.787215289,5652010.46939679
0.001394721382544,206.691773418098,492737.787215289,5652010.46939679
0.000322425108869346,206.691773418098,493237.787215289,5652010.46939679
0.0033565861570692,206.691773418098,493737.787215289,5652010.46939679
9.08147875515922e-05,206.691773418098,494237.787215289,5652010.46939679
0.000174525035435853,206.691773418098,494737.787215289,5652010.46939679
0.000252468847475396,206.691773418098,495237.787215289,5652010.46939679
0.0023418752279636,206.691773418098,495737.787215289,5652010.46939679
0.00470379950675434,206.691773418098,496237.787215289,5652010.46939679
0.00177177974657393,206.691773418098,496737.787215289,5652010.46939679
0.000134194602946266,206.691773418098,497237.787215289,5652010.46939679
0.00015725210364762,206.691773418098,497737.787215289,5652010.46939679
0.000227099028321265,206.691773418098,498237.787215289,5652010.46939679
0.000108860302005505,206.691773418098,498737.787215289,5652010.46939679
6.76712001515225e-05,206.691773418098,499237.787215289,5652010.46939679
0.0022907459475053,206.691773418098,499737.787215289,5652010.46939679
0.000750517542268234,206.691773418098,500237.787215289,5652010.46939679
0.000325011545075789,206.691773418098,500737.787215289,5652010.46939679
0.000140746216421946,206.691773418098,501237.787215289,5652010.46939679
0.00170933430289165,206.691773418098,501737.787215289,5652010.46939679
0.00161634625819953,206.691773418098,502237.787215289,5652010.46939679
0.0022907459475053,206.691773418098,502737.787215289,5652010.46939679
0.00547746600370719,206.691773418098,503237.787215289,5652010.46939679
0.00881140872414448,206.691773418098,503737.787215289,5652010.46939679
0.00827550207598814,206.691773418098,504237.787215289,5652010.46939679
0.0122133730303673,206.691773418098,504737.787215289,5652010.46939679
0.00121098675985867,206.691773418098,505237.787215289,5652010.46939679
0.011281622236407,206.691773418098,505737.787215289,5652010.46939679
0.00051518525971317,206.691773418098,506237.787215289,5652010.46939679
0.0238822278990968,206.691773418098,506737.787215289,5652010.46939679
0.0106081882676932,206.691773418098,507237.787215289,5652010.46939679
0.0166204409297931,206.691773418098,507737.787215289,5652010.46939679
0.00177436888397187,206.691773418098,508237.787215289,5652010.46939679
0.00019046349723189,206.691773418098,508737.787215289,5652010.46939679
0.00922707835984552,206.691773418098,509237.787215289,5652010.46939679
0.0130787683396006,206.691773418098,509737.787215289,5652010.46939679
0.00563636778979687,206.691773418098,510237.787215289,5652010.46939679
0.00984707768145136,206.691773418098,510737.787215289,5652010.46939679
0.0121387195818782,206.691773418098,511237.787215289,5652010.46939679
0.0110570172345047,206.691773418098,511737.787215289,5652010.46939679
0.000871047080102712,206.691773418098,512237.787215289,5652010.46939679
0.000111087216046917,206.691773418098,512737.787215289,5652010.46939679
0.000181920388428811,206.691773418098,513237.787215289,5652010.46939679
0.00046046776084482,206.691773418098,513737.787215289,5652010.46939679
0.00616232317797679,206.691773418098,514237.787215289,5652010.46939679
0.00446275771597943,206.691773418098,514737.787215289,5652010.46939679
0.00332990375220318,206.691773418098,515237.787215289,5652010.46939679
0.00185370784416523,206.691773418098,515737.787215289,5652010.46939679
0.002220336283481,206.691773418098,516237.787215289,5652010.46939679
0.00163403247787181,206.691773418098,516737.787215289,5652010.46939679
0.000438928209618818,206.691773418098,517237.787215289,5652010.46939679
0.000143806135060095,206.691773418098,517737.787215289,5652010.46939679
0.00130794534774873,206.691773418098,518237.787215289,5652010.46939679
0.00204245157572241,206.691773418098,518737.787215289,5652010.46939679
0.00306176298673332,206.691773418098,519237.787215289,5652010.46939679
0.00255210535745816,206.691773418098,519737.787215289,5652010.46939679
0.00392475760179659,206.691773418098,520237.787215289,5652010.46939679
0.00364066916543445,206.691773418098,520737.787215289,5652010.46939679
0.00265019749725692,206.691773418098,521237.787215289,5652010.46939679
0.0018645434740342,206.691773418098,521737.787215289,5652010.46939679
0.00255384811810256,206.691773418098,522237.787215289,5652010.46939679
0.00287788246052269,206.691773418098,522737.787215289,5652010.46939679
6.83496717635382e-05,206.691773418098,523237.787215289,5652010.46939679
0.000108209060568541,206.691773418098,523737.787215289,5652010.46939679
0.000185170967799648,206.691773418098,524237.787215289,5652010.46939679
0.00085498235336538,206.691773418098,486737.787215289,5652510.46939679
0.00757154629852059,206.691773418098,487237.787215289,5652510.46939679
0.00332811049746637,206.691773418098,487737.787215289,5652510.46939679
0.00436409432184415,206.691773418098,488237.787215289,5652510.46939679
0.00583917951696603,206.691773418098,488737.787215289,5652510.46939679
0.000423976837224516,206.691773418098,489237.787215289,5652510.46939679
0.00121717202794211,206.691773418098,489737.787215289,5652510.46939679
0.00112631386519096,206.691773418098,490237.787215289,5652510.46939679
0.00131119983926273,206.691773418098,490737.787215289,5652510.46939679
0.000460618432466401,206.691773418098,491237.787215289,5652510.46939679
0.000106483596002746,206.691773418098,491737.787215289,5652510.46939679
0.00280138312790256,206.691773418098,492237.787215289,5652510.46939679
0.00034415560441292,206.691773418098,492737.787215289,5652510.46939679
0.00463141751606968,206.691773418098,493237.787215289,5652510.46939679
0.000174525035435853,206.691773418098,493737.787215289,5652510.46939679
0.000117228779381464,206.691773418098,494237.787215289,5652510.46939679
0.000138907614001865,206.691773418098,494737.787215289,5652510.46939679
0.0001665858367658,206.691773418098,495237.787215289,5652510.46939679
0.0002341454968859,206.691773418098,495737.787215289,5652510.46939679
0.000124994028451175,206.691773418098,496237.787215289,5652510.46939679
0.000124994028451175,206.691773418098,496737.787215289,5652510.46939679
0.000124994028451175,206.691773418098,497237.787215289,5652510.46939679
0.000202861629938147,206.691773418098,497737.787215289,5652510.46939679
0.00033053651610612,206.691773418098,498237.787215289,5652510.46939679
0.0103253970543475,206.691773418098,498737.787215289,5652510.46939679
0.00420750212192747,206.691773418098,499237.787215289,5652510.46939679
0.00510847398192776,206.691773418098,499737.787215289,5652510.46939679
0.00562674920419067,206.691773418098,500237.787215289,5652510.46939679
0.00444338736653376,206.691773418098,500737.787215289,5652510.46939679
0.00456448772327081,206.691773418098,501237.787215289,5652510.46939679
0.000227502582221348,206.691773418098,501737.787215289,5652510.46939679
0.00646896152447401,206.691773418098,502237.787215289,5652510.46939679
0.000925180269882036,206.691773418098,502737.787215289,5652510.46939679
0.00456448772327081,206.691773418098,503237.787215289,5652510.46939679
0.00808584677367275,206.691773418098,503737.787215289,5652510.46939679
0.00912087174143826,206.691773418098,504237.787215289,5652510.46939679
0.0103363960541024,206.691773418098,504737.787215289,5652510.46939679
0.00139710557393551,206.691773418098,505237.787215289,5652510.46939679
0.0130155158024671,206.691773418098,505737.787215289,5652510.46939679
0.0125221623774517,206.691773418098,506237.787215289,5652510.46939679
0.0137942915259196,206.691773418098,506737.787215289,5652510.46939679
0.0147906719591314,206.691773418098,507237.787215289,5652510.46939679
0.00297407756646225,206.691773418098,507737.787215289,5652510.46939679
0.00148070056322321,206.691773418098,508237.787215289,5652510.46939679
0.000195929846381283,206.691773418098,508737.787215289,5652510.46939679
0.0224759954088896,206.691773418098,509237.787215289,5652510.46939679
0.0150343183963938,206.691773418098,509737.787215289,5652510.46939679
0.00922707835984552,206.691773418098,510237.787215289,5652510.46939679
0.0092283556326243,206.691773418098,510737.787215289,5652510.46939679
0.00896958751694524,206.691773418098,511237.787215289,5652510.46939679
0.00861773424465853,206.691773418098,511737.787215289,5652510.46939679
0.00062241802134562,206.691773418098,512237.787215289,5652510.46939679
0.000197813487804595,206.691773418098,512737.787215289,5652510.46939679
0.000169296334786618,206.691773418098,513237.787215289,5652510.46939679
0.00622907097057957,206.691773418098,513737.787215289,5652510.46939679
0.00385486092129808,206.691773418098,514237.787215289,5652510.46939679
0.0040104101325295,206.691773418098,514737.787215289,5652510.46939679
0.000275803265752449,206.691773418098,515237.787215289,5652510.46939679
0.00265828124646761,206.691773418098,515737.787215289,5652510.46939679
0.0022766988963301,206.691773418098,516237.787215289,5652510.46939679
0.00098911193803983,206.691773418098,516737.787215289,5652510.46939679
0.000881614131808758,206.691773418098,517237.787215289,5652510.46939679
0.000666997987074825,206.691773418098,517737.787215289,5652510.46939679
7.49153409453587e-05,206.691773418098,518237.787215289,5652510.46939679
0.00172246964543561,206.691773418098,518737.787215289,5652510.46939679
0.00385848160664095,206.691773418098,519237.787215289,5652510.46939679
0.00183669458264044,206.691773418098,519737.787215289,5652510.46939679
0.00395051049608733,206.691773418098,520237.787215289,5652510.46939679
0.0021204256482674,206.691773418098,520737.787215289,5652510.46939679
0.000354376306249722,206.691773418098,521237.787215289,5652510.46939679
0.000672104099379473,206.691773418098,521737.787215289,5652510.46939679
0.00260125545268643,206.691773418098,522237.787215289,5652510.46939679
0.00340214730071105,206.691773418098,522737.787215289,5652510.46939679
7.45718317482855e-05,206.691773418098,523237.787215289,5652510.46939679
6.56437979092992e-05,206.691773418098,523737.787215289,5652510.46939679
1.28638787341312e-05,206.691773418098,524237.787215289,5652510.46939679
0.000231611081616063,206.691773418098,486737.787215289,5653010.46939679
0.000245539894580445,206.691773418098,487237.787215289,5653010.46939679
0.0019800299072643,206.691773418098,487737.787215289,5653010.46939679
0.00634380181628176,206.691773418098,488237.787215289,5653010.46939679
0.00165345108706383,206.691773418098,488737.787215289,5653010.46939679
0.00472416443160416,206.691773418098,489237.787215289,5653010.46939679
0.00288082966685402,206.691773418098,489737.787215289,5653010.46939679
0.0017945832567933,206.691773418098,490237.787215289,5653010.46939679
0.000699958582136843,206.691773418098,490737.787215289,5653010.46939679
0.00185828110958506,206.691773418098,491237.787215289,5653010.46939679
0.00028269737664836,206.691773418098,491737.787215289,5653010.46939679
0.00292403890150983,206.691773418098,492237.787215289,5653010.46939679
0.000158658962827772,206.691773418098,492737.787215289,5653010.46939679
0.000484195307714918,206.691773418098,493237.787215289,5653010.46939679
0.000235461167208057,206.691773418098,493737.787215289,5653010.46939679
0.000129550038565264,206.691773418098,494237.787215289,5653010.46939679
0.000135136466758102,206.691773418098,494737.787215289,5653010.46939679
0.000239215807238884,206.691773418098,495237.787215289,5653010.46939679
0.000198221649901107,206.691773418098,495737.787215289,5653010.46939679
0.000139864842917528,206.691773418098,496237.787215289,5653010.46939679
0.000212539469198263,206.691773418098,496737.787215289,5653010.46939679
0.000212539469198263,206.691773418098,497237.787215289,5653010.46939679
0.000245539894580445,206.691773418098,497737.787215289,5653010.46939679
0.000160799825019076,206.691773418098,498237.787215289,5653010.46939679
0.000236091634788768,206.691773418098,498737.787215289,5653010.46939679
0.00655933772615814,206.691773418098,499237.787215289,5653010.46939679
0.00487212065073437,206.691773418098,499737.787215289,5653010.46939679
0.00510068881686294,206.691773418098,500237.787215289,5653010.46939679
0.00395232381781088,206.691773418098,500737.787215289,5653010.46939679
0.00444338736653376,206.691773418098,501237.787215289,5653010.46939679
0.00546911850558414,206.691773418098,501737.787215289,5653010.46939679
0.00586416037168076,206.691773418098,502237.787215289,5653010.46939679
0.000804728444835655,206.691773418098,502737.787215289,5653010.46939679
0.00213642879099882,206.691773418098,503237.787215289,5653010.46939679
0.00503298481832456,206.691773418098,503737.787215289,5653010.46939679
0.000715581606023117,206.691773418098,504237.787215289,5653010.46939679
0.000750404489701732,206.691773418098,504737.787215289,5653010.46939679
0.0094357531831774,206.691773418098,505237.787215289,5653010.46939679
0.000133496193023919,206.691773418098,505737.787215289,5653010.46939679
0.00322619998435691,206.691773418098,506237.787215289,5653010.46939679
0.0113209891427848,206.691773418098,506737.787215289,5653010.46939679
0.0130155158024671,206.691773418098,507237.787215289,5653010.46939679
0.0139556442062614,206.691773418098,507737.787215289,5653010.46939679
0.00121521246440728,206.691773418098,508237.787215289,5653010.46939679
0.0014980204092052,206.691773418098,508737.787215289,5653010.46939679
0.00984707768145136,206.691773418098,509237.787215289,5653010.46939679
0.0125221623774517,206.691773418098,509737.787215289,5653010.46939679
0.00973322751775035,206.691773418098,510237.787215289,5653010.46939679
0.0091837247551459,206.691773418098,510737.787215289,5653010.46939679
0.0127419136160901,206.691773418098,511237.787215289,5653010.46939679
0.00951417996121123,206.691773418098,511737.787215289,5653010.46939679
0.00964114023650799,206.691773418098,512237.787215289,5653010.46939679
0.000113418106458925,206.691773418098,512737.787215289,5653010.46939679
0.000391206517492263,206.691773418098,513237.787215289,5653010.46939679
0.00178741139038801,206.691773418098,513737.787215289,5653010.46939679
0.00391276733705234,206.691773418098,514237.787215289,5653010.46939679
0.00143747781029568,206.691773418098,514737.787215289,5653010.46939679
0.00355491657076356,206.691773418098,515237.787215289,5653010.46939679
0.00197420696780989,206.691773418098,515737.787215289,5653010.46939679
0.00102861521749378,206.691773418098,516237.787215289,5653010.46939679
0.000203034846944253,206.691773418098,516737.787215289,5653010.46939679
0.000218528680800427,206.691773418098,517237.787215289,5653010.46939679
0.000945294319292589,206.691773418098,517737.787215289,5653010.46939679
0.0008135338625979,206.691773418098,518237.787215289,5653010.46939679
0.000168168276302445,206.691773418098,518737.787215289,5653010.46939679
0.00278474612769486,206.691773418098,519237.787215289,5653010.46939679
0.00403624032657646,206.691773418098,519737.787215289,5653010.46939679
0.00314617049210937,206.691773418098,520237.787215289,5653010.46939679
0.000200234844561639,206.691773418098,520737.787215289,5653010.46939679
0.00356584865294354,206.691773418098,521237.787215289,5653010.46939679
0.00275986347059663,206.691773418098,521737.787215289,5653010.46939679
0.00139537847408739,206.691773418098,522237.787215289,5653010.46939679
7.41666115310864e-05,206.691773418098,522737.787215289,5653010.46939679
0.000106891484956682,206.691773418098,523237.787215289,5653010.46939679
6.54151542463702e-05,206.691773418098,523737.787215289,5653010.46939679
7.78002313963353e-05,206.691773418098,524237.787215289,5653010.46939679
0.000153477915044145,206.691773418098,486737.787215289,5653510.46939679
0.000150889774633711,206.691773418098,487237.787215289,5653510.46939679
0.000646461774960089,206.691773418098,487737.787215289,5653510.46939679
0.00034393519210367,206.691773418098,488237.787215289,5653510.46939679
0.000427586897713391,206.691773418098,488737.787215289,5653510.46939679
0.000907146093596321,206.691773418098,489237.787215289,5653510.46939679
0.0017945832567933,206.691773418098,489737.787215289,5653510.46939679
0.000429588659474726,206.691773418098,490237.787215289,5653510.46939679
0.00199250728086167,206.691773418098,490737.787215289,5653510.46939679
0.00161634625819953,206.691773418098,491237.787215289,5653510.46939679
0.00199250728086167,206.691773418098,491737.787215289,5653510.46939679
0.000116478656567993,206.691773418098,492237.787215289,5653510.46939679
0.000113643027455183,206.691773418098,492737.787215289,5653510.46939679
0.000113065530951413,206.691773418098,493237.787215289,5653510.46939679
0.000144897557499017,206.691773418098,493737.787215289,5653510.46939679
0.000127700715211954,206.691773418098,494237.787215289,5653510.46939679
0.000153641866363161,206.691773418098,494737.787215289,5653510.46939679
0.000190708053715209,206.691773418098,495237.787215289,5653510.46939679
0.000199157394741228,206.691773418098,495737.787215289,5653510.46939679
0.000173228532605936,206.691773418098,496237.787215289,5653510.46939679
0.00163244092293889,206.691773418098,496737.787215289,5653510.46939679
0.000150696279540376,206.691773418098,497237.787215289,5653510.46939679
0.000900060014166875,206.691773418098,497737.787215289,5653510.46939679
0.00271130436173866,206.691773418098,498237.787215289,5653510.46939679
0.00157078638159784,206.691773418098,498737.787215289,5653510.46939679
0.00881140872414448,206.691773418098,499237.787215289,5653510.46939679
0.00649046903108308,206.691773418098,499737.787215289,5653510.46939679
0.00518596695115183,206.691773418098,500237.787215289,5653510.46939679
0.00703312760894341,206.691773418098,500737.787215289,5653510.46939679
0.00469393547644971,206.691773418098,501237.787215289,5653510.46939679
0.00408281879660481,206.691773418098,501737.787215289,5653510.46939679
0.00476433927775554,206.691773418098,502237.787215289,5653510.46939679
0.0022907459475053,206.691773418098,502737.787215289,5653510.46939679
0.00185828110958506,206.691773418098,503237.787215289,5653510.46939679
0.00600597540321482,206.691773418098,503737.787215289,5653510.46939679
0.00746196301171481,206.691773418098,504237.787215289,5653510.46939679
0.0082178241144643,206.691773418098,504737.787215289,5653510.46939679
0.0101303011640278,206.691773418098,505237.787215289,5653510.46939679
0.00728558176055901,206.691773418098,505737.787215289,5653510.46939679
0.00602247504029527,206.691773418098,506237.787215289,5653510.46939679
0.010521630555008,206.691773418098,506737.787215289,5653510.46939679
0.00853527529916499,206.691773418098,507237.787215289,5653510.46939679
0.00523839205288749,206.691773418098,507737.787215289,5653510.46939679
0.00796029254492218,206.691773418098,508237.787215289,5653510.46939679
0.00796029254492218,206.691773418098,508737.787215289,5653510.46939679
0.009151789839559,206.691773418098,509237.787215289,5653510.46939679
0.0108480975571022,206.691773418098,509737.787215289,5653510.46939679
0.00115987859657659,206.691773418098,510237.787215289,5653510.46939679
0.00924020490680614,206.691773418098,510737.787215289,5653510.46939679
0.00898110453102851,206.691773418098,511237.787215289,5653510.46939679
0.00470379950675434,206.691773418098,511737.787215289,5653510.46939679
0.000375864482975751,206.691773418098,512237.787215289,5653510.46939679
0.000504681452399821,206.691773418098,512737.787215289,5653510.46939679
0.000557429985184341,206.691773418098,513237.787215289,5653510.46939679
0.00544866763872724,206.691773418098,513737.787215289,5653510.46939679
0.00379295228387437,206.691773418098,514237.787215289,5653510.46939679
0.00208432792900644,206.691773418098,514737.787215289,5653510.46939679
0.00262032998716444,206.691773418098,515237.787215289,5653510.46939679
0.00186325143895699,206.691773418098,515737.787215289,5653510.46939679
0.00279894252327853,206.691773418098,516237.787215289,5653510.46939679
0.0017074877025415,206.691773418098,516737.787215289,5653510.46939679
0.000715176158607897,206.691773418098,517237.787215289,5653510.46939679
0.00189148430022398,206.691773418098,517737.787215289,5653510.46939679
0.000425798715080875,206.691773418098,518237.787215289,5653510.46939679
0.00173773264704138,206.691773418098,518737.787215289,5653510.46939679
0.00147069807220626,206.691773418098,519237.787215289,5653510.46939679
0.00282973824252265,206.691773418098,519737.787215289,5653510.46939679
0.00470767834979465,206.691773418098,520237.787215289,5653510.46939679
0.00102309622344871,206.691773418098,520737.787215289,5653510.46939679
0.00417259240401098,206.691773418098,521237.787215289,5653510.46939679
0.00401990224331201,206.691773418098,521737.787215289,5653510.46939679
0.00504772035809758,206.691773418098,522237.787215289,5653510.46939679
0.000143702092713977,206.691773418098,522737.787215289,5653510.46939679
7.74893108169955e-05,206.691773418098,523237.787215289,5653510.46939679
0.000107557998393297,206.691773418098,523737.787215289,5653510.46939679
7.70000330122055e-05,206.691773418098,524237.787215289,5653510.46939679
0.000245855169549171,206.691773418098,486737.787215289,5654010.46939679
0.000551809982861197,206.691773418098,487237.787215289,5654010.46939679
0.000134194602946266,206.691773418098,487737.787215289,5654010.46939679
0.000125696373513827,206.691773418098,488237.787215289,5654010.46939679
0.000116478656567993,206.691773418098,488737.787215289,5654010.46939679
0.00018372078891862,206.691773418098,489237.787215289,5654010.46939679
0.00345332953908434,206.691773418098,489737.787215289,5654010.46939679
0.000131264782685946,206.691773418098,490237.787215289,5654010.46939679
0.00017212038568919,206.691773418098,490737.787215289,5654010.46939679
0.00150746034757864,206.691773418098,491237.787215289,5654010.46939679
0.000804728444835655,206.691773418098,491737.787215289,5654010.46939679
0.000141673520575589,206.691773418098,492237.787215289,5654010.46939679
0.000116723429638265,206.691773418098,492737.787215289,5654010.46939679
0.000218372177575839,206.691773418098,493237.787215289,5654010.46939679
0.000198356921724862,206.691773418098,493737.787215289,5654010.46939679
4.40980783623911e-05,206.691773418098,494237.787215289,5654010.46939679
0.000225256643177316,206.691773418098,494737.787215289,5654010.46939679
0.000173228532605936,206.691773418098,495237.787215289,5654010.46939679
0.000260425852757367,206.691773418098,495737.787215289,5654010.46939679
0.000197028964604992,206.691773418098,496237.787215289,5654010.46939679
0.000199184963415631,206.691773418098,496737.787215289,5654010.46939679
0.000502285307861551,206.691773418098,497237.787215289,5654010.46939679
0.00990763747126289,206.691773418098,497737.787215289,5654010.46939679
0.0079333997610746,206.691773418098,498237.787215289,5654010.46939679
0.00881140872414448,206.691773418098,498737.787215289,5654010.46939679
0.00734974496769057,206.691773418098,499237.787215289,5654010.46939679
0.00318280630808811,206.691773418098,499737.787215289,5654010.46939679
0.00570925510215765,206.691773418098,500237.787215289,5654010.46939679
0.00570925510215765,206.691773418098,500737.787215289,5654010.46939679
0.00570925510215765,206.691773418098,501237.787215289,5654010.46939679
0.00368607370228775,206.691773418098,501737.787215289,5654010.46939679
0.00345332953908434,206.691773418098,502237.787215289,5654010.46939679
0.000925180269882036,206.691773418098,502737.787215289,5654010.46939679
0.000608829002940336,206.691773418098,503237.787215289,5654010.46939679
0.0041377411076818,206.691773418098,503737.787215289,5654010.46939679
0.00437772634975041,206.691773418098,504237.787215289,5654010.46939679
0.00596220294467886,206.691773418098,504737.787215289,5654010.46939679
0.00844985544677844,206.691773418098,505237.787215289,5654010.46939679
0.00504356134095035,206.691773418098,505737.787215289,5654010.46939679
0.00766422660558489,206.691773418098,506237.787215289,5654010.46939679
0.00331899254927988,206.691773418098,506737.787215289,5654010.46939679
0.00288688356156111,206.691773418098,507237.787215289,5654010.46939679
0.0082178241144643,206.691773418098,507737.787215289,5654010.46939679
0.00944786875728731,206.691773418098,508237.787215289,5654010.46939679
0.0082178241144643,206.691773418098,508737.787215289,5654010.46939679
0.0082178241144643,206.691773418098,509237.787215289,5654010.46939679
0.00796029254492218,206.691773418098,509737.787215289,5654010.46939679
0.00651987211518509,206.691773418098,510237.787215289,5654010.46939679
0.00572573524984456,206.691773418098,510737.787215289,5654010.46939679
0.00835955035414993,206.691773418098,511237.787215289,5654010.46939679
0.0101741599257831,206.691773418098,511737.787215289,5654010.46939679
0.000714081006638066,206.691773418098,512237.787215289,5654010.46939679
0.000893467093477877,206.691773418098,512737.787215289,5654010.46939679
0.00281076534006635,206.691773418098,513237.787215289,5654010.46939679
0.00125266612132506,206.691773418098,513737.787215289,5654010.46939679
0.00379554238382739,206.691773418098,514237.787215289,5654010.46939679
0.00224618092650284,206.691773418098,514737.787215289,5654010.46939679
0.00264030365145422,206.691773418098,515237.787215289,5654010.46939679
0.00314674304325651,206.691773418098,515737.787215289,5654010.46939679
0.00190512604803015,206.691773418098,516237.787215289,5654010.46939679
0.00013866645285689,206.691773418098,516737.787215289,5654010.46939679
0.000218528680800427,206.691773418098,517237.787215289,5654010.46939679
0.000989545065892306,206.691773418098,517737.787215289,5654010.46939679
0.00181806557359577,206.691773418098,518237.787215289,5654010.46939679
0.00054998670428712,206.691773418098,518737.787215289,5654010.46939679
0.00139717014995957,206.691773418098,519237.787215289,5654010.46939679
0.00406969957106425,206.691773418098,519737.787215289,5654010.46939679
0.00597034592175166,206.691773418098,520237.787215289,5654010.46939679
0.00547746600370719,206.691773418098,520737.787215289,5654010.46939679
0.00318733420465952,206.691773418098,521237.787215289,5654010.46939679
0.00503705676671835,206.691773418098,521737.787215289,5654010.46939679
0.00359012500584207,206.691773418098,522237.787215289,5654010.46939679
0.000548351489312697,206.691773418098,522737.787215289,5654010.46939679
0.000208838005548069,206.691773418098,523237.787215289,5654010.46939679
9.37398015561235e-05,206.691773418098,523737.787215289,5654010.46939679
0.00101202212326013,206.691773418098,524237.787215289,5654010.46939679
0.000137983605007795,206.691773418098,486737.787215289,5654510.46939679
8.10924919931857e-05,206.691773418098,487237.787215289,5654510.46939679
7.24486048775208e-05,206.691773418098,487737.787215289,5654510.46939679
7.24486048775208e-05,206.691773418098,488237.787215289,5654510.46939679
9.94052677644246e-05,206.691773418098,488737.787215289,5654510.46939679
6.70117091064309e-05,206.691773418098,489237.787215289,5654510.46939679
0.000460618432466401,206.691773418098,489737.787215289,5654510.46939679
0.000984112921976762,206.691773418098,490237.787215289,5654510.46939679
0.00253947405041601,206.691773418098,490737.787215289,5654510.46939679
0.000348487570899438,206.691773418098,491237.787215289,5654510.46939679
0.000186033325138478,206.691773418098,491737.787215289,5654510.46939679
0.000133913192221111,206.691773418098,492237.787215289,5654510.46939679
0.000177373636296479,206.691773418098,492737.787215289,5654510.46939679
0.000315445425644471,206.691773418098,493237.787215289,5654510.46939679
0.000204483155743514,206.691773418098,493737.787215289,5654510.46939679
0.000245505910040194,206.691773418098,494237.787215289,5654510.46939679
0.000411902567652359,206.691773418098,494737.787215289,5654510.46939679
0.000321668058569916,206.691773418098,495237.787215289,5654510.46939679
0.000173228532605936,206.691773418098,495737.787215289,5654510.46939679
0.000204483155743514,206.691773418098,496237.787215289,5654510.46939679
0.00473681378926848,206.691773418098,496737.787215289,5654510.46939679
0.00540786463440934,206.691773418098,497237.787215289,5654510.46939679
0.0121582936011949,206.691773418098,497737.787215289,5654510.46939679
0.00639374591206125,206.691773418098,498237.787215289,5654510.46939679
0.00722888562858417,206.691773418098,498737.787215289,5654510.46939679
0.00425699890412393,206.691773418098,499237.787215289,5654510.46939679
0.00300373084031148,206.691773418098,499737.787215289,5654510.46939679
0.00213642879099882,206.691773418098,500237.787215289,5654510.46939679
0.00185828110958506,206.691773418098,500737.787215289,5654510.46939679
0.00282385531927604,206.691773418098,501237.787215289,5654510.46939679
0.0022907459475053,206.691773418098,501737.787215289,5654510.46939679
0.00245620964205348,206.691773418098,502237.787215289,5654510.46939679
0.00199250728086167,206.691773418098,502737.787215289,5654510.46939679
0.000131264782685946,206.691773418098,503237.787215289,5654510.46939679
0.00245620964205348,206.691773418098,503737.787215289,5654510.46939679
0.00562674920419067,206.691773418098,504237.787215289,5654510.46939679
0.00280138312790256,206.691773418098,504737.787215289,5654510.46939679
0.00456448772327081,206.691773418098,505237.787215289,5654510.46939679
0.0062877366489096,206.691773418098,505737.787215289,5654510.46939679
0.00546911850558414,206.691773418098,506237.787215289,5654510.46939679
0.00510068881686294,206.691773418098,506737.787215289,5654510.46939679
0.0038590002709719,206.691773418098,507237.787215289,5654510.46939679
0.000522980957599622,206.691773418098,507737.787215289,5654510.46939679
0.00206005238656375,206.691773418098,508237.787215289,5654510.46939679
0.00586416037168076,206.691773418098,508737.787215289,5654510.46939679
0.00600597540321482,206.691773418098,509237.787215289,5654510.46939679
0.0070379303330818,206.691773418098,509737.787215289,5654510.46939679
0.00341270473542836,206.691773418098,510237.787215289,5654510.46939679
0.00685462601061154,206.691773418098,510737.787215289,5654510.46939679
0.00208919533755413,206.691773418098,511237.787215289,5654510.46939679
0.00768302485580569,206.691773418098,511737.787215289,5654510.46939679
0.00444338736653376,206.691773418098,512237.787215289,5654510.46939679
0.00385486092129808,206.691773418098,512737.787215289,5654510.46939679
0.00335098350976639,206.691773418098,513237.787215289,5654510.46939679
0.00318760402981811,206.691773418098,513737.787215289,5654510.46939679
0.00214362850671452,206.691773418098,514237.787215289,5654510.46939679
0.0027484849588898,206.691773418098,514737.787215289,5654510.46939679
0.00273705970385653,206.691773418098,515237.787215289,5654510.46939679
0.00213019321994712,206.691773418098,515737.787215289,5654510.46939679
0.00176406358859723,206.691773418098,516237.787215289,5654510.46939679
0.000580159640580829,206.691773418098,516737.787215289,5654510.46939679
0.00143102994304849,206.691773418098,517237.787215289,5654510.46939679
0.0019866917719277,206.691773418098,517737.787215289,5654510.46939679
0.000752524945435194,206.691773418098,518237.787215289,5654510.46939679
0.00101487643016679,206.691773418098,518737.787215289,5654510.46939679
0.00511487363756656,206.691773418098,519237.787215289,5654510.46939679
0.00193466125147412,206.691773418098,519737.787215289,5654510.46939679
0.00603317694998035,206.691773418098,520237.787215289,5654510.46939679
0.00698957745795744,206.691773418098,520737.787215289,5654510.46939679
0.00189577394893571,206.691773418098,521237.787215289,5654510.46939679
0.0032250067656271,206.691773418098,521737.787215289,5654510.46939679
0.00525472708197241,206.691773418098,522237.787215289,5654510.46939679
0.00321955685253937,206.691773418098,522737.787215289,5654510.46939679
0.000571165963052281,206.691773418098,523237.787215289,5654510.46939679
0.00440591891740904,206.691773418098,523737.787215289,5654510.46939679
0.0082178241144643,206.691773418098,524237.787215289,5654510.46939679
0.000284559923708269,206.691773418098,486737.787215289,5655010.46939679
0.000156028373502968,206.691773418098,487237.787215289,5655010.46939679
6.4161029827554e-05,206.691773418098,487737.787215289,5655010.46939679
8.0920622431103e-05,206.691773418098,488237.787215289,5655010.46939679
4.40980783623911e-05,206.691773418098,488737.787215289,5655010.46939679
0.0017770941094917,206.691773418098,489237.787215289,5655010.46939679
0.000984112921976762,206.691773418098,489737.787215289,5655010.46939679
0.00775103786675549,206.691773418098,490237.787215289,5655010.46939679
0.00587311082094346,206.691773418098,490737.787215289,5655010.46939679
7.51346355741054e-05,206.691773418098,491237.787215289,5655010.46939679
3.03451731492273e-05,206.691773418098,491737.787215289,5655010.46939679
0.000114848864347361,206.691773418098,492237.787215289,5655010.46939679
0.000190185575223632,206.691773418098,492737.787215289,5655010.46939679
0.00014681496959891,206.691773418098,493237.787215289,5655010.46939679
0.000184868357099662,206.691773418098,493737.787215289,5655010.46939679
0.000158940685993901,206.691773418098,494237.787215289,5655010.46939679
0.000260941060464756,206.691773418098,494737.787215289,5655010.46939679
0.000234788742231288,206.691773418098,495237.787215289,5655010.46939679
0.000974397614072904,206.691773418098,495737.787215289,5655010.46939679
0.0105583454915943,206.691773418098,496237.787215289,5655010.46939679
0.0133982013628696,206.691773418098,496737.787215289,5655010.46939679
0.00427115224724073,206.691773418098,497237.787215289,5655010.46939679
0.00665241968791143,206.691773418098,497737.787215289,5655010.46939679
0.00510068881686294,206.691773418098,498237.787215289,5655010.46939679
0.00524770065080943,206.691773418098,498737.787215289,5655010.46939679
0.0022907459475053,206.691773418098,499237.787215289,5655010.46939679
0.00199250728086167,206.691773418098,499737.787215289,5655010.46939679
0.00161634625819953,206.691773418098,500237.787215289,5655010.46939679
0.00245620964205348,206.691773418098,500737.787215289,5655010.46939679
0.0022907459475053,206.691773418098,501237.787215289,5655010.46939679
0.00106366133479202,206.691773418098,501737.787215289,5655010.46939679
0.00131119983926273,206.691773418098,502237.787215289,5655010.46939679
0.000992007298756397,206.691773418098,502737.787215289,5655010.46939679
0.00245620964205348,206.691773418098,503237.787215289,5655010.46939679
0.00131119983926273,206.691773418098,503737.787215289,5655010.46939679
0.000325011545075789,206.691773418098,504237.787215289,5655010.46939679
0.00199250728086167,206.691773418098,504737.787215289,5655010.46939679
0.00263362500424222,206.691773418098,505237.787215289,5655010.46939679
0.00489418687792159,206.691773418098,505737.787215289,5655010.46939679
0.00646896152447401,206.691773418098,506237.787215289,5655010.46939679
0.00646896152447401,206.691773418098,506737.787215289,5655010.46939679
0.00456448772327081,206.691773418098,507237.787215289,5655010.46939679
0.00510847398192776,206.691773418098,507737.787215289,5655010.46939679
0.00489418687792159,206.691773418098,508237.787215289,5655010.46939679
0.00489418687792159,206.691773418098,508737.787215289,5655010.46939679
0.00476433927775554,206.691773418098,509237.787215289,5655010.46939679
0.0041377411076818,206.691773418098,509737.787215289,5655010.46939679
0.00532464850093477,206.691773418098,510237.787215289,5655010.46939679
0.00503298481832456,206.691773418098,510737.787215289,5655010.46939679
0.00420750212192747,206.691773418098,511237.787215289,5655010.46939679
0.000892105475736978,206.691773418098,511737.787215289,5655010.46939679
0.00474529908851929,206.691773418098,512237.787215289,5655010.46939679
0.00343383753760542,206.691773418098,512737.787215289,5655010.46939679
0.00341378235579255,206.691773418098,513237.787215289,5655010.46939679
0.00368637387712047,206.691773418098,513737.787215289,5655010.46939679
0.00266314344023293,206.691773418098,514237.787215289,5655010.46939679
0.000658917175925095,206.691773418098,514737.787215289,5655010.46939679
0.000371367991011101,206.691773418098,515237.787215289,5655010.46939679
0.00153299315988521,206.691773418098,515737.787215289,5655010.46939679
0.000739948504064711,206.691773418098,516237.787215289,5655010.46939679
9.46338229159428e-05,206.691773418098,516737.787215289,5655010.46939679
0.00142972236914781,206.691773418098,517237.787215289,5655010.46939679
0.00121208177402463,206.691773418098,517737.787215289,5655010.46939679
0.000416100436054492,206.691773418098,518237.787215289,5655010.46939679
0.00240518860153249,206.691773418098,518737.787215289,5655010.46939679
0.00406969957106425,206.691773418098,519237.787215289,5655010.46939679
0.00266630788852982,206.691773418098,519737.787215289,5655010.46939679
0.00767871933313913,206.691773418098,520237.787215289,5655010.46939679
0.0047755017816773,206.691773418098,520737.787215289,5655010.46939679
0.00765088647445814,206.691773418098,521237.787215289,5655010.46939679
0.00162588525807881,206.691773418098,521737.787215289,5655010.46939679
0.00611746491718568,206.691773418098,522237.787215289,5655010.46939679
0.00605323559349438,206.691773418098,522737.787215289,5655010.46939679
0.00825340287803188,206.691773418098,523237.787215289,5655010.46939679
0.00779640539181569,206.691773418098,523737.787215289,5655010.46939679
0.00837608828510864,206.691773418098,524237.787215289,5655010.46939679
0.00397022421099349,206.691773418098,486737.787215289,5655510.46939679
0.00140590958650976,206.691773418098,487237.787215289,5655510.46939679
0.000140746216421946,206.691773418098,487737.787215289,5655510.46939679
4.40980783623911e-05,206.691773418098,488237.787215289,5655510.46939679
0.00111467330579913,206.691773418098,488737.787215289,5655510.46939679
0.00456448772327081,206.691773418098,489237.787215289,5655510.46939679
0.00454390799764787,206.691773418098,489737.787215289,5655510.46939679
0.000162768075989091,206.691773418098,490237.787215289,5655510.46939679
0.000130220179835021,206.691773418098,490737.787215289,5655510.46939679
5.30148649629378e-05,206.691773418098,491237.787215289,5655510.46939679
0.000113266447865579,206.691773418098,491737.787215289,5655510.46939679
7.42006547080339e-05,206.691773418098,492237.787215289,5655510.46939679
9.98963672335741e-05,206.691773418098,492737.787215289,5655510.46939679
0.000171234616878527,206.691773418098,493237.787215289,5655510.46939679
0.000126032936393613,206.691773418098,493737.787215289,5655510.46939679
0.000136603609378604,206.691773418098,494237.787215289,5655510.46939679
0.00037307227975616,206.691773418098,494737.787215289,5655510.46939679
0.000669209539402397,206.691773418098,495237.787215289,5655510.46939679
0.000338230477654407,206.691773418098,495737.787215289,5655510.46939679
0.000135136466758102,206.691773418098,496237.787215289,5655510.46939679
0.00526514780303049,206.691773418098,496737.787215289,5655510.46939679
0.00596302827196294,206.691773418098,497237.787215289,5655510.46939679
0.00414405652873087,206.691773418098,497737.787215289,5655510.46939679
0.00140590958650976,206.691773418098,498237.787215289,5655510.46939679
0.00282385531927604,206.691773418098,498737.787215289,5655510.46939679
0.000804728444835655,206.691773418098,499237.787215289,5655510.46939679
0.000750517542268234,206.691773418098,499737.787215289,5655510.46939679
0.00261266666239754,206.691773418098,500237.787215289,5655510.46939679
0.00105519673644349,206.691773418098,500737.787215289,5655510.46939679
0.000804728444835655,206.691773418098,501237.787215289,5655510.46939679
0.00345332953908434,206.691773418098,501737.787215289,5655510.46939679
0.00184349294092952,206.691773418098,502237.787215289,5655510.46939679
0.00456448772327081,206.691773418098,502737.787215289,5655510.46939679
6.09501346559054e-05,206.691773418098,503237.787215289,5655510.46939679
0.00300373084031148,206.691773418098,503737.787215289,5655510.46939679
0.00106366133479202,206.691773418098,504237.787215289,5655510.46939679
0.00199250728086167,206.691773418098,504737.787215289,5655510.46939679
0.0022907459475053,206.691773418098,505237.787215289,5655510.46939679
0.000804728444835655,206.691773418098,505737.787215289,5655510.46939679
5.68442007442774e-05,206.691773418098,506237.787215289,5655510.46939679
4.30063063933904e-05,206.691773418098,506737.787215289,5655510.46939679
0.0011404910392795,206.691773418098,507237.787215289,5655510.46939679
6.09501346559054e-05,206.691773418098,507737.787215289,5655510.46939679
0.000161813122587862,206.691773418098,508237.787215289,5655510.46939679
0.000303116992551318,206.691773418098,508737.787215289,5655510.46939679
0.00028269737664836,206.691773418098,509237.787215289,5655510.46939679
0.00185828110958506,206.691773418098,509737.787215289,5655510.46939679
0.00603317694998035,206.691773418098,510237.787215289,5655510.46939679
0.00547746600370719,206.691773418098,510737.787215289,5655510.46939679
0.00206319663794771,206.691773418098,511237.787215289,5655510.46939679
0.00135229207024784,206.691773418098,511737.787215289,5655510.46939679
0.00384457017576336,206.691773418098,512237.787215289,5655510.46939679
0.000733509941110968,206.691773418098,512737.787215289,5655510.46939679
0.00147038360351396,206.691773418098,513237.787215289,5655510.46939679
0.0033375156483172,206.691773418098,513737.787215289,5655510.46939679
0.00205942270349782,206.691773418098,514237.787215289,5655510.46939679
0.0014313746309714,206.691773418098,514737.787215289,5655510.46939679
0.00159358433140778,206.691773418098,515237.787215289,5655510.46939679
0.00104868250132058,206.691773418098,515737.787215289,5655510.46939679
0.000101469352620117,206.691773418098,516237.787215289,5655510.46939679
0.0017074877025415,206.691773418098,516737.787215289,5655510.46939679
0.000333204678904942,206.691773418098,517237.787215289,5655510.46939679
0.00218940899154646,206.691773418098,517737.787215289,5655510.46939679
0.00229655508282679,206.691773418098,518237.787215289,5655510.46939679
0.00300306356500868,206.691773418098,518737.787215289,5655510.46939679
0.00403479590293152,206.691773418098,519237.787215289,5655510.46939679
0.000382314353998303,206.691773418098,519737.787215289,5655510.46939679
0.00291958275167237,206.691773418098,520237.787215289,5655510.46939679
0.000892321346530721,206.691773418098,520737.787215289,5655510.46939679
0.00680277136931203,206.691773418098,521237.787215289,5655510.46939679
0.00766422660558489,206.691773418098,521737.787215289,5655510.46939679
0.00779640539181569,206.691773418098,522237.787215289,5655510.46939679
0.00134129972992411,206.691773418098,522737.787215289,5655510.46939679
0.00796029254492218,206.691773418098,523237.787215289,5655510.46939679
0.00128442402626517,206.691773418098,523737.787215289,5655510.46939679
0.00591644868321374,206.691773418098,524237.787215289,5655510.46939679
0.00348103152725763,206.691773418098,486737.787215289,5656010.46939679
0.000429588659474726,206.691773418098,487237.787215289,5656010.46939679
0.000862855074606855,206.691773418098,487737.787215289,5656010.46939679
0.0022907459475053,206.691773418098,488237.787215289,5656010.46939679
0.000280447675856164,206.691773418098,488737.787215289,5656010.46939679
0.000206232734894176,206.691773418098,489237.787215289,5656010.46939679
0.000165077878053933,206.691773418098,489737.787215289,5656010.46939679
0.00014795034841578,206.691773418098,490237.787215289,5656010.46939679
0.00016052541658086,206.691773418098,490737.787215289,5656010.46939679
6.53526457568671e-05,206.691773418098,491237.787215289,5656010.46939679
3.25370462665599e-05,206.691773418098,491737.787215289,5656010.46939679
7.25591829519612e-05,206.691773418098,492237.787215289,5656010.46939679
8.46970075337058e-05,206.691773418098,492737.787215289,5656010.46939679
0.0041091121589498,206.691773418098,493237.787215289,5656010.46939679
0.000165527703044347,206.691773418098,493737.787215289,5656010.46939679
0.000157419614479443,206.691773418098,494237.787215289,5656010.46939679
0.000210082125594005,206.691773418098,494737.787215289,5656010.46939679
0.000346305290484247,206.691773418098,495237.787215289,5656010.46939679
0.00146653017359593,206.691773418098,495737.787215289,5656010.46939679
0.000882662767244224,206.691773418098,496237.787215289,5656010.46939679
0.00462825701011884,206.691773418098,496737.787215289,5656010.46939679
0.00320617338539854,206.691773418098,497237.787215289,5656010.46939679
0.00489418687792159,206.691773418098,497737.787215289,5656010.46939679
0.000400649221441553,206.691773418098,498237.787215289,5656010.46939679
0.000992007298756397,206.691773418098,498737.787215289,5656010.46939679
0.00456448772327081,206.691773418098,499237.787215289,5656010.46939679
0.00425699890412393,206.691773418098,499737.787215289,5656010.46939679
0.00476433927775554,206.691773418098,500237.787215289,5656010.46939679
0.003604530137788,206.691773418098,500737.787215289,5656010.46939679
0.00160348340287117,206.691773418098,501237.787215289,5656010.46939679
0.00054751581766732,206.691773418098,501737.787215289,5656010.46939679
0.00444338736653376,206.691773418098,502237.787215289,5656010.46939679
0.00155856257917242,206.691773418098,502737.787215289,5656010.46939679
0.00345332953908434,206.691773418098,503237.787215289,5656010.46939679
0.00444338736653376,206.691773418098,503737.787215289,5656010.46939679
0.00261266666239754,206.691773418098,504237.787215289,5656010.46939679
0.00243666316856639,206.691773418098,504737.787215289,5656010.46939679
0.000348487570899438,206.691773418098,505237.787215289,5656010.46939679
0.000925180269882036,206.691773418098,505737.787215289,5656010.46939679
0.000699958582136843,206.691773418098,506237.787215289,5656010.46939679
0.00122287025778856,206.691773418098,506737.787215289,5656010.46939679
0.000303116992551318,206.691773418098,507237.787215289,5656010.46939679
0.0022907459475053,206.691773418098,507737.787215289,5656010.46939679
8.63807944953848e-05,206.691773418098,508237.787215289,5656010.46939679
0.000460618432466401,206.691773418098,508737.787215289,5656010.46939679
7.51346355741054e-05,206.691773418098,509237.787215289,5656010.46939679
7.00731562208083e-05,206.691773418098,509737.787215289,5656010.46939679
7.00731562208083e-05,206.691773418098,510237.787215289,5656010.46939679
0.000456952839015533,206.691773418098,510737.787215289,5656010.46939679
0.000673264091238917,206.691773418098,511237.787215289,5656010.46939679
0.00191921515486999,206.691773418098,511737.787215289,5656010.46939679
0.00356584865294354,206.691773418098,512237.787215289,5656010.46939679
0.00366036449711991,206.691773418098,512737.787215289,5656010.46939679
0.00320643447962437,206.691773418098,513237.787215289,5656010.46939679
0.00185885714676109,206.691773418098,513737.787215289,5656010.46939679
0.00277247430254633,206.691773418098,514237.787215289,5656010.46939679
0.00112443026429949,206.691773418098,514737.787215289,5656010.46939679
0.000423539048775332,206.691773418098,515237.787215289,5656010.46939679
0.00104868250132058,206.691773418098,515737.787215289,5656010.46939679
0.000881614131808758,206.691773418098,516237.787215289,5656010.46939679
0.00138513489282265,206.691773418098,516737.787215289,5656010.46939679
0.00160208642543934,206.691773418098,517237.787215289,5656010.46939679
0.000870933204063648,206.691773418098,517737.787215289,5656010.46939679
0.00301254121220965,206.691773418098,518237.787215289,5656010.46939679
0.0031673574461265,206.691773418098,518737.787215289,5656010.46939679
0.00388588535023445,206.691773418098,519237.787215289,5656010.46939679
0.000973864121503382,206.691773418098,519737.787215289,5656010.46939679
0.00302683580475958,206.691773418098,520237.787215289,5656010.46939679
0.00131893799254825,206.691773418098,520737.787215289,5656010.46939679
0.00355872789399578,206.691773418098,521237.787215289,5656010.46939679
0.00274425944108188,206.691773418098,521737.787215289,5656010.46939679
0.00369620009712895,206.691773418098,522237.787215289,5656010.46939679
0.00583917951696603,206.691773418098,522737.787215289,5656010.46939679
0.00229040088600576,206.691773418098,523237.787215289,5656010.46939679
0.00105772185689549,206.691773418098,523737.787215289,5656010.46939679
0.000294195299164298,206.691773418098,524237.787215289,5656010.46939679
3.48872413594785e-05,206.691773418098,486737.787215289,5656510.46939679
6.09501346559054e-05,206.691773418098,487237.787215289,5656510.46939679
6.76712001515225e-05,206.691773418098,487737.787215289,5656510.46939679
0.000118045534092702,206.691773418098,488237.787215289,5656510.46939679
8.46970075337058e-05,206.691773418098,488737.787215289,5656510.46939679
8.68905778317728e-05,206.691773418098,489237.787215289,5656510.46939679
0.000116723429638265,206.691773418098,489737.787215289,5656510.46939679
0.000134775593483879,206.691773418098,490237.787215289,5656510.46939679
7.42006547080339e-05,206.691773418098,490737.787215289,5656510.46939679
0.000121447837404911,206.691773418098,491237.787215289,5656510.46939679
4.30063063933904e-05,206.691773418098,491737.787215289,5656510.46939679
4.01091667425696e-05,206.691773418098,492237.787215289,5656510.46939679
8.94453769368699e-05,206.691773418098,492737.787215289,5656510.46939679
0.000209709753968706,206.691773418098,493237.787215289,5656510.46939679
0.000140090378825044,206.691773418098,493737.787215289,5656510.46939679
0.000946418699091403,206.691773418098,494237.787215289,5656510.46939679
0.00836534711998703,206.691773418098,494737.787215289,5656510.46939679
0.000334597833161506,206.691773418098,495237.787215289,5656510.46939679
0.00251103205996049,206.691773418098,495737.787215289,5656510.46939679
0.00746196301171481,206.691773418098,496237.787215289,5656510.46939679
0.00546911850558414,206.691773418098,496737.787215289,5656510.46939679
0.001394721382544,206.691773418098,497237.787215289,5656510.46939679
0.000567814956561798,206.691773418098,497737.787215289,5656510.46939679
0.000348487570899438,206.691773418098,498237.787215289,5656510.46939679
0.00397022421099349,206.691773418098,498737.787215289,5656510.46939679
0.00487212065073437,206.691773418098,499237.787215289,5656510.46939679
0.00247239233925982,206.691773418098,499737.787215289,5656510.46939679
0.00308891591079599,206.691773418098,500237.787215289,5656510.46939679
0.00620427636968611,206.691773418098,500737.787215289,5656510.46939679
0.00496595110065972,206.691773418098,501237.787215289,5656510.46939679
0.00174332516100917,206.691773418098,501737.787215289,5656510.46939679
0.00503298481832456,206.691773418098,502237.787215289,5656510.46939679
0.00611746491718568,206.691773418098,502737.787215289,5656510.46939679
0.000931275805015699,206.691773418098,503237.787215289,5656510.46939679
0.00101202212326013,206.691773418098,503737.787215289,5656510.46939679
0.00284246024403651,206.691773418098,504237.787215289,5656510.46939679
0.00463141751606968,206.691773418098,504737.787215289,5656510.46939679
0.00126432501261713,206.691773418098,505237.787215289,5656510.46939679
0.00475707856392332,206.691773418098,505737.787215289,5656510.46939679
0.0038590002709719,206.691773418098,506237.787215289,5656510.46939679
0.00291958275167237,206.691773418098,506737.787215289,5656510.46939679
0.00629733360129259,206.691773418098,507237.787215289,5656510.46939679
0.0017330971461983,206.691773418098,507737.787215289,5656510.46939679
0.000699958582136843,206.691773418098,508237.787215289,5656510.46939679
0.00345332953908434,206.691773418098,508737.787215289,5656510.46939679
0.00121313867760796,206.691773418098,509237.787215289,5656510.46939679
0.000106483596002746,206.691773418098,509737.787215289,5656510.46939679
0.000699958582136843,206.691773418098,510237.787215289,5656510.46939679
0.000699958582136843,206.691773418098,510737.787215289,5656510.46939679
0.00140590958650976,206.691773418098,511237.787215289,5656510.46939679
0.000493889528152888,206.691773418098,511737.787215289,5656510.46939679
7.51346355741054e-05,206.691773418098,512237.787215289,5656510.46939679
0.000373659301989015,206.691773418098,512737.787215289,5656510.46939679
0.000750750190602965,206.691773418098,513237.787215289,5656510.46939679
0.000348487570899438,206.691773418098,513737.787215289,5656510.46939679
0.000687022378664935,206.691773418098,514237.787215289,5656510.46939679
0.000278716337957642,206.691773418098,514737.787215289,5656510.46939679
0.000912151572927162,206.691773418098,515237.787215289,5656510.46939679
0.00060025526997729,206.691773418098,515737.787215289,5656510.46939679
0.000822223789503528,206.691773418098,516237.787215289,5656510.46939679
0.00138513489282265,206.691773418098,516737.787215289,5656510.46939679
0.00219028548398807,206.691773418098,517237.787215289,5656510.46939679
0.000273821245278389,206.691773418098,517737.787215289,5656510.46939679
0.0034087226137324,206.691773418098,518237.787215289,5656510.46939679
0.00490277979511809,206.691773418098,518737.787215289,5656510.46939679
0.000836181701369929,206.691773418098,519237.787215289,5656510.46939679
0.00456448772327081,206.691773418098,519737.787215289,5656510.46939679
0.00215050461727834,206.691773418098,520237.787215289,5656510.46939679
0.00266204251967906,206.691773418098,520737.787215289,5656510.46939679
0.00881689098059755,206.691773418098,521237.787215289,5656510.46939679
0.00918999197770765,206.691773418098,521737.787215289,5656510.46939679
0.00817505480947261,206.691773418098,522237.787215289,5656510.46939679
0.00550494440068518,206.691773418098,522737.787215289,5656510.46939679
0.00877491384943228,206.691773418098,523237.787215289,5656510.46939679
0.00324187860496692,206.691773418098,523737.787215289,5656510.46939679
0.000421962787319916,206.691773418098,524237.787215289,5656510.46939679
7.24486048775208e-05,206.691773418098,486737.787215289,5657010.46939679
7.24486048775208e-05,206.691773418098,487237.787215289,5657010.46939679
0.000116478656567993,206.691773418098,487737.787215289,5657010.46939679
9.08022181122827e-05,206.691773418098,488237.787215289,5657010.46939679
0.000117228779381464,206.691773418098,488737.787215289,5657010.46939679
0.000105092574614842,206.691773418098,489237.787215289,5657010.46939679
0.00014072501542384,206.691773418098,489737.787215289,5657010.46939679
0.000143977185186925,206.691773418098,490237.787215289,5657010.46939679
9.31668024149172e-05,206.691773418098,490737.787215289,5657010.46939679
9.7374463138603e-05,206.691773418098,491237.787215289,5657010.46939679
7.24486048775208e-05,206.691773418098,491737.787215289,5657010.46939679
3.74071942395522e-05,206.691773418098,492237.787215289,5657010.46939679
0.00012242207010335,206.691773418098,492737.787215289,5657010.46939679
0.000145739553031917,206.691773418098,493237.787215289,5657010.46939679
0.000138002705604509,206.691773418098,493737.787215289,5657010.46939679
0.000198541287765544,206.691773418098,494237.787215289,5657010.46939679
0.00191309152580143,206.691773418098,494737.787215289,5657010.46939679
0.00579848205010325,206.691773418098,495237.787215289,5657010.46939679
0.00713293300735903,206.691773418098,495737.787215289,5657010.46939679
0.00596302827196294,206.691773418098,496237.787215289,5657010.46939679
0.00185828110958506,206.691773418098,496737.787215289,5657010.46939679
0.0022907459475053,206.691773418098,497237.787215289,5657010.46939679
6.53526457568671e-05,206.691773418098,497737.787215289,5657010.46939679
0.00510847398192776,206.691773418098,498237.787215289,5657010.46939679
0.000686314563912627,206.691773418098,498737.787215289,5657010.46939679
0.00564545658793981,206.691773418098,499237.787215289,5657010.46939679
0.00288688356156111,206.691773418098,499737.787215289,5657010.46939679
0.00143728938470429,206.691773418098,500237.787215289,5657010.46939679
0.00714792244803166,206.691773418098,500737.787215289,5657010.46939679
0.00766422660558489,206.691773418098,501237.787215289,5657010.46939679
0.00690052810227258,206.691773418098,501737.787215289,5657010.46939679
0.00470379950675434,206.691773418098,502237.787215289,5657010.46939679
0.00739896262984601,206.691773418098,502737.787215289,5657010.46939679
0.00504356134095035,206.691773418098,503237.787215289,5657010.46939679
0.0085788702975921,206.691773418098,503737.787215289,5657010.46939679
0.00143427533913817,206.691773418098,504237.787215289,5657010.46939679
0.002246093334833,206.691773418098,504737.787215289,5657010.46939679
0.00313046818362389,206.691773418098,505237.787215289,5657010.46939679
0.00475707856392332,206.691773418098,505737.787215289,5657010.46939679
0.0022088527715278,206.691773418098,506237.787215289,5657010.46939679
0.00272705967328649,206.691773418098,506737.787215289,5657010.46939679
0.00227251623121319,206.691773418098,507237.787215289,5657010.46939679
0.0017330971461983,206.691773418098,507737.787215289,5657010.46939679
0.00300373084031148,206.691773418098,508237.787215289,5657010.46939679
0.00347989285666171,206.691773418098,508737.787215289,5657010.46939679
7.07801831186896e-05,206.691773418098,509237.787215289,5657010.46939679
0.00229657191135331,206.691773418098,509737.787215289,5657010.46939679
0.00220648344959017,206.691773418098,510237.787215289,5657010.46939679
0.000623663435107718,206.691773418098,510737.787215289,5657010.46939679
0.00467885256406585,206.691773418098,511237.787215289,5657010.46939679
0.0011404910392795,206.691773418098,511737.787215289,5657010.46939679
9.63020057734848e-05,206.691773418098,512237.787215289,5657010.46939679
0.000229327566999302,206.691773418098,512737.787215289,5657010.46939679
0.000687222595497096,206.691773418098,513237.787215289,5657010.46939679
0.00195568298830739,206.691773418098,513737.787215289,5657010.46939679
0.000912151572927162,206.691773418098,514237.787215289,5657010.46939679
0.000242429472932383,206.691773418098,514737.787215289,5657010.46939679
0.000522106345798771,206.691773418098,515237.787215289,5657010.46939679
0.000298848398022895,206.691773418098,515737.787215289,5657010.46939679
0.00068961550938374,206.691773418098,516237.787215289,5657010.46939679
0.00047063259101652,206.691773418098,516737.787215289,5657010.46939679
0.00188975599571398,206.691773418098,517237.787215289,5657010.46939679
0.00051759458734563,206.691773418098,517737.787215289,5657010.46939679
0.000461786521319154,206.691773418098,518237.787215289,5657010.46939679
0.00381169302834047,206.691773418098,518737.787215289,5657010.46939679
0.00446752501434788,206.691773418098,519237.787215289,5657010.46939679
0.00451695199551609,206.691773418098,519737.787215289,5657010.46939679
0.00131077093630949,206.691773418098,520237.787215289,5657010.46939679
0.00808584677367275,206.691773418098,520737.787215289,5657010.46939679
0.00766422660558489,206.691773418098,521237.787215289,5657010.46939679
0.000897949283502377,206.691773418098,521737.787215289,5657010.46939679
0.0125221623774517,206.691773418098,522237.787215289,5657010.46939679
0.0115057679809253,206.691773418098,522737.787215289,5657010.46939679
0.0136127610698383,206.691773418098,523237.787215289,5657010.46939679
0.0158590223058266,206.691773418098,523737.787215289,5657010.46939679
0.000324545868473017,206.691773418098,524237.787215289,5657010.46939679
9.32304233920605e-05,206.691773418098,486737.787215289,5657510.46939679
8.10924919931857e-05,206.691773418098,487237.787215289,5657510.46939679
0.000113643027455183,206.691773418098,487737.787215289,5657510.46939679
0.00116594671509157,206.691773418098,488237.787215289,5657510.46939679
4.40980783623911e-05,206.691773418098,488737.787215289,5657510.46939679
5.43607174287936e-05,206.691773418098,489237.787215289,5657510.46939679
5.06986826455827e-05,206.691773418098,489737.787215289,5657510.46939679
0.000126032936393613,206.691773418098,490237.787215289,5657510.46939679
0.00101853954803787,206.691773418098,490737.787215289,5657510.46939679
0.000496804257670482,206.691773418098,491237.787215289,5657510.46939679
0.000104407953012548,206.691773418098,491737.787215289,5657510.46939679
4.6112710380472e-05,206.691773418098,492237.787215289,5657510.46939679
5.30148649629378e-05,206.691773418098,492737.787215289,5657510.46939679
0.000212176765919233,206.691773418098,493237.787215289,5657510.46939679
8.53070152903846e-05,206.691773418098,493737.787215289,5657510.46939679
0.000571165963052281,206.691773418098,494237.787215289,5657510.46939679
0.0101366040051134,206.691773418098,494737.787215289,5657510.46939679
0.000987384825062506,206.691773418098,495237.787215289,5657510.46939679
0.00690495033462619,206.691773418098,495737.787215289,5657510.46939679
0.00722888562858417,206.691773418098,496237.787215289,5657510.46939679
0.00263362500424222,206.691773418098,496737.787215289,5657510.46939679
0.00185828110958506,206.691773418098,497237.787215289,5657510.46939679
0.00370276822723374,206.691773418098,497737.787215289,5657510.46939679
0.00454390799764787,206.691773418098,498237.787215289,5657510.46939679
0.00611746491718568,206.691773418098,498737.787215289,5657510.46939679
0.00154110675126432,206.691773418098,499237.787215289,5657510.46939679
0.00168424641776126,206.691773418098,499737.787215289,5657510.46939679
0.00455639103792939,206.691773418098,500237.787215289,5657510.46939679
0.00742404376891542,206.691773418098,500737.787215289,5657510.46939679
0.00260803220150073,206.691773418098,501237.787215289,5657510.46939679
0.000672060195091926,206.691773418098,501737.787215289,5657510.46939679
0.000423976837224516,206.691773418098,502237.787215289,5657510.46939679
0.00621731429286079,206.691773418098,502737.787215289,5657510.46939679
0.00881140872414448,206.691773418098,503237.787215289,5657510.46939679
0.00116350168449136,206.691773418098,503737.787215289,5657510.46939679
0.00643979517299928,206.691773418098,504237.787215289,5657510.46939679
0.0041377411076818,206.691773418098,504737.787215289,5657510.46939679
0.000984112921976762,206.691773418098,505237.787215289,5657510.46939679
0.000984112921976762,206.691773418098,505737.787215289,5657510.46939679
0.00524770065080943,206.691773418098,506237.787215289,5657510.46939679
0.00425699890412393,206.691773418098,506737.787215289,5657510.46939679
0.0017330971461983,206.691773418098,507237.787215289,5657510.46939679
5.68442007442774e-05,206.691773418098,507737.787215289,5657510.46939679
0.000213878809756526,206.691773418098,508237.787215289,5657510.46939679
0.00368540426469645,206.691773418098,508737.787215289,5657510.46939679
0.000303887898047077,206.691773418098,509237.787215289,5657510.46939679
0.00282655628001816,206.691773418098,509737.787215289,5657510.46939679
0.00473929025302107,206.691773418098,510237.787215289,5657510.46939679
0.00585437220574306,206.691773418098,510737.787215289,5657510.46939679
0.0032742474829174,206.691773418098,511237.787215289,5657510.46939679
0.00230516082097906,206.691773418098,511737.787215289,5657510.46939679
0.00166164506129812,206.691773418098,512237.787215289,5657510.46939679
0.00282385531927604,206.691773418098,512737.787215289,5657510.46939679
0.00277166656423019,206.691773418098,513237.787215289,5657510.46939679
0.00217512562803155,206.691773418098,513737.787215289,5657510.46939679
0.000522106345798771,206.691773418098,514237.787215289,5657510.46939679
0.000233481345269222,206.691773418098,514737.787215289,5657510.46939679
0.00153476476682693,206.691773418098,515237.787215289,5657510.46939679
0.000138764181286739,206.691773418098,515737.787215289,5657510.46939679
9.12515765656114e-05,206.691773418098,516237.787215289,5657510.46939679
0.000945294319292589,206.691773418098,516737.787215289,5657510.46939679
6.98992296495485e-05,206.691773418098,517237.787215289,5657510.46939679
0.000632740548788426,206.691773418098,517737.787215289,5657510.46939679
0.000592578998539623,206.691773418098,518237.787215289,5657510.46939679
0.00320156717524736,206.691773418098,518737.787215289,5657510.46939679
0.00463872451178916,206.691773418098,519237.787215289,5657510.46939679
0.00378367954102538,206.691773418098,519737.787215289,5657510.46939679
0.0041377411076818,206.691773418098,520237.787215289,5657510.46939679
0.00036539821726715,206.691773418098,520737.787215289,5657510.46939679
0.00691392154283307,206.691773418098,521237.787215289,5657510.46939679
0.0100775784561544,206.691773418098,521737.787215289,5657510.46939679
0.0137942915259196,206.691773418098,522237.787215289,5657510.46939679
0.0150343183963938,206.691773418098,522737.787215289,5657510.46939679
0.0150343183963938,206.691773418098,523237.787215289,5657510.46939679
0.00698184660259763,206.691773418098,523737.787215289,5657510.46939679
0.00370909788435566,206.691773418098,524237.787215289,5657510.46939679
0.0012197907466938,206.691773418098,486737.787215289,5658010.46939679
0.000101526877589663,206.691773418098,487237.787215289,5658010.46939679
0.00133308623419624,206.691773418098,487737.787215289,5658010.46939679
0.000529814658053653,206.691773418098,488237.787215289,5658010.46939679
0.000198356921724862,206.691773418098,488737.787215289,5658010.46939679
0.000184868357099662,206.691773418098,489237.787215289,5658010.46939679
0.000216008494358709,206.691773418098,489737.787215289,5658010.46939679
0.000315445425644471,206.691773418098,490237.787215289,5658010.46939679
0.000126032936393613,206.691773418098,490737.787215289,5658010.46939679
0.000522646017708828,206.691773418098,491237.787215289,5658010.46939679
5.06986826455827e-05,206.691773418098,491737.787215289,5658010.46939679
6.76712001515225e-05,206.691773418098,492237.787215289,5658010.46939679
7.9920603760735e-05,206.691773418098,492737.787215289,5658010.46939679
0.00161634625819953,206.691773418098,493237.787215289,5658010.46939679
0.000984112921976762,206.691773418098,493737.787215289,5658010.46939679
0.00195366811759437,206.691773418098,494237.787215289,5658010.46939679
0.00685462601061154,206.691773418098,494737.787215289,5658010.46939679
0.00596302827196294,206.691773418098,495237.787215289,5658010.46939679
0.00425699890412393,206.691773418098,495737.787215289,5658010.46939679
0.00131119983926273,206.691773418098,496237.787215289,5658010.46939679
0.000245892208983618,206.691773418098,496737.787215289,5658010.46939679
0.00397022421099349,206.691773418098,497237.787215289,5658010.46939679
0.00454390799764787,206.691773418098,497737.787215289,5658010.46939679
0.00655933772615814,206.691773418098,498237.787215289,5658010.46939679
0.00621731429286079,206.691773418098,498737.787215289,5658010.46939679
0.000839427056495301,206.691773418098,499237.787215289,5658010.46939679
0.000407459980552504,206.691773418098,499737.787215289,5658010.46939679
0.0149636793629678,206.691773418098,500237.787215289,5658010.46939679
0.00984707768145136,206.691773418098,500737.787215289,5658010.46939679
0.000271429851638178,206.691773418098,501237.787215289,5658010.46939679
0.000101526877589663,206.691773418098,501737.787215289,5658010.46939679
0.000162768075989091,206.691773418098,502237.787215289,5658010.46939679
0.000200784975051599,206.691773418098,502737.787215289,5658010.46939679
0.00375706249315268,206.691773418098,503237.787215289,5658010.46939679
0.000724791425978052,206.691773418098,503737.787215289,5658010.46939679
0.00171930518933976,206.691773418098,504237.787215289,5658010.46939679
0.00150746034757864,206.691773418098,504737.787215289,5658010.46939679
0.000106483596002746,206.691773418098,505237.787215289,5658010.46939679
0.00106366133479202,206.691773418098,505737.787215289,5658010.46939679
0.00131119983926273,206.691773418098,506237.787215289,5658010.46939679
0.000400649221441553,206.691773418098,506737.787215289,5658010.46939679
0.000199470765165391,206.691773418098,507237.787215289,5658010.46939679
0.00140590958650976,206.691773418098,507737.787215289,5658010.46939679
0.000927533244384113,206.691773418098,508237.787215289,5658010.46939679
0.00207740376121705,206.691773418098,508737.787215289,5658010.46939679
0.000210979153647284,206.691773418098,509237.787215289,5658010.46939679
0.00526546601398083,206.691773418098,509737.787215289,5658010.46939679
0.00153293337955801,206.691773418098,510237.787215289,5658010.46939679
0.00147038360351396,206.691773418098,510737.787215289,5658010.46939679
0.00303802993313017,206.691773418098,511237.787215289,5658010.46939679
0.00229145604180685,206.691773418098,511737.787215289,5658010.46939679
0.00359793684453982,206.691773418098,512237.787215289,5658010.46939679
0.0017010671120049,206.691773418098,512737.787215289,5658010.46939679
0.00129273508605824,206.691773418098,513237.787215289,5658010.46939679
0.000850704061826978,206.691773418098,513737.787215289,5658010.46939679
7.40765645909934e-05,206.691773418098,514237.787215289,5658010.46939679
0.000850704061826978,206.691773418098,514737.787215289,5658010.46939679
0.000454131850160448,206.691773418098,515237.787215289,5658010.46939679
0.00197492885640316,206.691773418098,515737.787215289,5658010.46939679
0.000748654704202459,206.691773418098,516237.787215289,5658010.46939679
0.000766834304979349,206.691773418098,516737.787215289,5658010.46939679
0.00124472012435965,206.691773418098,517237.787215289,5658010.46939679
0.00179705340899148,206.691773418098,517737.787215289,5658010.46939679
0.00221882111323075,206.691773418098,518237.787215289,5658010.46939679
0.000596182244822651,206.691773418098,518737.787215289,5658010.46939679
0.00030374847462115,206.691773418098,519237.787215289,5658010.46939679
0.00499467049063449,206.691773418098,519737.787215289,5658010.46939679
0.00444338736653376,206.691773418098,520237.787215289,5658010.46939679
0.00341317714442832,206.691773418098,520737.787215289,5658010.46939679
0.00142107972550566,206.691773418098,521237.787215289,5658010.46939679
0.00880010932126828,206.691773418098,521737.787215289,5658010.46939679
0.0118902172223041,206.691773418098,522237.787215289,5658010.46939679
0.0107306766181431,206.691773418098,522737.787215289,5658010.46939679
0.0080268900217457,206.691773418098,523237.787215289,5658010.46939679
0.00964007997010759,206.691773418098,523737.787215289,5658010.46939679
0.00483270198830151,206.691773418098,524237.787215289,5658010.46939679
0.00135842145152897,206.691773418098,486737.787215289,5658510.46939679
0.000113065530951413,206.691773418098,487237.787215289,5658510.46939679
0.000122403629322899,206.691773418098,487737.787215289,5658510.46939679
5.06986826455827e-05,206.691773418098,488237.787215289,5658510.46939679
0.000233475118137529,206.691773418098,488737.787215289,5658510.46939679
0.000410716914223607,206.691773418098,489237.787215289,5658510.46939679
0.000358735840960549,206.691773418098,489737.787215289,5658510.46939679
0.000185766776555311,206.691773418098,490237.787215289,5658510.46939679
0.000448111839765123,206.691773418098,490737.787215289,5658510.46939679
0.000135136466758102,206.691773418098,491237.787215289,5658510.46939679
0.000190185575223632,206.691773418098,491737.787215289,5658510.46939679
0.000112755767903077,206.691773418098,492237.787215289,5658510.46939679
0.000118225706614703,206.691773418098,492737.787215289,5658510.46939679
0.0022907459475053,206.691773418098,493237.787215289,5658510.46939679
0.00743723625960761,206.691773418098,493737.787215289,5658510.46939679
0.008911213902592,206.691773418098,494237.787215289,5658510.46939679
0.00431941994058449,206.691773418098,494737.787215289,5658510.46939679
0.00487212065073437,206.691773418098,495237.787215289,5658510.46939679
0.00213642879099882,206.691773418098,495737.787215289,5658510.46939679
6.53526457568671e-05,206.691773418098,496237.787215289,5658510.46939679
0.00489418687792159,206.691773418098,496737.787215289,5658510.46939679
0.00054751581766732,206.691773418098,497237.787215289,5658510.46939679
0.00685557487295676,206.691773418098,497737.787215289,5658510.46939679
0.00041136499443137,206.691773418098,498237.787215289,5658510.46939679
0.00945374700457829,206.691773418098,498737.787215289,5658510.46939679
0.0004268985121167,206.691773418098,499237.787215289,5658510.46939679
0.000185766776555311,206.691773418098,499737.787215289,5658510.46939679
0.00207958734056695,206.691773418098,500237.787215289,5658510.46939679
0.000180982196346447,206.691773418098,500737.787215289,5658510.46939679
0.000105092574614842,206.691773418098,501237.787215289,5658510.46939679
9.88475216425505e-05,206.691773418098,501737.787215289,5658510.46939679
7.89913545862702e-05,206.691773418098,502237.787215289,5658510.46939679
8.32927184857378e-05,206.691773418098,502737.787215289,5658510.46939679
0.000723686865025256,206.691773418098,503237.787215289,5658510.46939679
0.00345332953908434,206.691773418098,503737.787215289,5658510.46939679
4.94434941513621e-05,206.691773418098,504237.787215289,5658510.46939679
5.68442007442774e-05,206.691773418098,504737.787215289,5658510.46939679
6.09501346559054e-05,206.691773418098,505237.787215289,5658510.46939679
4.30063063933904e-05,206.691773418098,505737.787215289,5658510.46939679
7.51346355741054e-05,206.691773418098,506237.787215289,5658510.46939679
5.68442007442774e-05,206.691773418098,506737.787215289,5658510.46939679
0.000149711547910372,206.691773418098,507237.787215289,5658510.46939679
0.00397022421099349,206.691773418098,507737.787215289,5658510.46939679
0.000253955147857686,206.691773418098,508237.787215289,5658510.46939679
7.73911883355914e-05,206.691773418098,508737.787215289,5658510.46939679
0.00091326037783053,206.691773418098,509237.787215289,5658510.46939679
0.00482164950881327,206.691773418098,509737.787215289,5658510.46939679
0.0032742474829174,206.691773418098,510237.787215289,5658510.46939679
0.0010314412620557,206.691773418098,510737.787215289,5658510.46939679
0.0024837395549993,206.691773418098,511237.787215289,5658510.46939679
0.00299058004495144,206.691773418098,511737.787215289,5658510.46939679
0.00335669841321762,206.691773418098,512237.787215289,5658510.46939679
0.00176448849334307,206.691773418098,512737.787215289,5658510.46939679
0.000850704061826978,206.691773418098,513237.787215289,5658510.46939679
0.000395007145555052,206.691773418098,513737.787215289,5658510.46939679
0.000454131850160448,206.691773418098,514237.787215289,5658510.46939679
0.000454131850160448,206.691773418098,514737.787215289,5658510.46939679
0.000226098099758054,206.691773418098,515237.787215289,5658510.46939679
0.000948370888376713,206.691773418098,515737.787215289,5658510.46939679
0.00150371872348597,206.691773418098,516237.787215289,5658510.46939679
0.000715176158607897,206.691773418098,516737.787215289,5658510.46939679
0.001123638353857,206.691773418098,517237.787215289,5658510.46939679
0.00211758065304003,206.691773418098,517737.787215289,5658510.46939679
0.00246277924600874,206.691773418098,518237.787215289,5658510.46939679
0.00250003560455231,206.691773418098,518737.787215289,5658510.46939679
0.00444895383298072,206.691773418098,519237.787215289,5658510.46939679
0.000596027155346291,206.691773418098,519737.787215289,5658510.46939679
0.00248882239739843,206.691773418098,520237.787215289,5658510.46939679
0.0047755017816773,206.691773418098,520737.787215289,5658510.46939679
0.00209449428850506,206.691773418098,521237.787215289,5658510.46939679
0.00567103160171068,206.691773418098,521737.787215289,5658510.46939679
0.00227640095952046,206.691773418098,522237.787215289,5658510.46939679
0.0125221623774517,206.691773418098,522737.787215289,5658510.46939679
0.0091837247551459,206.691773418098,523237.787215289,5658510.46939679
0.00719809115329847,206.691773418098,523737.787215289,5658510.46939679
0.00962982192304037,206.691773418098,524237.787215289,5658510.46939679
0.000195929846381283,206.691773418098,486737.787215289,5659010.46939679
0.000182730941980191,206.691773418098,487237.787215289,5659010.46939679
4.40980783623911e-05,206.691773418098,487737.787215289,5659010.46939679
5.06986826455827e-05,206.691773418098,488237.787215289,5659010.46939679
0.000211260634621499,206.691773418098,488737.787215289,5659010.46939679
0.000211678577410482,206.691773418098,489237.787215289,5659010.46939679
0.0010198705791002,206.691773418098,489737.787215289,5659010.46939679
0.00811844938280201,206.691773418098,490237.787215289,5659010.46939679
0.000339025526388193,206.691773418098,490737.787215289,5659010.46939679
0.000108928032389129,206.691773418098,491237.787215289,5659010.46939679
0.000134775593483879,206.691773418098,491737.787215289,5659010.46939679
0.000297167316000619,206.691773418098,492237.787215289,5659010.46939679
8.46970075337058e-05,206.691773418098,492737.787215289,5659010.46939679
0.000261555188920148,206.691773418098,493237.787215289,5659010.46939679
0.00400207263521524,206.691773418098,493737.787215289,5659010.46939679
0.00161634625819953,206.691773418098,494237.787215289,5659010.46939679
0.00245620964205348,206.691773418098,494737.787215289,5659010.46939679
0.00322069440312276,206.691773418098,495237.787215289,5659010.46939679
0.00213642879099882,206.691773418098,495737.787215289,5659010.46939679
0.00211942712794639,206.691773418098,496237.787215289,5659010.46939679
0.00596302827196294,206.691773418098,496737.787215289,5659010.46939679
0.00695928443438134,206.691773418098,497237.787215289,5659010.46939679
0.0085064400129736,206.691773418098,497737.787215289,5659010.46939679
0.000136924711508194,206.691773418098,498237.787215289,5659010.46939679
0.00457229043747069,206.691773418098,498737.787215289,5659010.46939679
0.000383048780006834,206.691773418098,499237.787215289,5659010.46939679
0.000153641866363161,206.691773418098,499737.787215289,5659010.46939679
0.000334597833161506,206.691773418098,500237.787215289,5659010.46939679
0.000409591682490449,206.691773418098,500737.787215289,5659010.46939679
9.7374463138603e-05,206.691773418098,501237.787215289,5659010.46939679
8.32927184857378e-05,206.691773418098,501737.787215289,5659010.46939679
7.9920603760735e-05,206.691773418098,502237.787215289,5659010.46939679
3.48872413594785e-05,206.691773418098,502737.787215289,5659010.46939679
4.94434941513621e-05,206.691773418098,503237.787215289,5659010.46939679
3.74071942395522e-05,206.691773418098,503737.787215289,5659010.46939679
0.000212176765919233,206.691773418098,504237.787215289,5659010.46939679
0.000272591067810641,206.691773418098,504737.787215289,5659010.46939679
0.000105159923631714,206.691773418098,505237.787215289,5659010.46939679
9.99645836404027e-05,206.691773418098,505737.787215289,5659010.46939679
0.000187259002670013,206.691773418098,506237.787215289,5659010.46939679
0.00248590061933402,206.691773418098,506737.787215289,5659010.46939679
0.00837519137202085,206.691773418098,507237.787215289,5659010.46939679
0.00569715475661261,206.691773418098,507737.787215289,5659010.46939679
0.00109788338190455,206.691773418098,508237.787215289,5659010.46939679
0.00403624032657646,206.691773418098,508737.787215289,5659010.46939679
0.00310558325125899,206.691773418098,509237.787215289,5659010.46939679
0.00307385140949069,206.691773418098,509737.787215289,5659010.46939679
0.00328291829038779,206.691773418098,510237.787215289,5659010.46939679
0.000629275628373634,206.691773418098,510737.787215289,5659010.46939679
0.00192134026239686,206.691773418098,511237.787215289,5659010.46939679
0.00233223790969355,206.691773418098,511737.787215289,5659010.46939679
0.000522106345798771,206.691773418098,512237.787215289,5659010.46939679
0.00138611109907452,206.691773418098,512737.787215289,5659010.46939679
0.000793395990631819,206.691773418098,513237.787215289,5659010.46939679
0.000298848398022895,206.691773418098,513737.787215289,5659010.46939679
0.000468961549957853,206.691773418098,514237.787215289,5659010.46939679
0.000723711067681266,206.691773418098,514737.787215289,5659010.46939679
0.000775722568628291,206.691773418098,515237.787215289,5659010.46939679
0.000779993855872008,206.691773418098,515737.787215289,5659010.46939679
0.000855242739689283,206.691773418098,516237.787215289,5659010.46939679
0.00039472895108328,206.691773418098,516737.787215289,5659010.46939679
0.000715176158607897,206.691773418098,517237.787215289,5659010.46939679
0.00133340846282359,206.691773418098,517737.787215289,5659010.46939679
0.000778213795342964,206.691773418098,518237.787215289,5659010.46939679
0.00113001612495822,206.691773418098,518737.787215289,5659010.46939679
0.00337328176786168,206.691773418098,519237.787215289,5659010.46939679
0.00136363683921348,206.691773418098,519737.787215289,5659010.46939679
0.00421266544257754,206.691773418098,520237.787215289,5659010.46939679
0.000651895630947612,206.691773418098,520737.787215289,5659010.46939679
0.00604125509798343,206.691773418098,521237.787215289,5659010.46939679
0.00739896262984601,206.691773418098,521737.787215289,5659010.46939679
0.0015072332745902,206.691773418098,522237.787215289,5659010.46939679
0.00127559847990802,206.691773418098,522737.787215289,5659010.46939679
0.00811472464735371,206.691773418098,523237.787215289,5659010.46939679
0.0088495573901815,206.691773418098,523737.787215289,5659010.46939679
0.000438412627781052,206.691773418098,524237.787215289,5659010.46939679
0.000185741065057365,206.691773418098,486737.787215289,5659510.46939679
0.000493113623118392,206.691773418098,487237.787215289,5659510.46939679
0.000211927371678192,206.691773418098,487737.787215289,5659510.46939679
4.40980783623911e-05,206.691773418098,488237.787215289,5659510.46939679
0.000235768868689192,206.691773418098,488737.787215289,5659510.46939679
0.000315185517638243,206.691773418098,489237.787215289,5659510.46939679
0.000243362645664739,206.691773418098,489737.787215289,5659510.46939679
0.000219253252121526,206.691773418098,490237.787215289,5659510.46939679
0.00358370532934663,206.691773418098,490737.787215289,5659510.46939679
0.00355872789399578,206.691773418098,491237.787215289,5659510.46939679
0.00431647234357363,206.691773418098,491737.787215289,5659510.46939679
0.000376121150211939,206.691773418098,492237.787215289,5659510.46939679
8.10924919931857e-05,206.691773418098,492737.787215289,5659510.46939679
0.000237463556477983,206.691773418098,493237.787215289,5659510.46939679
0.0011404910392795,206.691773418098,493737.787215289,5659510.46939679
0.0011404910392795,206.691773418098,494237.787215289,5659510.46939679
0.00199250728086167,206.691773418098,494737.787215289,5659510.46939679
0.00199250728086167,206.691773418098,495237.787215289,5659510.46939679
0.00131119983926273,206.691773418098,495737.787215289,5659510.46939679
0.00510847398192776,206.691773418098,496237.787215289,5659510.46939679
0.000463336809886709,206.691773418098,496737.787215289,5659510.46939679
0.000101526877589663,206.691773418098,497237.787215289,5659510.46939679
0.00072060401679323,206.691773418098,497737.787215289,5659510.46939679
0.000605429305792903,206.691773418098,498237.787215289,5659510.46939679
0.000124994028451175,206.691773418098,498737.787215289,5659510.46939679
0.000184868357099662,206.691773418098,499237.787215289,5659510.46939679
0.000130531801002911,206.691773418098,499737.787215289,5659510.46939679
0.000116796052279592,206.691773418098,500237.787215289,5659510.46939679
9.2188612790522e-05,206.691773418098,500737.787215289,5659510.46939679
0.000126572123528411,206.691773418098,501237.787215289,5659510.46939679
0.000130220179835021,206.691773418098,501737.787215289,5659510.46939679
6.53526457568671e-05,206.691773418098,502237.787215289,5659510.46939679
3.48872413594785e-05,206.691773418098,502737.787215289,5659510.46939679
3.74071942395522e-05,206.691773418098,503237.787215289,5659510.46939679
0.000212176765919233,206.691773418098,503737.787215289,5659510.46939679
0.000237463556477983,206.691773418098,504237.787215289,5659510.46939679
0.000277186867516301,206.691773418098,504737.787215289,5659510.46939679
0.000133913192221111,206.691773418098,505237.787215289,5659510.46939679
0.000128688275862935,206.691773418098,505737.787215289,5659510.46939679
0.00656381691257147,206.691773418098,506237.787215289,5659510.46939679
0.00714464298924976,206.691773418098,506737.787215289,5659510.46939679
0.00484321757991613,206.691773418098,507237.787215289,5659510.46939679
0.00531005950348646,206.691773418098,507737.787215289,5659510.46939679
0.00386973200327401,206.691773418098,508237.787215289,5659510.46939679
0.00350293645699382,206.691773418098,508737.787215289,5659510.46939679
0.00286677999262204,206.691773418098,509237.787215289,5659510.46939679
0.00302876480592565,206.691773418098,509737.787215289,5659510.46939679
0.000102122724048955,206.691773418098,510237.787215289,5659510.46939679
0.00206012128202349,206.691773418098,510737.787215289,5659510.46939679
0.0026813274870134,206.691773418098,511237.787215289,5659510.46939679
0.00120564939119368,206.691773418098,511737.787215289,5659510.46939679
0.00104868250132058,206.691773418098,512237.787215289,5659510.46939679
0.00060025526997729,206.691773418098,512737.787215289,5659510.46939679
0.000159534416257702,206.691773418098,513237.787215289,5659510.46939679
0.000712636834413131,206.691773418098,513737.787215289,5659510.46939679
0.00031909784846361,206.691773418098,514237.787215289,5659510.46939679
0.00111546546217545,206.691773418098,514737.787215289,5659510.46939679
0.00166212081724471,206.691773418098,515237.787215289,5659510.46939679
0.000219182680534495,206.691773418098,515737.787215289,5659510.46939679
0.000542837916074985,206.691773418098,516237.787215289,5659510.46939679
0.000225938864052729,206.691773418098,516737.787215289,5659510.46939679
0.000715176158607897,206.691773418098,517237.787215289,5659510.46939679
0.00161233437151112,206.691773418098,517737.787215289,5659510.46939679
0.00165686168059822,206.691773418098,518237.787215289,5659510.46939679
0.00159418420978399,206.691773418098,518737.787215289,5659510.46939679
0.00113340150153861,206.691773418098,519237.787215289,5659510.46939679
0.000994073942454048,206.691773418098,519737.787215289,5659510.46939679
0.00409477244656305,206.691773418098,520237.787215289,5659510.46939679
0.000623594987433971,206.691773418098,520737.787215289,5659510.46939679
0.00499308330667625,206.691773418098,521237.787215289,5659510.46939679
0.00470379950675434,206.691773418098,521737.787215289,5659510.46939679
0.00166402075195869,206.691773418098,522237.787215289,5659510.46939679
0.000373603016638296,206.691773418098,522737.787215289,5659510.46939679
0.000471192384688398,206.691773418098,523237.787215289,5659510.46939679
0.000540441349397802,206.691773418098,523737.787215289,5659510.46939679
0.000469911909541172,206.691773418098,524237.787215289,5659510.46939679
0.000219886190189427,206.691773418098,486737.787215289,5660010.46939679
0.000719618863092012,206.691773418098,487237.787215289,5660010.46939679
0.000282025083377181,206.691773418098,487737.787215289,5660010.46939679
0.000388536450980435,206.691773418098,488237.787215289,5660010.46939679
0.000228782194481108,206.691773418098,488737.787215289,5660010.46939679
0.000238458185088903,206.691773418098,489237.787215289,5660010.46939679
0.000197028964604992,206.691773418098,489737.787215289,5660010.46939679
0.000153641866363161,206.691773418098,490237.787215289,5660010.46939679
0.000171234616878527,206.691773418098,490737.787215289,5660010.46939679
0.000463336809886709,206.691773418098,491237.787215289,5660010.46939679
0.00978595206103277,206.691773418098,491737.787215289,5660010.46939679
6.4832570541899e-05,206.691773418098,492237.787215289,5660010.46939679
9.85199700103286e-05,206.691773418098,492737.787215289,5660010.46939679
0.000292280691284558,206.691773418098,493237.787215289,5660010.46939679
0.00546911850558414,206.691773418098,493737.787215289,5660010.46939679
0.00444338736653376,206.691773418098,494237.787215289,5660010.46939679
0.00199250728086167,206.691773418098,494737.787215289,5660010.46939679
0.0017330971461983,206.691773418098,495237.787215289,5660010.46939679
0.00510847398192776,206.691773418098,495737.787215289,5660010.46939679
0.00318324689303807,206.691773418098,496237.787215289,5660010.46939679
0.00423509146508816,206.691773418098,496737.787215289,5660010.46939679
0.000135136466758102,206.691773418098,497237.787215289,5660010.46939679
0.000113065530951413,206.691773418098,497737.787215289,5660010.46939679
0.000105092574614842,206.691773418098,498237.787215289,5660010.46939679
0.000125154521671546,206.691773418098,498737.787215289,5660010.46939679
0.000261091231036483,206.691773418098,499237.787215289,5660010.46939679
0.000129550038565264,206.691773418098,499737.787215289,5660010.46939679
0.000212882194940264,206.691773418098,500237.787215289,5660010.46939679
0.000241099128555455,206.691773418098,500737.787215289,5660010.46939679
0.000140746216421946,206.691773418098,501237.787215289,5660010.46939679
0.00028269737664836,206.691773418098,501737.787215289,5660010.46939679
3.74071942395522e-05,206.691773418098,502237.787215289,5660010.46939679
0.000149711547910372,206.691773418098,502737.787215289,5660010.46939679
9.59061381331723e-05,206.691773418098,503237.787215289,5660010.46939679
0.000105159923631714,206.691773418098,503737.787215289,5660010.46939679
0.00023395449969739,206.691773418098,504237.787215289,5660010.46939679
0.000800978637680362,206.691773418098,504737.787215289,5660010.46939679
0.0082178241144643,206.691773418098,505237.787215289,5660010.46939679
0.00596220294467886,206.691773418098,505737.787215289,5660010.46939679
0.00295444737655035,206.691773418098,506237.787215289,5660010.46939679
0.00451720841102569,206.691773418098,506737.787215289,5660010.46939679
0.00401740270747079,206.691773418098,507237.787215289,5660010.46939679
0.00335098350976639,206.691773418098,507737.787215289,5660010.46939679
0.00238180696261598,206.691773418098,508237.787215289,5660010.46939679
0.0024837395549993,206.691773418098,508737.787215289,5660010.46939679
0.00343821033150761,206.691773418098,509237.787215289,5660010.46939679
0.00258570529338485,206.691773418098,509737.787215289,5660010.46939679
0.000192346204184326,206.691773418098,510237.787215289,5660010.46939679
0.000148787306780712,206.691773418098,510737.787215289,5660010.46939679
0.000793395990631819,206.691773418098,511237.787215289,5660010.46939679
0.00129273508605824,206.691773418098,511737.787215289,5660010.46939679
0.00120564939119368,206.691773418098,512237.787215289,5660010.46939679
0.000138764181286739,206.691773418098,512737.787215289,5660010.46939679
0.000393244669255612,206.691773418098,513237.787215289,5660010.46939679
0.00148003158916825,206.691773418098,513737.787215289,5660010.46939679
0.00122324932784761,206.691773418098,514237.787215289,5660010.46939679
0.00283337164652585,206.691773418098,514737.787215289,5660010.46939679
0.000507384517278425,206.691773418098,515237.787215289,5660010.46939679
0.000740227045399706,206.691773418098,515737.787215289,5660010.46939679
0.00234816590885359,206.691773418098,516237.787215289,5660010.46939679
0.000320208949404978,206.691773418098,516737.787215289,5660010.46939679
0.000580159640580829,206.691773418098,517237.787215289,5660010.46939679
0.000213347947297171,206.691773418098,517737.787215289,5660010.46939679
0.00121208177402463,206.691773418098,518237.787215289,5660010.46939679
0.000632740548788426,206.691773418098,518737.787215289,5660010.46939679
0.00298589212695721,206.691773418098,519237.787215289,5660010.46939679
0.00284796398140995,206.691773418098,519737.787215289,5660010.46939679
0.00130516889455252,206.691773418098,520237.787215289,5660010.46939679
0.003450525997571,206.691773418098,520737.787215289,5660010.46939679
0.00368540426469645,206.691773418098,521237.787215289,5660010.46939679
0.00465075035203672,206.691773418098,521737.787215289,5660010.46939679
0.00381815373922951,206.691773418098,522237.787215289,5660010.46939679
0.00101477980858575,206.691773418098,522737.787215289,5660010.46939679
0.000223125461941272,206.691773418098,523237.787215289,5660010.46939679
0.00154488666433554,206.691773418098,523737.787215289,5660010.46939679
0.000498872794211086,206.691773418098,524237.787215289,5660010.46939679
0.000238458185088903,206.691773418098,486737.787215289,5660510.46939679
0.000238458185088903,206.691773418098,487237.787215289,5660510.46939679
0.000428567038515368,206.691773418098,487737.787215289,5660510.46939679
0.000271058773880171,206.691773418098,488237.787215289,5660510.46939679
7.70420276730813e-05,206.691773418098,488737.787215289,5660510.46939679
0.000226968408879216,206.691773418098,489237.787215289,5660510.46939679
0.00019046349723189,206.691773418098,489737.787215289,5660510.46939679
0.000149967470697678,206.691773418098,490237.787215289,5660510.46939679
0.000101526877589663,206.691773418098,490737.787215289,5660510.46939679
0.000108632018185923,206.691773418098,491237.787215289,5660510.46939679
0.00547746600370719,206.691773418098,491737.787215289,5660510.46939679
0.0017330971461983,206.691773418098,492237.787215289,5660510.46939679
0.000652805549656178,206.691773418098,492737.787215289,5660510.46939679
0.00425699890412393,206.691773418098,493237.787215289,5660510.46939679
0.00280138312790256,206.691773418098,493737.787215289,5660510.46939679
0.00370276822723374,206.691773418098,494237.787215289,5660510.46939679
0.00012242207010335,206.691773418098,494737.787215289,5660510.46939679
0.00245620964205348,206.691773418098,495237.787215289,5660510.46939679
0.00443661577403514,206.691773418098,495737.787215289,5660510.46939679
0.000200647958229797,206.691773418098,496237.787215289,5660510.46939679
0.000220187213001949,206.691773418098,496737.787215289,5660510.46939679
0.000118971364922491,206.691773418098,497237.787215289,5660510.46939679
0.000101526877589663,206.691773418098,497737.787215289,5660510.46939679
9.50974185773541e-05,206.691773418098,498237.787215289,5660510.46939679
0.000104393502178447,206.691773418098,498737.787215289,5660510.46939679
0.000154280863025657,206.691773418098,499237.787215289,5660510.46939679
0.000191008976591268,206.691773418098,499737.787215289,5660510.46939679
0.000809477615688865,206.691773418098,500237.787215289,5660510.46939679
0.000260375925364286,206.691773418098,500737.787215289,5660510.46939679
0.000106483596002746,206.691773418098,501237.787215289,5660510.46939679
4.30063063933904e-05,206.691773418098,501737.787215289,5660510.46939679
9.85199700103286e-05,206.691773418098,502237.787215289,5660510.46939679
0.000135714600112786,206.691773418098,502737.787215289,5660510.46939679
0.000105159923631714,206.691773418098,503237.787215289,5660510.46939679
9.44889097832386e-05,206.691773418098,503737.787215289,5660510.46939679
0.000121851617850314,206.691773418098,504237.787215289,5660510.46939679
0.000108860302005505,206.691773418098,504737.787215289,5660510.46939679
0.00193634457105644,206.691773418098,505237.787215289,5660510.46939679
0.00578838937997942,206.691773418098,505737.787215289,5660510.46939679
0.00534316996134688,206.691773418098,506237.787215289,5660510.46939679
0.00429525217976555,206.691773418098,506737.787215289,5660510.46939679
0.0035374383051856,206.691773418098,507237.787215289,5660510.46939679
0.00386973200327401,206.691773418098,507737.787215289,5660510.46939679
0.00219630313206075,206.691773418098,508237.787215289,5660510.46939679
0.002355619352631,206.691773418098,508737.787215289,5660510.46939679
0.00158693628327389,206.691773418098,509237.787215289,5660510.46939679
0.00195568298830739,206.691773418098,509737.787215289,5660510.46939679
0.000764111561945239,206.691773418098,510237.787215289,5660510.46939679
7.40765645909934e-05,206.691773418098,510737.787215289,5660510.46939679
0.00104868250132058,206.691773418098,511237.787215289,5660510.46939679
0.00129273508605824,206.691773418098,511737.787215289,5660510.46939679
0.00012069808170467,206.691773418098,512237.787215289,5660510.46939679
0.000171057804065213,206.691773418098,512737.787215289,5660510.46939679
0.000452237321995545,206.691773418098,513237.787215289,5660510.46939679
0.000852240839784701,206.691773418098,513737.787215289,5660510.46939679
0.0018645434740342,206.691773418098,514237.787215289,5660510.46939679
0.00043780772332866,206.691773418098,514737.787215289,5660510.46939679
0.000629224249346889,206.691773418098,515237.787215289,5660510.46939679
0.00098289614303252,206.691773418098,515737.787215289,5660510.46939679
0.00221526915000337,206.691773418098,516237.787215289,5660510.46939679
0.000189357310905703,206.691773418098,516737.787215289,5660510.46939679
0.000143806135060095,206.691773418098,517237.787215289,5660510.46939679
0.00133462795140582,206.691773418098,517737.787215289,5660510.46939679
0.000650900213328108,206.691773418098,518237.787215289,5660510.46939679
0.000371367991011101,206.691773418098,518737.787215289,5660510.46939679
0.000221099485145885,206.691773418098,519237.787215289,5660510.46939679
0.0027187350711432,206.691773418098,519737.787215289,5660510.46939679
0.00164253759939454,206.691773418098,520237.787215289,5660510.46939679
0.00286259775852547,206.691773418098,520737.787215289,5660510.46939679
0.00310126037010728,206.691773418098,521237.787215289,5660510.46939679
0.00276842779066984,206.691773418098,521737.787215289,5660510.46939679
0.000851583386680302,206.691773418098,522237.787215289,5660510.46939679
0.00134046572288965,206.691773418098,522737.787215289,5660510.46939679
0.000297167316000619,206.691773418098,523237.787215289,5660510.46939679
0.00272290371403657,206.691773418098,523737.787215289,5660510.46939679
0.00283103711916966,206.691773418098,524237.787215289,5660510.46939679
0.000279430397452261,206.691773418098,486737.787215289,5661010.46939679
0.000334140397057798,206.691773418098,487237.787215289,5661010.46939679
0.00129923640399976,206.691773418098,487737.787215289,5661010.46939679
0.000178603398831487,206.691773418098,488237.787215289,5661010.46939679
0.000302640792941576,206.691773418098,488737.787215289,5661010.46939679
0.00202057378676626,206.691773418098,489237.787215289,5661010.46939679
0.00802577904070735,206.691773418098,489737.787215289,5661010.46939679
0.000136603609378604,206.691773418098,490237.787215289,5661010.46939679
0.000108860302005505,206.691773418098,490737.787215289,5661010.46939679
0.000101313972214798,206.691773418098,491237.787215289,5661010.46939679
0.000156266519111557,206.691773418098,491737.787215289,5661010.46939679
0.000245892208983618,206.691773418098,492237.787215289,5661010.46939679
0.00282385531927604,206.691773418098,492737.787215289,5661010.46939679
0.00185828110958506,206.691773418098,493237.787215289,5661010.46939679
0.00263362500424222,206.691773418098,493737.787215289,5661010.46939679
0.000925180269882036,206.691773418098,494237.787215289,5661010.46939679
0.0017330971461983,206.691773418098,494737.787215289,5661010.46939679
0.00185828110958506,206.691773418098,495237.787215289,5661010.46939679
0.00055674676222427,206.691773418098,495737.787215289,5661010.46939679
0.000357808227223429,206.691773418098,496237.787215289,5661010.46939679
0.000117228779381464,206.691773418098,496737.787215289,5661010.46939679
9.08022181122827e-05,206.691773418098,497237.787215289,5661010.46939679
8.2187132496651e-05,206.691773418098,497737.787215289,5661010.46939679
7.89913545862702e-05,206.691773418098,498237.787215289,5661010.46939679
0.000110093342284041,206.691773418098,498737.787215289,5661010.46939679
8.10924919931857e-05,206.691773418098,499237.787215289,5661010.46939679
7.89913545862702e-05,206.691773418098,499737.787215289,5661010.46939679
0.000167298515075087,206.691773418098,500237.787215289,5661010.46939679
0.000563296295042039,206.691773418098,500737.787215289,5661010.46939679
0.000245892208983618,206.691773418098,501237.787215289,5661010.46939679
0.000237463556477983,206.691773418098,501737.787215289,5661010.46939679
0.00097967589089154,206.691773418098,502237.787215289,5661010.46939679
0.000265209309356009,206.691773418098,502737.787215289,5661010.46939679
0.000105987412535174,206.691773418098,503237.787215289,5661010.46939679
0.000108860302005505,206.691773418098,503737.787215289,5661010.46939679
0.000193848292009977,206.691773418098,504237.787215289,5661010.46939679
0.00014072501542384,206.691773418098,504737.787215289,5661010.46939679
0.000929447087154968,206.691773418098,505237.787215289,5661010.46939679
0.00547044191742835,206.691773418098,505737.787215289,5661010.46939679
0.00530325009269813,206.691773418098,506237.787215289,5661010.46939679
0.00343383753760542,206.691773418098,506737.787215289,5661010.46939679
0.00128586909976062,206.691773418098,507237.787215289,5661010.46939679
0.000344183630670485,206.691773418098,507737.787215289,5661010.46939679
0.000674729062646091,206.691773418098,508237.787215289,5661010.46939679
0.00220892664340028,206.691773418098,508737.787215289,5661010.46939679
0.00108292728435415,206.691773418098,509237.787215289,5661010.46939679
0.000559818797071247,206.691773418098,509737.787215289,5661010.46939679
0.000793395990631819,206.691773418098,510237.787215289,5661010.46939679
0.000368397307144913,206.691773418098,510737.787215289,5661010.46939679
0.00233223790969355,206.691773418098,511237.787215289,5661010.46939679
0.00217512562803155,206.691773418098,511737.787215289,5661010.46939679
0.00129273508605824,206.691773418098,512237.787215289,5661010.46939679
0.00120026992274273,206.691773418098,512737.787215289,5661010.46939679
0.000771772028662298,206.691773418098,513237.787215289,5661010.46939679
0.00162179330778349,206.691773418098,513737.787215289,5661010.46939679
0.00170164053587724,206.691773418098,514237.787215289,5661010.46939679
0.00330139003097707,206.691773418098,514737.787215289,5661010.46939679
0.00345939268614467,206.691773418098,515237.787215289,5661010.46939679
9.66596296760021e-05,206.691773418098,515737.787215289,5661010.46939679
0.00018031529956057,206.691773418098,516237.787215289,5661010.46939679
0.000379988206652819,206.691773418098,516737.787215289,5661010.46939679
0.000234313304551199,206.691773418098,517237.787215289,5661010.46939679
0.000945294319292589,206.691773418098,517737.787215289,5661010.46939679
0.000198975664500273,206.691773418098,518237.787215289,5661010.46939679
0.0011690786491211,206.691773418098,518737.787215289,5661010.46939679
0.000495141989651743,206.691773418098,519237.787215289,5661010.46939679
0.0021189562996819,206.691773418098,519737.787215289,5661010.46939679
0.000246404474956494,206.691773418098,520237.787215289,5661010.46939679
0.00377879056511982,206.691773418098,520737.787215289,5661010.46939679
0.000355806319318231,206.691773418098,521237.787215289,5661010.46939679
0.00554648850530279,206.691773418098,521737.787215289,5661010.46939679
0.00048838381025695,206.691773418098,522237.787215289,5661010.46939679
0.00224578245887748,206.691773418098,522737.787215289,5661010.46939679
0.000244262021421799,206.691773418098,523237.787215289,5661010.46939679
0.00255911707898846,206.691773418098,523737.787215289,5661010.46939679
0.00569715475661261,206.691773418098,524237.787215289,5661010.46939679
0.000219886190189427,206.691773418098,486737.787215289,5661510.46939679
0.00019046349723189,206.691773418098,487237.787215289,5661510.46939679
0.000493181883144273,206.691773418098,487737.787215289,5661510.46939679
0.000198221649901107,206.691773418098,488237.787215289,5661510.46939679
0.000227891484051395,206.691773418098,488737.787215289,5661510.46939679
0.00160388485133521,206.691773418098,489237.787215289,5661510.46939679
4.40980783623911e-05,206.691773418098,489737.787215289,5661510.46939679
0.0014416004608541,206.691773418098,490237.787215289,5661510.46939679
4.40980783623911e-05,206.691773418098,490737.787215289,5661510.46939679
9.2188612790522e-05,206.691773418098,491237.787215289,5661510.46939679
7.89913545862702e-05,206.691773418098,491737.787215289,5661510.46939679
0.000192339771660045,206.691773418098,492237.787215289,5661510.46939679
0.00237201609383399,206.691773418098,492737.787215289,5661510.46939679
0.00370276822723374,206.691773418098,493237.787215289,5661510.46939679
0.000567814956561798,206.691773418098,493737.787215289,5661510.46939679
0.000567814956561798,206.691773418098,494237.787215289,5661510.46939679
4.94434941513621e-05,206.691773418098,494737.787215289,5661510.46939679
8.56933776395555e-05,206.691773418098,495237.787215289,5661510.46939679
0.000101313972214798,206.691773418098,495737.787215289,5661510.46939679
0.000101526877589663,206.691773418098,496237.787215289,5661510.46939679
7.89913545862702e-05,206.691773418098,496737.787215289,5661510.46939679
0.000118045534092702,206.691773418098,497237.787215289,5661510.46939679
7.78002313963353e-05,206.691773418098,497737.787215289,5661510.46939679
9.18831268249658e-05,206.691773418098,498237.787215289,5661510.46939679
3.74071942395522e-05,206.691773418098,498737.787215289,5661510.46939679
7.45367154548016e-05,206.691773418098,499237.787215289,5661510.46939679
0.00016052541658086,206.691773418098,499737.787215289,5661510.46939679
3.74071942395522e-05,206.691773418098,500237.787215289,5661510.46939679
0.000131264782685946,206.691773418098,500737.787215289,5661510.46939679
8.05617124632565e-05,206.691773418098,501237.787215289,5661510.46939679
0.00302782622862363,206.691773418098,501737.787215289,5661510.46939679
0.00010563620140318,206.691773418098,502237.787215289,5661510.46939679
0.000120900270334339,206.691773418098,502737.787215289,5661510.46939679
8.81236208278979e-05,206.691773418098,503237.787215289,5661510.46939679
0.000125154521671546,206.691773418098,503737.787215289,5661510.46939679
0.000767269038412663,206.691773418098,504237.787215289,5661510.46939679
0.000338664767990186,206.691773418098,504737.787215289,5661510.46939679
0.000315226837791437,206.691773418098,505237.787215289,5661510.46939679
0.000457564677967813,206.691773418098,505737.787215289,5661510.46939679
0.00384944461655812,206.691773418098,506237.787215289,5661510.46939679
0.00401740270747079,206.691773418098,506737.787215289,5661510.46939679
6.37452646243758e-05,206.691773418098,507237.787215289,5661510.46939679
0.00290299508616565,206.691773418098,507737.787215289,5661510.46939679
0.000241347780600644,206.691773418098,508237.787215289,5661510.46939679
7.40765645909934e-05,206.691773418098,508737.787215289,5661510.46939679
0.000395007145555052,206.691773418098,509237.787215289,5661510.46939679
0.00129273508605824,206.691773418098,509737.787215289,5661510.46939679
5.03390572721949e-05,206.691773418098,510237.787215289,5661510.46939679
0.000138145031523295,206.691773418098,510737.787215289,5661510.46939679
0.00206012128202349,206.691773418098,511237.787215289,5661510.46939679
3.68804136611669e-05,206.691773418098,511737.787215289,5661510.46939679
0.000978037521305169,206.691773418098,512237.787215289,5661510.46939679
0.0010403216172233,206.691773418098,512737.787215289,5661510.46939679
0.00173893764358014,206.691773418098,513237.787215289,5661510.46939679
0.00209765150254469,206.691773418098,513737.787215289,5661510.46939679
0.00223883497776295,206.691773418098,514237.787215289,5661510.46939679
0.00100011852595604,206.691773418098,514737.787215289,5661510.46939679
0.00323032380642335,206.691773418098,515237.787215289,5661510.46939679
0.000158451897331258,206.691773418098,515737.787215289,5661510.46939679
6.78729994754628e-05,206.691773418098,516237.787215289,5661510.46939679
0.000562805543338465,206.691773418098,516737.787215289,5661510.46939679
0.001123638353857,206.691773418098,517237.787215289,5661510.46939679
0.000409359608485802,206.691773418098,517737.787215289,5661510.46939679
0.00133462795140582,206.691773418098,518237.787215289,5661510.46939679
0.00150306053975703,206.691773418098,518737.787215289,5661510.46939679
0.000960860256614991,206.691773418098,519237.787215289,5661510.46939679
0.00296493141620363,206.691773418098,519737.787215289,5661510.46939679
0.000346747947915761,206.691773418098,520237.787215289,5661510.46939679
0.00350949446058697,206.691773418098,520737.787215289,5661510.46939679
0.00190132438340622,206.691773418098,521237.787215289,5661510.46939679
0.00420750212192747,206.691773418098,521737.787215289,5661510.46939679
0.000659849495455116,206.691773418098,522237.787215289,5661510.46939679
0.000288401103212041,206.691773418098,522737.787215289,5661510.46939679
0.00546911850558414,206.691773418098,523237.787215289,5661510.46939679
0.000244752375833722,206.691773418098,523737.787215289,5661510.46939679
0.000189047816784452,206.691773418098,524237.787215289,5661510.46939679
0.00020408166375692,206.691773418098,486737.787215289,5662010.46939679
0.000199157394741228,206.691773418098,487237.787215289,5662010.46939679
0.000202861629938147,206.691773418098,487737.787215289,5662010.46939679
0.000127700715211954,206.691773418098,488237.787215289,5662010.46939679
0.000124994028451175,206.691773418098,488737.787215289,5662010.46939679
0.000136924711508194,206.691773418098,489237.787215289,5662010.46939679
0.00014072501542384,206.691773418098,489737.787215289,5662010.46939679
0.000122403629322899,206.691773418098,490237.787215289,5662010.46939679
0.000114701612179349,206.691773418098,490737.787215289,5662010.46939679
9.2188612790522e-05,206.691773418098,491237.787215289,5662010.46939679
0.000469911909541172,206.691773418098,491737.787215289,5662010.46939679
9.08147875515922e-05,206.691773418098,492237.787215289,5662010.46939679
0.000272591067810641,206.691773418098,492737.787215289,5662010.46939679
0.00135771805003118,206.691773418098,493237.787215289,5662010.46939679
0.0022907459475053,206.691773418098,493737.787215289,5662010.46939679
6.59487414954559e-06,206.691773418098,494237.787215289,5662010.46939679
7.9920603760735e-05,206.691773418098,494737.787215289,5662010.46939679
6.76712001515225e-05,206.691773418098,495237.787215289,5662010.46939679
0.000123144553980807,206.691773418098,495737.787215289,5662010.46939679
9.50974185773541e-05,206.691773418098,496237.787215289,5662010.46939679
7.95602688892816e-05,206.691773418098,496737.787215289,5662010.46939679
8.56933776395555e-05,206.691773418098,497237.787215289,5662010.46939679
9.18831268249658e-05,206.691773418098,497737.787215289,5662010.46939679
5.68442007442774e-05,206.691773418098,498237.787215289,5662010.46939679
4.94434941513621e-05,206.691773418098,498737.787215289,5662010.46939679
5.68442007442774e-05,206.691773418098,499237.787215289,5662010.46939679
9.26201967349822e-05,206.691773418098,499737.787215289,5662010.46939679
0.000106483596002746,206.691773418098,500237.787215289,5662010.46939679
0.000131264782685946,206.691773418098,500737.787215289,5662010.46939679
6.09501346559054e-05,206.691773418098,501237.787215289,5662010.46939679
7.00731562208083e-05,206.691773418098,501737.787215289,5662010.46939679
0.00282385531927604,206.691773418098,502237.787215289,5662010.46939679
7.78002313963353e-05,206.691773418098,502737.787215289,5662010.46939679
0.000105159923631714,206.691773418098,503237.787215289,5662010.46939679
0.000158637003252047,206.691773418098,503737.787215289,5662010.46939679
9.2188612790522e-05,206.691773418098,504237.787215289,5662010.46939679
0.00470379950675434,206.691773418098,504737.787215289,5662010.46939679
0.00944786875728731,206.691773418098,505237.787215289,5662010.46939679
0.00426269883095876,206.691773418098,505737.787215289,5662010.46939679
0.00331471211488981,206.691773418098,506237.787215289,5662010.46939679
0.000649802930178503,206.691773418098,506737.787215289,5662010.46939679
0.00289637420424513,206.691773418098,507237.787215289,5662010.46939679
0.00400331321319192,206.691773418098,507737.787215289,5662010.46939679
0.00189193989641736,206.691773418098,508237.787215289,5662010.46939679
0.000850704061826978,206.691773418098,508737.787215289,5662010.46939679
0.00129273508605824,206.691773418098,509237.787215289,5662010.46939679
0.000407906124968942,206.691773418098,509737.787215289,5662010.46939679
0.000135719138890455,206.691773418098,510237.787215289,5662010.46939679
0.00209755573588767,206.691773418098,510737.787215289,5662010.46939679
0.00209694462972283,206.691773418098,511237.787215289,5662010.46939679
0.000486934411187078,206.691773418098,511737.787215289,5662010.46939679
0.00176448849334307,206.691773418098,512237.787215289,5662010.46939679
0.00260122800612378,206.691773418098,512737.787215289,5662010.46939679
0.00112640558638359,206.691773418098,513237.787215289,5662010.46939679
0.00192661900327859,206.691773418098,513737.787215289,5662010.46939679
0.00242456418360366,206.691773418098,514237.787215289,5662010.46939679
0.00446752501434788,206.691773418098,514737.787215289,5662010.46939679
0.00270125862110306,206.691773418098,515237.787215289,5662010.46939679
0.000763088884893992,206.691773418098,515737.787215289,5662010.46939679
0.000764708528473957,206.691773418098,516237.787215289,5662010.46939679
0.00101687300715756,206.691773418098,516737.787215289,5662010.46939679
0.00138513489282265,206.691773418098,517237.787215289,5662010.46939679
0.000715176158607897,206.691773418098,517737.787215289,5662010.46939679
0.00148518506951886,206.691773418098,518237.787215289,5662010.46939679
0.00188975599571398,206.691773418098,518737.787215289,5662010.46939679
0.000349419667771358,206.691773418098,519237.787215289,5662010.46939679
0.00250003560455231,206.691773418098,519737.787215289,5662010.46939679
0.000357437013137042,206.691773418098,520237.787215289,5662010.46939679
0.00416212198565878,206.691773418098,520737.787215289,5662010.46939679
0.000348820892242671,206.691773418098,521237.787215289,5662010.46939679
0.0058868710967655,206.691773418098,521737.787215289,5662010.46939679
0.00695928443438134,206.691773418098,522237.787215289,5662010.46939679
0.00639374591206125,206.691773418098,522737.787215289,5662010.46939679
0.00516512414957592,206.691773418098,523237.787215289,5662010.46939679
0.00461872790128814,206.691773418098,523737.787215289,5662010.46939679
0.000722478922767057,206.691773418098,524237.787215289,5662010.46939679
0.000185741065057365,206.691773418098,486737.787215289,5662510.46939679
0.000146897355264468,206.691773418098,487237.787215289,5662510.46939679
4.40980783623911e-05,206.691773418098,487737.787215289,5662510.46939679
0.000190185575223632,206.691773418098,488237.787215289,5662510.46939679
0.000309882541450666,206.691773418098,488737.787215289,5662510.46939679
0.000767269038412663,206.691773418098,489237.787215289,5662510.46939679
4.40980783623911e-05,206.691773418098,489737.787215289,5662510.46939679
0.000117073535607872,206.691773418098,490237.787215289,5662510.46939679
9.08022181122827e-05,206.691773418098,490737.787215289,5662510.46939679
0.000392839523241728,206.691773418098,491237.787215289,5662510.46939679
0.00254335004155567,206.691773418098,491737.787215289,5662510.46939679
0.00425699890412393,206.691773418098,492237.787215289,5662510.46939679
0.00245620964205348,206.691773418098,492737.787215289,5662510.46939679
0.000925180269882036,206.691773418098,493237.787215289,5662510.46939679
0.00106366133479202,206.691773418098,493737.787215289,5662510.46939679
0.00263362500424222,206.691773418098,494237.787215289,5662510.46939679
0.00211942712794639,206.691773418098,494737.787215289,5662510.46939679
8.32927184857378e-05,206.691773418098,495237.787215289,5662510.46939679
8.93090647962576e-05,206.691773418098,495737.787215289,5662510.46939679
0.000104407953012548,206.691773418098,496237.787215289,5662510.46939679
9.18831268249658e-05,206.691773418098,496737.787215289,5662510.46939679
3.03451731492273e-05,206.691773418098,497237.787215289,5662510.46939679
5.30148649629378e-05,206.691773418098,497737.787215289,5662510.46939679
4.94434941513621e-05,206.691773418098,498237.787215289,5662510.46939679
8.05617124632565e-05,206.691773418098,498737.787215289,5662510.46939679
3.25370462665599e-05,206.691773418098,499237.787215289,5662510.46939679
3.03451731492273e-05,206.691773418098,499737.787215289,5662510.46939679
0.000130220179835021,206.691773418098,500237.787215289,5662510.46939679
8.56933776395555e-05,206.691773418098,500737.787215289,5662510.46939679
9.59061381331723e-05,206.691773418098,501237.787215289,5662510.46939679
0.000694388323949776,206.691773418098,501737.787215289,5662510.46939679
0.000429588659474726,206.691773418098,502237.787215289,5662510.46939679
0.00348103152725763,206.691773418098,502737.787215289,5662510.46939679
0.00261266666239754,206.691773418098,503237.787215289,5662510.46939679
0.000336029291097298,206.691773418098,503737.787215289,5662510.46939679
0.00260088703534712,206.691773418098,504237.787215289,5662510.46939679
0.00656381691257147,206.691773418098,504737.787215289,5662510.46939679
0.00930248510575245,206.691773418098,505237.787215289,5662510.46939679
0.00525472708197241,206.691773418098,505737.787215289,5662510.46939679
0.00203435284646851,206.691773418098,506237.787215289,5662510.46939679
0.000987444499866574,206.691773418098,506737.787215289,5662510.46939679
0.000310901281698483,206.691773418098,507237.787215289,5662510.46939679
0.000303210953930732,206.691773418098,507737.787215289,5662510.46939679
0.0025006986250878,206.691773418098,508237.787215289,5662510.46939679
0.0020285972876332,206.691773418098,508737.787215289,5662510.46939679
0.000973673630751136,206.691773418098,509237.787215289,5662510.46939679
0.000956251086720913,206.691773418098,509737.787215289,5662510.46939679
0.00258570529338485,206.691773418098,510237.787215289,5662510.46939679
0.00217512562803155,206.691773418098,510737.787215289,5662510.46939679
4.54633358219422e-05,206.691773418098,511237.787215289,5662510.46939679
0.000320434624160509,206.691773418098,511737.787215289,5662510.46939679
0.000908081657871519,206.691773418098,512237.787215289,5662510.46939679
0.00185885714676109,206.691773418098,512737.787215289,5662510.46939679
0.00123331051146494,206.691773418098,513237.787215289,5662510.46939679
0.00329913714343178,206.691773418098,513737.787215289,5662510.46939679
0.00484321757991613,206.691773418098,514237.787215289,5662510.46939679
0.00119558219908983,206.691773418098,514737.787215289,5662510.46939679
0.00292770199974823,206.691773418098,515237.787215289,5662510.46939679
0.00223488176940893,206.691773418098,515737.787215289,5662510.46939679
0.0033213737626103,206.691773418098,516237.787215289,5662510.46939679
0.000184892552788161,206.691773418098,516737.787215289,5662510.46939679
0.000763229534043213,206.691773418098,517237.787215289,5662510.46939679
8.23131789804697e-05,206.691773418098,517737.787215289,5662510.46939679
0.000666997987074825,206.691773418098,518237.787215289,5662510.46939679
0.00120480027998316,206.691773418098,518737.787215289,5662510.46939679
0.00261747538920037,206.691773418098,519237.787215289,5662510.46939679
0.00187567851015917,206.691773418098,519737.787215289,5662510.46939679
0.00275499025955774,206.691773418098,520237.787215289,5662510.46939679
0.00374024700564468,206.691773418098,520737.787215289,5662510.46939679
0.00475197589218991,206.691773418098,521237.787215289,5662510.46939679
0.00698957745795744,206.691773418098,521737.787215289,5662510.46939679
0.00879607184100669,206.691773418098,522237.787215289,5662510.46939679
0.00553442878493866,206.691773418098,522737.787215289,5662510.46939679
0.00474529908851929,206.691773418098,523237.787215289,5662510.46939679
0.00385255901892355,206.691773418098,523737.787215289,5662510.46939679
0.00341784900312244,206.691773418098,524237.787215289,5662510.46939679
0.000248340664966076,206.691773418098,486737.787215289,5663010.46939679
0.00156877206712058,206.691773418098,487237.787215289,5663010.46939679
4.40980783623911e-05,206.691773418098,487737.787215289,5663010.46939679
9.2188612790522e-05,206.691773418098,488237.787215289,5663010.46939679
0.00014795034841578,206.691773418098,488737.787215289,5663010.46939679
9.88475216425505e-05,206.691773418098,489237.787215289,5663010.46939679
9.59200744980391e-05,206.691773418098,489737.787215289,5663010.46939679
9.59200744980391e-05,206.691773418098,490237.787215289,5663010.46939679
0.000114927291392019,206.691773418098,490737.787215289,5663010.46939679
8.42873706782158e-05,206.691773418098,491237.787215289,5663010.46939679
0.00562674920419067,206.691773418098,491737.787215289,5663010.46939679
0.000150912507008737,206.691773418098,492237.787215289,5663010.46939679
0.00131119983926273,206.691773418098,492737.787215289,5663010.46939679
6.97498278421365e-05,206.691773418098,493237.787215289,5663010.46939679
0.000161813122587862,206.691773418098,493737.787215289,5663010.46939679
0.000173501104451989,206.691773418098,494237.787215289,5663010.46939679
0.00282385531927604,206.691773418098,494737.787215289,5663010.46939679
0.00425699890412393,206.691773418098,495237.787215289,5663010.46939679
0.00397022421099349,206.691773418098,495737.787215289,5663010.46939679
0.000956543467257974,206.691773418098,496237.787215289,5663010.46939679
7.9920603760735e-05,206.691773418098,496737.787215289,5663010.46939679
5.30148649629378e-05,206.691773418098,497237.787215289,5663010.46939679
8.63807944953848e-05,206.691773418098,497737.787215289,5663010.46939679
8.56933776395555e-05,206.691773418098,498237.787215289,5663010.46939679
0.000139626160486737,206.691773418098,498737.787215289,5663010.46939679
9.85199700103286e-05,206.691773418098,499237.787215289,5663010.46939679
0.00019788338029563,206.691773418098,499737.787215289,5663010.46939679
7.25591829519612e-05,206.691773418098,500237.787215289,5663010.46939679
7.76816661172235e-05,206.691773418098,500737.787215289,5663010.46939679
0.000138996633528443,206.691773418098,501237.787215289,5663010.46939679
0.000777144096185665,206.691773418098,501737.787215289,5663010.46939679
0.00261266666239754,206.691773418098,502237.787215289,5663010.46939679
0.00185828110958506,206.691773418098,502737.787215289,5663010.46939679
0.00263362500424222,206.691773418098,503237.787215289,5663010.46939679
0.00489418687792159,206.691773418098,503737.787215289,5663010.46939679
0.00414405652873087,206.691773418098,504237.787215289,5663010.46939679
0.00546911850558414,206.691773418098,504737.787215289,5663010.46939679
0.00359903693919228,206.691773418098,505237.787215289,5663010.46939679
0.00694551069723899,206.691773418098,505737.787215289,5663010.46939679
0.00474529908851929,206.691773418098,506237.787215289,5663010.46939679
0.000807810983892262,206.691773418098,506737.787215289,5663010.46939679
0.00239579793277444,206.691773418098,507237.787215289,5663010.46939679
0.000862855074606855,206.691773418098,507737.787215289,5663010.46939679
0.000789855949279923,206.691773418098,508237.787215289,5663010.46939679
0.0017010671120049,206.691773418098,508737.787215289,5663010.46939679
0.00111973941338377,206.691773418098,509237.787215289,5663010.46939679
0.00155015128235728,206.691773418098,509737.787215289,5663010.46939679
0.00366348993406038,206.691773418098,510237.787215289,5663010.46939679
0.000183413541842574,206.691773418098,510737.787215289,5663010.46939679
0.000454131850160448,206.691773418098,511237.787215289,5663010.46939679
0.000343580052763142,206.691773418098,511737.787215289,5663010.46939679
0.00318745850222142,206.691773418098,512237.787215289,5663010.46939679
0.00219630313206075,206.691773418098,512737.787215289,5663010.46939679
0.0027693019694797,206.691773418098,513237.787215289,5663010.46939679
0.00259969375129979,206.691773418098,513737.787215289,5663010.46939679
0.00447093334085575,206.691773418098,514237.787215289,5663010.46939679
0.00378367954102538,206.691773418098,514737.787215289,5663010.46939679
0.00040741938322172,206.691773418098,515237.787215289,5663010.46939679
0.003226349103487,206.691773418098,515737.787215289,5663010.46939679
0.000971401059077012,206.691773418098,516237.787215289,5663010.46939679
0.00238071419225968,206.691773418098,516737.787215289,5663010.46939679
0.00140180617376982,206.691773418098,517237.787215289,5663010.46939679
0.000343338077213167,206.691773418098,517737.787215289,5663010.46939679
0.000766834304979349,206.691773418098,518237.787215289,5663010.46939679
0.00138513489282265,206.691773418098,518737.787215289,5663010.46939679
0.000676895949538402,206.691773418098,519237.787215289,5663010.46939679
0.00160150082058973,206.691773418098,519737.787215289,5663010.46939679
0.00272184917004998,206.691773418098,520237.787215289,5663010.46939679
0.00183544121169338,206.691773418098,520737.787215289,5663010.46939679
0.00381892621351269,206.691773418098,521237.787215289,5663010.46939679
0.00593418810131638,206.691773418098,521737.787215289,5663010.46939679
0.00854742242325906,206.691773418098,522237.787215289,5663010.46939679
0.00305837650923324,206.691773418098,522737.787215289,5663010.46939679
0.0019944130739479,206.691773418098,523237.787215289,5663010.46939679
0.000972842959563746,206.691773418098,523737.787215289,5663010.46939679
0.00368637387712047,206.691773418098,524237.787215289,5663010.46939679
0.000539141376668644,206.691773418098,486737.787215289,5663510.46939679
0.000253144854586717,206.691773418098,487237.787215289,5663510.46939679
0.00169931456298477,206.691773418098,487737.787215289,5663510.46939679
4.40980783623911e-05,206.691773418098,488237.787215289,5663510.46939679
4.40980783623911e-05,206.691773418098,488737.787215289,5663510.46939679
6.76712001515225e-05,206.691773418098,489237.787215289,5663510.46939679
6.76712001515225e-05,206.691773418098,489737.787215289,5663510.46939679
6.80907154869965e-05,206.691773418098,490237.787215289,5663510.46939679
6.87954682526638e-05,206.691773418098,490737.787215289,5663510.46939679
0.000244757624307452,206.691773418098,491237.787215289,5663510.46939679
8.59822201519575e-05,206.691773418098,491737.787215289,5663510.46939679
0.00010563620140318,206.691773418098,492237.787215289,5663510.46939679
8.59822201519575e-05,206.691773418098,492737.787215289,5663510.46939679
0.000148160824269629,206.691773418098,493237.787215289,5663510.46939679
0.00223523011029166,206.691773418098,493737.787215289,5663510.46939679
8.93090647962576e-05,206.691773418098,494237.787215289,5663510.46939679
9.26201967349822e-05,206.691773418098,494737.787215289,5663510.46939679
0.00028269737664836,206.691773418098,495237.787215289,5663510.46939679
0.000161813122587862,206.691773418098,495737.787215289,5663510.46939679
7.51346355741054e-05,206.691773418098,496237.787215289,5663510.46939679
3.48872413594785e-05,206.691773418098,496737.787215289,5663510.46939679
0.000184552875182059,206.691773418098,497237.787215289,5663510.46939679
0.000237463556477983,206.691773418098,497737.787215289,5663510.46939679
0.000101313972214798,206.691773418098,498237.787215289,5663510.46939679
0.000209680728585328,206.691773418098,498737.787215289,5663510.46939679
0.00518596695115183,206.691773418098,499237.787215289,5663510.46939679
0.000209680728585328,206.691773418098,499737.787215289,5663510.46939679
0.000113643027455183,206.691773418098,500237.787215289,5663510.46939679
0.000101526877589663,206.691773418098,500737.787215289,5663510.46939679
0.000125154521671546,206.691773418098,501237.787215289,5663510.46939679
0.000130653125891021,206.691773418098,501737.787215289,5663510.46939679
0.00341317714442832,206.691773418098,502237.787215289,5663510.46939679
0.00156094140826362,206.691773418098,502737.787215289,5663510.46939679
0.00160348340287117,206.691773418098,503237.787215289,5663510.46939679
0.00131119983926273,206.691773418098,503737.787215289,5663510.46939679
0.00185828110958506,206.691773418098,504237.787215289,5663510.46939679
0.00131119983926273,206.691773418098,504737.787215289,5663510.46939679
0.00185828110958506,206.691773418098,505237.787215289,5663510.46939679
0.00185828110958506,206.691773418098,505737.787215289,5663510.46939679
0.00213642879099882,206.691773418098,506237.787215289,5663510.46939679
0.00199250728086167,206.691773418098,506737.787215289,5663510.46939679
0.000263653337581642,206.691773418098,507237.787215289,5663510.46939679
0.00170164053587724,206.691773418098,507737.787215289,5663510.46939679
0.000992314805021207,206.691773418098,508237.787215289,5663510.46939679
0.00263444138552185,206.691773418098,508737.787215289,5663510.46939679
0.00167062886686684,206.691773418098,509237.787215289,5663510.46939679
0.00233223790969355,206.691773418098,509737.787215289,5663510.46939679
0.000643612524303385,206.691773418098,510237.787215289,5663510.46939679
0.000559818797071247,206.691773418098,510737.787215289,5663510.46939679
0.00116114859457469,206.691773418098,511237.787215289,5663510.46939679
0.000789855949279923,206.691773418098,511737.787215289,5663510.46939679
0.000951381165065423,206.691773418098,512237.787215289,5663510.46939679
0.00339541380920321,206.691773418098,512737.787215289,5663510.46939679
0.00204105574678265,206.691773418098,513237.787215289,5663510.46939679
0.00135419479302462,206.691773418098,513737.787215289,5663510.46939679
0.000967966171117395,206.691773418098,514237.787215289,5663510.46939679
0.00524770065080943,206.691773418098,514737.787215289,5663510.46939679
0.000898320641516093,206.691773418098,515237.787215289,5663510.46939679
0.000512052210804704,206.691773418098,515737.787215289,5663510.46939679
0.00181296340555418,206.691773418098,516237.787215289,5663510.46939679
0.00106635868874206,206.691773418098,516737.787215289,5663510.46939679
0.00167982769136495,206.691773418098,517237.787215289,5663510.46939679
0.00140242001864853,206.691773418098,517737.787215289,5663510.46939679
6.67734568016505e-05,206.691773418098,518237.787215289,5663510.46939679
0.000766834304979349,206.691773418098,518737.787215289,5663510.46939679
0.00048953230454579,206.691773418098,519237.787215289,5663510.46939679
0.00199783662388236,206.691773418098,519737.787215289,5663510.46939679
0.00179160753310932,206.691773418098,520237.787215289,5663510.46939679
0.00171296480559004,206.691773418098,520737.787215289,5663510.46939679
0.00540163785262775,206.691773418098,521237.787215289,5663510.46939679
0.00646896152447401,206.691773418098,521737.787215289,5663510.46939679
0.00475707856392332,206.691773418098,522237.787215289,5663510.46939679
0.00476433927775554,206.691773418098,522737.787215289,5663510.46939679
0.00374909967600963,206.691773418098,523237.787215289,5663510.46939679
0.00270125862110306,206.691773418098,523737.787215289,5663510.46939679
0.00173363437836448,206.691773418098,524237.787215289,5663510.46939679
0.000139864842917528,206.691773418098,486737.787215289,5664010.46939679
0.000121232407988845,206.691773418098,487237.787215289,5664010.46939679
0.00368607370228775,206.691773418098,487737.787215289,5664010.46939679
0.00165737934578347,206.691773418098,488237.787215289,5664010.46939679
3.74071942395522e-05,206.691773418098,488737.787215289,5664010.46939679
6.4832570541899e-05,206.691773418098,489237.787215289,5664010.46939679
7.9920603760735e-05,206.691773418098,489737.787215289,5664010.46939679
3.02051558278447e-05,206.691773418098,490237.787215289,5664010.46939679
4.28078686453457e-05,206.691773418098,490737.787215289,5664010.46939679
7.47879527470077e-05,206.691773418098,491237.787215289,5664010.46939679
5.27702461779645e-05,206.691773418098,491737.787215289,5664010.46939679
0.000184552875182059,206.691773418098,492237.787215289,5664010.46939679
8.59822201519575e-05,206.691773418098,492737.787215289,5664010.46939679
0.000170337549596268,206.691773418098,493237.787215289,5664010.46939679
0.000449455423341686,206.691773418098,493737.787215289,5664010.46939679
8.232205733503e-05,206.691773418098,494237.787215289,5664010.46939679
8.56933776395555e-05,206.691773418098,494737.787215289,5664010.46939679
9.85199700103286e-05,206.691773418098,495237.787215289,5664010.46939679
0.000140746216421946,206.691773418098,495737.787215289,5664010.46939679
9.93102794821499e-05,206.691773418098,496237.787215289,5664010.46939679
3.74071942395522e-05,206.691773418098,496737.787215289,5664010.46939679
7.00731562208083e-05,206.691773418098,497237.787215289,5664010.46939679
0.000130220179835021,206.691773418098,497737.787215289,5664010.46939679
0.000149036549363903,206.691773418098,498237.787215289,5664010.46939679
0.000571165963052281,206.691773418098,498737.787215289,5664010.46939679
0.00269240731993747,206.691773418098,499237.787215289,5664010.46939679
0.000125154521671546,206.691773418098,499737.787215289,5664010.46939679
0.000125154521671546,206.691773418098,500237.787215289,5664010.46939679
0.000110956804093287,206.691773418098,500737.787215289,5664010.46939679
0.000118971364922491,206.691773418098,501237.787215289,5664010.46939679
0.000108860302005505,206.691773418098,501737.787215289,5664010.46939679
0.000114848864347361,206.691773418098,502237.787215289,5664010.46939679
0.00320617338539854,206.691773418098,502737.787215289,5664010.46939679
0.00156094140826362,206.691773418098,503237.787215289,5664010.46939679
0.00197665094267645,206.691773418098,503737.787215289,5664010.46939679
0.00213642879099882,206.691773418098,504237.787215289,5664010.46939679
0.00122287025778856,206.691773418098,504737.787215289,5664010.46939679
0.00161634625819953,206.691773418098,505237.787215289,5664010.46939679
0.00199250728086167,206.691773418098,505737.787215289,5664010.46939679
0.00213642879099882,206.691773418098,506237.787215289,5664010.46939679
0.0017330971461983,206.691773418098,506737.787215289,5664010.46939679
0.000904214607998677,206.691773418098,507237.787215289,5664010.46939679
0.00292770199974823,206.691773418098,507737.787215289,5664010.46939679
0.00267365803718526,206.691773418098,508237.787215289,5664010.46939679
0.00245697102743196,206.691773418098,508737.787215289,5664010.46939679
0.00158693628327389,206.691773418098,509237.787215289,5664010.46939679
0.000978037521305169,206.691773418098,509737.787215289,5664010.46939679
0.000912151572927162,206.691773418098,510237.787215289,5664010.46939679
0.000578099709759,206.691773418098,510737.787215289,5664010.46939679
0.00135569426510841,206.691773418098,511237.787215289,5664010.46939679
0.00195625292702379,206.691773418098,511737.787215289,5664010.46939679
0.00163446273776083,206.691773418098,512237.787215289,5664010.46939679
0.00163014581285955,206.691773418098,512737.787215289,5664010.46939679
0.00283467219093969,206.691773418098,513237.787215289,5664010.46939679
0.00303072228343269,206.691773418098,513737.787215289,5664010.46939679
0.00152568272166469,206.691773418098,514237.787215289,5664010.46939679
0.00580944673380911,206.691773418098,514737.787215289,5664010.46939679
0.00175460461723048,206.691773418098,515237.787215289,5664010.46939679
0.00330139003097707,206.691773418098,515737.787215289,5664010.46939679
0.00335144737490899,206.691773418098,516237.787215289,5664010.46939679
0.00105829177929788,206.691773418098,516737.787215289,5664010.46939679
0.000193339718825109,206.691773418098,517237.787215289,5664010.46939679
0.000607317845934202,206.691773418098,517737.787215289,5664010.46939679
0.000766834304979349,206.691773418098,518237.787215289,5664010.46939679
0.000715176158607897,206.691773418098,518737.787215289,5664010.46939679
0.00144135080565561,206.691773418098,519237.787215289,5664010.46939679
0.0029593910082904,206.691773418098,519737.787215289,5664010.46939679
0.00115959452828398,206.691773418098,520237.787215289,5664010.46939679
0.00223440390086423,206.691773418098,520737.787215289,5664010.46939679
0.00306540108993216,206.691773418098,521237.787215289,5664010.46939679
0.00451695199551609,206.691773418098,521737.787215289,5664010.46939679
0.000833278270947046,206.691773418098,522237.787215289,5664010.46939679
0.00510847398192776,206.691773418098,522737.787215289,5664010.46939679
0.00283643585897481,206.691773418098,523237.787215289,5664010.46939679
0.00407864190633411,206.691773418098,523737.787215289,5664010.46939679
0.00321293740144568,206.691773418098,524237.787215289,5664010.46939679
0.000160799825019076,206.691773418098,486737.787215289,5664510.46939679
0.000171815071119789,206.691773418098,487237.787215289,5664510.46939679
0.00210987135051521,206.691773418098,487737.787215289,5664510.46939679
0.00171930518933976,206.691773418098,488237.787215289,5664510.46939679
0.000925180269882036,206.691773418098,488737.787215289,5664510.46939679
4.94434941513621e-05,206.691773418098,489237.787215289,5664510.46939679
8.63807944953848e-05,206.691773418098,489737.787215289,5664510.46939679
3.25370462665599e-05,206.691773418098,490237.787215289,5664510.46939679
3.74071942395522e-05,206.691773418098,490737.787215289,5664510.46939679
0.000120189871434954,206.691773418098,491237.787215289,5664510.46939679
6.87954682526638e-05,206.691773418098,491737.787215289,5664510.46939679
6.97498278421365e-05,206.691773418098,492237.787215289,5664510.46939679
6.50510985434392e-05,206.691773418098,492737.787215289,5664510.46939679
7.17726467726372e-05,206.691773418098,493237.787215289,5664510.46939679
7.90927800466392e-05,206.691773418098,493737.787215289,5664510.46939679
5.65819128118538e-05,206.691773418098,494237.787215289,5664510.46939679
4.30063063933904e-05,206.691773418098,494737.787215289,5664510.46939679
3.25370462665599e-05,206.691773418098,495237.787215289,5664510.46939679
0.000106483596002746,206.691773418098,495737.787215289,5664510.46939679
6.95155152659093e-05,206.691773418098,496237.787215289,5664510.46939679
0.00017212038568919,206.691773418098,496737.787215289,5664510.46939679
7.51346355741054e-05,206.691773418098,497237.787215289,5664510.46939679
9.26201967349822e-05,206.691773418098,497737.787215289,5664510.46939679
0.00397022421099349,206.691773418098,498237.787215289,5664510.46939679
0.00475707856392332,206.691773418098,498737.787215289,5664510.46939679
0.000268972829976642,206.691773418098,499237.787215289,5664510.46939679
0.000130653125891021,206.691773418098,499737.787215289,5664510.46939679
0.00015725210364762,206.691773418098,500237.787215289,5664510.46939679
0.000150889774633711,206.691773418098,500737.787215289,5664510.46939679
0.000153477915044145,206.691773418098,501237.787215289,5664510.46939679
0.000144897557499017,206.691773418098,501737.787215289,5664510.46939679
0.000211084858293962,206.691773418098,502237.787215289,5664510.46939679
0.00032349708311648,206.691773418098,502737.787215289,5664510.46939679
0.000943846786508695,206.691773418098,503237.787215289,5664510.46939679
0.000395668845826851,206.691773418098,503737.787215289,5664510.46939679
0.00359903693919228,206.691773418098,504237.787215289,5664510.46939679
0.00313046818362389,206.691773418098,504737.787215289,5664510.46939679
0.00397022421099349,206.691773418098,505237.787215289,5664510.46939679
0.0011404910392795,206.691773418098,505737.787215289,5664510.46939679
0.00212652537694419,206.691773418098,506237.787215289,5664510.46939679
0.000817768297627774,206.691773418098,506737.787215289,5664510.46939679
0.00120067452960514,206.691773418098,507237.787215289,5664510.46939679
0.00136332224441475,206.691773418098,507737.787215289,5664510.46939679
0.0021101479501765,206.691773418098,508237.787215289,5664510.46939679
0.00253869782558971,206.691773418098,508737.787215289,5664510.46939679
0.00224840979157317,206.691773418098,509237.787215289,5664510.46939679
0.000368397307144913,206.691773418098,509737.787215289,5664510.46939679
0.00124501993639109,206.691773418098,510237.787215289,5664510.46939679
0.000956251086720913,206.691773418098,510737.787215289,5664510.46939679
0.000334215798239346,206.691773418098,511237.787215289,5664510.46939679
0.00185885714676109,206.691773418098,511737.787215289,5664510.46939679
0.00343803960192225,206.691773418098,512237.787215289,5664510.46939679
0.00335098350976639,206.691773418098,512737.787215289,5664510.46939679
0.000546928525813956,206.691773418098,513237.787215289,5664510.46939679
0.000777144096185665,206.691773418098,513737.787215289,5664510.46939679
0.00124754299319197,206.691773418098,514237.787215289,5664510.46939679
0.00546911850558414,206.691773418098,514737.787215289,5664510.46939679
0.00417259240401098,206.691773418098,515237.787215289,5664510.46939679
0.000159728345148747,206.691773418098,515737.787215289,5664510.46939679
0.00246132665095374,206.691773418098,516237.787215289,5664510.46939679
0.00067484465194876,206.691773418098,516737.787215289,5664510.46939679
0.000283453505022735,206.691773418098,517237.787215289,5664510.46939679
0.000113841809472608,206.691773418098,517737.787215289,5664510.46939679
0.000259757413277263,206.691773418098,518237.787215289,5664510.46939679
0.000715176158607897,206.691773418098,518737.787215289,5664510.46939679
0.00175206086556571,206.691773418098,519237.787215289,5664510.46939679
0.00167982769136495,206.691773418098,519737.787215289,5664510.46939679
0.000188118440821764,206.691773418098,520237.787215289,5664510.46939679
0.00156631484680386,206.691773418098,520737.787215289,5664510.46939679
0.00282973824252265,206.691773418098,521237.787215289,5664510.46939679
0.0041665681327755,206.691773418098,521737.787215289,5664510.46939679
0.00470767834979465,206.691773418098,522237.787215289,5664510.46939679
0.00438126815971443,206.691773418098,522737.787215289,5664510.46939679
0.00504772035809758,206.691773418098,523237.787215289,5664510.46939679
0.00448793677873026,206.691773418098,523737.787215289,5664510.46939679
0.00311268236848314,206.691773418098,524237.787215289,5664510.46939679
0.000184868357099662,206.691773418098,486737.787215289,5665010.46939679
0.000291035598889036,206.691773418098,487237.787215289,5665010.46939679
0.00341317714442832,206.691773418098,487737.787215289,5665010.46939679
0.00345332953908434,206.691773418098,488237.787215289,5665010.46939679
0.00122287025778856,206.691773418098,488737.787215289,5665010.46939679
0.0022907459475053,206.691773418098,489237.787215289,5665010.46939679
4.94434941513621e-05,206.691773418098,489737.787215289,5665010.46939679
8.56933776395555e-05,206.691773418098,490237.787215289,5665010.46939679
0.000130220179835021,206.691773418098,490737.787215289,5665010.46939679
4.94434941513621e-05,206.691773418098,491237.787215289,5665010.46939679
9.93102794821499e-05,206.691773418098,491737.787215289,5665010.46939679
3.99240968448774e-05,206.691773418098,492237.787215289,5665010.46939679
3.47262662330042e-05,206.691773418098,492737.787215289,5665010.46939679
9.35547196523221e-05,206.691773418098,493237.787215289,5665010.46939679
8.55874244554804e-05,206.691773418098,493737.787215289,5665010.46939679
6.03903341696212e-05,206.691773418098,494237.787215289,5665010.46939679
3.03451731492273e-05,206.691773418098,494737.787215289,5665010.46939679
3.03451731492273e-05,206.691773418098,495237.787215289,5665010.46939679
3.03451731492273e-05,206.691773418098,495737.787215289,5665010.46939679
7.25591829519612e-05,206.691773418098,496237.787215289,5665010.46939679
7.78002313963353e-05,206.691773418098,496737.787215289,5665010.46939679
0.00010563620140318,206.691773418098,497237.787215289,5665010.46939679
7.51346355741054e-05,206.691773418098,497737.787215289,5665010.46939679
0.000106483596002746,206.691773418098,498237.787215289,5665010.46939679
0.000694388323949776,206.691773418098,498737.787215289,5665010.46939679
0.00368607370228775,206.691773418098,499237.787215289,5665010.46939679
0.000141576841750304,206.691773418098,499737.787215289,5665010.46939679
0.000125154521671546,206.691773418098,500237.787215289,5665010.46939679
0.000180789612478449,206.691773418098,500737.787215289,5665010.46939679
0.000165212645329767,206.691773418098,501237.787215289,5665010.46939679
0.000152345280742347,206.691773418098,501737.787215289,5665010.46939679
0.000114701612179349,206.691773418098,502237.787215289,5665010.46939679
0.000183959486862768,206.691773418098,502737.787215289,5665010.46939679
0.00045847208073122,206.691773418098,503237.787215289,5665010.46939679
0.000621112789220849,206.691773418098,503737.787215289,5665010.46939679
0.0070379303330818,206.691773418098,504237.787215289,5665010.46939679
0.00463141751606968,206.691773418098,504737.787215289,5665010.46939679
0.000510632162272554,206.691773418098,505237.787215289,5665010.46939679
0.00146481276384159,206.691773418098,505737.787215289,5665010.46939679
0.000431234213114099,206.691773418098,506237.787215289,5665010.46939679
0.00271835877807027,206.691773418098,506737.787215289,5665010.46939679
0.00299043154313164,206.691773418098,507237.787215289,5665010.46939679
0.00290299508616565,206.691773418098,507737.787215289,5665010.46939679
0.00277247430254633,206.691773418098,508237.787215289,5665010.46939679
0.00236848041836208,206.691773418098,508737.787215289,5665010.46939679
0.00189193989641736,206.691773418098,509237.787215289,5665010.46939679
0.000298848398022895,206.691773418098,509737.787215289,5665010.46939679
0.0024108154880133,206.691773418098,510237.787215289,5665010.46939679
0.002355619352631,206.691773418098,510737.787215289,5665010.46939679
0.00311268236848314,206.691773418098,511237.787215289,5665010.46939679
0.00115782734010941,206.691773418098,511737.787215289,5665010.46939679
0.00170164053587724,206.691773418098,512237.787215289,5665010.46939679
0.00115897160295086,206.691773418098,512737.787215289,5665010.46939679
0.00460550408502555,206.691773418098,513237.787215289,5665010.46939679
0.00464752761538625,206.691773418098,513737.787215289,5665010.46939679
0.0053210149301727,206.691773418098,514237.787215289,5665010.46939679
0.00352311068296936,206.691773418098,514737.787215289,5665010.46939679
0.00220338321147247,206.691773418098,515237.787215289,5665010.46939679
0.00143563444547031,206.691773418098,515737.787215289,5665010.46939679
0.00348828354231452,206.691773418098,516237.787215289,5665010.46939679
0.00236808288848256,206.691773418098,516737.787215289,5665010.46939679
0.00140966996144768,206.691773418098,517237.787215289,5665010.46939679
0.000748327015029471,206.691773418098,517737.787215289,5665010.46939679
0.00356940211667546,206.691773418098,518237.787215289,5665010.46939679
0.000666997987074825,206.691773418098,518737.787215289,5665010.46939679
0.00187861460418762,206.691773418098,519237.787215289,5665010.46939679
0.00255267641545757,206.691773418098,519737.787215289,5665010.46939679
0.002160374507042,206.691773418098,520237.787215289,5665010.46939679
0.0039044745149646,206.691773418098,520737.787215289,5665010.46939679
0.00426972670569935,206.691773418098,521237.787215289,5665010.46939679
0.00416212198565878,206.691773418098,521737.787215289,5665010.46939679
0.00535544233149758,206.691773418098,522237.787215289,5665010.46939679
0.00329107164509038,206.691773418098,522737.787215289,5665010.46939679
0.00479714640538027,206.691773418098,523237.787215289,5665010.46939679
0.00376433713676512,206.691773418098,523737.787215289,5665010.46939679
0.00246448701185651,206.691773418098,524237.787215289,5665010.46939679
0.000189941688746115,206.691773418098,487237.787215289,5665510.46939679
9.32304233920605e-05,206.691773418098,487737.787215289,5665510.46939679
0.00524770065080943,206.691773418098,488237.787215289,5665510.46939679
0.000750517542268234,206.691773418098,488737.787215289,5665510.46939679
0.00300373084031148,206.691773418098,489237.787215289,5665510.46939679
8.93090647962576e-05,206.691773418098,489737.787215289,5665510.46939679
8.56933776395555e-05,206.691773418098,490237.787215289,5665510.46939679
4.30063063933904e-05,206.691773418098,490737.787215289,5665510.46939679
5.30148649629378e-05,206.691773418098,491237.787215289,5665510.46939679
6.09501346559054e-05,206.691773418098,491737.787215289,5665510.46939679
5.58099010018325e-05,206.691773418098,492237.787215289,5665510.46939679
7.9920603760735e-05,206.691773418098,492737.787215289,5665510.46939679
0.000150702156294721,206.691773418098,493237.787215289,5665510.46939679
4.2611312167894e-05,206.691773418098,493737.787215289,5665510.46939679
3.97407814851177e-05,206.691773418098,494237.787215289,5665510.46939679
0.00040596891191679,206.691773418098,494737.787215289,5665510.46939679
6.4161029827554e-05,206.691773418098,495237.787215289,5665510.46939679
7.67763940022889e-05,206.691773418098,495737.787215289,5665510.46939679
7.25591829519612e-05,206.691773418098,496237.787215289,5665510.46939679
8.05617124632565e-05,206.691773418098,496737.787215289,5665510.46939679
8.63807944953848e-05,206.691773418098,497237.787215289,5665510.46939679
0.000131264782685946,206.691773418098,497737.787215289,5665510.46939679
9.93102794821499e-05,206.691773418098,498237.787215289,5665510.46939679
0.000131264782685946,206.691773418098,498737.787215289,5665510.46939679
0.000370685727781633,206.691773418098,499237.787215289,5665510.46939679
0.000360301143697066,206.691773418098,499737.787215289,5665510.46939679
0.000408732754561483,206.691773418098,500237.787215289,5665510.46939679
0.000140090378825044,206.691773418098,500737.787215289,5665510.46939679
0.000234592008380106,206.691773418098,501237.787215289,5665510.46939679
0.00021501187004139,206.691773418098,501737.787215289,5665510.46939679
0.000137983605007795,206.691773418098,502237.787215289,5665510.46939679
0.000102701699184224,206.691773418098,502737.787215289,5665510.46939679
8.00276137939276e-05,206.691773418098,503237.787215289,5665510.46939679
0.000140700177316333,206.691773418098,503737.787215289,5665510.46939679
0.000119455192120824,206.691773418098,504237.787215289,5665510.46939679
0.00351615457658037,206.691773418098,504737.787215289,5665510.46939679
0.00392910032556869,206.691773418098,505237.787215289,5665510.46939679
0.00283643585897481,206.691773418098,505737.787215289,5665510.46939679
0.0035930296050568,206.691773418098,506237.787215289,5665510.46939679
0.00318760402981811,206.691773418098,506737.787215289,5665510.46939679
0.00266314344023293,206.691773418098,507237.787215289,5665510.46939679
0.00272207142143563,206.691773418098,507737.787215289,5665510.46939679
0.00116114859457469,206.691773418098,508237.787215289,5665510.46939679
0.000423539048775332,206.691773418098,508737.787215289,5665510.46939679
0.000183413541842574,206.691773418098,509237.787215289,5665510.46939679
0.000764111561945239,206.691773418098,509737.787215289,5665510.46939679
0.0011787927512176,206.691773418098,510237.787215289,5665510.46939679
0.00264250025972098,206.691773418098,510737.787215289,5665510.46939679
0.00147038360351396,206.691773418098,511237.787215289,5665510.46939679
0.0022149955066857,206.691773418098,511737.787215289,5665510.46939679
0.000684096705869953,206.691773418098,512237.787215289,5665510.46939679
0.00427125617100817,206.691773418098,512737.787215289,5665510.46939679
0.00629733360129259,206.691773418098,513237.787215289,5665510.46939679
0.00581270413957008,206.691773418098,513737.787215289,5665510.46939679
0.00842847779499841,206.691773418098,514237.787215289,5665510.46939679
0.0054211286462646,206.691773418098,514737.787215289,5665510.46939679
0.00315468259761486,206.691773418098,515237.787215289,5665510.46939679
0.00434440027229213,206.691773418098,515737.787215289,5665510.46939679
0.000789182098660441,206.691773418098,516237.787215289,5665510.46939679
0.00107558316078329,206.691773418098,516737.787215289,5665510.46939679
0.002220336283481,206.691773418098,517237.787215289,5665510.46939679
0.00161233437151112,206.691773418098,517737.787215289,5665510.46939679
0.000822223789503528,206.691773418098,518237.787215289,5665510.46939679
0.000622065360271304,206.691773418098,518737.787215289,5665510.46939679
0.00152395512691151,206.691773418098,519237.787215289,5665510.46939679
0.002220336283481,206.691773418098,519737.787215289,5665510.46939679
0.00262714360264017,206.691773418098,520237.787215289,5665510.46939679
0.0033213737626103,206.691773418098,520737.787215289,5665510.46939679
0.00298589212695721,206.691773418098,521237.787215289,5665510.46939679
0.00387819488226962,206.691773418098,521737.787215289,5665510.46939679
0.00348828354231452,206.691773418098,522237.787215289,5665510.46939679
0.00379295228387437,206.691773418098,522737.787215289,5665510.46939679
0.00419539184205307,206.691773418098,523237.787215289,5665510.46939679
0.00385255901892355,206.691773418098,523737.787215289,5665510.46939679
0.000165077878053933,206.691773418098,487737.787215289,5666010.46939679
0.000336542171532026,206.691773418098,488237.787215289,5666010.46939679
0.00270048305827248,206.691773418098,488737.787215289,5666010.46939679
0.00524770065080943,206.691773418098,489237.787215289,5666010.46939679
5.68442007442774e-05,206.691773418098,489737.787215289,5666010.46939679
4.30063063933904e-05,206.691773418098,490237.787215289,5666010.46939679
3.03451731492273e-05,206.691773418098,490737.787215289,5666010.46939679
7.9920603760735e-05,206.691773418098,491237.787215289,5666010.46939679
6.76712001515225e-05,206.691773418098,491737.787215289,5666010.46939679
3.44088953812135e-05,206.691773418098,492237.787215289,5666010.46939679
6.01144351092733e-05,206.691773418098,492737.787215289,5666010.46939679
9.650069084722e-05,206.691773418098,493237.787215289,5666010.46939679
8.55874244554804e-05,206.691773418098,493737.787215289,5666010.46939679
3.7063625424749e-05,206.691773418098,494237.787215289,5666010.46939679
8.58081171529487e-05,206.691773418098,494737.787215289,5666010.46939679
8.36152945940286e-05,206.691773418098,495237.787215289,5666010.46939679
8.48057590929869e-05,206.691773418098,495737.787215289,5666010.46939679
4.58999392040673e-05,206.691773418098,496237.787215289,5666010.46939679
7.51346355741054e-05,206.691773418098,496737.787215289,5666010.46939679
7.51346355741054e-05,206.691773418098,497237.787215289,5666010.46939679
7.45367154548016e-05,206.691773418098,497737.787215289,5666010.46939679
0.000130220179835021,206.691773418098,498237.787215289,5666010.46939679
0.00113141503148283,206.691773418098,498737.787215289,5666010.46939679
9.93102794821499e-05,206.691773418098,499237.787215289,5666010.46939679
0.0022907459475053,206.691773418098,499737.787215289,5666010.46939679
0.000360851070182966,206.691773418098,500237.787215289,5666010.46939679
0.00031867622244776,206.691773418098,500737.787215289,5666010.46939679
0.000782964771050764,206.691773418098,501237.787215289,5666010.46939679
0.000496804257670482,206.691773418098,501737.787215289,5666010.46939679
0.000297208451851933,206.691773418098,502237.787215289,5666010.46939679
0.000123657289139076,206.691773418098,502737.787215289,5666010.46939679
7.86629931853274e-05,206.691773418098,503237.787215289,5666010.46939679
7.37646584667312e-05,206.691773418098,503737.787215289,5666010.46939679
0.000355806319318231,206.691773418098,504237.787215289,5666010.46939679
0.000348820892242671,206.691773418098,504737.787215289,5666010.46939679
0.00384457017576336,206.691773418098,505237.787215289,5666010.46939679
0.00409958519580173,206.691773418098,505737.787215289,5666010.46939679
0.00366472488391592,206.691773418098,506237.787215289,5666010.46939679
0.00162179330778349,206.691773418098,506737.787215289,5666010.46939679
0.00145312498947121,206.691773418098,507237.787215289,5666010.46939679
0.00209694462972283,206.691773418098,507737.787215289,5666010.46939679
0.000978037521305169,206.691773418098,508237.787215289,5666010.46939679
0.00060025526997729,206.691773418098,508737.787215289,5666010.46939679
0.000278716337957642,206.691773418098,509237.787215289,5666010.46939679
0.000687222595497096,206.691773418098,509737.787215289,5666010.46939679
0.00187910926541502,206.691773418098,510237.787215289,5666010.46939679
0.00128740088345277,206.691773418098,510737.787215289,5666010.46939679
0.00312524296123878,206.691773418098,511237.787215289,5666010.46939679
0.000105111676376995,206.691773418098,511737.787215289,5666010.46939679
0.0002788647147021,206.691773418098,512237.787215289,5666010.46939679
0.00195617664133438,206.691773418098,512737.787215289,5666010.46939679
0.00707638310312654,206.691773418098,513237.787215289,5666010.46939679
0.00693377353437371,206.691773418098,513737.787215289,5666010.46939679
0.00682241790300813,206.691773418098,514237.787215289,5666010.46939679
0.00374196381443522,206.691773418098,514737.787215289,5666010.46939679
0.00713870392385306,206.691773418098,515237.787215289,5666010.46939679
0.00377879056511982,206.691773418098,515737.787215289,5666010.46939679
0.00341378235579255,206.691773418098,516237.787215289,5666010.46939679
0.002855505912035,206.691773418098,516737.787215289,5666010.46939679
0.000779993855872008,206.691773418098,517237.787215289,5666010.46939679
0.000150537931403472,206.691773418098,517737.787215289,5666010.46939679
0.000438928209618818,206.691773418098,518237.787215289,5666010.46939679
0.000876951769496444,206.691773418098,518737.787215289,5666010.46939679
0.00217261484087705,206.691773418098,519237.787215289,5666010.46939679
0.00160208642543934,206.691773418098,519737.787215289,5666010.46939679
0.00238071419225968,206.691773418098,520237.787215289,5666010.46939679
0.00114354150138758,206.691773418098,520737.787215289,5666010.46939679
0.00294701176462453,206.691773418098,521237.787215289,5666010.46939679
0.00335613501910827,206.691773418098,521737.787215289,5666010.46939679
0.00397719489044395,206.691773418098,522237.787215289,5666010.46939679
0.00288726202587607,206.691773418098,522737.787215289,5666010.46939679
0.00146213418226629,206.691773418098,523237.787215289,5666010.46939679
