"D_mod","EN","x","y"
0.000693751039803958,326.242940437257,487737.787215289,5631510.46939679
0.00153571120693315,326.242940437257,488237.787215289,5631510.46939679
0.000749205561984615,326.242940437257,488737.787215289,5631510.46939679
0.00110049410826609,326.242940437257,489237.787215289,5631510.46939679
0.000809092804051579,326.242940437257,489737.787215289,5631510.46939679
0.000631078908242608,326.242940437257,490237.787215289,5631510.46939679
0.000749205561984615,326.242940437257,490737.787215289,5631510.46939679
0.000859555233492497,326.242940437257,491237.787215289,5631510.46939679
0.00052826848616606,326.242940437257,491737.787215289,5631510.46939679
0.000780505984287487,326.242940437257,492237.787215289,5631510.46939679
0.00114307916615926,326.242940437257,492737.787215289,5631510.46939679
0.00091378261024656,326.242940437257,493237.787215289,5631510.46939679
0.00141287750678251,326.242940437257,493737.787215289,5631510.46939679
0.0014174913976281,326.242940437257,494237.787215289,5631510.46939679
0.00102542314108258,326.242940437257,494737.787215289,5631510.46939679
0.000719080855605173,326.242940437257,495237.787215289,5631510.46939679
0.000719080855605173,326.242940437257,495737.787215289,5631510.46939679
0.000719080855605173,326.242940437257,496237.787215289,5631510.46939679
0.000719080855605173,326.242940437257,496737.787215289,5631510.46939679
0.000719080855605173,326.242940437257,497237.787215289,5631510.46939679
0.00028171410444111,326.242940437257,497737.787215289,5631510.46939679
0.000789350591479671,326.242940437257,498237.787215289,5631510.46939679
0.00178272333470243,326.242940437257,498737.787215289,5631510.46939679
0.00115946239504502,326.242940437257,499237.787215289,5631510.46939679
0.000313690805377565,326.242940437257,499737.787215289,5631510.46939679
0.000168091278099929,326.242940437257,500237.787215289,5631510.46939679
0.000719080855605173,326.242940437257,500737.787215289,5631510.46939679
0.000719080855605173,326.242940437257,501237.787215289,5631510.46939679
0.000719080855605173,326.242940437257,501737.787215289,5631510.46939679
0.000719080855605173,326.242940437257,502237.787215289,5631510.46939679
0.000719080855605173,326.242940437257,502737.787215289,5631510.46939679
0.000719080855605173,326.242940437257,503237.787215289,5631510.46939679
0.000719080855605173,326.242940437257,503737.787215289,5631510.46939679
0.00180944703817655,326.242940437257,504237.787215289,5631510.46939679
0.00143116511881643,326.242940437257,504737.787215289,5631510.46939679
0.00219868915328096,326.242940437257,505237.787215289,5631510.46939679
0.00258046230208795,326.242940437257,505737.787215289,5631510.46939679
0.00218447028401914,326.242940437257,506237.787215289,5631510.46939679
0.000567877476611496,326.242940437257,506737.787215289,5631510.46939679
0.000672625041872762,326.242940437257,507237.787215289,5631510.46939679
0.000874580385632637,326.242940437257,507737.787215289,5631510.46939679
0.000759031205703776,326.242940437257,508237.787215289,5631510.46939679
0.000395087988669733,326.242940437257,508737.787215289,5631510.46939679
0.000719080855605173,326.242940437257,509237.787215289,5631510.46939679
0.000719080855605173,326.242940437257,509737.787215289,5631510.46939679
0.000782513962083793,326.242940437257,510237.787215289,5631510.46939679
0.000725491135656333,326.242940437257,510737.787215289,5631510.46939679
0.000750205152858339,326.242940437257,511237.787215289,5631510.46939679
0.00097387063775967,326.242940437257,511737.787215289,5631510.46939679
0.000498097257018686,326.242940437257,512237.787215289,5631510.46939679
0.00147063216665115,326.242940437257,512737.787215289,5631510.46939679
0.00163131820250349,326.242940437257,513237.787215289,5631510.46939679
0.00240958431122567,326.242940437257,513737.787215289,5631510.46939679
0.00202137204081565,326.242940437257,514237.787215289,5631510.46939679
0.00153655909796078,326.242940437257,514737.787215289,5631510.46939679
0.0007288257190186,326.242940437257,515237.787215289,5631510.46939679
0.000859997775602109,326.242940437257,515737.787215289,5631510.46939679
0.000916603505085256,326.242940437257,516237.787215289,5631510.46939679
0.00162895978429804,326.242940437257,516737.787215289,5631510.46939679
0.00249101346387773,326.242940437257,517237.787215289,5631510.46939679
0.00156517702006475,326.242940437257,517737.787215289,5631510.46939679
0.00177920383475814,326.242940437257,518237.787215289,5631510.46939679
0.00342978141390709,326.242940437257,518737.787215289,5631510.46939679
0.00316619867370316,326.242940437257,519237.787215289,5631510.46939679
0.00269265953573626,326.242940437257,519737.787215289,5631510.46939679
0.00214657169001284,326.242940437257,520237.787215289,5631510.46939679
0.00223175317708935,326.242940437257,520737.787215289,5631510.46939679
0.0034506251856658,326.242940437257,521237.787215289,5631510.46939679
0.0031745915717638,326.242940437257,521737.787215289,5631510.46939679
0.00392532147282109,326.242940437257,522237.787215289,5631510.46939679
0.00825498406679307,326.242940437257,522737.787215289,5631510.46939679
0.00293109573798041,326.242940437257,523237.787215289,5631510.46939679
0.00111243402033986,326.242940437257,487237.787215289,5632010.46939679
0.00251352192442581,326.242940437257,487737.787215289,5632010.46939679
0.000924947712069294,326.242940437257,488237.787215289,5632010.46939679
0.000697686384800929,326.242940437257,488737.787215289,5632010.46939679
0.00110673672807447,326.242940437257,489237.787215289,5632010.46939679
0.000856485148498592,326.242940437257,489737.787215289,5632010.46939679
0.00079717272342082,326.242940437257,490237.787215289,5632010.46939679
0.00142360464197791,326.242940437257,490737.787215289,5632010.46939679
0.000902557080391071,326.242940437257,491237.787215289,5632010.46939679
0.0011655938422162,326.242940437257,491737.787215289,5632010.46939679
0.000968111722403566,326.242940437257,492237.787215289,5632010.46939679
0.000788616555548196,326.242940437257,492737.787215289,5632010.46939679
0.00143089192621186,326.242940437257,493237.787215289,5632010.46939679
0.00162456134677975,326.242940437257,493737.787215289,5632010.46939679
0.00102412281455055,326.242940437257,494237.787215289,5632010.46939679
0.00147895805825648,326.242940437257,494737.787215289,5632010.46939679
0.000720976355363026,326.242940437257,495237.787215289,5632010.46939679
0.0010692111951767,326.242940437257,495737.787215289,5632010.46939679
0.00105570385312975,326.242940437257,496237.787215289,5632010.46939679
0.000719080855605173,326.242940437257,496737.787215289,5632010.46939679
0.000719080855605173,326.242940437257,497237.787215289,5632010.46939679
0.000719080855605173,326.242940437257,497737.787215289,5632010.46939679
0.00370897953229128,326.242940437257,498237.787215289,5632010.46939679
0.000719080855605173,326.242940437257,498737.787215289,5632010.46939679
0.000719080855605173,326.242940437257,499237.787215289,5632010.46939679
0.000719080855605173,326.242940437257,499737.787215289,5632010.46939679
0.000719080855605173,326.242940437257,500237.787215289,5632010.46939679
0.000719080855605173,326.242940437257,500737.787215289,5632010.46939679
0.000719080855605173,326.242940437257,501237.787215289,5632010.46939679
0.000719080855605173,326.242940437257,501737.787215289,5632010.46939679
0.000719080855605173,326.242940437257,502237.787215289,5632010.46939679
0.0016883389128313,326.242940437257,502737.787215289,5632010.46939679
0.00162923699726302,326.242940437257,503237.787215289,5632010.46939679
0.00180773249281266,326.242940437257,503737.787215289,5632010.46939679
0.00166975765764003,326.242940437257,504237.787215289,5632010.46939679
0.00242379219791461,326.242940437257,504737.787215289,5632010.46939679
0.00232899053981266,326.242940437257,505237.787215289,5632010.46939679
0.00055804631935115,326.242940437257,505737.787215289,5632010.46939679
0.00102951340747747,326.242940437257,506237.787215289,5632010.46939679
0.00246113399447053,326.242940437257,506737.787215289,5632010.46939679
0.000257275218665467,326.242940437257,507237.787215289,5632010.46939679
0.000897288665323709,326.242940437257,507737.787215289,5632010.46939679
0.000431862766070959,326.242940437257,508237.787215289,5632010.46939679
0.00127784832745416,326.242940437257,508737.787215289,5632010.46939679
0.000915461923675095,326.242940437257,509237.787215289,5632010.46939679
0.000168717300958412,326.242940437257,509737.787215289,5632010.46939679
0.000286936293936485,326.242940437257,510237.787215289,5632010.46939679
0.000846117318639098,326.242940437257,510737.787215289,5632010.46939679
0.00133352776034021,326.242940437257,511237.787215289,5632010.46939679
0.000672194987866241,326.242940437257,511737.787215289,5632010.46939679
0.000676173943311972,326.242940437257,512237.787215289,5632010.46939679
0.000987336041898787,326.242940437257,512737.787215289,5632010.46939679
0.00136048163887747,326.242940437257,513237.787215289,5632010.46939679
0.00198327126905713,326.242940437257,513737.787215289,5632010.46939679
0.00239689443692304,326.242940437257,514237.787215289,5632010.46939679
0.00316033790552566,326.242940437257,514737.787215289,5632010.46939679
0.00385668798664952,326.242940437257,515237.787215289,5632010.46939679
0.00348591656802133,326.242940437257,515737.787215289,5632010.46939679
0.00220669647535975,326.242940437257,516237.787215289,5632010.46939679
0.00199972350492526,326.242940437257,516737.787215289,5632010.46939679
0.00140284584262853,326.242940437257,517237.787215289,5632010.46939679
0.00210864067273209,326.242940437257,517737.787215289,5632010.46939679
0.0013292862254262,326.242940437257,518237.787215289,5632010.46939679
0.00317150720523121,326.242940437257,518737.787215289,5632010.46939679
0.00682967427034192,326.242940437257,519237.787215289,5632010.46939679
0.00317407495054977,326.242940437257,519737.787215289,5632010.46939679
0.00672054868404289,326.242940437257,520237.787215289,5632010.46939679
0.00385218848976026,326.242940437257,520737.787215289,5632010.46939679
0.00321944039596712,326.242940437257,521237.787215289,5632010.46939679
0.00703031854263824,326.242940437257,521737.787215289,5632010.46939679
0.00563878963563653,326.242940437257,522237.787215289,5632010.46939679
0.00692222133560552,326.242940437257,522737.787215289,5632010.46939679
0.00214247491514056,326.242940437257,523237.787215289,5632010.46939679
0.00143387492870947,326.242940437257,523737.787215289,5632010.46939679
0.000928165576060874,326.242940437257,486737.787215289,5632510.46939679
0.00114585637021737,326.242940437257,487237.787215289,5632510.46939679
0.00221885391209995,326.242940437257,487737.787215289,5632510.46939679
0.00163132062228877,326.242940437257,488237.787215289,5632510.46939679
0.000928165576060874,326.242940437257,488737.787215289,5632510.46939679
0.0010283838590918,326.242940437257,489237.787215289,5632510.46939679
0.00111058703033368,326.242940437257,489737.787215289,5632510.46939679
0.00108859237073155,326.242940437257,490237.787215289,5632510.46939679
0.00115414744646106,326.242940437257,490737.787215289,5632510.46939679
0.0015773177472833,326.242940437257,491237.787215289,5632510.46939679
0.00128483230782158,326.242940437257,491737.787215289,5632510.46939679
0.00113470203956624,326.242940437257,492237.787215289,5632510.46939679
0.000772493985067987,326.242940437257,492737.787215289,5632510.46939679
0.000769480248743234,326.242940437257,493237.787215289,5632510.46939679
0.00128892865616832,326.242940437257,493737.787215289,5632510.46939679
0.0010233798035446,326.242940437257,494237.787215289,5632510.46939679
0.00116627015868694,326.242940437257,494737.787215289,5632510.46939679
0.00115387550198022,326.242940437257,495237.787215289,5632510.46939679
0.0013740891002414,326.242940437257,495737.787215289,5632510.46939679
0.000777367378666977,326.242940437257,496237.787215289,5632510.46939679
0.0015968843558067,326.242940437257,496737.787215289,5632510.46939679
0.000719080855605173,326.242940437257,497237.787215289,5632510.46939679
0.000381907937233711,326.242940437257,497737.787215289,5632510.46939679
0.000327925525721089,326.242940437257,498237.787215289,5632510.46939679
0.000719080855605173,326.242940437257,498737.787215289,5632510.46939679
0.000719080855605173,326.242940437257,499237.787215289,5632510.46939679
0.000719080855605173,326.242940437257,499737.787215289,5632510.46939679
0.000719080855605173,326.242940437257,500237.787215289,5632510.46939679
0.000719080855605173,326.242940437257,500737.787215289,5632510.46939679
0.000719080855605173,326.242940437257,501237.787215289,5632510.46939679
0.00158447250906966,326.242940437257,501737.787215289,5632510.46939679
0.00204882790923081,326.242940437257,502237.787215289,5632510.46939679
0.00196070742103,326.242940437257,502737.787215289,5632510.46939679
0.00123068649620437,326.242940437257,503237.787215289,5632510.46939679
0.00233514508628491,326.242940437257,503737.787215289,5632510.46939679
0.00209110636718568,326.242940437257,504237.787215289,5632510.46939679
0.00136640431945137,326.242940437257,504737.787215289,5632510.46939679
0.00105920851393547,326.242940437257,505237.787215289,5632510.46939679
0.000840987277082074,326.242940437257,505737.787215289,5632510.46939679
0.00029047211266178,326.242940437257,506237.787215289,5632510.46939679
0.000171382179781763,326.242940437257,506737.787215289,5632510.46939679
0.000272409964545512,326.242940437257,507237.787215289,5632510.46939679
0.000980808265712031,326.242940437257,507737.787215289,5632510.46939679
0.00114387563320433,326.242940437257,508237.787215289,5632510.46939679
0.00123531056163538,326.242940437257,508737.787215289,5632510.46939679
0.00053706384837613,326.242940437257,509237.787215289,5632510.46939679
0.000338765468659648,326.242940437257,509737.787215289,5632510.46939679
0.000220663274179654,326.242940437257,510237.787215289,5632510.46939679
0.000422975711972585,326.242940437257,510737.787215289,5632510.46939679
0.000522802620928104,326.242940437257,511237.787215289,5632510.46939679
0.000682620034909794,326.242940437257,511737.787215289,5632510.46939679
0.000715676307084323,326.242940437257,512237.787215289,5632510.46939679
0.00111018607075239,326.242940437257,512737.787215289,5632510.46939679
0.000474125343904032,326.242940437257,513237.787215289,5632510.46939679
0.00187763589746602,326.242940437257,513737.787215289,5632510.46939679
0.00258814405080639,326.242940437257,514237.787215289,5632510.46939679
0.00330104985042729,326.242940437257,514737.787215289,5632510.46939679
0.00404187849131141,326.242940437257,515237.787215289,5632510.46939679
0.00385220974882884,326.242940437257,515737.787215289,5632510.46939679
0.00232823811566923,326.242940437257,516237.787215289,5632510.46939679
0.00154737872875905,326.242940437257,516737.787215289,5632510.46939679
0.00133370644990004,326.242940437257,517237.787215289,5632510.46939679
0.00190083338790561,326.242940437257,517737.787215289,5632510.46939679
0.0012293977828129,326.242940437257,518237.787215289,5632510.46939679
0.00142804829244511,326.242940437257,518737.787215289,5632510.46939679
0.00544381273574111,326.242940437257,519237.787215289,5632510.46939679
0.00212744288923842,326.242940437257,519737.787215289,5632510.46939679
0.00205288939657536,326.242940437257,520237.787215289,5632510.46939679
0.00643097280391077,326.242940437257,520737.787215289,5632510.46939679
0.00298059669171327,326.242940437257,521237.787215289,5632510.46939679
0.00229865088965716,326.242940437257,521737.787215289,5632510.46939679
0.00674245563093503,326.242940437257,522237.787215289,5632510.46939679
0.00447403028650638,326.242940437257,522737.787215289,5632510.46939679
0.00238912159843554,326.242940437257,523237.787215289,5632510.46939679
0.00136380083825351,326.242940437257,523737.787215289,5632510.46939679
0.00138308077955532,326.242940437257,524237.787215289,5632510.46939679
0.00272144617098827,326.242940437257,486737.787215289,5633010.46939679
0.00164083231816792,326.242940437257,487237.787215289,5633010.46939679
0.000815783025645512,326.242940437257,487737.787215289,5633010.46939679
0.000755400588320264,326.242940437257,488237.787215289,5633010.46939679
0.000736283164350365,326.242940437257,488737.787215289,5633010.46939679
0.000736283164350365,326.242940437257,489237.787215289,5633010.46939679
0.000736283164350365,326.242940437257,489737.787215289,5633010.46939679
0.000741239057013983,326.242940437257,490237.787215289,5633010.46939679
0.000735821569159741,326.242940437257,490737.787215289,5633010.46939679
0.000802805363943186,326.242940437257,491237.787215289,5633010.46939679
0.000642879829054546,326.242940437257,491737.787215289,5633010.46939679
0.00221116135132149,326.242940437257,492237.787215289,5633010.46939679
0.00189594503741973,326.242940437257,492737.787215289,5633010.46939679
0.00142310094190176,326.242940437257,493237.787215289,5633010.46939679
0.00184404792844913,326.242940437257,493737.787215289,5633010.46939679
0.000795849166224226,326.242940437257,494237.787215289,5633010.46939679
0.000906634903169421,326.242940437257,494737.787215289,5633010.46939679
0.000965899855942337,326.242940437257,495237.787215289,5633010.46939679
0.00086332523889076,326.242940437257,495737.787215289,5633010.46939679
0.000886394823469463,326.242940437257,496237.787215289,5633010.46939679
0.00100250799895985,326.242940437257,496737.787215289,5633010.46939679
0.00143089192621186,326.242940437257,497237.787215289,5633010.46939679
0.00173266328614673,326.242940437257,497737.787215289,5633010.46939679
0.00179649828288139,326.242940437257,498237.787215289,5633010.46939679
0.000719080855605173,326.242940437257,498737.787215289,5633010.46939679
0.000719080855605173,326.242940437257,499237.787215289,5633010.46939679
0.000719080855605173,326.242940437257,499737.787215289,5633010.46939679
0.000430227014480979,326.242940437257,500237.787215289,5633010.46939679
0.000554307306276795,326.242940437257,500737.787215289,5633010.46939679
0.00209923279188563,326.242940437257,501237.787215289,5633010.46939679
0.00118973189035567,326.242940437257,501737.787215289,5633010.46939679
0.00119352503614789,326.242940437257,502237.787215289,5633010.46939679
0.00237705027590427,326.242940437257,502737.787215289,5633010.46939679
0.00246252227959526,326.242940437257,503237.787215289,5633010.46939679
0.00123744962752769,326.242940437257,503737.787215289,5633010.46939679
0.00152773499995462,326.242940437257,504237.787215289,5633010.46939679
0.0029358507493129,326.242940437257,504737.787215289,5633010.46939679
0.00234182831833748,326.242940437257,505237.787215289,5633010.46939679
0.000908211028737679,326.242940437257,505737.787215289,5633010.46939679
0.000547236650284581,326.242940437257,506237.787215289,5633010.46939679
0.000719080855605173,326.242940437257,506737.787215289,5633010.46939679
0.000719080855605173,326.242940437257,507237.787215289,5633010.46939679
0.000676823215911311,326.242940437257,507737.787215289,5633010.46939679
0.00111492681348282,326.242940437257,508237.787215289,5633010.46939679
0.00205632729584337,326.242940437257,508737.787215289,5633010.46939679
0.00143555619916183,326.242940437257,509237.787215289,5633010.46939679
0.000673237182710427,326.242940437257,509737.787215289,5633010.46939679
0.000165254850203241,326.242940437257,510237.787215289,5633010.46939679
0.000234887802951537,326.242940437257,510737.787215289,5633010.46939679
0.000119497886311383,326.242940437257,511237.787215289,5633010.46939679
0.000466865764309031,326.242940437257,511737.787215289,5633010.46939679
0.000747267068150088,326.242940437257,512237.787215289,5633010.46939679
0.00118542559268199,326.242940437257,512737.787215289,5633010.46939679
0.000817191970862785,326.242940437257,513237.787215289,5633010.46939679
0.00202444084681644,326.242940437257,513737.787215289,5633010.46939679
0.00281373811292541,326.242940437257,514237.787215289,5633010.46939679
0.00386852102156201,326.242940437257,514737.787215289,5633010.46939679
0.00384920544833529,326.242940437257,515237.787215289,5633010.46939679
0.00392932091154282,326.242940437257,515737.787215289,5633010.46939679
0.00344110320400757,326.242940437257,516237.787215289,5633010.46939679
0.00151108572456923,326.242940437257,516737.787215289,5633010.46939679
0.00189511692302401,326.242940437257,517237.787215289,5633010.46939679
0.00154492790370177,326.242940437257,517737.787215289,5633010.46939679
0.00132468776665442,326.242940437257,518237.787215289,5633010.46939679
0.00134881728265938,326.242940437257,518737.787215289,5633010.46939679
0.00519232095748197,326.242940437257,519237.787215289,5633010.46939679
0.0011338376053483,326.242940437257,519737.787215289,5633010.46939679
0.00192011887134289,326.242940437257,520237.787215289,5633010.46939679
0.00271445489382854,326.242940437257,520737.787215289,5633010.46939679
0.00608538840766955,326.242940437257,521237.787215289,5633010.46939679
0.00207614853905563,326.242940437257,521737.787215289,5633010.46939679
0.00530604255434197,326.242940437257,522237.787215289,5633010.46939679
0.00200326167276527,326.242940437257,522737.787215289,5633010.46939679
0.00167856085009404,326.242940437257,523237.787215289,5633010.46939679
0.00110959024804243,326.242940437257,523737.787215289,5633010.46939679
0.00131365471858269,326.242940437257,524237.787215289,5633010.46939679
0.00446114954948786,326.242940437257,486737.787215289,5633510.46939679
0.00181890945828954,326.242940437257,487237.787215289,5633510.46939679
0.000887365460865759,326.242940437257,487737.787215289,5633510.46939679
0.000800889732836103,326.242940437257,488237.787215289,5633510.46939679
0.000800889732836103,326.242940437257,488737.787215289,5633510.46939679
0.000887365460865759,326.242940437257,489237.787215289,5633510.46939679
0.00199716885703659,326.242940437257,489737.787215289,5633510.46939679
0.000800889732836103,326.242940437257,490237.787215289,5633510.46939679
0.000832497474605181,326.242940437257,490737.787215289,5633510.46939679
0.000699048997087703,326.242940437257,491237.787215289,5633510.46939679
0.000896898860070785,326.242940437257,491737.787215289,5633510.46939679
0.000881780641219323,326.242940437257,492237.787215289,5633510.46939679
0.000816513207809671,326.242940437257,492737.787215289,5633510.46939679
0.00145968785767758,326.242940437257,493237.787215289,5633510.46939679
0.00106862257499881,326.242940437257,493737.787215289,5633510.46939679
0.00100163064601217,326.242940437257,494237.787215289,5633510.46939679
0.00202537275148261,326.242940437257,494737.787215289,5633510.46939679
0.00173052121637914,326.242940437257,495237.787215289,5633510.46939679
0.000954387946769114,326.242940437257,495737.787215289,5633510.46939679
0.000937226887390355,326.242940437257,496237.787215289,5633510.46939679
0.00239577659438835,326.242940437257,496737.787215289,5633510.46939679
0.00263363150818666,326.242940437257,497237.787215289,5633510.46939679
0.00155005642320493,326.242940437257,497737.787215289,5633510.46939679
0.00162686676007098,326.242940437257,498237.787215289,5633510.46939679
0.00252503677576057,326.242940437257,498737.787215289,5633510.46939679
0.00175675334805923,326.242940437257,499237.787215289,5633510.46939679
0.00127694718703482,326.242940437257,499737.787215289,5633510.46939679
0.00230080075213382,326.242940437257,500237.787215289,5633510.46939679
0.00107799547607438,326.242940437257,500737.787215289,5633510.46939679
0.00215217633282582,326.242940437257,501237.787215289,5633510.46939679
0.00166236057484729,326.242940437257,501737.787215289,5633510.46939679
0.0023274766460907,326.242940437257,502237.787215289,5633510.46939679
0.00134603386541954,326.242940437257,502737.787215289,5633510.46939679
0.00140666205444687,326.242940437257,503237.787215289,5633510.46939679
0.00186446614377831,326.242940437257,503737.787215289,5633510.46939679
0.00179812405516811,326.242940437257,504237.787215289,5633510.46939679
0.0014301079095372,326.242940437257,504737.787215289,5633510.46939679
0.00231596081459431,326.242940437257,505237.787215289,5633510.46939679
0.00202943297331139,326.242940437257,505737.787215289,5633510.46939679
0.000282767778666679,326.242940437257,506237.787215289,5633510.46939679
0.000719080855605173,326.242940437257,506737.787215289,5633510.46939679
0.000719080855605173,326.242940437257,507237.787215289,5633510.46939679
0.000196360103408555,326.242940437257,507737.787215289,5633510.46939679
0.00105920851393547,326.242940437257,508237.787215289,5633510.46939679
0.00196094356854035,326.242940437257,508737.787215289,5633510.46939679
0.00218225858402722,326.242940437257,509237.787215289,5633510.46939679
0.0016917224331041,326.242940437257,509737.787215289,5633510.46939679
0.000290447795116361,326.242940437257,510237.787215289,5633510.46939679
0.000838633908160782,326.242940437257,510737.787215289,5633510.46939679
0.000333846718573154,326.242940437257,511237.787215289,5633510.46939679
0.000188932320793928,326.242940437257,511737.787215289,5633510.46939679
0.000554024610455626,326.242940437257,512237.787215289,5633510.46939679
0.00194905772917712,326.242940437257,512737.787215289,5633510.46939679
0.00196637986013201,326.242940437257,513237.787215289,5633510.46939679
0.00135859501555743,326.242940437257,513737.787215289,5633510.46939679
0.00319119102743292,326.242940437257,514237.787215289,5633510.46939679
0.00372993382701341,326.242940437257,514737.787215289,5633510.46939679
0.00347072539974872,326.242940437257,515237.787215289,5633510.46939679
0.00355928025611574,326.242940437257,515737.787215289,5633510.46939679
0.00343280830471344,326.242940437257,516237.787215289,5633510.46939679
0.00447829860111333,326.242940437257,516737.787215289,5633510.46939679
0.00158727397806699,326.242940437257,517237.787215289,5633510.46939679
0.00138303653094093,326.242940437257,517737.787215289,5633510.46939679
0.00110707875184576,326.242940437257,518237.787215289,5633510.46939679
0.00158384424447653,326.242940437257,518737.787215289,5633510.46939679
0.00354035039184494,326.242940437257,519237.787215289,5633510.46939679
0.00333901925362546,326.242940437257,519737.787215289,5633510.46939679
0.0052995866277207,326.242940437257,520237.787215289,5633510.46939679
0.00584827205229899,326.242940437257,520737.787215289,5633510.46939679
0.00261335579300507,326.242940437257,521237.787215289,5633510.46939679
0.0040359110134769,326.242940437257,521737.787215289,5633510.46939679
0.00468631778881703,326.242940437257,522237.787215289,5633510.46939679
0.00162238236945459,326.242940437257,522737.787215289,5633510.46939679
0.00133005502129746,326.242940437257,523237.787215289,5633510.46939679
0.00469356872399761,326.242940437257,523737.787215289,5633510.46939679
0.00453389082626689,326.242940437257,524237.787215289,5633510.46939679
0.00103333310832513,326.242940437257,486737.787215289,5634010.46939679
0.0023462472815511,326.242940437257,487237.787215289,5634010.46939679
0.00100718186163638,326.242940437257,487737.787215289,5634010.46939679
0.000956848099826484,326.242940437257,488237.787215289,5634010.46939679
0.00232569419693017,326.242940437257,488737.787215289,5634010.46939679
0.000932632510003009,326.242940437257,489237.787215289,5634010.46939679
0.000719080855605173,326.242940437257,489737.787215289,5634010.46939679
0.000965304147053618,326.242940437257,490237.787215289,5634010.46939679
0.000864858999160768,326.242940437257,490737.787215289,5634010.46939679
0.000806828293254723,326.242940437257,491237.787215289,5634010.46939679
0.000832497474605181,326.242940437257,491737.787215289,5634010.46939679
0.000736283164350365,326.242940437257,492237.787215289,5634010.46939679
0.000736283164350365,326.242940437257,492737.787215289,5634010.46939679
0.000770877871103382,326.242940437257,493237.787215289,5634010.46939679
0.000778041491616448,326.242940437257,493737.787215289,5634010.46939679
0.0009582964214101,326.242940437257,494237.787215289,5634010.46939679
0.00103345201348312,326.242940437257,494737.787215289,5634010.46939679
0.00147345788456594,326.242940437257,495237.787215289,5634010.46939679
0.00206175904110761,326.242940437257,495737.787215289,5634010.46939679
0.00104167322350797,326.242940437257,496237.787215289,5634010.46939679
0.00250819667466626,326.242940437257,496737.787215289,5634010.46939679
0.00223429482085219,326.242940437257,497237.787215289,5634010.46939679
0.0021453364942353,326.242940437257,497737.787215289,5634010.46939679
0.00135771612408171,326.242940437257,498237.787215289,5634010.46939679
0.0011059853820665,326.242940437257,498737.787215289,5634010.46939679
0.000974702372811821,326.242940437257,499237.787215289,5634010.46939679
0.0010233798035446,326.242940437257,499737.787215289,5634010.46939679
0.00193874156819724,326.242940437257,500237.787215289,5634010.46939679
0.000901539446527781,326.242940437257,500737.787215289,5634010.46939679
0.00132144889706916,326.242940437257,501237.787215289,5634010.46939679
0.00118905079223631,326.242940437257,501737.787215289,5634010.46939679
0.000916283050412774,326.242940437257,502237.787215289,5634010.46939679
0.00248603881534424,326.242940437257,502737.787215289,5634010.46939679
0.00168343615404078,326.242940437257,503237.787215289,5634010.46939679
0.00172800973211837,326.242940437257,503737.787215289,5634010.46939679
0.00313208661557975,326.242940437257,504237.787215289,5634010.46939679
0.00124140086652924,326.242940437257,504737.787215289,5634010.46939679
0.00248020829880851,326.242940437257,505237.787215289,5634010.46939679
0.000862823319392582,326.242940437257,505737.787215289,5634010.46939679
0.000798959064599146,326.242940437257,506237.787215289,5634010.46939679
0.000412283216216795,326.242940437257,506737.787215289,5634010.46939679
0.000719080855605173,326.242940437257,507237.787215289,5634010.46939679
0.000140712092172056,326.242940437257,507737.787215289,5634010.46939679
0.000749902914580993,326.242940437257,508237.787215289,5634010.46939679
0.00173760677226194,326.242940437257,508737.787215289,5634010.46939679
0.00168139752678486,326.242940437257,509237.787215289,5634010.46939679
0.000892534533271228,326.242940437257,509737.787215289,5634010.46939679
0.000610865295612948,326.242940437257,510237.787215289,5634010.46939679
8.64599334737827e-05,326.242940437257,510737.787215289,5634010.46939679
0.00035650038965975,326.242940437257,511237.787215289,5634010.46939679
0.000491628957369192,326.242940437257,511737.787215289,5634010.46939679
0.000896015971330266,326.242940437257,512237.787215289,5634010.46939679
0.00172895643722216,326.242940437257,512737.787215289,5634010.46939679
0.000966363680969653,326.242940437257,513237.787215289,5634010.46939679
0.0016883389128313,326.242940437257,513737.787215289,5634010.46939679
0.00112648857881098,326.242940437257,514237.787215289,5634010.46939679
0.00323139670449363,326.242940437257,514737.787215289,5634010.46939679
0.00297719232694644,326.242940437257,515237.787215289,5634010.46939679
0.00262119692706605,326.242940437257,515737.787215289,5634010.46939679
0.00326865257318931,326.242940437257,516237.787215289,5634010.46939679
0.00338676085482337,326.242940437257,516737.787215289,5634010.46939679
0.000982687042226156,326.242940437257,517237.787215289,5634010.46939679
0.00230527170574556,326.242940437257,517737.787215289,5634010.46939679
0.00189069414736947,326.242940437257,518237.787215289,5634010.46939679
0.00249438151179166,326.242940437257,518737.787215289,5634010.46939679
0.00106634282663928,326.242940437257,519237.787215289,5634010.46939679
0.00119468094015465,326.242940437257,519737.787215289,5634010.46939679
0.00221188476657255,326.242940437257,520237.787215289,5634010.46939679
0.00256014366548869,326.242940437257,520737.787215289,5634010.46939679
0.00114608943322733,326.242940437257,521237.787215289,5634010.46939679
0.00449151988425317,326.242940437257,521737.787215289,5634010.46939679
0.00409197897775025,326.242940437257,522237.787215289,5634010.46939679
0.0039884205503369,326.242940437257,522737.787215289,5634010.46939679
0.00392427809319326,326.242940437257,523237.787215289,5634010.46939679
0.00411741685640776,326.242940437257,523737.787215289,5634010.46939679
0.00388236401189343,326.242940437257,524237.787215289,5634010.46939679
0.00118563615894865,326.242940437257,486737.787215289,5634510.46939679
0.0015320605214718,326.242940437257,487237.787215289,5634510.46939679
0.00121642093065351,326.242940437257,487737.787215289,5634510.46939679
0.00109787801884563,326.242940437257,488237.787215289,5634510.46939679
0.00273776488593371,326.242940437257,488737.787215289,5634510.46939679
0.00109787801884563,326.242940437257,489237.787215289,5634510.46939679
0.00109787801884563,326.242940437257,489737.787215289,5634510.46939679
0.00109787801884563,326.242940437257,490237.787215289,5634510.46939679
0.00110111360019356,326.242940437257,490737.787215289,5634510.46939679
0.000932632510003009,326.242940437257,491237.787215289,5634510.46939679
0.00217416067323051,326.242940437257,491737.787215289,5634510.46939679
0.00215668822814737,326.242940437257,492237.787215289,5634510.46939679
0.00215668822814737,326.242940437257,492737.787215289,5634510.46939679
0.000871865668539436,326.242940437257,493237.787215289,5634510.46939679
0.00226628361586988,326.242940437257,493737.787215289,5634510.46939679
0.000981692441901472,326.242940437257,494237.787215289,5634510.46939679
0.000846651757810549,326.242940437257,494737.787215289,5634510.46939679
0.00161328558283848,326.242940437257,495237.787215289,5634510.46939679
0.00123656644056718,326.242940437257,495737.787215289,5634510.46939679
0.00307151700298398,326.242940437257,496237.787215289,5634510.46939679
0.00251825236975387,326.242940437257,496737.787215289,5634510.46939679
0.00241716087080247,326.242940437257,497237.787215289,5634510.46939679
0.000874418188685979,326.242940437257,497737.787215289,5634510.46939679
0.00125807509656404,326.242940437257,498237.787215289,5634510.46939679
0.000856485148498592,326.242940437257,498737.787215289,5634510.46939679
0.00118411462094785,326.242940437257,499237.787215289,5634510.46939679
0.00265494696263302,326.242940437257,499737.787215289,5634510.46939679
0.00170237286007115,326.242940437257,500237.787215289,5634510.46939679
0.00141671104287462,326.242940437257,500737.787215289,5634510.46939679
0.00104025179527555,326.242940437257,501237.787215289,5634510.46939679
0.000922386035099521,326.242940437257,501737.787215289,5634510.46939679
0.00159481869697986,326.242940437257,502237.787215289,5634510.46939679
0.00127592160676864,326.242940437257,502737.787215289,5634510.46939679
0.000933990920845029,326.242940437257,503237.787215289,5634510.46939679
0.00391761514577993,326.242940437257,503737.787215289,5634510.46939679
0.00105825941501746,326.242940437257,504237.787215289,5634510.46939679
0.00230567347020445,326.242940437257,504737.787215289,5634510.46939679
0.00104021851471722,326.242940437257,505237.787215289,5634510.46939679
0.00113621145587769,326.242940437257,505737.787215289,5634510.46939679
0.000317509247656359,326.242940437257,506237.787215289,5634510.46939679
0.00105920851393547,326.242940437257,506737.787215289,5634510.46939679
0.000719080855605173,326.242940437257,507237.787215289,5634510.46939679
0.000719080855605173,326.242940437257,507737.787215289,5634510.46939679
0.000719080855605173,326.242940437257,508237.787215289,5634510.46939679
0.000264865883127057,326.242940437257,508737.787215289,5634510.46939679
0.00182901133836826,326.242940437257,509237.787215289,5634510.46939679
0.00169363200460632,326.242940437257,509737.787215289,5634510.46939679
0.000338765468659648,326.242940437257,510237.787215289,5634510.46939679
0.000255530179750134,326.242940437257,510737.787215289,5634510.46939679
0.00031714896794643,326.242940437257,511237.787215289,5634510.46939679
0.000291785910442661,326.242940437257,511737.787215289,5634510.46939679
0.000625554130860296,326.242940437257,512237.787215289,5634510.46939679
0.00171180777116483,326.242940437257,512737.787215289,5634510.46939679
0.00144956254811239,326.242940437257,513237.787215289,5634510.46939679
0.000530068063639748,326.242940437257,513737.787215289,5634510.46939679
0.00300948518986829,326.242940437257,514237.787215289,5634510.46939679
0.0021082827522655,326.242940437257,514737.787215289,5634510.46939679
0.00274800773425033,326.242940437257,515237.787215289,5634510.46939679
0.00270517228845944,326.242940437257,515737.787215289,5634510.46939679
0.00205059405094849,326.242940437257,516237.787215289,5634510.46939679
0.00112969156292789,326.242940437257,516737.787215289,5634510.46939679
0.00305227837955469,326.242940437257,517237.787215289,5634510.46939679
0.00237561751576226,326.242940437257,517737.787215289,5634510.46939679
0.00284252084982092,326.242940437257,518237.787215289,5634510.46939679
0.00332658341032874,326.242940437257,518737.787215289,5634510.46939679
0.000994317734540272,326.242940437257,519237.787215289,5634510.46939679
0.00119399804886953,326.242940437257,519737.787215289,5634510.46939679
0.00150381930077823,326.242940437257,520237.787215289,5634510.46939679
0.00198790777997534,326.242940437257,520737.787215289,5634510.46939679
0.00433400826664318,326.242940437257,521237.787215289,5634510.46939679
0.0011809342564502,326.242940437257,521737.787215289,5634510.46939679
0.00315696852351576,326.242940437257,522237.787215289,5634510.46939679
0.00368184026897565,326.242940437257,522737.787215289,5634510.46939679
0.00384920544833529,326.242940437257,523237.787215289,5634510.46939679
0.0036285199011048,326.242940437257,523737.787215289,5634510.46939679
0.00349241992793007,326.242940437257,524237.787215289,5634510.46939679
0.00075690717779221,326.242940437257,486737.787215289,5635010.46939679
0.000737751625562777,326.242940437257,487237.787215289,5635010.46939679
0.00128070822967152,326.242940437257,487737.787215289,5635010.46939679
0.00118591306725823,326.242940437257,488237.787215289,5635010.46939679
0.00118591306725823,326.242940437257,488737.787215289,5635010.46939679
0.00295729680126337,326.242940437257,489237.787215289,5635010.46939679
0.00295729680126337,326.242940437257,489737.787215289,5635010.46939679
0.00118591306725823,326.242940437257,490237.787215289,5635010.46939679
0.00265397186199516,326.242940437257,490737.787215289,5635010.46939679
0.00250181234737324,326.242940437257,491237.787215289,5635010.46939679
0.0023462472815511,326.242940437257,491737.787215289,5635010.46939679
0.00232569419693017,326.242940437257,492237.787215289,5635010.46939679
0.00232569419693017,326.242940437257,492737.787215289,5635010.46939679
0.00179316306805468,326.242940437257,493237.787215289,5635010.46939679
0.000975466923433591,326.242940437257,493737.787215289,5635010.46939679
0.00100325809479469,326.242940437257,494237.787215289,5635010.46939679
0.000909261544454201,326.242940437257,494737.787215289,5635010.46939679
0.00103935618110402,326.242940437257,495237.787215289,5635010.46939679
0.00228331378625664,326.242940437257,495737.787215289,5635010.46939679
0.0013482924808658,326.242940437257,496237.787215289,5635010.46939679
0.00186842853031404,326.242940437257,496737.787215289,5635010.46939679
0.00258382142709464,326.242940437257,497237.787215289,5635010.46939679
0.00243729988124079,326.242940437257,497737.787215289,5635010.46939679
0.00163132062228877,326.242940437257,498237.787215289,5635010.46939679
0.000928165576060874,326.242940437257,498737.787215289,5635010.46939679
0.00168830643145366,326.242940437257,499237.787215289,5635010.46939679
0.000815920819581146,326.242940437257,499737.787215289,5635010.46939679
0.000944868953569212,326.242940437257,500237.787215289,5635010.46939679
0.000938876955598058,326.242940437257,500737.787215289,5635010.46939679
0.00167871208030613,326.242940437257,501237.787215289,5635010.46939679
0.00366096508131431,326.242940437257,501737.787215289,5635010.46939679
0.000904982395084163,326.242940437257,502237.787215289,5635010.46939679
0.000932870312502284,326.242940437257,502737.787215289,5635010.46939679
0.00103333310832513,326.242940437257,503237.787215289,5635010.46939679
0.00117463405438866,326.242940437257,503737.787215289,5635010.46939679
0.00185251523048194,326.242940437257,504237.787215289,5635010.46939679
0.00228883291520761,326.242940437257,504737.787215289,5635010.46939679
0.00251732495931976,326.242940437257,505237.787215289,5635010.46939679
0.000861766401978036,326.242940437257,505737.787215289,5635010.46939679
0.000294007922372438,326.242940437257,506237.787215289,5635010.46939679
0.000862823319392582,326.242940437257,506737.787215289,5635010.46939679
0.000670961195227906,326.242940437257,507237.787215289,5635010.46939679
0.000719080855605173,326.242940437257,507737.787215289,5635010.46939679
0.000719080855605173,326.242940437257,508237.787215289,5635010.46939679
0.000392162913178143,326.242940437257,508737.787215289,5635010.46939679
0.000268972015716696,326.242940437257,509237.787215289,5635010.46939679
0.000305752024001717,326.242940437257,509737.787215289,5635010.46939679
0.000595405722208725,326.242940437257,510237.787215289,5635010.46939679
0.000806106140499708,326.242940437257,510737.787215289,5635010.46939679
0.00034288913555058,326.242940437257,511237.787215289,5635010.46939679
7.28484360775476e-05,326.242940437257,511737.787215289,5635010.46939679
0.000688385879774877,326.242940437257,512237.787215289,5635010.46939679
0.00142323163986216,326.242940437257,512737.787215289,5635010.46939679
0.00185165386277433,326.242940437257,513237.787215289,5635010.46939679
0.000885450669394058,326.242940437257,513737.787215289,5635010.46939679
0.00210960159391198,326.242940437257,514237.787215289,5635010.46939679
0.002594686234285,326.242940437257,514737.787215289,5635010.46939679
0.00261541887513885,326.242940437257,515237.787215289,5635010.46939679
0.00285602020715744,326.242940437257,515737.787215289,5635010.46939679
0.00285672046569166,326.242940437257,516237.787215289,5635010.46939679
0.00226538879667353,326.242940437257,516737.787215289,5635010.46939679
0.00288680888922382,326.242940437257,517237.787215289,5635010.46939679
0.00267313374357391,326.242940437257,517737.787215289,5635010.46939679
0.00307050044040994,326.242940437257,518237.787215289,5635010.46939679
0.00203945810079133,326.242940437257,518737.787215289,5635010.46939679
0.000838347083671881,326.242940437257,519237.787215289,5635010.46939679
0.00170644181832833,326.242940437257,519737.787215289,5635010.46939679
0.00250656063229782,326.242940437257,520237.787215289,5635010.46939679
0.00339275314741224,326.242940437257,520737.787215289,5635010.46939679
0.00390222040155118,326.242940437257,521237.787215289,5635010.46939679
0.0038449735131648,326.242940437257,521737.787215289,5635010.46939679
0.00290063520644483,326.242940437257,522237.787215289,5635010.46939679
0.003583099812621,326.242940437257,522737.787215289,5635010.46939679
0.00377158416300249,326.242940437257,523237.787215289,5635010.46939679
0.00302671421098517,326.242940437257,523737.787215289,5635010.46939679
0.00314944082875146,326.242940437257,524237.787215289,5635010.46939679
0.0013784504630852,326.242940437257,486737.787215289,5635510.46939679
0.00145096207416355,326.242940437257,487237.787215289,5635510.46939679
0.00141424161409916,326.242940437257,487737.787215289,5635510.46939679
0.00343742493250916,326.242940437257,488237.787215289,5635510.46939679
0.00343742493250916,326.242940437257,488737.787215289,5635510.46939679
0.00343742493250916,326.242940437257,489237.787215289,5635510.46939679
0.00132426246225943,326.242940437257,489737.787215289,5635510.46939679
0.00121392593216784,326.242940437257,490237.787215289,5635510.46939679
0.00179316306805468,326.242940437257,490737.787215289,5635510.46939679
0.00289080515559934,326.242940437257,491237.787215289,5635510.46939679
0.00109787801884563,326.242940437257,491737.787215289,5635510.46939679
0.00165452474753491,326.242940437257,492237.787215289,5635510.46939679
0.00138275783298254,326.242940437257,492737.787215289,5635510.46939679
0.00109787801884563,326.242940437257,493237.787215289,5635510.46939679
0.00125626323820375,326.242940437257,493737.787215289,5635510.46939679
0.00117615860619261,326.242940437257,494237.787215289,5635510.46939679
0.00101290327200311,326.242940437257,494737.787215289,5635510.46939679
0.00108881378645269,326.242940437257,495237.787215289,5635510.46939679
0.00111565981058263,326.242940437257,495737.787215289,5635510.46939679
0.00257767995371568,326.242940437257,496237.787215289,5635510.46939679
0.0024112556187086,326.242940437257,496737.787215289,5635510.46939679
0.00121590682688492,326.242940437257,497237.787215289,5635510.46939679
0.00154014528652933,326.242940437257,497737.787215289,5635510.46939679
0.00122940179271336,326.242940437257,498237.787215289,5635510.46939679
0.00154840968630068,326.242940437257,498737.787215289,5635510.46939679
0.000822693630871406,326.242940437257,499237.787215289,5635510.46939679
0.00123829566433939,326.242940437257,499737.787215289,5635510.46939679
0.000940970072437058,326.242940437257,500237.787215289,5635510.46939679
0.00102873229486575,326.242940437257,500737.787215289,5635510.46939679
0.001960855803537,326.242940437257,501237.787215289,5635510.46939679
0.00230763663111306,326.242940437257,501737.787215289,5635510.46939679
0.00108079254931477,326.242940437257,502237.787215289,5635510.46939679
0.00103280247126615,326.242940437257,502737.787215289,5635510.46939679
0.00110314735719048,326.242940437257,503237.787215289,5635510.46939679
0.00105344021505897,326.242940437257,503737.787215289,5635510.46939679
0.000984956826105922,326.242940437257,504237.787215289,5635510.46939679
0.00180584541576135,326.242940437257,504737.787215289,5635510.46939679
0.00310711326614695,326.242940437257,505237.787215289,5635510.46939679
0.0025242402302119,326.242940437257,505737.787215289,5635510.46939679
0.0010062747280144,326.242940437257,506237.787215289,5635510.46939679
0.000389776783742493,326.242940437257,506737.787215289,5635510.46939679
0.00098863875605337,326.242940437257,507237.787215289,5635510.46939679
0.000719080855605173,326.242940437257,507737.787215289,5635510.46939679
0.000719080855605173,326.242940437257,508237.787215289,5635510.46939679
0.000719080855605173,326.242940437257,508737.787215289,5635510.46939679
0.000192140038132509,326.242940437257,509237.787215289,5635510.46939679
0.000789350591479671,326.242940437257,509737.787215289,5635510.46939679
0.000437747446089672,326.242940437257,510237.787215289,5635510.46939679
0.00105920851393547,326.242940437257,510737.787215289,5635510.46939679
0.000420933328467329,326.242940437257,511237.787215289,5635510.46939679
0.00021044767153029,326.242940437257,511737.787215289,5635510.46939679
0.000117159458505676,326.242940437257,512237.787215289,5635510.46939679
0.00128179478351212,326.242940437257,512737.787215289,5635510.46939679
0.00172118125326634,326.242940437257,513237.787215289,5635510.46939679
0.000651921393730205,326.242940437257,513737.787215289,5635510.46939679
0.000950859044810087,326.242940437257,514237.787215289,5635510.46939679
0.00233751541415488,326.242940437257,514737.787215289,5635510.46939679
0.00223553201033762,326.242940437257,515237.787215289,5635510.46939679
0.00240653755725209,326.242940437257,515737.787215289,5635510.46939679
0.00233596690000642,326.242940437257,516237.787215289,5635510.46939679
0.00192287861930457,326.242940437257,516737.787215289,5635510.46939679
0.00266684991172094,326.242940437257,517237.787215289,5635510.46939679
0.00222880172104717,326.242940437257,517737.787215289,5635510.46939679
0.00249106081316807,326.242940437257,518237.787215289,5635510.46939679
0.00129219768268525,326.242940437257,518737.787215289,5635510.46939679
0.00113547289410147,326.242940437257,519237.787215289,5635510.46939679
0.00263212380592042,326.242940437257,519737.787215289,5635510.46939679
0.00256551090209553,326.242940437257,520237.787215289,5635510.46939679
0.00292641675307705,326.242940437257,520737.787215289,5635510.46939679
0.00295011514593045,326.242940437257,521237.787215289,5635510.46939679
0.00232254555942322,326.242940437257,521737.787215289,5635510.46939679
0.00323202016107701,326.242940437257,522237.787215289,5635510.46939679
0.0028284075889019,326.242940437257,522737.787215289,5635510.46939679
0.00321517219069899,326.242940437257,523237.787215289,5635510.46939679
0.00302672328292849,326.242940437257,523737.787215289,5635510.46939679
0.00262437585979216,326.242940437257,524237.787215289,5635510.46939679
0.0015025142853834,326.242940437257,486737.787215289,5636010.46939679
0.00166474762585011,326.242940437257,487237.787215289,5636010.46939679
0.00154152672516919,326.242940437257,487737.787215289,5636010.46939679
0.00374680135727799,326.242940437257,488237.787215289,5636010.46939679
0.00374680135727799,326.242940437257,488737.787215289,5636010.46939679
0.00353430695082171,326.242940437257,489237.787215289,5636010.46939679
0.00130880319752611,326.242940437257,489737.787215289,5636010.46939679
0.00112157349287876,326.242940437257,490237.787215289,5636010.46939679
0.000737751625562777,326.242940437257,490737.787215289,5636010.46939679
0.00128655459567102,326.242940437257,491237.787215289,5636010.46939679
0.00118563615894865,326.242940437257,491737.787215289,5636010.46939679
0.00133273883297275,326.242940437257,492237.787215289,5636010.46939679
0.00295729680126337,326.242940437257,492737.787215289,5636010.46939679
0.00119974434085547,326.242940437257,493237.787215289,5636010.46939679
0.0012284715532014,326.242940437257,493737.787215289,5636010.46939679
0.00145251066277738,326.242940437257,494237.787215289,5636010.46939679
0.00111463611725741,326.242940437257,494737.787215289,5636010.46939679
0.00103280247126615,326.242940437257,495237.787215289,5636010.46939679
0.000984545668509324,326.242940437257,495737.787215289,5636010.46939679
0.00105344021505897,326.242940437257,496237.787215289,5636010.46939679
0.000948549277714468,326.242940437257,496737.787215289,5636010.46939679
0.00088731486527544,326.242940437257,497237.787215289,5636010.46939679
0.000806828293254723,326.242940437257,497737.787215289,5636010.46939679
0.000864908314294908,326.242940437257,498237.787215289,5636010.46939679
0.000800889732836103,326.242940437257,498737.787215289,5636010.46939679
0.00141368869920391,326.242940437257,499237.787215289,5636010.46939679
0.00117634494867743,326.242940437257,499737.787215289,5636010.46939679
0.00101682044139958,326.242940437257,500237.787215289,5636010.46939679
0.00098145308796004,326.242940437257,500737.787215289,5636010.46939679
0.00102678010447711,326.242940437257,501237.787215289,5636010.46939679
0.00113318009641529,326.242940437257,501737.787215289,5636010.46939679
0.00108091410746735,326.242940437257,502237.787215289,5636010.46939679
0.00112157349287876,326.242940437257,502737.787215289,5636010.46939679
0.000719080855605173,326.242940437257,503237.787215289,5636010.46939679
0.00111158446057515,326.242940437257,503737.787215289,5636010.46939679
0.00105175265799646,326.242940437257,504237.787215289,5636010.46939679
0.00135780699477373,326.242940437257,504737.787215289,5636010.46939679
0.00318593061345281,326.242940437257,505237.787215289,5636010.46939679
0.00192443543827214,326.242940437257,505737.787215289,5636010.46939679
0.000949581015865839,326.242940437257,506237.787215289,5636010.46939679
0.000454580350613293,326.242940437257,506737.787215289,5636010.46939679
0.000667724617871612,326.242940437257,507237.787215289,5636010.46939679
0.00222129103986338,326.242940437257,507737.787215289,5636010.46939679
0.000719080855605173,326.242940437257,508237.787215289,5636010.46939679
0.000719080855605173,326.242940437257,508737.787215289,5636010.46939679
0.000719080855605173,326.242940437257,509237.787215289,5636010.46939679
6.23485851717185e-05,326.242940437257,509737.787215289,5636010.46939679
0.000382381537995296,326.242940437257,510237.787215289,5636010.46939679
0.000241053166567186,326.242940437257,510737.787215289,5636010.46939679
0.00108671062075235,326.242940437257,511237.787215289,5636010.46939679
0.000227269664434318,326.242940437257,511737.787215289,5636010.46939679
7.86008645175298e-05,326.242940437257,512237.787215289,5636010.46939679
0.000413975044235973,326.242940437257,512737.787215289,5636010.46939679
0.00120388099190932,326.242940437257,513237.787215289,5636010.46939679
0.0013992576176316,326.242940437257,513737.787215289,5636010.46939679
0.000596994016374366,326.242940437257,514237.787215289,5636010.46939679
0.00189973163183671,326.242940437257,514737.787215289,5636010.46939679
0.00173033326652903,326.242940437257,515237.787215289,5636010.46939679
0.001928012366191,326.242940437257,515737.787215289,5636010.46939679
0.00234056982469923,326.242940437257,516237.787215289,5636010.46939679
0.00229330653733412,326.242940437257,516737.787215289,5636010.46939679
0.00246501718059916,326.242940437257,517237.787215289,5636010.46939679
0.00246501718059916,326.242940437257,517737.787215289,5636010.46939679
0.00213050061981166,326.242940437257,518237.787215289,5636010.46939679
0.00245912925279334,326.242940437257,518737.787215289,5636010.46939679
0.00290774172627085,326.242940437257,519237.787215289,5636010.46939679
0.000592192127159268,326.242940437257,519737.787215289,5636010.46939679
0.00313380369449157,326.242940437257,520237.787215289,5636010.46939679
0.00299572205261138,326.242940437257,520737.787215289,5636010.46939679
0.00287337706642983,326.242940437257,521237.787215289,5636010.46939679
0.00300873932481286,326.242940437257,521737.787215289,5636010.46939679
0.00262437585979216,326.242940437257,522237.787215289,5636010.46939679
0.00174143334752031,326.242940437257,522737.787215289,5636010.46939679
0.00290774172627085,326.242940437257,523237.787215289,5636010.46939679
0.000682929393972173,326.242940437257,523737.787215289,5636010.46939679
0.00265534461916122,326.242940437257,524237.787215289,5636010.46939679
0.00177324736645812,326.242940437257,486737.787215289,5636510.46939679
0.00197502261958855,326.242940437257,487237.787215289,5636510.46939679
0.00193738352814704,326.242940437257,487737.787215289,5636510.46939679
0.00154152672516919,326.242940437257,488237.787215289,5636510.46939679
0.00334605947260784,326.242940437257,488737.787215289,5636510.46939679
0.00179316306805468,326.242940437257,489237.787215289,5636510.46939679
0.00255041704662055,326.242940437257,489737.787215289,5636510.46939679
0.000719080855605173,326.242940437257,490237.787215289,5636510.46939679
0.0021226303749415,326.242940437257,490737.787215289,5636510.46939679
0.000984956826105922,326.242940437257,491237.787215289,5636510.46939679
0.0015471037821944,326.242940437257,491737.787215289,5636510.46939679
0.001725398104092,326.242940437257,492237.787215289,5636510.46939679
0.000975466923433591,326.242940437257,492737.787215289,5636510.46939679
0.00190424966321217,326.242940437257,493237.787215289,5636510.46939679
0.00134783870267679,326.242940437257,493737.787215289,5636510.46939679
0.00256615371836857,326.242940437257,494237.787215289,5636510.46939679
0.00149022476993833,326.242940437257,494737.787215289,5636510.46939679
0.00129059753840608,326.242940437257,495237.787215289,5636510.46939679
0.00130880319752611,326.242940437257,495737.787215289,5636510.46939679
0.00126036853612132,326.242940437257,496237.787215289,5636510.46939679
0.00130315383110164,326.242940437257,496737.787215289,5636510.46939679
0.00119132669830561,326.242940437257,497237.787215289,5636510.46939679
0.00220669647535975,326.242940437257,497737.787215289,5636510.46939679
0.00252586440691588,326.242940437257,498237.787215289,5636510.46939679
0.00101290327200311,326.242940437257,498737.787215289,5636510.46939679
0.000737751625562777,326.242940437257,499237.787215289,5636510.46939679
0.00075690717779221,326.242940437257,499737.787215289,5636510.46939679
0.00109787801884563,326.242940437257,500237.787215289,5636510.46939679
0.0011338376053483,326.242940437257,500737.787215289,5636510.46939679
0.0012284715532014,326.242940437257,501237.787215289,5636510.46939679
0.000719080855605173,326.242940437257,501737.787215289,5636510.46939679
0.00132426246225943,326.242940437257,502237.787215289,5636510.46939679
0.00124339595489241,326.242940437257,502737.787215289,5636510.46939679
0.00075690717779221,326.242940437257,503237.787215289,5636510.46939679
0.00124344781299384,326.242940437257,503737.787215289,5636510.46939679
0.00127909660260832,326.242940437257,504237.787215289,5636510.46939679
0.00144678475311199,326.242940437257,504737.787215289,5636510.46939679
0.00137077166428962,326.242940437257,505237.787215289,5636510.46939679
0.00245361734608592,326.242940437257,505737.787215289,5636510.46939679
0.00206012138530319,326.242940437257,506237.787215289,5636510.46939679
0.00227004923071137,326.242940437257,506737.787215289,5636510.46939679
0.00111492681348282,326.242940437257,507237.787215289,5636510.46939679
0.000798959064599146,326.242940437257,507737.787215289,5636510.46939679
0.000563539576259498,326.242940437257,508237.787215289,5636510.46939679
0.000719080855605173,326.242940437257,508737.787215289,5636510.46939679
0.000719080855605173,326.242940437257,509237.787215289,5636510.46939679
0.000719080855605173,326.242940437257,509737.787215289,5636510.46939679
0.000719080855605173,326.242940437257,510237.787215289,5636510.46939679
0.000719080855605173,326.242940437257,510737.787215289,5636510.46939679
0.000330192106140657,326.242940437257,511237.787215289,5636510.46939679
0.000510526526523399,326.242940437257,511737.787215289,5636510.46939679
0.000523782231024042,326.242940437257,512237.787215289,5636510.46939679
5.36421805093307e-05,326.242940437257,512737.787215289,5636510.46939679
0.00012771123500361,326.242940437257,513237.787215289,5636510.46939679
0.00024472068398754,326.242940437257,513737.787215289,5636510.46939679
0.000493466029375511,326.242940437257,514237.787215289,5636510.46939679
0.00139713754566391,326.242940437257,514737.787215289,5636510.46939679
0.00137523137314527,326.242940437257,515237.787215289,5636510.46939679
0.0014180700112807,326.242940437257,515737.787215289,5636510.46939679
0.00192782729509974,326.242940437257,516237.787215289,5636510.46939679
0.00172674528956743,326.242940437257,516737.787215289,5636510.46939679
0.00185728112533094,326.242940437257,517237.787215289,5636510.46939679
0.00195498100663225,326.242940437257,517737.787215289,5636510.46939679
0.00201801527382982,326.242940437257,518237.787215289,5636510.46939679
0.00197807276633094,326.242940437257,518737.787215289,5636510.46939679
0.00263081902663563,326.242940437257,519237.787215289,5636510.46939679
0.00222479580090973,326.242940437257,519737.787215289,5636510.46939679
0.00195716712941652,326.242940437257,520237.787215289,5636510.46939679
0.0025124592864263,326.242940437257,520737.787215289,5636510.46939679
0.00238748474839197,326.242940437257,521237.787215289,5636510.46939679
0.00244887481200522,326.242940437257,521737.787215289,5636510.46939679
0.00242183141212149,326.242940437257,522237.787215289,5636510.46939679
0.00252902078792893,326.242940437257,522737.787215289,5636510.46939679
0.00216849141720913,326.242940437257,523237.787215289,5636510.46939679
0.00216306384797015,326.242940437257,523737.787215289,5636510.46939679
0.00200006741778231,326.242940437257,524237.787215289,5636510.46939679
0.00192503941153628,326.242940437257,486737.787215289,5637010.46939679
0.0020884934282351,326.242940437257,487237.787215289,5637010.46939679
0.0044219251051843,326.242940437257,487737.787215289,5637010.46939679
0.000776560099554288,326.242940437257,488237.787215289,5637010.46939679
0.00317806143572488,326.242940437257,488737.787215289,5637010.46939679
0.0011338376053483,326.242940437257,489237.787215289,5637010.46939679
0.00103440048149741,326.242940437257,489737.787215289,5637010.46939679
0.000844544431555008,326.242940437257,490237.787215289,5637010.46939679
0.000783621861075319,326.242940437257,490737.787215289,5637010.46939679
0.00130844513016318,326.242940437257,491237.787215289,5637010.46939679
0.00185251523048194,326.242940437257,491737.787215289,5637010.46939679
0.00139633509465481,326.242940437257,492237.787215289,5637010.46939679
0.000973186212332285,326.242940437257,492737.787215289,5637010.46939679
0.000956848099826484,326.242940437257,493237.787215289,5637010.46939679
0.00143284521167125,326.242940437257,493737.787215289,5637010.46939679
0.00179535382885086,326.242940437257,494237.787215289,5637010.46939679
0.00115069489211064,326.242940437257,494737.787215289,5637010.46939679
0.00151105665330534,326.242940437257,495237.787215289,5637010.46939679
0.00134113913509097,326.242940437257,495737.787215289,5637010.46939679
0.00139392358335195,326.242940437257,496237.787215289,5637010.46939679
0.0012284715532014,326.242940437257,496737.787215289,5637010.46939679
0.00118934872166553,326.242940437257,497237.787215289,5637010.46939679
0.00273776488593371,326.242940437257,497737.787215289,5637010.46939679
0.00273776488593371,326.242940437257,498237.787215289,5637010.46939679
0.00112638417051354,326.242940437257,498737.787215289,5637010.46939679
0.00279685399751978,326.242940437257,499237.787215289,5637010.46939679
0.00289080515559934,326.242940437257,499737.787215289,5637010.46939679
0.00299178767778358,326.242940437257,500237.787215289,5637010.46939679
0.0012284715532014,326.242940437257,500737.787215289,5637010.46939679
0.00132426246225943,326.242940437257,501237.787215289,5637010.46939679
0.000737751625562777,326.242940437257,501737.787215289,5637010.46939679
0.00160553115332637,326.242940437257,502237.787215289,5637010.46939679
0.00115924908431855,326.242940437257,502737.787215289,5637010.46939679
0.000776560099554288,326.242940437257,503237.787215289,5637010.46939679
0.000957836468420775,326.242940437257,503737.787215289,5637010.46939679
0.00132655345864821,326.242940437257,504237.787215289,5637010.46939679
0.00112191724488414,326.242940437257,504737.787215289,5637010.46939679
0.00330104985042729,326.242940437257,505237.787215289,5637010.46939679
0.00255129266448674,326.242940437257,505737.787215289,5637010.46939679
0.00116571292647105,326.242940437257,506237.787215289,5637010.46939679
0.00103240242118612,326.242940437257,506737.787215289,5637010.46939679
0.0005725358644045,326.242940437257,507237.787215289,5637010.46939679
0.00120404773750416,326.242940437257,507737.787215289,5637010.46939679
0.00120404773750416,326.242940437257,508237.787215289,5637010.46939679
0.000565650410935333,326.242940437257,508737.787215289,5637010.46939679
0.00259059877815186,326.242940437257,509237.787215289,5637010.46939679
0.00211028235476922,326.242940437257,509737.787215289,5637010.46939679
0.000719080855605173,326.242940437257,510237.787215289,5637010.46939679
0.000719080855605173,326.242940437257,510737.787215289,5637010.46939679
0.000584188072113778,326.242940437257,511237.787215289,5637010.46939679
0.000789350591479671,326.242940437257,511737.787215289,5637010.46939679
0.000658051003409126,326.242940437257,512237.787215289,5637010.46939679
0.000571886204412942,326.242940437257,512737.787215289,5637010.46939679
0.000102810947228184,326.242940437257,513237.787215289,5637010.46939679
0.000122418476877224,326.242940437257,513737.787215289,5637010.46939679
0.000127137122634222,326.242940437257,514237.787215289,5637010.46939679
0.000234509069530892,326.242940437257,514737.787215289,5637010.46939679
0.000719080855605173,326.242940437257,515237.787215289,5637010.46939679
0.00135437311179758,326.242940437257,515737.787215289,5637010.46939679
0.00157741426804255,326.242940437257,516237.787215289,5637010.46939679
0.00159378326154114,326.242940437257,516737.787215289,5637010.46939679
0.00170765593053977,326.242940437257,517237.787215289,5637010.46939679
0.00154551008320603,326.242940437257,517737.787215289,5637010.46939679
0.000982458944308036,326.242940437257,518237.787215289,5637010.46939679
0.00129724906057772,326.242940437257,518737.787215289,5637010.46939679
0.00222714637114548,326.242940437257,519237.787215289,5637010.46939679
0.00211584506675256,326.242940437257,519737.787215289,5637010.46939679
0.0023443025372928,326.242940437257,520237.787215289,5637010.46939679
0.00222109308921519,326.242940437257,520737.787215289,5637010.46939679
0.00279507731093202,326.242940437257,521237.787215289,5637010.46939679
0.00201124743683339,326.242940437257,521737.787215289,5637010.46939679
0.00156144471655315,326.242940437257,522237.787215289,5637010.46939679
0.00205632729584337,326.242940437257,522737.787215289,5637010.46939679
0.0021644977445603,326.242940437257,523237.787215289,5637010.46939679
0.00195921066384001,326.242940437257,523737.787215289,5637010.46939679
0.00184399095927982,326.242940437257,524237.787215289,5637010.46939679
0.00208012239710413,326.242940437257,486737.787215289,5637510.46939679
0.00203563853912958,326.242940437257,487237.787215289,5637510.46939679
0.00565840798843226,326.242940437257,487737.787215289,5637510.46939679
0.0033022969826339,326.242940437257,488237.787215289,5637510.46939679
0.00289080515559934,326.242940437257,488737.787215289,5637510.46939679
0.0011626028584535,326.242940437257,489237.787215289,5637510.46939679
0.00213951427845769,326.242940437257,489737.787215289,5637510.46939679
0.00183606025338051,326.242940437257,490237.787215289,5637510.46939679
0.000673659238150278,326.242940437257,490737.787215289,5637510.46939679
0.00117690373240307,326.242940437257,491237.787215289,5637510.46939679
0.00206578108210188,326.242940437257,491737.787215289,5637510.46939679
0.0014434507098087,326.242940437257,492237.787215289,5637510.46939679
0.000890776571820511,326.242940437257,492737.787215289,5637510.46939679
0.000815686795873113,326.242940437257,493237.787215289,5637510.46939679
0.00117854001993295,326.242940437257,493737.787215289,5637510.46939679
0.003475912543123,326.242940437257,494237.787215289,5637510.46939679
0.0010007946990053,326.242940437257,494737.787215289,5637510.46939679
0.00260109069765017,326.242940437257,495237.787215289,5637510.46939679
0.00115069489211064,326.242940437257,495737.787215289,5637510.46939679
0.00129564509680949,326.242940437257,496237.787215289,5637510.46939679
0.00160762908656535,326.242940437257,496737.787215289,5637510.46939679
0.00134181176900933,326.242940437257,497237.787215289,5637510.46939679
0.000719080855605173,326.242940437257,497737.787215289,5637510.46939679
0.00127444245148661,326.242940437257,498237.787215289,5637510.46939679
0.00317806143572488,326.242940437257,498737.787215289,5637510.46939679
0.0032597436357167,326.242940437257,499237.787215289,5637510.46939679
0.00177888769626335,326.242940437257,499737.787215289,5637510.46939679
0.00139758690437406,326.242940437257,500237.787215289,5637510.46939679
0.00143762155743854,326.242940437257,500737.787215289,5637510.46939679
0.00154152672516919,326.242940437257,501237.787215289,5637510.46939679
0.00148669332366847,326.242940437257,501737.787215289,5637510.46939679
0.00205527590394044,326.242940437257,502237.787215289,5637510.46939679
0.00110450195574082,326.242940437257,502737.787215289,5637510.46939679
0.000940874554431561,326.242940437257,503237.787215289,5637510.46939679
0.000844544431555008,326.242940437257,503737.787215289,5637510.46939679
0.000792604659467153,326.242940437257,504237.787215289,5637510.46939679
0.000805138666643259,326.242940437257,504737.787215289,5637510.46939679
0.00149382134657109,326.242940437257,505237.787215289,5637510.46939679
0.00152795761916556,326.242940437257,505737.787215289,5637510.46939679
0.00135952220073668,326.242940437257,506237.787215289,5637510.46939679
0.000478492964428777,326.242940437257,506737.787215289,5637510.46939679
0.00126738511784517,326.242940437257,507237.787215289,5637510.46939679
0.000478492964428777,326.242940437257,507737.787215289,5637510.46939679
0.00103240242118612,326.242940437257,508237.787215289,5637510.46939679
0.000587401627181312,326.242940437257,508737.787215289,5637510.46939679
0.000840987277082074,326.242940437257,509237.787215289,5637510.46939679
0.000466383425451663,326.242940437257,509737.787215289,5637510.46939679
0.000329780226349658,326.242940437257,510237.787215289,5637510.46939679
0.000229006570881078,326.242940437257,510737.787215289,5637510.46939679
0.000702373909730607,326.242940437257,511237.787215289,5637510.46939679
0.000809845899058137,326.242940437257,511737.787215289,5637510.46939679
0.00116286385488769,326.242940437257,512237.787215289,5637510.46939679
0.000666022667873669,326.242940437257,512737.787215289,5637510.46939679
0.000254576619116726,326.242940437257,513237.787215289,5637510.46939679
0.000251077301032332,326.242940437257,513737.787215289,5637510.46939679
0.000141182795959006,326.242940437257,514237.787215289,5637510.46939679
9.71260503720394e-05,326.242940437257,514737.787215289,5637510.46939679
0.000719080855605173,326.242940437257,515237.787215289,5637510.46939679
0.000127366074410728,326.242940437257,515737.787215289,5637510.46939679
0.000141200253677843,326.242940437257,516237.787215289,5637510.46939679
0.00380528233758094,326.242940437257,516737.787215289,5637510.46939679
0.00144153734149393,326.242940437257,517237.787215289,5637510.46939679
0.00145473694183093,326.242940437257,517737.787215289,5637510.46939679
0.00150115945436972,326.242940437257,518237.787215289,5637510.46939679
0.00178039690594406,326.242940437257,518737.787215289,5637510.46939679
0.00189973163183671,326.242940437257,519237.787215289,5637510.46939679
0.00180479282971785,326.242940437257,519737.787215289,5637510.46939679
0.00183860888174812,326.242940437257,520237.787215289,5637510.46939679
0.00187310207824326,326.242940437257,520737.787215289,5637510.46939679
0.00151145905589157,326.242940437257,521237.787215289,5637510.46939679
0.001928012366191,326.242940437257,521737.787215289,5637510.46939679
0.00223590961411737,326.242940437257,522237.787215289,5637510.46939679
0.00195498100663225,326.242940437257,522737.787215289,5637510.46939679
0.00194905772917712,326.242940437257,523237.787215289,5637510.46939679
0.00177653514720309,326.242940437257,523737.787215289,5637510.46939679
0.00140972190708523,326.242940437257,524237.787215289,5637510.46939679
0.00222705177096832,326.242940437257,486737.787215289,5638010.46939679
0.00244679843520292,326.242940437257,487237.787215289,5638010.46939679
0.00241049806731211,326.242940437257,487737.787215289,5638010.46939679
0.00129059753840608,326.242940437257,488237.787215289,5638010.46939679
0.00118057242181334,326.242940437257,488737.787215289,5638010.46939679
0.0030132855294591,326.242940437257,489237.787215289,5638010.46939679
0.00257618516505459,326.242940437257,489737.787215289,5638010.46939679
0.00148953067157498,326.242940437257,490237.787215289,5638010.46939679
0.000991241516892554,326.242940437257,490737.787215289,5638010.46939679
0.00123477814975712,326.242940437257,491237.787215289,5638010.46939679
0.00275482709633295,326.242940437257,491737.787215289,5638010.46939679
0.00106081739465662,326.242940437257,492237.787215289,5638010.46939679
0.000779530982934376,326.242940437257,492737.787215289,5638010.46939679
0.00106123746918505,326.242940437257,493237.787215289,5638010.46939679
0.00144972393619437,326.242940437257,493737.787215289,5638010.46939679
0.00145818872608676,326.242940437257,494237.787215289,5638010.46939679
0.000901153142723548,326.242940437257,494737.787215289,5638010.46939679
0.0010007946990053,326.242940437257,495237.787215289,5638010.46939679
0.00128048066655363,326.242940437257,495737.787215289,5638010.46939679
0.0012112257147416,326.242940437257,496237.787215289,5638010.46939679
0.00215496293302839,326.242940437257,496737.787215289,5638010.46939679
0.00135986666594067,326.242940437257,497237.787215289,5638010.46939679
0.000817410043332329,326.242940437257,497737.787215289,5638010.46939679
0.00164937080812343,326.242940437257,498237.787215289,5638010.46939679
0.0013784504630852,326.242940437257,498737.787215289,5638010.46939679
0.00353430695082171,326.242940437257,499237.787215289,5638010.46939679
0.00353430695082171,326.242940437257,499737.787215289,5638010.46939679
0.00135986666594067,326.242940437257,500237.787215289,5638010.46939679
0.00135986666594067,326.242940437257,500737.787215289,5638010.46939679
0.00141730136619716,326.242940437257,501237.787215289,5638010.46939679
0.00139462303423262,326.242940437257,501737.787215289,5638010.46939679
0.00150316893345177,326.242940437257,502237.787215289,5638010.46939679
0.00206663997720109,326.242940437257,502737.787215289,5638010.46939679
0.000949257033793744,326.242940437257,503237.787215289,5638010.46939679
0.000986957793032026,326.242940437257,503737.787215289,5638010.46939679
0.000891956721177735,326.242940437257,504237.787215289,5638010.46939679
0.000739071989480656,326.242940437257,504737.787215289,5638010.46939679
0.00072694920145426,326.242940437257,505237.787215289,5638010.46939679
0.0025826867261609,326.242940437257,505737.787215289,5638010.46939679
0.00206012138530319,326.242940437257,506237.787215289,5638010.46939679
0.00126738511784517,326.242940437257,506737.787215289,5638010.46939679
0.000955986300070606,326.242940437257,507237.787215289,5638010.46939679
0.00135952220073668,326.242940437257,507737.787215289,5638010.46939679
0.000862823319392582,326.242940437257,508237.787215289,5638010.46939679
0.000360926376863109,326.242940437257,508737.787215289,5638010.46939679
0.000931792520385441,326.242940437257,509237.787215289,5638010.46939679
0.000454580350613293,326.242940437257,509737.787215289,5638010.46939679
0.000650826067867335,326.242940437257,510237.787215289,5638010.46939679
0.000385089234761414,326.242940437257,510737.787215289,5638010.46939679
0.000234952674118803,326.242940437257,511237.787215289,5638010.46939679
0.00178989754356316,326.242940437257,511737.787215289,5638010.46939679
0.00143111487908802,326.242940437257,512237.787215289,5638010.46939679
0.00343444915214272,326.242940437257,512737.787215289,5638010.46939679
0.00100102918932194,326.242940437257,513237.787215289,5638010.46939679
0.000218556771155102,326.242940437257,513737.787215289,5638010.46939679
0.000196124569326099,326.242940437257,514237.787215289,5638010.46939679
0.00023085574790777,326.242940437257,514737.787215289,5638010.46939679
0.000103558938015558,326.242940437257,515237.787215289,5638010.46939679
0.000144920276441765,326.242940437257,515737.787215289,5638010.46939679
0.000155771000427145,326.242940437257,516237.787215289,5638010.46939679
0.000270020124669181,326.242940437257,516737.787215289,5638010.46939679
0.000241965871742859,326.242940437257,517237.787215289,5638010.46939679
0.000270020124669181,326.242940437257,517737.787215289,5638010.46939679
0.000636391541412898,326.242940437257,518237.787215289,5638010.46939679
0.0013374230381828,326.242940437257,518737.787215289,5638010.46939679
0.00121035007454985,326.242940437257,519237.787215289,5638010.46939679
0.00160689328718359,326.242940437257,519737.787215289,5638010.46939679
0.00144783090651657,326.242940437257,520237.787215289,5638010.46939679
0.0017993433765025,326.242940437257,520737.787215289,5638010.46939679
0.000842325678020932,326.242940437257,521237.787215289,5638010.46939679
0.00143914898904777,326.242940437257,521737.787215289,5638010.46939679
0.000775107555492099,326.242940437257,522237.787215289,5638010.46939679
0.000372790709743646,326.242940437257,522737.787215289,5638010.46939679
0.00142112111093413,326.242940437257,523237.787215289,5638010.46939679
0.000719080855605173,326.242940437257,523737.787215289,5638010.46939679
0.000719080855605173,326.242940437257,524237.787215289,5638010.46939679
0.00239816698743956,326.242940437257,486737.787215289,5638510.46939679
0.00303553709808349,326.242940437257,487237.787215289,5638510.46939679
0.00640985397466669,326.242940437257,487737.787215289,5638510.46939679
0.00134499906802458,326.242940437257,488237.787215289,5638510.46939679
0.00219358489122168,326.242940437257,488737.787215289,5638510.46939679
0.00324654204359621,326.242940437257,489237.787215289,5638510.46939679
0.00360791820538905,326.242940437257,489737.787215289,5638510.46939679
0.00295183574873761,326.242940437257,490237.787215289,5638510.46939679
0.00192443543827214,326.242940437257,490737.787215289,5638510.46939679
0.0021126660451989,326.242940437257,491237.787215289,5638510.46939679
0.00215846290970252,326.242940437257,491737.787215289,5638510.46939679
0.000708581435092633,326.242940437257,492237.787215289,5638510.46939679
0.000739503040228471,326.242940437257,492737.787215289,5638510.46939679
0.00152773499995462,326.242940437257,493237.787215289,5638510.46939679
0.000800172640414589,326.242940437257,493737.787215289,5638510.46939679
0.000988265368513802,326.242940437257,494237.787215289,5638510.46939679
0.000803968423479032,326.242940437257,494737.787215289,5638510.46939679
0.000844544431555008,326.242940437257,495237.787215289,5638510.46939679
0.00139331793602696,326.242940437257,495737.787215289,5638510.46939679
0.00185150019726794,326.242940437257,496237.787215289,5638510.46939679
0.00224080388516147,326.242940437257,496737.787215289,5638510.46939679
0.00115924908431855,326.242940437257,497237.787215289,5638510.46939679
0.00115924908431855,326.242940437257,497737.787215289,5638510.46939679
0.00118591306725823,326.242940437257,498237.787215289,5638510.46939679
0.00169121504449044,326.242940437257,498737.787215289,5638510.46939679
0.00125871393304389,326.242940437257,499237.787215289,5638510.46939679
0.00121392593216784,326.242940437257,499737.787215289,5638510.46939679
0.00115924908431855,326.242940437257,500237.787215289,5638510.46939679
0.000719080855605173,326.242940437257,500737.787215289,5638510.46939679
0.00124339595489241,326.242940437257,501237.787215289,5638510.46939679
0.00116327743945558,326.242940437257,501737.787215289,5638510.46939679
0.00152646605690343,326.242940437257,502237.787215289,5638510.46939679
0.00420421524932254,326.242940437257,502737.787215289,5638510.46939679
0.00324594602507945,326.242940437257,503237.787215289,5638510.46939679
0.0026209579027158,326.242940437257,503737.787215289,5638510.46939679
0.00130994583001612,326.242940437257,504237.787215289,5638510.46939679
0.0025787849463357,326.242940437257,504737.787215289,5638510.46939679
0.00145998075882614,326.242940437257,505237.787215289,5638510.46939679
0.00233623463883678,326.242940437257,505737.787215289,5638510.46939679
0.00199697686173663,326.242940437257,506237.787215289,5638510.46939679
0.00114387563320433,326.242940437257,506737.787215289,5638510.46939679
0.000286567268778295,326.242940437257,507237.787215289,5638510.46939679
0.0010062747280144,326.242940437257,507737.787215289,5638510.46939679
0.00117357610240913,326.242940437257,508237.787215289,5638510.46939679
0.000682510209072688,326.242940437257,508737.787215289,5638510.46939679
0.000634355180681837,326.242940437257,509237.787215289,5638510.46939679
0.000908211028737679,326.242940437257,509737.787215289,5638510.46939679
0.0007787392773648,326.242940437257,510237.787215289,5638510.46939679
0.000819703853984643,326.242940437257,510737.787215289,5638510.46939679
0.000634355180681837,326.242940437257,511237.787215289,5638510.46939679
0.00105920851393547,326.242940437257,511737.787215289,5638510.46939679
0.000980808265712031,326.242940437257,512237.787215289,5638510.46939679
0.000410280489393871,326.242940437257,512737.787215289,5638510.46939679
0.000339921047772689,326.242940437257,513237.787215289,5638510.46939679
0.000609785157912608,326.242940437257,513737.787215289,5638510.46939679
0.00113989298691001,326.242940437257,514237.787215289,5638510.46939679
0.00119241534291423,326.242940437257,514737.787215289,5638510.46939679
0.00118915074185483,326.242940437257,515237.787215289,5638510.46939679
0.000541088090458353,326.242940437257,515737.787215289,5638510.46939679
0.000210402333184613,326.242940437257,516237.787215289,5638510.46939679
0.000187327929615047,326.242940437257,516737.787215289,5638510.46939679
0.000107389785425791,326.242940437257,517237.787215289,5638510.46939679
8.94161241563332e-05,326.242940437257,517737.787215289,5638510.46939679
0.000719080855605173,326.242940437257,518237.787215289,5638510.46939679
0.000292522852203917,326.242940437257,518737.787215289,5638510.46939679
0.000292522852203917,326.242940437257,519237.787215289,5638510.46939679
0.000719080855605173,326.242940437257,519737.787215289,5638510.46939679
0.000719080855605173,326.242940437257,520237.787215289,5638510.46939679
0.000719080855605173,326.242940437257,520737.787215289,5638510.46939679
0.000719080855605173,326.242940437257,521237.787215289,5638510.46939679
0.000719080855605173,326.242940437257,521737.787215289,5638510.46939679
0.000719080855605173,326.242940437257,522237.787215289,5638510.46939679
0.000719080855605173,326.242940437257,522737.787215289,5638510.46939679
0.000719080855605173,326.242940437257,523237.787215289,5638510.46939679
0.000719080855605173,326.242940437257,523737.787215289,5638510.46939679
0.000719080855605173,326.242940437257,524237.787215289,5638510.46939679
0.00309966747688607,326.242940437257,486737.787215289,5639010.46939679
0.00329777518587423,326.242940437257,487237.787215289,5639010.46939679
0.00590842023513352,326.242940437257,487737.787215289,5639010.46939679
0.00505396673756578,326.242940437257,488237.787215289,5639010.46939679
0.00467045926251876,326.242940437257,488737.787215289,5639010.46939679
0.0036984751084127,326.242940437257,489237.787215289,5639010.46939679
0.00303438739002228,326.242940437257,489737.787215289,5639010.46939679
0.0025826867261609,326.242940437257,490237.787215289,5639010.46939679
0.00216849141720913,326.242940437257,490737.787215289,5639010.46939679
0.00175675334805923,326.242940437257,491237.787215289,5639010.46939679
0.00245912925279334,326.242940437257,491737.787215289,5639010.46939679
0.00230906072077152,326.242940437257,492237.787215289,5639010.46939679
0.00272995405755281,326.242940437257,492737.787215289,5639010.46939679
0.00271854563472512,326.242940437257,493237.787215289,5639010.46939679
0.000592192127159268,326.242940437257,493737.787215289,5639010.46939679
0.000624878250483814,326.242940437257,494237.787215289,5639010.46939679
0.00076018413325066,326.242940437257,494737.787215289,5639010.46939679
0.000784660046030907,326.242940437257,495237.787215289,5639010.46939679
0.00115104756955823,326.242940437257,495737.787215289,5639010.46939679
0.000912052521957946,326.242940437257,496237.787215289,5639010.46939679
0.00162877659366278,326.242940437257,496737.787215289,5639010.46939679
0.00247824587202262,326.242940437257,497237.787215289,5639010.46939679
0.00247824587202262,326.242940437257,497737.787215289,5639010.46939679
0.00110450195574082,326.242940437257,498237.787215289,5639010.46939679
0.00125399490476509,326.242940437257,498737.787215289,5639010.46939679
0.0013542321430118,326.242940437257,499237.787215289,5639010.46939679
0.00260109069765017,326.242940437257,499737.787215289,5639010.46939679
0.000993807642930821,326.242940437257,500237.787215289,5639010.46939679
0.00247824587202262,326.242940437257,500737.787215289,5639010.46939679
0.0010752292749772,326.242940437257,501237.787215289,5639010.46939679
0.00112227107168749,326.242940437257,501737.787215289,5639010.46939679
0.0015972984459612,326.242940437257,502237.787215289,5639010.46939679
0.00316379871502395,326.242940437257,502737.787215289,5639010.46939679
0.00356084199097709,326.242940437257,503237.787215289,5639010.46939679
0.00255266630097804,326.242940437257,503737.787215289,5639010.46939679
0.00342395986276251,326.242940437257,504237.787215289,5639010.46939679
0.00259352501477638,326.242940437257,504737.787215289,5639010.46939679
0.00215660386237468,326.242940437257,505237.787215289,5639010.46939679
0.000602653376088733,326.242940437257,505737.787215289,5639010.46939679
0.00108671062075235,326.242940437257,506237.787215289,5639010.46939679
0.000739821899290487,326.242940437257,506737.787215289,5639010.46939679
0.000840987277082074,326.242940437257,507237.787215289,5639010.46939679
0.00117357610240913,326.242940437257,507737.787215289,5639010.46939679
0.000840987277082074,326.242940437257,508237.787215289,5639010.46939679
0.00108671062075235,326.242940437257,508737.787215289,5639010.46939679
0.000667724617871612,326.242940437257,509237.787215289,5639010.46939679
0.00114387563320433,326.242940437257,509737.787215289,5639010.46939679
0.00163159514477594,326.242940437257,510237.787215289,5639010.46939679
0.00207320054003348,326.242940437257,510737.787215289,5639010.46939679
0.00178530519749046,326.242940437257,511237.787215289,5639010.46939679
0.000819703853984643,326.242940437257,511737.787215289,5639010.46939679
0.00154430496353037,326.242940437257,512237.787215289,5639010.46939679
0.0005203377273376,326.242940437257,512737.787215289,5639010.46939679
0.000952657830449541,326.242940437257,513237.787215289,5639010.46939679
0.00115233592670565,326.242940437257,513737.787215289,5639010.46939679
0.00111492681348282,326.242940437257,514237.787215289,5639010.46939679
0.000405795279676876,326.242940437257,514737.787215289,5639010.46939679
0.000614211753311758,326.242940437257,515237.787215289,5639010.46939679
0.000665399792604076,326.242940437257,515737.787215289,5639010.46939679
0.00083805920101732,326.242940437257,516237.787215289,5639010.46939679
0.000975695479348185,326.242940437257,516737.787215289,5639010.46939679
0.000488357858536872,326.242940437257,517237.787215289,5639010.46939679
0.000549979215737489,326.242940437257,517737.787215289,5639010.46939679
0.000719080855605173,326.242940437257,518237.787215289,5639010.46939679
0.000719080855605173,326.242940437257,518737.787215289,5639010.46939679
0.000136110772476773,326.242940437257,519237.787215289,5639010.46939679
0.000136110772476773,326.242940437257,519737.787215289,5639010.46939679
0.000719080855605173,326.242940437257,520237.787215289,5639010.46939679
0.000719080855605173,326.242940437257,520737.787215289,5639010.46939679
0.000719080855605173,326.242940437257,521237.787215289,5639010.46939679
0.000719080855605173,326.242940437257,521737.787215289,5639010.46939679
0.000719080855605173,326.242940437257,522237.787215289,5639010.46939679
0.000719080855605173,326.242940437257,522737.787215289,5639010.46939679
0.000719080855605173,326.242940437257,523237.787215289,5639010.46939679
0.000719080855605173,326.242940437257,523737.787215289,5639010.46939679
8.06062058794686e-05,326.242940437257,524237.787215289,5639010.46939679
0.0040053418877156,326.242940437257,486737.787215289,5639510.46939679
0.00949352319931135,326.242940437257,487237.787215289,5639510.46939679
0.00661825481103735,326.242940437257,487737.787215289,5639510.46939679
0.00499719540033287,326.242940437257,488237.787215289,5639510.46939679
0.00439525777672035,326.242940437257,488737.787215289,5639510.46939679
0.00331170841266506,326.242940437257,489237.787215289,5639510.46939679
0.00268901047523073,326.242940437257,489737.787215289,5639510.46939679
0.00156763068929395,326.242940437257,490237.787215289,5639510.46939679
0.00189717824390288,326.242940437257,490737.787215289,5639510.46939679
0.00114387563320433,326.242940437257,491237.787215289,5639510.46939679
0.00227004923071137,326.242940437257,491737.787215289,5639510.46939679
0.00200318826444008,326.242940437257,492237.787215289,5639510.46939679
0.00245912925279334,326.242940437257,492737.787215289,5639510.46939679
0.00255838056931834,326.242940437257,493237.787215289,5639510.46939679
0.000681058477843433,326.242940437257,493737.787215289,5639510.46939679
0.000988765824146613,326.242940437257,494237.787215289,5639510.46939679
0.00159362757204443,326.242940437257,494737.787215289,5639510.46939679
0.000709096214657044,326.242940437257,495237.787215289,5639510.46939679
0.000903866850627407,326.242940437257,495737.787215289,5639510.46939679
0.000846260146833462,326.242940437257,496237.787215289,5639510.46939679
0.000978063630028264,326.242940437257,496737.787215289,5639510.46939679
0.000719080855605173,326.242940437257,497237.787215289,5639510.46939679
0.000940402905461973,326.242940437257,497737.787215289,5639510.46939679
0.000949274235881005,326.242940437257,498237.787215289,5639510.46939679
0.00145978555324399,326.242940437257,498737.787215289,5639510.46939679
0.0010732469876182,326.242940437257,499237.787215289,5639510.46939679
0.00147004870989183,326.242940437257,499737.787215289,5639510.46939679
0.0042670568546558,326.242940437257,500237.787215289,5639510.46939679
0.00415906761523051,326.242940437257,500737.787215289,5639510.46939679
0.00128418270999881,326.242940437257,501237.787215289,5639510.46939679
0.00363227478006942,326.242940437257,501737.787215289,5639510.46939679
0.00431337673674148,326.242940437257,502237.787215289,5639510.46939679
0.0012132021340062,326.242940437257,502737.787215289,5639510.46939679
0.00228304505015051,326.242940437257,503237.787215289,5639510.46939679
0.00282676740405786,326.242940437257,503737.787215289,5639510.46939679
0.00255838056931834,326.242940437257,504237.787215289,5639510.46939679
0.00195249224972293,326.242940437257,504737.787215289,5639510.46939679
0.000602653376088733,326.242940437257,505237.787215289,5639510.46939679
0.000819703853984643,326.242940437257,505737.787215289,5639510.46939679
0.00117357610240913,326.242940437257,506237.787215289,5639510.46939679
0.00123531056163538,326.242940437257,506737.787215289,5639510.46939679
0.0013002924825713,326.242940437257,507237.787215289,5639510.46939679
0.00111492681348282,326.242940437257,507737.787215289,5639510.46939679
0.00055804631935115,326.242940437257,508237.787215289,5639510.46939679
0.000773521580842823,326.242940437257,508737.787215289,5639510.46939679
0.0010062747280144,326.242940437257,509237.787215289,5639510.46939679
0.00221259958843276,326.242940437257,509737.787215289,5639510.46939679
0.00184897619231338,326.242940437257,510237.787215289,5639510.46939679
0.00151082811669068,326.242940437257,510737.787215289,5639510.46939679
0.00178825923012011,326.242940437257,511237.787215289,5639510.46939679
0.000819703853984643,326.242940437257,511737.787215289,5639510.46939679
0.00175675334805923,326.242940437257,512237.787215289,5639510.46939679
0.00207739902125486,326.242940437257,512737.787215289,5639510.46939679
0.00172671354217036,326.242940437257,513237.787215289,5639510.46939679
0.00130414871070404,326.242940437257,513737.787215289,5639510.46939679
0.00117440021994015,326.242940437257,514237.787215289,5639510.46939679
0.00131371832537871,326.242940437257,514737.787215289,5639510.46939679
0.000251655346858051,326.242940437257,515237.787215289,5639510.46939679
0.000369008477329472,326.242940437257,515737.787215289,5639510.46939679
0.000398504921466984,326.242940437257,516237.787215289,5639510.46939679
0.000541088090458353,326.242940437257,516737.787215289,5639510.46939679
0.000849478648488598,326.242940437257,517237.787215289,5639510.46939679
0.000393124782851397,326.242940437257,517737.787215289,5639510.46939679
0.00090566954485647,326.242940437257,518237.787215289,5639510.46939679
0.000929185047456509,326.242940437257,518737.787215289,5639510.46939679
0.0011118068684089,326.242940437257,519237.787215289,5639510.46939679
0.000860408845785477,326.242940437257,519737.787215289,5639510.46939679
0.000719080855605173,326.242940437257,520237.787215289,5639510.46939679
0.000719080855605173,326.242940437257,520737.787215289,5639510.46939679
0.000719080855605173,326.242940437257,521237.787215289,5639510.46939679
0.00105624448764662,326.242940437257,521737.787215289,5639510.46939679
0.00100345882849282,326.242940437257,522237.787215289,5639510.46939679
7.07562620676571e-05,326.242940437257,522737.787215289,5639510.46939679
0.000233242975217902,326.242940437257,523237.787215289,5639510.46939679
0.000168005957428721,326.242940437257,523737.787215289,5639510.46939679
0.000327996567713707,326.242940437257,524237.787215289,5639510.46939679
0.00982370457006165,326.242940437257,486737.787215289,5640010.46939679
0.00716094736331979,326.242940437257,487237.787215289,5640010.46939679
0.00512175733473213,326.242940437257,487737.787215289,5640010.46939679
0.003402041464949,326.242940437257,488237.787215289,5640010.46939679
0.00299224825279919,326.242940437257,488737.787215289,5640010.46939679
0.00339769616419196,326.242940437257,489237.787215289,5640010.46939679
0.00127864941635976,326.242940437257,489737.787215289,5640010.46939679
0.00115253566610778,326.242940437257,490237.787215289,5640010.46939679
0.00210202525731453,326.242940437257,490737.787215289,5640010.46939679
0.000931792520385441,326.242940437257,491237.787215289,5640010.46939679
0.000431862766070959,326.242940437257,491737.787215289,5640010.46939679
0.000980808265712031,326.242940437257,492237.787215289,5640010.46939679
0.000980808265712031,326.242940437257,492737.787215289,5640010.46939679
0.00215660386237468,326.242940437257,493237.787215289,5640010.46939679
0.00245912925279334,326.242940437257,493737.787215289,5640010.46939679
0.000537256448578588,326.242940437257,494237.787215289,5640010.46939679
0.000630648050609219,326.242940437257,494737.787215289,5640010.46939679
0.000639501873052839,326.242940437257,495237.787215289,5640010.46939679
0.0014513866734752,326.242940437257,495737.787215289,5640010.46939679
0.00101405782685101,326.242940437257,496237.787215289,5640010.46939679
0.000824843279722174,326.242940437257,496737.787215289,5640010.46939679
0.000783621861075319,326.242940437257,497237.787215289,5640010.46939679
0.00115104756955823,326.242940437257,497737.787215289,5640010.46939679
0.00176707114187807,326.242940437257,498237.787215289,5640010.46939679
0.00103676921125592,326.242940437257,498737.787215289,5640010.46939679
0.000844544431555008,326.242940437257,499237.787215289,5640010.46939679
0.00152289100149826,326.242940437257,499737.787215289,5640010.46939679
0.00254799856268793,326.242940437257,500237.787215289,5640010.46939679
0.00320915885964231,326.242940437257,500737.787215289,5640010.46939679
0.000888970603549785,326.242940437257,501237.787215289,5640010.46939679
0.00168732450921477,326.242940437257,501737.787215289,5640010.46939679
0.00285547952830007,326.242940437257,502237.787215289,5640010.46939679
0.00295011514593045,326.242940437257,502737.787215289,5640010.46939679
0.00285722815333825,326.242940437257,503237.787215289,5640010.46939679
0.000797980377850764,326.242940437257,503737.787215289,5640010.46939679
0.00232899053981266,326.242940437257,504237.787215289,5640010.46939679
0.0013002924825713,326.242940437257,504737.787215289,5640010.46939679
0.00120404773750416,326.242940437257,505237.787215289,5640010.46939679
0.0013002924825713,326.242940437257,505737.787215289,5640010.46939679
0.00108671062075235,326.242940437257,506237.787215289,5640010.46939679
0.00105920851393547,326.242940437257,506737.787215289,5640010.46939679
0.00158555384634126,326.242940437257,507237.787215289,5640010.46939679
0.00102548513490189,326.242940437257,507737.787215289,5640010.46939679
0.00129559761867027,326.242940437257,508237.787215289,5640010.46939679
0.00115919125158412,326.242940437257,508737.787215289,5640010.46939679
0.00205520058958487,326.242940437257,509237.787215289,5640010.46939679
0.00124140086652924,326.242940437257,509737.787215289,5640010.46939679
0.00137544059672982,326.242940437257,510237.787215289,5640010.46939679
0.00103749235218279,326.242940437257,510737.787215289,5640010.46939679
0.00136701611048611,326.242940437257,511237.787215289,5640010.46939679
0.000980808265712031,326.242940437257,511737.787215289,5640010.46939679
0.000443075984022338,326.242940437257,512237.787215289,5640010.46939679
0.000908211028737679,326.242940437257,512737.787215289,5640010.46939679
0.000667724617871612,326.242940437257,513237.787215289,5640010.46939679
0.000862823319392582,326.242940437257,513737.787215289,5640010.46939679
0.000862823319392582,326.242940437257,514237.787215289,5640010.46939679
0.000954318821425963,326.242940437257,514737.787215289,5640010.46939679
0.001330321141117,326.242940437257,515237.787215289,5640010.46939679
0.000397812652570792,326.242940437257,515737.787215289,5640010.46939679
0.000369651856023771,326.242940437257,516237.787215289,5640010.46939679
0.000912964870162254,326.242940437257,516737.787215289,5640010.46939679
0.00167551581021358,326.242940437257,517237.787215289,5640010.46939679
0.000244489297290876,326.242940437257,517737.787215289,5640010.46939679
0.000450645450837136,326.242940437257,518237.787215289,5640010.46939679
0.00037597354404656,326.242940437257,518737.787215289,5640010.46939679
0.000462346356902754,326.242940437257,519237.787215289,5640010.46939679
0.000846778645451135,326.242940437257,519737.787215289,5640010.46939679
0.000340515739528916,326.242940437257,520237.787215289,5640010.46939679
0.000372611461694359,326.242940437257,520737.787215289,5640010.46939679
0.000237838912586323,326.242940437257,521237.787215289,5640010.46939679
0.000402651098151298,326.242940437257,521737.787215289,5640010.46939679
0.00052139420340929,326.242940437257,522237.787215289,5640010.46939679
0.000427500714132304,326.242940437257,522737.787215289,5640010.46939679
0.000595452170861351,326.242940437257,523237.787215289,5640010.46939679
0.000485050876992298,326.242940437257,523737.787215289,5640010.46939679
0.000432473202278834,326.242940437257,524237.787215289,5640010.46939679
0.00760240159566603,326.242940437257,486737.787215289,5640510.46939679
0.00550642867008452,326.242940437257,487237.787215289,5640510.46939679
0.00671635463909206,326.242940437257,487737.787215289,5640510.46939679
0.00411692343786415,326.242940437257,488237.787215289,5640510.46939679
0.00180908507315593,326.242940437257,488737.787215289,5640510.46939679
0.00108060050828886,326.242940437257,489237.787215289,5640510.46939679
0.00111662032730197,326.242940437257,489737.787215289,5640510.46939679
0.000735498428631205,326.242940437257,490237.787215289,5640510.46939679
0.00052950862029581,326.242940437257,490737.787215289,5640510.46939679
0.000698140190874397,326.242940437257,491237.787215289,5640510.46939679
0.000410280489393871,326.242940437257,491737.787215289,5640510.46939679
0.000587401627181312,326.242940437257,492237.787215289,5640510.46939679
0.000685061934861949,326.242940437257,492737.787215289,5640510.46939679
0.0010062747280144,326.242940437257,493237.787215289,5640510.46939679
0.00232899053981266,326.242940437257,493737.787215289,5640510.46939679
0.00240263335503267,326.242940437257,494237.787215289,5640510.46939679
0.000786814785701162,326.242940437257,494737.787215289,5640510.46939679
0.000764777665393391,326.242940437257,495237.787215289,5640510.46939679
0.00137985494121424,326.242940437257,495737.787215289,5640510.46939679
0.00181268542965918,326.242940437257,496237.787215289,5640510.46939679
0.000736283164350365,326.242940437257,496737.787215289,5640510.46939679
0.000784660046030907,326.242940437257,497237.787215289,5640510.46939679
0.00084738131840434,326.242940437257,497737.787215289,5640510.46939679
0.000911523625511286,326.242940437257,498237.787215289,5640510.46939679
0.000783621861075319,326.242940437257,498737.787215289,5640510.46939679
0.000783621861075319,326.242940437257,499237.787215289,5640510.46939679
0.000986957793032026,326.242940437257,499737.787215289,5640510.46939679
0.00160838531835017,326.242940437257,500237.787215289,5640510.46939679
0.00356037716232482,326.242940437257,500737.787215289,5640510.46939679
0.00164796336360151,326.242940437257,501237.787215289,5640510.46939679
0.00355566642163547,326.242940437257,501737.787215289,5640510.46939679
0.00261762013999812,326.242940437257,502237.787215289,5640510.46939679
0.00310711326614695,326.242940437257,502737.787215289,5640510.46939679
0.0029358507493129,326.242940437257,503237.787215289,5640510.46939679
0.00221259958843276,326.242940437257,503737.787215289,5640510.46939679
0.000862823319392582,326.242940437257,504237.787215289,5640510.46939679
0.00126738511784517,326.242940437257,504737.787215289,5640510.46939679
0.000739821899290487,326.242940437257,505237.787215289,5640510.46939679
0.000999532502084458,326.242940437257,505737.787215289,5640510.46939679
0.00171229402530431,326.242940437257,506237.787215289,5640510.46939679
0.00251515683022295,326.242940437257,506737.787215289,5640510.46939679
0.00132923751452795,326.242940437257,507237.787215289,5640510.46939679
0.00180797313472463,326.242940437257,507737.787215289,5640510.46939679
0.00269296088380974,326.242940437257,508237.787215289,5640510.46939679
0.00187573247358693,326.242940437257,508737.787215289,5640510.46939679
0.00229662882062819,326.242940437257,509237.787215289,5640510.46939679
0.00202035909739048,326.242940437257,509737.787215289,5640510.46939679
0.00223850651102943,326.242940437257,510237.787215289,5640510.46939679
0.00117936204523339,326.242940437257,510737.787215289,5640510.46939679
0.00153678116609571,326.242940437257,511237.787215289,5640510.46939679
0.00116571292647105,326.242940437257,511737.787215289,5640510.46939679
0.000530158038607614,326.242940437257,512237.787215289,5640510.46939679
0.000587401627181312,326.242940437257,512737.787215289,5640510.46939679
0.000379912444021765,326.242940437257,513237.787215289,5640510.46939679
0.000165254850203241,326.242940437257,513737.787215289,5640510.46939679
0.000931792520385441,326.242940437257,514237.787215289,5640510.46939679
0.000529233310703461,326.242940437257,514737.787215289,5640510.46939679
0.0014739620001201,326.242940437257,515237.787215289,5640510.46939679
0.000229767564168871,326.242940437257,515737.787215289,5640510.46939679
0.000329780226349658,326.242940437257,516237.787215289,5640510.46939679
0.000290109779369041,326.242940437257,516737.787215289,5640510.46939679
0.000328144002743573,326.242940437257,517237.787215289,5640510.46939679
0.000253317012170011,326.242940437257,517737.787215289,5640510.46939679
0.000376623878229329,326.242940437257,518237.787215289,5640510.46939679
0.000290959673186695,326.242940437257,518737.787215289,5640510.46939679
0.00037727675475938,326.242940437257,519237.787215289,5640510.46939679
0.000568563826494484,326.242940437257,519737.787215289,5640510.46939679
0.000446127179098512,326.242940437257,520237.787215289,5640510.46939679
0.000494297571381784,326.242940437257,520737.787215289,5640510.46939679
0.000481788054728627,326.242940437257,521237.787215289,5640510.46939679
0.000609505305735235,326.242940437257,521737.787215289,5640510.46939679
0.000609505305735235,326.242940437257,522237.787215289,5640510.46939679
0.000938015182742079,326.242940437257,522737.787215289,5640510.46939679
0.000661629715829793,326.242940437257,523237.787215289,5640510.46939679
0.000661629715829793,326.242940437257,523737.787215289,5640510.46939679
0.000675764114304479,326.242940437257,524237.787215289,5640510.46939679
0.0100812480995088,326.242940437257,486737.787215289,5641010.46939679
0.0103324034662059,326.242940437257,487237.787215289,5641010.46939679
0.00279387424232749,326.242940437257,487737.787215289,5641010.46939679
0.00164841434307493,326.242940437257,488237.787215289,5641010.46939679
0.00116117700299122,326.242940437257,488737.787215289,5641010.46939679
0.000990368048460908,326.242940437257,489237.787215289,5641010.46939679
0.000792604659467153,326.242940437257,489737.787215289,5641010.46939679
0.000684367531701151,326.242940437257,490237.787215289,5641010.46939679
0.00060754286328381,326.242940437257,490737.787215289,5641010.46939679
0.000591848716769785,326.242940437257,491237.787215289,5641010.46939679
0.00134788839159064,326.242940437257,491737.787215289,5641010.46939679
0.00151100128153854,326.242940437257,492237.787215289,5641010.46939679
0.00146819469232264,326.242940437257,492737.787215289,5641010.46939679
0.00103240242118612,326.242940437257,493237.787215289,5641010.46939679
0.00055804631935115,326.242940437257,493737.787215289,5641010.46939679
0.00103240242118612,326.242940437257,494237.787215289,5641010.46939679
0.000227527841685558,326.242940437257,494737.787215289,5641010.46939679
0.00189717824390288,326.242940437257,495237.787215289,5641010.46939679
0.00231596081459431,326.242940437257,495737.787215289,5641010.46939679
0.000839581195435572,326.242940437257,496237.787215289,5641010.46939679
0.00096378275846891,326.242940437257,496737.787215289,5641010.46939679
0.00060754286328381,326.242940437257,497237.787215289,5641010.46939679
0.000785057396330117,326.242940437257,497737.787215289,5641010.46939679
0.00126683888201426,326.242940437257,498237.787215289,5641010.46939679
0.000618034648870519,326.242940437257,498737.787215289,5641010.46939679
0.000684766677035461,326.242940437257,499237.787215289,5641010.46939679
0.00103195746157089,326.242940437257,499737.787215289,5641010.46939679
0.00127766775053389,326.242940437257,500237.787215289,5641010.46939679
0.000988765824146613,326.242940437257,500737.787215289,5641010.46939679
0.00222656436162804,326.242940437257,501237.787215289,5641010.46939679
0.000980385542886548,326.242940437257,501737.787215289,5641010.46939679
0.00207946976718577,326.242940437257,502237.787215289,5641010.46939679
0.00283462062239692,326.242940437257,502737.787215289,5641010.46939679
0.00234182831833748,326.242940437257,503237.787215289,5641010.46939679
0.00114387563320433,326.242940437257,503737.787215289,5641010.46939679
0.00232899053981266,326.242940437257,504237.787215289,5641010.46939679
0.00189717824390288,326.242940437257,504737.787215289,5641010.46939679
0.00200318826444008,326.242940437257,505237.787215289,5641010.46939679
0.00118246099108632,326.242940437257,505737.787215289,5641010.46939679
0.00163445241734064,326.242940437257,506237.787215289,5641010.46939679
0.00222311364841898,326.242940437257,506737.787215289,5641010.46939679
0.00197554857882922,326.242940437257,507237.787215289,5641010.46939679
0.00136810279493297,326.242940437257,507737.787215289,5641010.46939679
0.0023621074776476,326.242940437257,508237.787215289,5641010.46939679
0.00196922852900935,326.242940437257,508737.787215289,5641010.46939679
0.00164576938330922,326.242940437257,509237.787215289,5641010.46939679
0.00207281725928576,326.242940437257,509737.787215289,5641010.46939679
0.00187081662992355,326.242940437257,510237.787215289,5641010.46939679
0.00241744002153272,326.242940437257,510737.787215289,5641010.46939679
0.00166895986413341,326.242940437257,511237.787215289,5641010.46939679
0.0013002924825713,326.242940437257,511737.787215289,5641010.46939679
0.00114387563320433,326.242940437257,512237.787215289,5641010.46939679
0.00185935799695839,326.242940437257,512737.787215289,5641010.46939679
0.00102548513490189,326.242940437257,513237.787215289,5641010.46939679
0.0014174913976281,326.242940437257,513737.787215289,5641010.46939679
0.00178272333470243,326.242940437257,514237.787215289,5641010.46939679
0.000874580385632637,326.242940437257,514737.787215289,5641010.46939679
0.000347127890378785,326.242940437257,515237.787215289,5641010.46939679
0.000797565480634539,326.242940437257,515737.787215289,5641010.46939679
0.000351178560204624,326.242940437257,516237.787215289,5641010.46939679
0.000605807839636586,326.242940437257,516737.787215289,5641010.46939679
0.000724886312533739,326.242940437257,517237.787215289,5641010.46939679
0.000398504921466984,326.242940437257,517737.787215289,5641010.46939679
0.000333047784544509,326.242940437257,518237.787215289,5641010.46939679
0.000464759612366403,326.242940437257,518737.787215289,5641010.46939679
0.000389096915774698,326.242940437257,519237.787215289,5641010.46939679
0.000847207358171711,326.242940437257,519737.787215289,5641010.46939679
0.000615897962023554,326.242940437257,520237.787215289,5641010.46939679
0.000513306251070567,326.242940437257,520737.787215289,5641010.46939679
0.000795853724390415,326.242940437257,521237.787215289,5641010.46939679
0.000547946418842467,326.242940437257,521737.787215289,5641010.46939679
0.000489008862021045,326.242940437257,522237.787215289,5641010.46939679
0.000637205420145145,326.242940437257,522737.787215289,5641010.46939679
0.000719410955461033,326.242940437257,523237.787215289,5641010.46939679
0.00100391947434657,326.242940437257,523737.787215289,5641010.46939679
0.000885065127543329,326.242940437257,524237.787215289,5641010.46939679
0.00652022641246782,326.242940437257,486737.787215289,5641510.46939679
0.00226569188049832,326.242940437257,487237.787215289,5641510.46939679
0.00181823432850075,326.242940437257,487737.787215289,5641510.46939679
0.00142994925831356,326.242940437257,488237.787215289,5641510.46939679
0.00279685399751978,326.242940437257,488737.787215289,5641510.46939679
0.0024325098458336,326.242940437257,489237.787215289,5641510.46939679
0.00202702426341894,326.242940437257,489737.787215289,5641510.46939679
0.00172154370058059,326.242940437257,490237.787215289,5641510.46939679
0.000650545565506247,326.242940437257,490737.787215289,5641510.46939679
0.00065610639292867,326.242940437257,491237.787215289,5641510.46939679
0.000599131509283039,326.242940437257,491737.787215289,5641510.46939679
0.00107019248178306,326.242940437257,492237.787215289,5641510.46939679
0.000859707991026476,326.242940437257,492737.787215289,5641510.46939679
0.000974236669767815,326.242940437257,493237.787215289,5641510.46939679
0.00238946224652453,326.242940437257,493737.787215289,5641510.46939679
0.00133405427949643,326.242940437257,494237.787215289,5641510.46939679
0.000819703853984643,326.242940437257,494737.787215289,5641510.46939679
0.000955986300070606,326.242940437257,495237.787215289,5641510.46939679
0.00117213852765651,326.242940437257,495737.787215289,5641510.46939679
0.000952534595450112,326.242940437257,496237.787215289,5641510.46939679
0.000569190002361874,326.242940437257,496737.787215289,5641510.46939679
0.000988233751146361,326.242940437257,497237.787215289,5641510.46939679
0.00104021851471722,326.242940437257,497737.787215289,5641510.46939679
0.00086111482644965,326.242940437257,498237.787215289,5641510.46939679
0.00064953735473333,326.242940437257,498737.787215289,5641510.46939679
0.000586238501994324,326.242940437257,499237.787215289,5641510.46939679
0.00133141269312436,326.242940437257,499737.787215289,5641510.46939679
0.000963223863817522,326.242940437257,500237.787215289,5641510.46939679
0.00268550012887414,326.242940437257,500737.787215289,5641510.46939679
0.000954093333329327,326.242940437257,501237.787215289,5641510.46939679
0.00266004390657338,326.242940437257,501737.787215289,5641510.46939679
0.00271854563472512,326.242940437257,502237.787215289,5641510.46939679
0.00256602569783484,326.242940437257,502737.787215289,5641510.46939679
0.00204882790923081,326.242940437257,503237.787215289,5641510.46939679
0.00105920851393547,326.242940437257,503737.787215289,5641510.46939679
0.00228256211505595,326.242940437257,504237.787215289,5641510.46939679
0.00068258843556001,326.242940437257,504737.787215289,5641510.46939679
0.00185852586444424,326.242940437257,505237.787215289,5641510.46939679
0.000847810430632133,326.242940437257,505737.787215289,5641510.46939679
0.00318778875148667,326.242940437257,506237.787215289,5641510.46939679
0.00123477814975712,326.242940437257,506737.787215289,5641510.46939679
0.00115236774483998,326.242940437257,507237.787215289,5641510.46939679
0.00281348233349727,326.242940437257,507737.787215289,5641510.46939679
0.00303438739002228,326.242940437257,508237.787215289,5641510.46939679
0.00112042360468605,326.242940437257,508737.787215289,5641510.46939679
0.000889590655745813,326.242940437257,509237.787215289,5641510.46939679
0.00223850651102943,326.242940437257,509737.787215289,5641510.46939679
0.00164576938330922,326.242940437257,510237.787215289,5641510.46939679
0.00225062378882606,326.242940437257,510737.787215289,5641510.46939679
0.00215660386237468,326.242940437257,511237.787215289,5641510.46939679
0.00108671062075235,326.242940437257,511737.787215289,5641510.46939679
0.000739821899290487,326.242940437257,512237.787215289,5641510.46939679
0.00194643804310957,326.242940437257,512737.787215289,5641510.46939679
0.00114387563320433,326.242940437257,513237.787215289,5641510.46939679
0.0014174913976281,326.242940437257,513737.787215289,5641510.46939679
0.0007787392773648,326.242940437257,514237.787215289,5641510.46939679
0.000249063307922233,326.242940437257,514737.787215289,5641510.46939679
0.000862823319392582,326.242940437257,515237.787215289,5641510.46939679
0.00117357610240913,326.242940437257,515737.787215289,5641510.46939679
0.00108481512627416,326.242940437257,516237.787215289,5641510.46939679
0.000389096915774698,326.242940437257,516737.787215289,5641510.46939679
0.000868136443409934,326.242940437257,517237.787215289,5641510.46939679
0.00034229105134062,326.242940437257,517737.787215289,5641510.46939679
0.000308396331468909,326.242940437257,518237.787215289,5641510.46939679
0.000389096915774698,326.242940437257,518737.787215289,5641510.46939679
0.000718889015855634,326.242940437257,519237.787215289,5641510.46939679
0.000650707550756967,326.242940437257,519737.787215289,5641510.46939679
0.000932446850811687,326.242940437257,520237.787215289,5641510.46939679
0.000953748749850023,326.242940437257,520737.787215289,5641510.46939679
0.000571195805713705,326.242940437257,521237.787215289,5641510.46939679
0.000543824420958742,326.242940437257,521737.787215289,5641510.46939679
0.00155624596974623,326.242940437257,522237.787215289,5641510.46939679
0.00111893479919416,326.242940437257,522737.787215289,5641510.46939679
0.00116611364255365,326.242940437257,523237.787215289,5641510.46939679
0.000702730128300381,326.242940437257,523737.787215289,5641510.46939679
0.000648401864189992,326.242940437257,524237.787215289,5641510.46939679
0.00381932809890935,326.242940437257,486737.787215289,5642010.46939679
0.00224639558011989,326.242940437257,487237.787215289,5642010.46939679
0.00426668560385549,326.242940437257,487737.787215289,5642010.46939679
0.00343742493250916,326.242940437257,488237.787215289,5642010.46939679
0.00302715213727289,326.242940437257,488737.787215289,5642010.46939679
0.00268128599246003,326.242940437257,489237.787215289,5642010.46939679
0.000719080855605173,326.242940437257,489737.787215289,5642010.46939679
0.000783621861075319,326.242940437257,490237.787215289,5642010.46939679
0.000726357411836081,326.242940437257,490737.787215289,5642010.46939679
0.000673659238150278,326.242940437257,491237.787215289,5642010.46939679
0.000690147822050474,326.242940437257,491737.787215289,5642010.46939679
0.000656133820041488,326.242940437257,492237.787215289,5642010.46939679
0.000601460050622279,326.242940437257,492737.787215289,5642010.46939679
0.00129811846942669,326.242940437257,493237.787215289,5642010.46939679
0.00145563094247696,326.242940437257,493737.787215289,5642010.46939679
0.00216849141720913,326.242940437257,494237.787215289,5642010.46939679
0.00129158028355801,326.242940437257,494737.787215289,5642010.46939679
0.00108671062075235,326.242940437257,495237.787215289,5642010.46939679
0.000980808265712031,326.242940437257,495737.787215289,5642010.46939679
0.000227527841685558,326.242940437257,496237.787215289,5642010.46939679
0.00129559761867027,326.242940437257,496737.787215289,5642010.46939679
0.000777785358891413,326.242940437257,497237.787215289,5642010.46939679
0.00228256211505595,326.242940437257,497737.787215289,5642010.46939679
0.000928428170344317,326.242940437257,498237.787215289,5642010.46939679
0.000632064764273117,326.242940437257,498737.787215289,5642010.46939679
0.000952534595450112,326.242940437257,499237.787215289,5642010.46939679
0.00123085032285055,326.242940437257,499737.787215289,5642010.46939679
0.00172173247131363,326.242940437257,500237.787215289,5642010.46939679
0.00228256211505595,326.242940437257,500737.787215289,5642010.46939679
0.00200318826444008,326.242940437257,501237.787215289,5642010.46939679
0.00258848857962098,326.242940437257,501737.787215289,5642010.46939679
0.00227710999851433,326.242940437257,502237.787215289,5642010.46939679
0.00184916509512336,326.242940437257,502737.787215289,5642010.46939679
0.0010062747280144,326.242940437257,503237.787215289,5642010.46939679
0.00195716712941652,326.242940437257,503737.787215289,5642010.46939679
0.00269296088380974,326.242940437257,504237.787215289,5642010.46939679
0.00259272441023358,326.242940437257,504737.787215289,5642010.46939679
0.000798614717752734,326.242940437257,505237.787215289,5642010.46939679
0.00232350781210542,326.242940437257,505737.787215289,5642010.46939679
0.0015574334328102,326.242940437257,506237.787215289,5642010.46939679
0.00172559664484572,326.242940437257,506737.787215289,5642010.46939679
0.00206659911357295,326.242940437257,507237.787215289,5642010.46939679
0.00297162408922246,326.242940437257,507737.787215289,5642010.46939679
0.000743469355301768,326.242940437257,508237.787215289,5642010.46939679
0.00174478081146217,326.242940437257,508737.787215289,5642010.46939679
0.00218033436983908,326.242940437257,509237.787215289,5642010.46939679
0.00137909888880895,326.242940437257,509737.787215289,5642010.46939679
0.00192443543827214,326.242940437257,510237.787215289,5642010.46939679
0.00136701611048611,326.242940437257,510737.787215289,5642010.46939679
0.000702849411322789,326.242940437257,511237.787215289,5642010.46939679
0.000980808265712031,326.242940437257,511737.787215289,5642010.46939679
0.000721098735541831,326.242940437257,512237.787215289,5642010.46939679
0.00105920851393547,326.242940437257,512737.787215289,5642010.46939679
0.000650826067867335,326.242940437257,513237.787215289,5642010.46939679
0.000650826067867335,326.242940437257,513737.787215289,5642010.46939679
0.0010062747280144,326.242940437257,514237.787215289,5642010.46939679
0.000390501730497801,326.242940437257,514737.787215289,5642010.46939679
0.000802508852856681,326.242940437257,515237.787215289,5642010.46939679
0.00104483268863509,326.242940437257,515737.787215289,5642010.46939679
0.000940481954155496,326.242940437257,516237.787215289,5642010.46939679
0.0010062747280144,326.242940437257,516737.787215289,5642010.46939679
0.000870366202307689,326.242940437257,517237.787215289,5642010.46939679
0.000831896660251417,326.242940437257,517737.787215289,5642010.46939679
0.000954815262448068,326.242940437257,518237.787215289,5642010.46939679
0.000777785358891413,326.242940437257,518737.787215289,5642010.46939679
0.000801154944503181,326.242940437257,519237.787215289,5642010.46939679
0.000980809720575588,326.242940437257,519737.787215289,5642010.46939679
0.00123960506682358,326.242940437257,520237.787215289,5642010.46939679
0.000687443523852497,326.242940437257,520737.787215289,5642010.46939679
0.000618196199128822,326.242940437257,521237.787215289,5642010.46939679
0.000914706083661443,326.242940437257,521737.787215289,5642010.46939679
0.00139473756235403,326.242940437257,522237.787215289,5642010.46939679
0.00135944001332041,326.242940437257,522737.787215289,5642010.46939679
0.000489767900741681,326.242940437257,523237.787215289,5642010.46939679
0.000646024528246853,326.242940437257,523737.787215289,5642010.46939679
0.000695251989979916,326.242940437257,524237.787215289,5642010.46939679
0.00304179045702724,326.242940437257,486737.787215289,5642510.46939679
0.00542541478795166,326.242940437257,487237.787215289,5642510.46939679
0.0044219251051843,326.242940437257,487737.787215289,5642510.46939679
0.00358497916130515,326.242940437257,488237.787215289,5642510.46939679
0.00317806143572488,326.242940437257,488737.787215289,5642510.46939679
0.0028274368636487,326.242940437257,489237.787215289,5642510.46939679
0.00238854499743644,326.242940437257,489737.787215289,5642510.46939679
0.000719080855605173,326.242940437257,490237.787215289,5642510.46939679
0.00189969048892562,326.242940437257,490737.787215289,5642510.46939679
0.00074544677843443,326.242940437257,491237.787215289,5642510.46939679
0.000686102507067793,326.242940437257,491737.787215289,5642510.46939679
0.000690147822050474,326.242940437257,492237.787215289,5642510.46939679
0.000650545565506247,326.242940437257,492737.787215289,5642510.46939679
0.0006330990818663,326.242940437257,493237.787215289,5642510.46939679
0.00119701136149195,326.242940437257,493737.787215289,5642510.46939679
0.00101974797569284,326.242940437257,494237.787215289,5642510.46939679
0.00172173247131363,326.242940437257,494737.787215289,5642510.46939679
0.000974236669767815,326.242940437257,495237.787215289,5642510.46939679
0.0007787392773648,326.242940437257,495737.787215289,5642510.46939679
0.00108671062075235,326.242940437257,496237.787215289,5642510.46939679
0.00221259958843276,326.242940437257,496737.787215289,5642510.46939679
0.00194643804310957,326.242940437257,497237.787215289,5642510.46939679
0.00221259958843276,326.242940437257,497737.787215289,5642510.46939679
0.00221259958843276,326.242940437257,498237.787215289,5642510.46939679
0.00221259958843276,326.242940437257,498737.787215289,5642510.46939679
0.00175675334805923,326.242940437257,499237.787215289,5642510.46939679
0.00189717824390288,326.242940437257,499737.787215289,5642510.46939679
0.00215660386237468,326.242940437257,500237.787215289,5642510.46939679
0.00146819469232264,326.242940437257,500737.787215289,5642510.46939679
0.00238946224652453,326.242940437257,501237.787215289,5642510.46939679
0.00227004923071137,326.242940437257,501737.787215289,5642510.46939679
0.00232899053981266,326.242940437257,502237.787215289,5642510.46939679
0.000389776783742493,326.242940437257,502737.787215289,5642510.46939679
0.000399897248788035,326.242940437257,503237.787215289,5642510.46939679
0.00105538411297769,326.242940437257,503737.787215289,5642510.46939679
0.00136069414341864,326.242940437257,504237.787215289,5642510.46939679
0.00155518111234944,326.242940437257,504737.787215289,5642510.46939679
0.00158182125925855,326.242940437257,505237.787215289,5642510.46939679
0.00080478554422808,326.242940437257,505737.787215289,5642510.46939679
0.00289641922643681,326.242940437257,506237.787215289,5642510.46939679
0.00404187849131141,326.242940437257,506737.787215289,5642510.46939679
0.00113826993198845,326.242940437257,507237.787215289,5642510.46939679
0.00152289100149826,326.242940437257,507737.787215289,5642510.46939679
0.00124140086652924,326.242940437257,508237.787215289,5642510.46939679
0.00313717717309777,326.242940437257,508737.787215289,5642510.46939679
0.00413841763250926,326.242940437257,509237.787215289,5642510.46939679
0.00280837960874616,326.242940437257,509737.787215289,5642510.46939679
0.00134063140881065,326.242940437257,510237.787215289,5642510.46939679
0.00210202525731453,326.242940437257,510737.787215289,5642510.46939679
0.00111492681348282,326.242940437257,511237.787215289,5642510.46939679
0.00111492681348282,326.242940437257,511737.787215289,5642510.46939679
0.00143103811495499,326.242940437257,512237.787215289,5642510.46939679
0.000908211028737679,326.242940437257,512737.787215289,5642510.46939679
0.00050366347049305,326.242940437257,513237.787215289,5642510.46939679
0.000667724617871612,326.242940437257,513737.787215289,5642510.46939679
0.000431862766070959,326.242940437257,514237.787215289,5642510.46939679
0.000801840352052785,326.242940437257,514737.787215289,5642510.46939679
0.000719080855605173,326.242940437257,515237.787215289,5642510.46939679
0.00109580225527891,326.242940437257,515737.787215289,5642510.46939679
0.00120404773750416,326.242940437257,516237.787215289,5642510.46939679
0.000683867015911169,326.242940437257,516737.787215289,5642510.46939679
0.00104810582881266,326.242940437257,517237.787215289,5642510.46939679
0.00124683279768457,326.242940437257,517737.787215289,5642510.46939679
0.00101123584474968,326.242940437257,518237.787215289,5642510.46939679
0.000912688673667435,326.242940437257,518737.787215289,5642510.46939679
0.000841469516733036,326.242940437257,519237.787215289,5642510.46939679
0.000929222203332207,326.242940437257,519737.787215289,5642510.46939679
0.000983503944697122,326.242940437257,520237.787215289,5642510.46939679
0.00140808991016807,326.242940437257,520737.787215289,5642510.46939679
0.00108969736452852,326.242940437257,521237.787215289,5642510.46939679
0.000651909407708025,326.242940437257,521737.787215289,5642510.46939679
0.000571195805713705,326.242940437257,522237.787215289,5642510.46939679
0.000590476258626867,326.242940437257,522737.787215289,5642510.46939679
0.00106475272023938,326.242940437257,523237.787215289,5642510.46939679
0.00117440021994015,326.242940437257,523737.787215289,5642510.46939679
0.0005754649584263,326.242940437257,524237.787215289,5642510.46939679
0.00284248694463909,326.242940437257,486737.787215289,5643010.46939679
0.0058304252397469,326.242940437257,487237.787215289,5643010.46939679
0.00201426389078898,326.242940437257,487737.787215289,5643010.46939679
0.00159951239563795,326.242940437257,488237.787215289,5643010.46939679
0.00353430695082171,326.242940437257,488737.787215289,5643010.46939679
0.00125871393304389,326.242940437257,489237.787215289,5643010.46939679
0.00133370644990004,326.242940437257,489737.787215289,5643010.46939679
0.0010007946990053,326.242940437257,490237.787215289,5643010.46939679
0.000878995148529282,326.242940437257,490737.787215289,5643010.46939679
0.0009357337570986,326.242940437257,491237.787215289,5643010.46939679
0.000880888170601138,326.242940437257,491737.787215289,5643010.46939679
0.000741239057013983,326.242940437257,492237.787215289,5643010.46939679
0.000707975002806422,326.242940437257,492737.787215289,5643010.46939679
0.000780947362696032,326.242940437257,493237.787215289,5643010.46939679
0.00067268179313808,326.242940437257,493737.787215289,5643010.46939679
0.000869823634564071,326.242940437257,494237.787215289,5643010.46939679
0.00109493786981603,326.242940437257,494737.787215289,5643010.46939679
0.000852247452422959,326.242940437257,495237.787215289,5643010.46939679
0.000663250740005715,326.242940437257,495737.787215289,5643010.46939679
0.0013251158702283,326.242940437257,496237.787215289,5643010.46939679
0.000980808265712031,326.242940437257,496737.787215289,5643010.46939679
0.000443075984022338,326.242940437257,497237.787215289,5643010.46939679
0.000721098735541831,326.242940437257,497737.787215289,5643010.46939679
0.000955986300070606,326.242940437257,498237.787215289,5643010.46939679
0.000798959064599146,326.242940437257,498737.787215289,5643010.46939679
0.000667724617871612,326.242940437257,499237.787215289,5643010.46939679
0.000478492964428777,326.242940437257,499737.787215289,5643010.46939679
0.000759031205703776,326.242940437257,500237.787215289,5643010.46939679
0.000702849411322789,326.242940437257,500737.787215289,5643010.46939679
0.00120404773750416,326.242940437257,501237.787215289,5643010.46939679
0.00117357610240913,326.242940437257,501737.787215289,5643010.46939679
0.0005725358644045,326.242940437257,502237.787215289,5643010.46939679
0.000587401627181312,326.242940437257,502737.787215289,5643010.46939679
0.00116571292647105,326.242940437257,503237.787215289,5643010.46939679
0.00191939195585232,326.242940437257,503737.787215289,5643010.46939679
0.00160926707062946,326.242940437257,504237.787215289,5643010.46939679
0.00319400743018962,326.242940437257,504737.787215289,5643010.46939679
0.00260734393015316,326.242940437257,505237.787215289,5643010.46939679
0.00287587865731962,326.242940437257,505737.787215289,5643010.46939679
0.00150469186695462,326.242940437257,506237.787215289,5643010.46939679
0.00169574396444005,326.242940437257,506737.787215289,5643010.46939679
0.000205440391260894,326.242940437257,507237.787215289,5643010.46939679
0.000671016621222245,326.242940437257,507737.787215289,5643010.46939679
0.00182347063200248,326.242940437257,508237.787215289,5643010.46939679
0.00558839027910139,326.242940437257,508737.787215289,5643010.46939679
0.00187081662992355,326.242940437257,509237.787215289,5643010.46939679
0.00127363355611271,326.242940437257,509737.787215289,5643010.46939679
0.00241744002153272,326.242940437257,510237.787215289,5643010.46939679
0.00231596081459431,326.242940437257,510737.787215289,5643010.46939679
0.00210202525731453,326.242940437257,511237.787215289,5643010.46939679
0.00171761994967612,326.242940437257,511737.787215289,5643010.46939679
0.00235626026270276,326.242940437257,512237.787215289,5643010.46939679
0.00143548922011614,326.242940437257,512737.787215289,5643010.46939679
0.000977266938370492,326.242940437257,513237.787215289,5643010.46939679
0.000804986989140649,326.242940437257,513737.787215289,5643010.46939679
0.000673951485673932,326.242940437257,514237.787215289,5643010.46939679
0.00150575009133252,326.242940437257,514737.787215289,5643010.46939679
0.00095331112470342,326.242940437257,515237.787215289,5643010.46939679
0.000719080855605173,326.242940437257,515737.787215289,5643010.46939679
0.000774647459739089,326.242940437257,516237.787215289,5643010.46939679
0.000543923470829679,326.242940437257,516737.787215289,5643010.46939679
0.00103113777745982,326.242940437257,517237.787215289,5643010.46939679
0.000784634942566005,326.242940437257,517737.787215289,5643010.46939679
0.000988807157369549,326.242940437257,518237.787215289,5643010.46939679
0.00137985494121424,326.242940437257,518737.787215289,5643010.46939679
0.00166787500448399,326.242940437257,519237.787215289,5643010.46939679
0.000798151603539132,326.242940437257,519737.787215289,5643010.46939679
0.00178664926611223,326.242940437257,520237.787215289,5643010.46939679
0.0015822986882529,326.242940437257,520737.787215289,5643010.46939679
0.00155023408423846,326.242940437257,521237.787215289,5643010.46939679
0.000591018749740547,326.242940437257,521737.787215289,5643010.46939679
0.000654232681334605,326.242940437257,522237.787215289,5643010.46939679
0.000305752024001717,326.242940437257,522737.787215289,5643010.46939679
0.000330192106140657,326.242940437257,523237.787215289,5643010.46939679
0.00118294559556697,326.242940437257,523737.787215289,5643010.46939679
0.00149030102600591,326.242940437257,524237.787215289,5643010.46939679
0.0030330164013974,326.242940437257,486737.787215289,5643510.46939679
0.00273103045187639,326.242940437257,487237.787215289,5643510.46939679
0.00208012239710413,326.242940437257,487737.787215289,5643510.46939679
0.00177324736645812,326.242940437257,488237.787215289,5643510.46939679
0.00392512256477579,326.242940437257,488737.787215289,5643510.46939679
0.00169585745902467,326.242940437257,489237.787215289,5643510.46939679
0.00364898679077279,326.242940437257,489737.787215289,5643510.46939679
0.00127494068332949,326.242940437257,490237.787215289,5643510.46939679
0.00255041704662055,326.242940437257,490737.787215289,5643510.46939679
0.00116718497391654,326.242940437257,491237.787215289,5643510.46939679
0.000956848099826484,326.242940437257,491737.787215289,5643510.46939679
0.00085797203017452,326.242940437257,492237.787215289,5643510.46939679
0.00081899372926921,326.242940437257,492737.787215289,5643510.46939679
0.00195410817802674,326.242940437257,493237.787215289,5643510.46939679
0.00158861378967473,326.242940437257,493737.787215289,5643510.46939679
0.000746397307667859,326.242940437257,494237.787215289,5643510.46939679
0.00151582311192629,326.242940437257,494737.787215289,5643510.46939679
0.000716884681823564,326.242940437257,495237.787215289,5643510.46939679
0.000617267369758324,326.242940437257,495737.787215289,5643510.46939679
0.000676664938946084,326.242940437257,496237.787215289,5643510.46939679
0.00154542718298373,326.242940437257,496737.787215289,5643510.46939679
0.0015063160317237,326.242940437257,497237.787215289,5643510.46939679
0.000614158401748702,326.242940437257,497737.787215289,5643510.46939679
0.000663250740005715,326.242940437257,498237.787215289,5643510.46939679
0.000680471893780467,326.242940437257,498737.787215289,5643510.46939679
0.000500288832517769,326.242940437257,499237.787215289,5643510.46939679
0.00194643804310957,326.242940437257,499737.787215289,5643510.46939679
0.000379912444021765,326.242940437257,500237.787215289,5643510.46939679
0.000490916924815905,326.242940437257,500737.787215289,5643510.46939679
0.000634355180681837,326.242940437257,501237.787215289,5643510.46939679
0.000931792520385441,326.242940437257,501737.787215289,5643510.46939679
0.00113621145587769,326.242940437257,502237.787215289,5643510.46939679
0.0016317821514393,326.242940437257,502737.787215289,5643510.46939679
0.0013067031601094,326.242940437257,503237.787215289,5643510.46939679
0.00238790904489831,326.242940437257,503737.787215289,5643510.46939679
0.00129897445982925,326.242940437257,504237.787215289,5643510.46939679
0.00122940179271336,326.242940437257,504737.787215289,5643510.46939679
0.00419822627604694,326.242940437257,505237.787215289,5643510.46939679
0.00419830235476131,326.242940437257,505737.787215289,5643510.46939679
0.00449637999467701,326.242940437257,506237.787215289,5643510.46939679
0.00142546978055743,326.242940437257,506737.787215289,5643510.46939679
0.00114357738911791,326.242940437257,507237.787215289,5643510.46939679
0.000706314586269371,326.242940437257,507737.787215289,5643510.46939679
0.00018768092974945,326.242940437257,508237.787215289,5643510.46939679
0.00186235978954997,326.242940437257,508737.787215289,5643510.46939679
0.00261067646170061,326.242940437257,509237.787215289,5643510.46939679
0.00212663748535714,326.242940437257,509737.787215289,5643510.46939679
0.000739503040228471,326.242940437257,510237.787215289,5643510.46939679
0.00194811592216096,326.242940437257,510737.787215289,5643510.46939679
0.00266086529863004,326.242940437257,511237.787215289,5643510.46939679
0.000880053124934083,326.242940437257,511737.787215289,5643510.46939679
0.00248020829880851,326.242940437257,512237.787215289,5643510.46939679
0.00212663748535714,326.242940437257,512737.787215289,5643510.46939679
0.000755937919198218,326.242940437257,513237.787215289,5643510.46939679
0.000655222842417047,326.242940437257,513737.787215289,5643510.46939679
0.000954302146723877,326.242940437257,514237.787215289,5643510.46939679
0.000748729456928936,326.242940437257,514737.787215289,5643510.46939679
0.00150662369186343,326.242940437257,515237.787215289,5643510.46939679
0.000419142408397503,326.242940437257,515737.787215289,5643510.46939679
0.003099754481333,326.242940437257,516237.787215289,5643510.46939679
0.000399897248788035,326.242940437257,516737.787215289,5643510.46939679
0.00131926130731063,326.242940437257,517237.787215289,5643510.46939679
0.00199677285910775,326.242940437257,517737.787215289,5643510.46939679
0.00119914087123769,326.242940437257,518237.787215289,5643510.46939679
0.00223552471877445,326.242940437257,518737.787215289,5643510.46939679
0.00163445241734064,326.242940437257,519237.787215289,5643510.46939679
0.00116474819261156,326.242940437257,519737.787215289,5643510.46939679
0.00107496386770593,326.242940437257,520237.787215289,5643510.46939679
0.000656515650795482,326.242940437257,520737.787215289,5643510.46939679
0.000604748475192289,326.242940437257,521237.787215289,5643510.46939679
0.000719410955461033,326.242940437257,521737.787215289,5643510.46939679
0.00089229372127521,326.242940437257,522237.787215289,5643510.46939679
0.000580337394487564,326.242940437257,522737.787215289,5643510.46939679
0.000745728423979591,326.242940437257,523237.787215289,5643510.46939679
0.000347561436575663,326.242940437257,523737.787215289,5643510.46939679
0.000809845899058137,326.242940437257,524237.787215289,5643510.46939679
0.00442483152841627,326.242940437257,486737.787215289,5644010.46939679
0.00354751291026384,326.242940437257,487237.787215289,5644010.46939679
0.00574951102420116,326.242940437257,487737.787215289,5644010.46939679
0.00255209337337399,326.242940437257,488237.787215289,5644010.46939679
0.00168158779634611,326.242940437257,488737.787215289,5644010.46939679
0.00158155211403162,326.242940437257,489237.787215289,5644010.46939679
0.00204750841249559,326.242940437257,489737.787215289,5644010.46939679
0.0013292862254262,326.242940437257,490237.787215289,5644010.46939679
0.00121642093065351,326.242940437257,490737.787215289,5644010.46939679
0.00128048066655363,326.242940437257,491237.787215289,5644010.46939679
0.00102930746177478,326.242940437257,491737.787215289,5644010.46939679
0.000956848099826484,326.242940437257,492237.787215289,5644010.46939679
0.00102513525554104,326.242940437257,492737.787215289,5644010.46939679
0.000844544431555008,326.242940437257,493237.787215289,5644010.46939679
0.000824843279722174,326.242940437257,493737.787215289,5644010.46939679
0.000891956721177735,326.242940437257,494237.787215289,5644010.46939679
0.000684367531701151,326.242940437257,494737.787215289,5644010.46939679
0.000639528606049512,326.242940437257,495237.787215289,5644010.46939679
0.000701457685772263,326.242940437257,495737.787215289,5644010.46939679
0.000535655765234237,326.242940437257,496237.787215289,5644010.46939679
0.000556031425352343,326.242940437257,496737.787215289,5644010.46939679
0.000543257190519933,326.242940437257,497237.787215289,5644010.46939679
0.000557362739225544,326.242940437257,497737.787215289,5644010.46939679
0.000718495120995138,326.242940437257,498237.787215289,5644010.46939679
0.000648476181320395,326.242940437257,498737.787215289,5644010.46939679
0.000541959569090376,326.242940437257,499237.787215289,5644010.46939679
0.00108278692009836,326.242940437257,499737.787215289,5644010.46939679
0.00162672238933566,326.242940437257,500237.787215289,5644010.46939679
0.000974236669767815,326.242940437257,500737.787215289,5644010.46939679
0.00129158028355801,326.242940437257,501237.787215289,5644010.46939679
0.0015063160317237,326.242940437257,501737.787215289,5644010.46939679
0.00200318826444008,326.242940437257,502237.787215289,5644010.46939679
0.00141115359725224,326.242940437257,502737.787215289,5644010.46939679
0.00187081662992355,326.242940437257,503237.787215289,5644010.46939679
0.00362369616876264,326.242940437257,503737.787215289,5644010.46939679
0.00148953067157498,326.242940437257,504237.787215289,5644010.46939679
0.00128995079475468,326.242940437257,504737.787215289,5644010.46939679
0.00165365760508478,326.242940437257,505237.787215289,5644010.46939679
0.00429720690450651,326.242940437257,505737.787215289,5644010.46939679
0.00496032069365149,326.242940437257,506237.787215289,5644010.46939679
0.00146005359812628,326.242940437257,506737.787215289,5644010.46939679
0.00206061415311541,326.242940437257,507237.787215289,5644010.46939679
0.00103749235218279,326.242940437257,507737.787215289,5644010.46939679
0.00131995969150473,326.242940437257,508237.787215289,5644010.46939679
0.000605624566427167,326.242940437257,508737.787215289,5644010.46939679
0.00212663748535714,326.242940437257,509237.787215289,5644010.46939679
0.00278321401299082,326.242940437257,509737.787215289,5644010.46939679
0.00273175421256774,326.242940437257,510237.787215289,5644010.46939679
0.00275682720112784,326.242940437257,510737.787215289,5644010.46939679
0.00287267272491761,326.242940437257,511237.787215289,5644010.46939679
0.00223850651102943,326.242940437257,511737.787215289,5644010.46939679
0.00218185514128945,326.242940437257,512237.787215289,5644010.46939679
0.00273334746019846,326.242940437257,512737.787215289,5644010.46939679
0.000984607317372456,326.242940437257,513237.787215289,5644010.46939679
0.00199483507380488,326.242940437257,513737.787215289,5644010.46939679
0.00136846040815144,326.242940437257,514237.787215289,5644010.46939679
0.000917588533161661,326.242940437257,514737.787215289,5644010.46939679
0.000759031205703776,326.242940437257,515237.787215289,5644010.46939679
0.000154673724567292,326.242940437257,515737.787215289,5644010.46939679
0.00138206172707064,326.242940437257,516237.787215289,5644010.46939679
0.00183148441644174,326.242940437257,516737.787215289,5644010.46939679
0.00223892042906561,326.242940437257,517237.787215289,5644010.46939679
0.00171742310576812,326.242940437257,517737.787215289,5644010.46939679
0.00114031484338885,326.242940437257,518237.787215289,5644010.46939679
0.00172908360487559,326.242940437257,518737.787215289,5644010.46939679
0.000900273774153667,326.242940437257,519237.787215289,5644010.46939679
0.000746912913459626,326.242940437257,519737.787215289,5644010.46939679
0.000662769117260184,326.242940437257,520237.787215289,5644010.46939679
0.000850333846578573,326.242940437257,520737.787215289,5644010.46939679
0.000985826081723642,326.242940437257,521237.787215289,5644010.46939679
0.000709993533402175,326.242940437257,521737.787215289,5644010.46939679
0.000437747446089672,326.242940437257,522237.787215289,5644010.46939679
0.000626726273304913,326.242940437257,522737.787215289,5644010.46939679
0.00101938240787677,326.242940437257,523237.787215289,5644010.46939679
0.000356585789786926,326.242940437257,523737.787215289,5644010.46939679
0.000249063307922233,326.242940437257,524237.787215289,5644010.46939679
0.00556895332733679,326.242940437257,486737.787215289,5644510.46939679
0.00701501971057073,326.242940437257,487237.787215289,5644510.46939679
0.0090988081609495,326.242940437257,487737.787215289,5644510.46939679
0.00218954455647328,326.242940437257,488237.787215289,5644510.46939679
0.00437197812590767,326.242940437257,488737.787215289,5644510.46939679
0.00221092020905908,326.242940437257,489237.787215289,5644510.46939679
0.00169028839114156,326.242940437257,489737.787215289,5644510.46939679
0.00197353777704929,326.242940437257,490237.787215289,5644510.46939679
0.00199545739031517,326.242940437257,490737.787215289,5644510.46939679
0.00127778294221539,326.242940437257,491237.787215289,5644510.46939679
0.00120286048415549,326.242940437257,491737.787215289,5644510.46939679
0.00220399010817675,326.242940437257,492237.787215289,5644510.46939679
0.00104930463688869,326.242940437257,492737.787215289,5644510.46939679
0.0010007946990053,326.242940437257,493237.787215289,5644510.46939679
0.000948557143053711,326.242940437257,493737.787215289,5644510.46939679
0.00424587069985596,326.242940437257,494237.787215289,5644510.46939679
0.000815783025645512,326.242940437257,494737.787215289,5644510.46939679
0.000686102507067793,326.242940437257,495237.787215289,5644510.46939679
0.000702136978142736,326.242940437257,495737.787215289,5644510.46939679
0.000607568260303001,326.242940437257,496237.787215289,5644510.46939679
0.000683705430633474,326.242940437257,496737.787215289,5644510.46939679
0.000764777665393391,326.242940437257,497237.787215289,5644510.46939679
0.000655753330061361,326.242940437257,497737.787215289,5644510.46939679
0.000719670874155681,326.242940437257,498237.787215289,5644510.46939679
0.00181093172145015,326.242940437257,498737.787215289,5644510.46939679
0.00266004390657338,326.242940437257,499237.787215289,5644510.46939679
0.00266004390657338,326.242940437257,499737.787215289,5644510.46939679
0.002059199403635,326.242940437257,500237.787215289,5644510.46939679
0.002059199403635,326.242940437257,500737.787215289,5644510.46939679
0.00117161395165687,326.242940437257,501237.787215289,5644510.46939679
0.00182347063200248,326.242940437257,501737.787215289,5644510.46939679
0.00160411880539881,326.242940437257,502237.787215289,5644510.46939679
0.00248020829880851,326.242940437257,502737.787215289,5644510.46939679
0.00242343905807631,326.242940437257,503237.787215289,5644510.46939679
0.00289936302892798,326.242940437257,503737.787215289,5644510.46939679
0.00125730515398484,326.242940437257,504237.787215289,5644510.46939679
0.0012283649347916,326.242940437257,504737.787215289,5644510.46939679
0.00257357774835781,326.242940437257,505237.787215289,5644510.46939679
0.00366336838176652,326.242940437257,505737.787215289,5644510.46939679
0.00585605705902432,326.242940437257,506237.787215289,5644510.46939679
0.0063305762482114,326.242940437257,506737.787215289,5644510.46939679
0.00187200480128578,326.242940437257,507237.787215289,5644510.46939679
0.00191417841252117,326.242940437257,507737.787215289,5644510.46939679
0.00153941374752592,326.242940437257,508237.787215289,5644510.46939679
0.000671016621222245,326.242940437257,508737.787215289,5644510.46939679
0.000590297623634179,326.242940437257,509237.787215289,5644510.46939679
0.00116697758222055,326.242940437257,509737.787215289,5644510.46939679
0.00239407364404263,326.242940437257,510237.787215289,5644510.46939679
0.00288274433731658,326.242940437257,510737.787215289,5644510.46939679
0.00191539109293617,326.242940437257,511237.787215289,5644510.46939679
0.00235626026270276,326.242940437257,511737.787215289,5644510.46939679
0.0037265122783058,326.242940437257,512237.787215289,5644510.46939679
0.00103345201348312,326.242940437257,512737.787215289,5644510.46939679
0.00283072053826371,326.242940437257,513237.787215289,5644510.46939679
0.0024464711245767,326.242940437257,513737.787215289,5644510.46939679
0.00242863697975018,326.242940437257,514237.787215289,5644510.46939679
0.00068279523318705,326.242940437257,514737.787215289,5644510.46939679
0.00107964992948182,326.242940437257,515237.787215289,5644510.46939679
0.000216781954342831,326.242940437257,515737.787215289,5644510.46939679
0.000436720828112163,326.242940437257,516237.787215289,5644510.46939679
0.000719080855605173,326.242940437257,516737.787215289,5644510.46939679
0.00105920851393547,326.242940437257,517237.787215289,5644510.46939679
0.00113979871115816,326.242940437257,517737.787215289,5644510.46939679
0.00104549708098776,326.242940437257,518237.787215289,5644510.46939679
0.000793985249990688,326.242940437257,518737.787215289,5644510.46939679
0.00102013366825914,326.242940437257,519237.787215289,5644510.46939679
0.000532001110720872,326.242940437257,519737.787215289,5644510.46939679
0.000773474819017143,326.242940437257,520237.787215289,5644510.46939679
0.00134506789276961,326.242940437257,520737.787215289,5644510.46939679
0.000784498961946119,326.242940437257,521237.787215289,5644510.46939679
0.000375343525953392,326.242940437257,521737.787215289,5644510.46939679
0.000298014154634295,326.242940437257,522237.787215289,5644510.46939679
0.000385089234761414,326.242940437257,522737.787215289,5644510.46939679
0.000826248133163127,326.242940437257,523237.787215289,5644510.46939679
0.000915708988299514,326.242940437257,523737.787215289,5644510.46939679
0.000690531271787103,326.242940437257,524237.787215289,5644510.46939679
0.0104594062370198,326.242940437257,486737.787215289,5645010.46939679
0.00783024510868695,326.242940437257,487237.787215289,5645010.46939679
0.00546816043666387,326.242940437257,487737.787215289,5645010.46939679
0.0078202438284706,326.242940437257,488237.787215289,5645010.46939679
0.00795592773219595,326.242940437257,488737.787215289,5645010.46939679
0.00463147000011679,326.242940437257,489237.787215289,5645010.46939679
0.00165324312565938,326.242940437257,489737.787215289,5645010.46939679
0.0016400192549252,326.242940437257,490237.787215289,5645010.46939679
0.00164937080812343,326.242940437257,490737.787215289,5645010.46939679
0.00152453036398359,326.242940437257,491237.787215289,5645010.46939679
0.0012913961524398,326.242940437257,491737.787215289,5645010.46939679
0.00122022988921226,326.242940437257,492237.787215289,5645010.46939679
0.00124800502191503,326.242940437257,492737.787215289,5645010.46939679
0.000719080855605173,326.242940437257,493237.787215289,5645010.46939679
0.0024325098458336,326.242940437257,493737.787215289,5645010.46939679
0.00075690717779221,326.242940437257,494237.787215289,5645010.46939679
0.000846260146833462,326.242940437257,494737.787215289,5645010.46939679
0.000864476091137054,326.242940437257,495237.787215289,5645010.46939679
0.00072667612169039,326.242940437257,495737.787215289,5645010.46939679
0.000708067352408991,326.242940437257,496237.787215289,5645010.46939679
0.000667436832330872,326.242940437257,496737.787215289,5645010.46939679
0.000577181000213571,326.242940437257,497237.787215289,5645010.46939679
0.00173783010396728,326.242940437257,497737.787215289,5645010.46939679
0.00287713168261608,326.242940437257,498237.787215289,5645010.46939679
0.00344260249861492,326.242940437257,498737.787215289,5645010.46939679
0.00273334746019846,326.242940437257,499237.787215289,5645010.46939679
0.00266417282218308,326.242940437257,499737.787215289,5645010.46939679
0.000719670874155681,326.242940437257,500237.787215289,5645010.46939679
0.00205856374198235,326.242940437257,500737.787215289,5645010.46939679
0.00141115359725224,326.242940437257,501237.787215289,5645010.46939679
0.00168850140894933,326.242940437257,501737.787215289,5645010.46939679
0.000988807157369549,326.242940437257,502237.787215289,5645010.46939679
0.00089179823351615,326.242940437257,502737.787215289,5645010.46939679
0.00088657094069524,326.242940437257,503237.787215289,5645010.46939679
0.00191694184978262,326.242940437257,503737.787215289,5645010.46939679
0.0022833817226898,326.242940437257,504237.787215289,5645010.46939679
0.00108742506740814,326.242940437257,504737.787215289,5645010.46939679
0.00204085568347216,326.242940437257,505237.787215289,5645010.46939679
0.00585605705902432,326.242940437257,505737.787215289,5645010.46939679
0.00675465196244179,326.242940437257,506237.787215289,5645010.46939679
0.0060928608983224,326.242940437257,506737.787215289,5645010.46939679
0.00241087365645847,326.242940437257,507237.787215289,5645010.46939679
0.00423729129257805,326.242940437257,507737.787215289,5645010.46939679
0.0027355856387963,326.242940437257,508237.787215289,5645010.46939679
0.00207281725928576,326.242940437257,508737.787215289,5645010.46939679
0.000560797588817548,326.242940437257,509237.787215289,5645010.46939679
0.00130114734641268,326.242940437257,509737.787215289,5645010.46939679
0.00106584959958057,326.242940437257,510237.787215289,5645010.46939679
0.00295876531647312,326.242940437257,510737.787215289,5645010.46939679
0.00319240552684005,326.242940437257,511237.787215289,5645010.46939679
0.00241744002153272,326.242940437257,511737.787215289,5645010.46939679
0.00196922852900935,326.242940437257,512237.787215289,5645010.46939679
0.00324594602507945,326.242940437257,512737.787215289,5645010.46939679
0.0023621074776476,326.242940437257,513237.787215289,5645010.46939679
0.00163445241734064,326.242940437257,513737.787215289,5645010.46939679
0.00089741261114924,326.242940437257,514237.787215289,5645010.46939679
0.00161113483318315,326.242940437257,514737.787215289,5645010.46939679
0.000579429275125584,326.242940437257,515237.787215289,5645010.46939679
0.000431570596184263,326.242940437257,515737.787215289,5645010.46939679
0.000453776994990276,326.242940437257,516237.787215289,5645010.46939679
0.000792068761636892,326.242940437257,516737.787215289,5645010.46939679
0.000516740977313489,326.242940437257,517237.787215289,5645010.46939679
0.00147913618389604,326.242940437257,517737.787215289,5645010.46939679
0.00200295869362814,326.242940437257,518237.787215289,5645010.46939679
0.000944619845633979,326.242940437257,518737.787215289,5645010.46939679
0.000216683259249899,326.242940437257,519237.787215289,5645010.46939679
0.000519384624640356,326.242940437257,519737.787215289,5645010.46939679
0.000530530330215232,326.242940437257,520237.787215289,5645010.46939679
0.00121366050740898,326.242940437257,520737.787215289,5645010.46939679
0.000672177210691428,326.242940437257,521237.787215289,5645010.46939679
0.000347561436575663,326.242940437257,521737.787215289,5645010.46939679
0.000313690805377565,326.242940437257,522237.787215289,5645010.46939679
0.000249063307922233,326.242940437257,522737.787215289,5645010.46939679
0.000745728423979591,326.242940437257,523237.787215289,5645010.46939679
0.000952579040129523,326.242940437257,523737.787215289,5645010.46939679
0.00149030102600591,326.242940437257,524237.787215289,5645010.46939679
0.00418490416187369,326.242940437257,486737.787215289,5645510.46939679
0.00472499251155125,326.242940437257,487237.787215289,5645510.46939679
0.00621703510328944,326.242940437257,487737.787215289,5645510.46939679
0.0131122995793163,326.242940437257,488237.787215289,5645510.46939679
0.00820799253824831,326.242940437257,488737.787215289,5645510.46939679
0.0117852682391495,326.242940437257,489237.787215289,5645510.46939679
0.00900290532412793,326.242940437257,489737.787215289,5645510.46939679
0.00209224697579597,326.242940437257,490237.787215289,5645510.46939679
0.00464958379208024,326.242940437257,490737.787215289,5645510.46939679
0.00174020985080195,326.242940437257,491237.787215289,5645510.46939679
0.00159951239563795,326.242940437257,491737.787215289,5645510.46939679
0.00143762155743854,326.242940437257,492237.787215289,5645510.46939679
0.00207735318976825,326.242940437257,492737.787215289,5645510.46939679
0.00146707756376754,326.242940437257,493237.787215289,5645510.46939679
0.00178311321219151,326.242940437257,493737.787215289,5645510.46939679
0.00120669729540775,326.242940437257,494237.787215289,5645510.46939679
0.0017589717538259,326.242940437257,494737.787215289,5645510.46939679
0.00381940069686102,326.242940437257,495237.787215289,5645510.46939679
0.00101053100483012,326.242940437257,495737.787215289,5645510.46939679
0.00158842639677906,326.242940437257,496237.787215289,5645510.46939679
0.00160207114587329,326.242940437257,496737.787215289,5645510.46939679
0.00106726169522794,326.242940437257,497237.787215289,5645510.46939679
0.000869383380535423,326.242940437257,497737.787215289,5645510.46939679
0.0036384813546836,326.242940437257,498237.787215289,5645510.46939679
0.00304878162907054,326.242940437257,498737.787215289,5645510.46939679
0.00289641922643681,326.242940437257,499237.787215289,5645510.46939679
0.00106307185691944,326.242940437257,499737.787215289,5645510.46939679
0.00196155970116931,326.242940437257,500237.787215289,5645510.46939679
0.00247054954657595,326.242940437257,500737.787215289,5645510.46939679
0.00229662882062819,326.242940437257,501237.787215289,5645510.46939679
0.000889590655745813,326.242940437257,501737.787215289,5645510.46939679
0.00106123746918505,326.242940437257,502237.787215289,5645510.46939679
0.00100134335671616,326.242940437257,502737.787215289,5645510.46939679
0.000866472834567862,326.242940437257,503237.787215289,5645510.46939679
0.00105177171747178,326.242940437257,503737.787215289,5645510.46939679
0.00117005792933191,326.242940437257,504237.787215289,5645510.46939679
0.00114357738911791,326.242940437257,504737.787215289,5645510.46939679
0.00171204991611683,326.242940437257,505237.787215289,5645510.46939679
0.00157033387798291,326.242940437257,505737.787215289,5645510.46939679
0.00456144649382961,326.242940437257,506237.787215289,5645510.46939679
0.00433944701402305,326.242940437257,506737.787215289,5645510.46939679
0.00229662882062819,326.242940437257,507237.787215289,5645510.46939679
0.00254460634004828,326.242940437257,507737.787215289,5645510.46939679
0.00160411880539881,326.242940437257,508237.787215289,5645510.46939679
0.001149515147334,326.242940437257,508737.787215289,5645510.46939679
0.000546605112093957,326.242940437257,509237.787215289,5645510.46939679
0.000621349469784409,326.242940437257,509737.787215289,5645510.46939679
0.001149515147334,326.242940437257,510237.787215289,5645510.46939679
0.00177732285066944,326.242940437257,510737.787215289,5645510.46939679
0.00109206830101294,326.242940437257,511237.787215289,5645510.46939679
0.000762773367076194,326.242940437257,511737.787215289,5645510.46939679
0.000936386426341733,326.242940437257,512237.787215289,5645510.46939679
0.000671016621222245,326.242940437257,512737.787215289,5645510.46939679
0.000912688673667435,326.242940437257,513237.787215289,5645510.46939679
0.0013067031601094,326.242940437257,513737.787215289,5645510.46939679
0.00191939195585232,326.242940437257,514237.787215289,5645510.46939679
0.000720976355363026,326.242940437257,514737.787215289,5645510.46939679
0.00184314394992627,326.242940437257,515237.787215289,5645510.46939679
0.00113913774539826,326.242940437257,515737.787215289,5645510.46939679
0.000963618618996589,326.242940437257,516237.787215289,5645510.46939679
0.000939231683151583,326.242940437257,516737.787215289,5645510.46939679
0.000551335120622092,326.242940437257,517237.787215289,5645510.46939679
0.00131067364276503,326.242940437257,517737.787215289,5645510.46939679
0.00243231522631881,326.242940437257,518237.787215289,5645510.46939679
0.000960877126882605,326.242940437257,518737.787215289,5645510.46939679
0.00121398804978915,326.242940437257,519237.787215289,5645510.46939679
0.00118886304087261,326.242940437257,519737.787215289,5645510.46939679
0.000283120942150335,326.242940437257,520237.787215289,5645510.46939679
0.000676823215911311,326.242940437257,520737.787215289,5645510.46939679
0.000485013040267883,326.242940437257,521237.787215289,5645510.46939679
0.000749458779101836,326.242940437257,521737.787215289,5645510.46939679
0.000494969810251139,326.242940437257,522237.787215289,5645510.46939679
0.000656199122569655,326.242940437257,522737.787215289,5645510.46939679
0.000740341422648014,326.242940437257,523237.787215289,5645510.46939679
0.00100252654548683,326.242940437257,523737.787215289,5645510.46939679
0.00188232830352846,326.242940437257,524237.787215289,5645510.46939679
0.0204816230691999,326.242940437257,486737.787215289,5646010.46939679
0.00391524886230843,326.242940437257,487237.787215289,5646010.46939679
0.00399362190317906,326.242940437257,487737.787215289,5646010.46939679
0.0071526442999294,326.242940437257,488237.787215289,5646010.46939679
0.00706587148751894,326.242940437257,488737.787215289,5646010.46939679
0.00909424703909389,326.242940437257,489237.787215289,5646010.46939679
0.0103913088276559,326.242940437257,489737.787215289,5646010.46939679
0.00232452005199788,326.242940437257,490237.787215289,5646010.46939679
0.00231815645250895,326.242940437257,490737.787215289,5646010.46939679
0.00223337351117001,326.242940437257,491237.787215289,5646010.46939679
0.00180099903710622,326.242940437257,491737.787215289,5646010.46939679
0.00190204209737685,326.242940437257,492237.787215289,5646010.46939679
0.0017978181062475,326.242940437257,492737.787215289,5646010.46939679
0.00321189964451455,326.242940437257,493237.787215289,5646010.46939679
0.00212744288923842,326.242940437257,493737.787215289,5646010.46939679
0.000796723304935176,326.242940437257,494237.787215289,5646010.46939679
0.00183327369093035,326.242940437257,494737.787215289,5646010.46939679
0.0021646422479317,326.242940437257,495237.787215289,5646010.46939679
0.00369048355529201,326.242940437257,495737.787215289,5646010.46939679
0.00431337673674148,326.242940437257,496237.787215289,5646010.46939679
0.00335401692171929,326.242940437257,496737.787215289,5646010.46939679
0.0036479884870706,326.242940437257,497237.787215289,5646010.46939679
0.00393958799015488,326.242940437257,497737.787215289,5646010.46939679
0.00411741685640776,326.242940437257,498237.787215289,5646010.46939679
0.00164462226815723,326.242940437257,498737.787215289,5646010.46939679
0.00133969697740253,326.242940437257,499237.787215289,5646010.46939679
0.00090742422860834,326.242940437257,499737.787215289,5646010.46939679
0.00393958799015488,326.242940437257,500237.787215289,5646010.46939679
0.00425449630314917,326.242940437257,500737.787215289,5646010.46939679
0.00212663748535714,326.242940437257,501237.787215289,5646010.46939679
0.00241744002153272,326.242940437257,501737.787215289,5646010.46939679
0.0029386364555139,326.242940437257,502237.787215289,5646010.46939679
0.00167077048117293,326.242940437257,502737.787215289,5646010.46939679
0.00113498635133256,326.242940437257,503237.787215289,5646010.46939679
0.00113318009641529,326.242940437257,503737.787215289,5646010.46939679
0.00231992816893734,326.242940437257,504237.787215289,5646010.46939679
0.00165970553326373,326.242940437257,504737.787215289,5646010.46939679
0.00130753305826669,326.242940437257,505237.787215289,5646010.46939679
0.00218324085582393,326.242940437257,505737.787215289,5646010.46939679
0.00533679299964641,326.242940437257,506237.787215289,5646010.46939679
0.00229662882062819,326.242940437257,506737.787215289,5646010.46939679
0.00141115359725224,326.242940437257,507237.787215289,5646010.46939679
0.00182347063200248,326.242940437257,507737.787215289,5646010.46939679
0.00248020829880851,326.242940437257,508237.787215289,5646010.46939679
0.0008670771946915,326.242940437257,508737.787215289,5646010.46939679
0.000724653882963394,326.242940437257,509237.787215289,5646010.46939679
0.000802898077550417,326.242940437257,509737.787215289,5646010.46939679
0.000171429096461423,326.242940437257,510237.787215289,5646010.46939679
0.000823745142506317,326.242940437257,510737.787215289,5646010.46939679
0.00152395320974904,326.242940437257,511237.787215289,5646010.46939679
0.000724653882963394,326.242940437257,511737.787215289,5646010.46939679
0.000621349469784409,326.242940437257,512237.787215289,5646010.46939679
0.000621349469784409,326.242940437257,512737.787215289,5646010.46939679
0.000706314586269371,326.242940437257,513237.787215289,5646010.46939679
0.00057535856995336,326.242940437257,513737.787215289,5646010.46939679
0.000823745142506317,326.242940437257,514237.787215289,5646010.46939679
0.000495208566918877,326.242940437257,514737.787215289,5646010.46939679
0.00114186047673633,326.242940437257,515237.787215289,5646010.46939679
0.000882297333055882,326.242940437257,515737.787215289,5646010.46939679
0.00156869639187604,326.242940437257,516237.787215289,5646010.46939679
0.00173807571712297,326.242940437257,516737.787215289,5646010.46939679
0.000460774586644547,326.242940437257,517237.787215289,5646010.46939679
0.000915461923675095,326.242940437257,517737.787215289,5646010.46939679
0.000942148281745253,326.242940437257,518237.787215289,5646010.46939679
0.00071852864553636,326.242940437257,518737.787215289,5646010.46939679
0.00173760677226194,326.242940437257,519237.787215289,5646010.46939679
0.00182901133836826,326.242940437257,519737.787215289,5646010.46939679
0.000283120942150335,326.242940437257,520237.787215289,5646010.46939679
0.00160899300031074,326.242940437257,520737.787215289,5646010.46939679
0.00141544145776514,326.242940437257,521237.787215289,5646010.46939679
0.00077928612957937,326.242940437257,521737.787215289,5646010.46939679
0.000608344559213356,326.242940437257,522237.787215289,5646010.46939679
0.000447260191169004,326.242940437257,522737.787215289,5646010.46939679
0.000867237524307643,326.242940437257,523237.787215289,5646010.46939679
0.000626816698768174,326.242940437257,523737.787215289,5646010.46939679
0.00199697686173663,326.242940437257,524237.787215289,5646010.46939679
0.00490913622177561,326.242940437257,486737.787215289,5646510.46939679
0.00418490416187369,326.242940437257,487237.787215289,5646510.46939679
0.00365659312667033,326.242940437257,487737.787215289,5646510.46939679
0.00342430353358786,326.242940437257,488237.787215289,5646510.46939679
0.00409493936196641,326.242940437257,488737.787215289,5646510.46939679
0.00658961278207214,326.242940437257,489237.787215289,5646510.46939679
0.0120783764518758,326.242940437257,489737.787215289,5646510.46939679
0.0103505147993532,326.242940437257,490237.787215289,5646510.46939679
0.00870962704110828,326.242940437257,490737.787215289,5646510.46939679
0.00208012239710413,326.242940437257,491237.787215289,5646510.46939679
0.00251032899697522,326.242940437257,491737.787215289,5646510.46939679
0.00684953859014125,326.242940437257,492237.787215289,5646510.46939679
0.00174152541941174,326.242940437257,492737.787215289,5646510.46939679
0.00295914588576423,326.242940437257,493237.787215289,5646510.46939679
0.0017978181062475,326.242940437257,493737.787215289,5646510.46939679
0.0017361338349898,326.242940437257,494237.787215289,5646510.46939679
0.00131096028407325,326.242940437257,494737.787215289,5646510.46939679
0.00539664284944538,326.242940437257,495237.787215289,5646510.46939679
0.00498187471086068,326.242940437257,495737.787215289,5646510.46939679
0.00467045926251876,326.242940437257,496237.787215289,5646510.46939679
0.00453389082626689,326.242940437257,496737.787215289,5646510.46939679
0.00321863326090566,326.242940437257,497237.787215289,5646510.46939679
0.0047277905023998,326.242940437257,497737.787215289,5646510.46939679
0.0018017847584298,326.242940437257,498237.787215289,5646510.46939679
0.00179204392343563,326.242940437257,498737.787215289,5646510.46939679
0.00118913037431272,326.242940437257,499237.787215289,5646510.46939679
0.00264660810280578,326.242940437257,499737.787215289,5646510.46939679
0.0036587584452566,326.242940437257,500237.787215289,5646510.46939679
0.00338794531779037,326.242940437257,500737.787215289,5646510.46939679
0.00267846207895101,326.242940437257,501237.787215289,5646510.46939679
0.00109206830101294,326.242940437257,501737.787215289,5646510.46939679
0.00247026529430266,326.242940437257,502237.787215289,5646510.46939679
0.00334686162222064,326.242940437257,502737.787215289,5646510.46939679
0.00524393981305265,326.242940437257,503237.787215289,5646510.46939679
0.00596207062259231,326.242940437257,503737.787215289,5646510.46939679
0.00254869584460297,326.242940437257,504237.787215289,5646510.46939679
0.00124339595489241,326.242940437257,504737.787215289,5646510.46939679
0.00191071553555257,326.242940437257,505237.787215289,5646510.46939679
0.00344542144474068,326.242940437257,505737.787215289,5646510.46939679
0.00433944701402305,326.242940437257,506237.787215289,5646510.46939679
0.000845133496735947,326.242940437257,506737.787215289,5646510.46939679
0.00152395320974904,326.242940437257,507237.787215289,5646510.46939679
0.00520173123772655,326.242940437257,507737.787215289,5646510.46939679
0.00159976162192998,326.242940437257,508237.787215289,5646510.46939679
0.00127017405232947,326.242940437257,508737.787215289,5646510.46939679
0.0013542321430118,326.242940437257,509237.787215289,5646510.46939679
0.000671016621222245,326.242940437257,509737.787215289,5646510.46939679
0.000605624566427167,326.242940437257,510237.787215289,5646510.46939679
0.000724653882963394,326.242940437257,510737.787215289,5646510.46939679
0.00057535856995336,326.242940437257,511237.787215289,5646510.46939679
0.00181522781450017,326.242940437257,511737.787215289,5646510.46939679
0.00181522781450017,326.242940437257,512237.787215289,5646510.46939679
0.000671016621222245,326.242940437257,512737.787215289,5646510.46939679
0.000782578603101397,326.242940437257,513237.787215289,5646510.46939679
0.00109206830101294,326.242940437257,513737.787215289,5646510.46939679
0.00223850651102943,326.242940437257,514237.787215289,5646510.46939679
0.00241744002153272,326.242940437257,514737.787215289,5646510.46939679
0.00218581858114656,326.242940437257,515237.787215289,5646510.46939679
0.00159030328372607,326.242940437257,515737.787215289,5646510.46939679
0.00103240242118612,326.242940437257,516237.787215289,5646510.46939679
0.000516740977313489,326.242940437257,516737.787215289,5646510.46939679
0.000319572776193697,326.242940437257,517237.787215289,5646510.46939679
0.00101430853524657,326.242940437257,517737.787215289,5646510.46939679
0.00185593364991329,326.242940437257,518237.787215289,5646510.46939679
0.00165902777821618,326.242940437257,518737.787215289,5646510.46939679
0.00104647021858967,326.242940437257,519237.787215289,5646510.46939679
0.000642999077655147,326.242940437257,519737.787215289,5646510.46939679
0.000375343525953392,326.242940437257,520237.787215289,5646510.46939679
0.00117440021994015,326.242940437257,520737.787215289,5646510.46939679
0.000786093335285428,326.242940437257,521237.787215289,5646510.46939679
0.00108259452470194,326.242940437257,521737.787215289,5646510.46939679
0.000510051775736505,326.242940437257,522237.787215289,5646510.46939679
0.00128346022248971,326.242940437257,522737.787215289,5646510.46939679
0.000835267171457196,326.242940437257,523237.787215289,5646510.46939679
0.000650028836974859,326.242940437257,523737.787215289,5646510.46939679
0.000490916924815905,326.242940437257,524237.787215289,5646510.46939679
0.00521478625257237,326.242940437257,486737.787215289,5647010.46939679
0.0109713359240682,326.242940437257,487237.787215289,5647010.46939679
0.00951631879737169,326.242940437257,487737.787215289,5647010.46939679
0.00842036268780947,326.242940437257,488237.787215289,5647010.46939679
0.00322046857196932,326.242940437257,488737.787215289,5647010.46939679
0.00325128797449049,326.242940437257,489237.787215289,5647010.46939679
0.00274536124506709,326.242940437257,489737.787215289,5647010.46939679
0.010611559170492,326.242940437257,490237.787215289,5647010.46939679
0.0095843928140846,326.242940437257,490737.787215289,5647010.46939679
0.0101051968999557,326.242940437257,491237.787215289,5647010.46939679
0.00940582521339913,326.242940437257,491737.787215289,5647010.46939679
0.00759647255743726,326.242940437257,492237.787215289,5647010.46939679
0.00313296936774849,326.242940437257,492737.787215289,5647010.46939679
0.00796517825156029,326.242940437257,493237.787215289,5647010.46939679
0.00744619706781396,326.242940437257,493737.787215289,5647010.46939679
0.00725322192423796,326.242940437257,494237.787215289,5647010.46939679
0.00624339412590917,326.242940437257,494737.787215289,5647010.46939679
0.0060928608983224,326.242940437257,495237.787215289,5647010.46939679
0.00549590920934528,326.242940437257,495737.787215289,5647010.46939679
0.00505763610146831,326.242940437257,496237.787215289,5647010.46939679
0.0050116525734354,326.242940437257,496737.787215289,5647010.46939679
0.00462646465069196,326.242940437257,497237.787215289,5647010.46939679
0.00462646465069196,326.242940437257,497737.787215289,5647010.46939679
0.00209641715142808,326.242940437257,498237.787215289,5647010.46939679
0.00116117700299122,326.242940437257,498737.787215289,5647010.46939679
0.0044033758185419,326.242940437257,499237.787215289,5647010.46939679
0.00476119599105073,326.242940437257,499737.787215289,5647010.46939679
0.00486983386445961,326.242940437257,500237.787215289,5647010.46939679
0.00428402407148668,326.242940437257,500737.787215289,5647010.46939679
0.00254460634004828,326.242940437257,501237.787215289,5647010.46939679
0.00241744002153272,326.242940437257,501737.787215289,5647010.46939679
0.00479172666910749,326.242940437257,502237.787215289,5647010.46939679
0.00463500973164697,326.242940437257,502737.787215289,5647010.46939679
0.00496032069365149,326.242940437257,503237.787215289,5647010.46939679
0.00453190517002269,326.242940437257,503737.787215289,5647010.46939679
0.0060884404688184,326.242940437257,504237.787215289,5647010.46939679
0.00467988340881121,326.242940437257,504737.787215289,5647010.46939679
0.000671016621222245,326.242940437257,505237.787215289,5647010.46939679
0.000889590655745813,326.242940437257,505737.787215289,5647010.46939679
0.0033582258778686,326.242940437257,506237.787215289,5647010.46939679
0.00241744002153272,326.242940437257,506737.787215289,5647010.46939679
0.00295425283463443,326.242940437257,507237.787215289,5647010.46939679
0.00144871338372304,326.242940437257,507737.787215289,5647010.46939679
0.00130880319752611,326.242940437257,508237.787215289,5647010.46939679
0.00144386131136873,326.242940437257,508737.787215289,5647010.46939679
0.00114431887852148,326.242940437257,509237.787215289,5647010.46939679
0.000743469355301768,326.242940437257,509737.787215289,5647010.46939679
0.000546605112093957,326.242940437257,510237.787215289,5647010.46939679
0.00053277181379689,326.242940437257,510737.787215289,5647010.46939679
0.000224567697614154,326.242940437257,511237.787215289,5647010.46939679
0.00188979610448714,326.242940437257,511737.787215289,5647010.46939679
0.00244196500204862,326.242940437257,512237.787215289,5647010.46939679
0.000560797588817548,326.242940437257,512737.787215289,5647010.46939679
0.000845133496735947,326.242940437257,513237.787215289,5647010.46939679
0.00120998391101057,326.242940437257,513737.787215289,5647010.46939679
0.00196922852900935,326.242940437257,514237.787215289,5647010.46939679
0.00234619129467037,326.242940437257,514737.787215289,5647010.46939679
0.00222880172104717,326.242940437257,515237.787215289,5647010.46939679
0.00232875262008416,326.242940437257,515737.787215289,5647010.46939679
0.00105920851393547,326.242940437257,516237.787215289,5647010.46939679
0.00105920851393547,326.242940437257,516737.787215289,5647010.46939679
0.00076937397225071,326.242940437257,517237.787215289,5647010.46939679
0.0014521930714959,326.242940437257,517737.787215289,5647010.46939679
0.00195258335181256,326.242940437257,518237.787215289,5647010.46939679
0.00127750355512897,326.242940437257,518737.787215289,5647010.46939679
0.000789350591479671,326.242940437257,519237.787215289,5647010.46939679
0.000283120942150335,326.242940437257,519737.787215289,5647010.46939679
0.00152858381750451,326.242940437257,520237.787215289,5647010.46939679
0.0011109530688083,326.242940437257,520737.787215289,5647010.46939679
0.00149452551951009,326.242940437257,521237.787215289,5647010.46939679
0.00225577761429226,326.242940437257,521737.787215289,5647010.46939679
0.00228669100900258,326.242940437257,522237.787215289,5647010.46939679
0.00194385226973412,326.242940437257,522737.787215289,5647010.46939679
0.00131770240272965,326.242940437257,523237.787215289,5647010.46939679
0.000955986300070606,326.242940437257,523737.787215289,5647010.46939679
0.000721098735541831,326.242940437257,524237.787215289,5647010.46939679
0.00854475609263206,326.242940437257,486737.787215289,5647510.46939679
0.00490913622177561,326.242940437257,487237.787215289,5647510.46939679
0.00439964315792508,326.242940437257,487737.787215289,5647510.46939679
0.00515766828375093,326.242940437257,488237.787215289,5647510.46939679
0.00365659312667033,326.242940437257,488737.787215289,5647510.46939679
0.00364658284771742,326.242940437257,489237.787215289,5647510.46939679
0.00375589771799255,326.242940437257,489737.787215289,5647510.46939679
0.00439491120334817,326.242940437257,490237.787215289,5647510.46939679
0.00607722625153957,326.242940437257,490737.787215289,5647510.46939679
0.0103789271414134,326.242940437257,491237.787215289,5647510.46939679
0.010611559170492,326.242940437257,491737.787215289,5647510.46939679
0.0103505147993532,326.242940437257,492237.787215289,5647510.46939679
0.0118122463320837,326.242940437257,492737.787215289,5647510.46939679
0.0100203494390972,326.242940437257,493237.787215289,5647510.46939679
0.0085683583529966,326.242940437257,493737.787215289,5647510.46939679
0.00817199228317712,326.242940437257,494237.787215289,5647510.46939679
0.00640985397466669,326.242940437257,494737.787215289,5647510.46939679
0.00161110723797978,326.242940437257,495237.787215289,5647510.46939679
0.00229749860392635,326.242940437257,495737.787215289,5647510.46939679
0.00189690777712978,326.242940437257,496237.787215289,5647510.46939679
0.00193005363436564,326.242940437257,496737.787215289,5647510.46939679
0.00193564510431256,326.242940437257,497237.787215289,5647510.46939679
0.00553676544678603,326.242940437257,497737.787215289,5647510.46939679
0.00596207062259231,326.242940437257,498237.787215289,5647510.46939679
0.00625106063807282,326.242940437257,498737.787215289,5647510.46939679
0.00657988963117325,326.242940437257,499237.787215289,5647510.46939679
0.00566411704137531,326.242940437257,499737.787215289,5647510.46939679
0.00439606483112009,326.242940437257,500237.787215289,5647510.46939679
0.00439606483112009,326.242940437257,500737.787215289,5647510.46939679
0.00241744002153272,326.242940437257,501237.787215289,5647510.46939679
0.000782578603101397,326.242940437257,501737.787215289,5647510.46939679
0.00547536160932506,326.242940437257,502237.787215289,5647510.46939679
0.00657988963117325,326.242940437257,502737.787215289,5647510.46939679
0.00578127203872033,326.242940437257,503237.787215289,5647510.46939679
0.00421897952344339,326.242940437257,503737.787215289,5647510.46939679
0.00240320804950959,326.242940437257,504237.787215289,5647510.46939679
0.00159686754599662,326.242940437257,504737.787215289,5647510.46939679
0.00053277181379689,326.242940437257,505237.787215289,5647510.46939679
0.000706314586269371,326.242940437257,505737.787215289,5647510.46939679
0.00160411880539881,326.242940437257,506237.787215289,5647510.46939679
0.00112042360468605,326.242940437257,506737.787215289,5647510.46939679
0.00456771803471079,326.242940437257,507237.787215289,5647510.46939679
0.00123802891470396,326.242940437257,507737.787215289,5647510.46939679
0.0013542321430118,326.242940437257,508237.787215289,5647510.46939679
0.000724653882963394,326.242940437257,508737.787215289,5647510.46939679
0.000802898077550417,326.242940437257,509237.787215289,5647510.46939679
0.000637482666660941,326.242940437257,509737.787215289,5647510.46939679
0.00133457121795989,326.242940437257,510237.787215289,5647510.46939679
0.0013542321430118,326.242940437257,510737.787215289,5647510.46939679
0.00129901032692572,326.242940437257,511237.787215289,5647510.46939679
0.00232721844388411,326.242940437257,511737.787215289,5647510.46939679
0.00464957505128792,326.242940437257,512237.787215289,5647510.46939679
0.00217592868302401,326.242940437257,512737.787215289,5647510.46939679
0.00183221058116688,326.242940437257,513237.787215289,5647510.46939679
0.00216343266708523,326.242940437257,513737.787215289,5647510.46939679
0.0016211626455217,326.242940437257,514237.787215289,5647510.46939679
0.00289296658670322,326.242940437257,514737.787215289,5647510.46939679
0.00199567878401488,326.242940437257,515237.787215289,5647510.46939679
0.00131770240272965,326.242940437257,515737.787215289,5647510.46939679
0.00210202525731453,326.242940437257,516237.787215289,5647510.46939679
0.00108671062075235,326.242940437257,516737.787215289,5647510.46939679
0.000730924623888652,326.242940437257,517237.787215289,5647510.46939679
0.000305752024001717,326.242940437257,517737.787215289,5647510.46939679
0.00127784832745416,326.242940437257,518237.787215289,5647510.46939679
0.00092058656030344,326.242940437257,518737.787215289,5647510.46939679
0.00156827314672955,326.242940437257,519237.787215289,5647510.46939679
0.000993584220821915,326.242940437257,519737.787215289,5647510.46939679
0.00168139752678486,326.242940437257,520237.787215289,5647510.46939679
0.00145099408593179,326.242940437257,520737.787215289,5647510.46939679
0.00225820303975053,326.242940437257,521237.787215289,5647510.46939679
0.00215763475868006,326.242940437257,521737.787215289,5647510.46939679
0.00277225425657949,326.242940437257,522237.787215289,5647510.46939679
0.00262480833568342,326.242940437257,522737.787215289,5647510.46939679
0.00232899053981266,326.242940437257,523237.787215289,5647510.46939679
0.000587401627181312,326.242940437257,523737.787215289,5647510.46939679
0.000685061934861949,326.242940437257,524237.787215289,5647510.46939679
0.0160608895591122,326.242940437257,486737.787215289,5648010.46939679
0.00585703324713231,326.242940437257,487237.787215289,5648010.46939679
0.00490913622177561,326.242940437257,487737.787215289,5648010.46939679
0.00439964315792508,326.242940437257,488237.787215289,5648010.46939679
0.00463676740758023,326.242940437257,488737.787215289,5648010.46939679
0.00399143371124994,326.242940437257,489237.787215289,5648010.46939679
0.00351066592037169,326.242940437257,489737.787215289,5648010.46939679
0.00346434541923667,326.242940437257,490237.787215289,5648010.46939679
0.00356819729533737,326.242940437257,490737.787215289,5648010.46939679
0.00382003019880707,326.242940437257,491237.787215289,5648010.46939679
0.00439491120334817,326.242940437257,491737.787215289,5648010.46939679
0.0051948899425843,326.242940437257,492237.787215289,5648010.46939679
0.00588481591836741,326.242940437257,492737.787215289,5648010.46939679
0.00561683266671564,326.242940437257,493237.787215289,5648010.46939679
0.00809298370237747,326.242940437257,493737.787215289,5648010.46939679
0.00309725007670854,326.242940437257,494237.787215289,5648010.46939679
0.00243025390473321,326.242940437257,494737.787215289,5648010.46939679
0.00224867198201356,326.242940437257,495237.787215289,5648010.46939679
0.00156517702006475,326.242940437257,495737.787215289,5648010.46939679
0.00151862869302381,326.242940437257,496237.787215289,5648010.46939679
0.0013784504630852,326.242940437257,496737.787215289,5648010.46939679
0.00239006766995912,326.242940437257,497237.787215289,5648010.46939679
0.00586200113507043,326.242940437257,497737.787215289,5648010.46939679
0.0057917296989816,326.242940437257,498237.787215289,5648010.46939679
0.00649494821265474,326.242940437257,498737.787215289,5648010.46939679
0.00608694802934118,326.242940437257,499237.787215289,5648010.46939679
0.00545795216528903,326.242940437257,499737.787215289,5648010.46939679
0.00606656144867787,326.242940437257,500237.787215289,5648010.46939679
0.0054056178735881,326.242940437257,500737.787215289,5648010.46939679
0.00117936204523339,326.242940437257,501237.787215289,5648010.46939679
0.00191939195585232,326.242940437257,501737.787215289,5648010.46939679
0.00274054346549942,326.242940437257,502237.787215289,5648010.46939679
0.00156451531245786,326.242940437257,502737.787215289,5648010.46939679
0.00235775674339538,326.242940437257,503237.787215289,5648010.46939679
0.00320692186587024,326.242940437257,503737.787215289,5648010.46939679
0.0015793842734071,326.242940437257,504237.787215289,5648010.46939679
0.000546605112093957,326.242940437257,504737.787215289,5648010.46939679
0.00168086870638638,326.242940437257,505237.787215289,5648010.46939679
0.0026663543577099,326.242940437257,505737.787215289,5648010.46939679
0.00127363355611271,326.242940437257,506237.787215289,5648010.46939679
0.000762773367076194,326.242940437257,506737.787215289,5648010.46939679
0.00137544059672982,326.242940437257,507237.787215289,5648010.46939679
0.000762773367076194,326.242940437257,507737.787215289,5648010.46939679
0.000743469355301768,326.242940437257,508237.787215289,5648010.46939679
0.00101123584474968,326.242940437257,508737.787215289,5648010.46939679
0.000845133496735947,326.242940437257,509237.787215289,5648010.46939679
0.000637482666660941,326.242940437257,509737.787215289,5648010.46939679
0.00196032682744088,326.242940437257,510237.787215289,5648010.46939679
0.00178017923351286,326.242940437257,510737.787215289,5648010.46939679
0.00187200480128578,326.242940437257,511237.787215289,5648010.46939679
0.00202164224443042,326.242940437257,511737.787215289,5648010.46939679
0.00674418365209286,326.242940437257,512237.787215289,5648010.46939679
0.00571138592283184,326.242940437257,512737.787215289,5648010.46939679
0.00199972350492526,326.242940437257,513237.787215289,5648010.46939679
0.00338964450535017,326.242940437257,513737.787215289,5648010.46939679
0.000844544431555008,326.242940437257,514237.787215289,5648010.46939679
0.000858097052548405,326.242940437257,514737.787215289,5648010.46939679
0.00270980992181772,326.242940437257,515237.787215289,5648010.46939679
0.00073858496025155,326.242940437257,515737.787215289,5648010.46939679
0.000703522123863543,326.242940437257,516237.787215289,5648010.46939679
0.00138161800218582,326.242940437257,516737.787215289,5648010.46939679
0.000255530179750134,326.242940437257,517237.787215289,5648010.46939679
0.000809845899058137,326.242940437257,517737.787215289,5648010.46939679
0.00089229372127521,326.242940437257,518237.787215289,5648010.46939679
0.000415871083415139,326.242940437257,518737.787215289,5648010.46939679
0.00182950495146968,326.242940437257,519237.787215289,5648010.46939679
0.00132996623182894,326.242940437257,519737.787215289,5648010.46939679
0.00200283232718863,326.242940437257,520237.787215289,5648010.46939679
0.00138754304319766,326.242940437257,520737.787215289,5648010.46939679
0.00236245168034168,326.242940437257,521237.787215289,5648010.46939679
0.00207826388907642,326.242940437257,521737.787215289,5648010.46939679
0.00221450690549929,326.242940437257,522237.787215289,5648010.46939679
0.00216849141720913,326.242940437257,522737.787215289,5648010.46939679
0.00120404773750416,326.242940437257,523237.787215289,5648010.46939679
0.00129158028355801,326.242940437257,523737.787215289,5648010.46939679
0.00185491674367325,326.242940437257,524237.787215289,5648010.46939679
0.00718286005889044,326.242940437257,486737.787215289,5648510.46939679
0.00612319145296289,326.242940437257,487237.787215289,5648510.46939679
0.0101550057927321,326.242940437257,487737.787215289,5648510.46939679
0.00490913622177561,326.242940437257,488237.787215289,5648510.46939679
0.00439964315792508,326.242940437257,488737.787215289,5648510.46939679
0.00418490416187369,326.242940437257,489237.787215289,5648510.46939679
0.0048063894842953,326.242940437257,489737.787215289,5648510.46939679
0.0117115556787353,326.242940437257,490237.787215289,5648510.46939679
0.00516049583117574,326.242940437257,490737.787215289,5648510.46939679
0.00412538174026262,326.242940437257,491237.787215289,5648510.46939679
0.00296480984740938,326.242940437257,491737.787215289,5648510.46939679
0.00246043484479299,326.242940437257,492237.787215289,5648510.46939679
0.00492176576816066,326.242940437257,492737.787215289,5648510.46939679
0.00378311741254926,326.242940437257,493237.787215289,5648510.46939679
0.00547371098388967,326.242940437257,493737.787215289,5648510.46939679
0.00239458867568663,326.242940437257,494237.787215289,5648510.46939679
0.00178925980738537,326.242940437257,494737.787215289,5648510.46939679
0.00178925980738537,326.242940437257,495237.787215289,5648510.46939679
0.00174397782209311,326.242940437257,495737.787215289,5648510.46939679
0.00208673883233863,326.242940437257,496237.787215289,5648510.46939679
0.00744155017264463,326.242940437257,496737.787215289,5648510.46939679
0.00694502828424339,326.242940437257,497237.787215289,5648510.46939679
0.00551419323880138,326.242940437257,497737.787215289,5648510.46939679
0.00632415703644941,326.242940437257,498237.787215289,5648510.46939679
0.0060928608983224,326.242940437257,498737.787215289,5648510.46939679
0.0059130309523465,326.242940437257,499237.787215289,5648510.46939679
0.00583771229806026,326.242940437257,499737.787215289,5648510.46939679
0.00560736563660367,326.242940437257,500237.787215289,5648510.46939679
0.00468631778881703,326.242940437257,500737.787215289,5648510.46939679
0.000654034758304611,326.242940437257,501237.787215289,5648510.46939679
0.000762773367076194,326.242940437257,501737.787215289,5648510.46939679
0.004816710710735,326.242940437257,502237.787215289,5648510.46939679
0.00547536160932506,326.242940437257,502737.787215289,5648510.46939679
0.00423729129257805,326.242940437257,503237.787215289,5648510.46939679
0.0059130309523465,326.242940437257,503737.787215289,5648510.46939679
0.00103280247126615,326.242940437257,504237.787215289,5648510.46939679
0.00053277181379689,326.242940437257,504737.787215289,5648510.46939679
0.000546605112093957,326.242940437257,505237.787215289,5648510.46939679
0.000590297623634179,326.242940437257,505737.787215289,5648510.46939679
0.000637482666660941,326.242940437257,506237.787215289,5648510.46939679
0.000936386426341733,326.242940437257,506737.787215289,5648510.46939679
0.00127363355611271,326.242940437257,507237.787215289,5648510.46939679
0.00248020829880851,326.242940437257,507737.787215289,5648510.46939679
0.00057535856995336,326.242940437257,508237.787215289,5648510.46939679
0.00103280247126615,326.242940437257,508737.787215289,5648510.46939679
0.00057535856995336,326.242940437257,509237.787215289,5648510.46939679
0.00223850651102943,326.242940437257,509737.787215289,5648510.46939679
0.00391655829868175,326.242940437257,510237.787215289,5648510.46939679
0.00114639277985082,326.242940437257,510737.787215289,5648510.46939679
0.004816710710735,326.242940437257,511237.787215289,5648510.46939679
0.0059130309523465,326.242940437257,511737.787215289,5648510.46939679
0.00576338595416811,326.242940437257,512237.787215289,5648510.46939679
0.00413005534998459,326.242940437257,512737.787215289,5648510.46939679
0.00420775028624715,326.242940437257,513237.787215289,5648510.46939679
0.00439525777672035,326.242940437257,513737.787215289,5648510.46939679
0.00501964099657578,326.242940437257,514237.787215289,5648510.46939679
0.00124849488314359,326.242940437257,514737.787215289,5648510.46939679
0.00236982526490656,326.242940437257,515237.787215289,5648510.46939679
0.0024936339345179,326.242940437257,515737.787215289,5648510.46939679
0.00202561549499931,326.242940437257,516237.787215289,5648510.46939679
0.0020818832607777,326.242940437257,516737.787215289,5648510.46939679
0.000676823215911311,326.242940437257,517237.787215289,5648510.46939679
0.000712426629392791,326.242940437257,517737.787215289,5648510.46939679
0.000338765468659648,326.242940437257,518237.787215289,5648510.46939679
0.000330192106140657,326.242940437257,518737.787215289,5648510.46939679
0.00147913618389604,326.242940437257,519237.787215289,5648510.46939679
0.00139891173151139,326.242940437257,519737.787215289,5648510.46939679
0.00231434836413723,326.242940437257,520237.787215289,5648510.46939679
0.0025242402302119,326.242940437257,520737.787215289,5648510.46939679
0.00256602569783484,326.242940437257,521237.787215289,5648510.46939679
0.00237609420747086,326.242940437257,521737.787215289,5648510.46939679
0.00261753639502391,326.242940437257,522237.787215289,5648510.46939679
0.00194643804310957,326.242940437257,522737.787215289,5648510.46939679
0.00055804631935115,326.242940437257,523237.787215289,5648510.46939679
0.00180236704696137,326.242940437257,523737.787215289,5648510.46939679
0.00222380012125777,326.242940437257,524237.787215289,5648510.46939679
0.00767756584874755,326.242940437257,486737.787215289,5649010.46939679
0.00837706908201539,326.242940437257,487237.787215289,5649010.46939679
0.01488289607455,326.242940437257,487737.787215289,5649010.46939679
0.0138756983884875,326.242940437257,488237.787215289,5649010.46939679
0.00490913622177561,326.242940437257,488737.787215289,5649010.46939679
0.00439964315792508,326.242940437257,489237.787215289,5649010.46939679
0.00351066592037169,326.242940437257,489737.787215289,5649010.46939679
0.00316900547217635,326.242940437257,490237.787215289,5649010.46939679
0.0124570143831224,326.242940437257,490737.787215289,5649010.46939679
0.00344712612294437,326.242940437257,491237.787215289,5649010.46939679
0.00266037081594116,326.242940437257,491737.787215289,5649010.46939679
0.00245914555461367,326.242940437257,492237.787215289,5649010.46939679
0.00290107397333243,326.242940437257,492737.787215289,5649010.46939679
0.00184823309294709,326.242940437257,493237.787215289,5649010.46939679
0.00178925980738537,326.242940437257,493737.787215289,5649010.46939679
0.00638070582777845,326.242940437257,494237.787215289,5649010.46939679
0.00177845164334684,326.242940437257,494737.787215289,5649010.46939679
0.00152492108523842,326.242940437257,495237.787215289,5649010.46939679
0.00578275371853388,326.242940437257,495737.787215289,5649010.46939679
0.0059329015962845,326.242940437257,496237.787215289,5649010.46939679
0.0060928608983224,326.242940437257,496737.787215289,5649010.46939679
0.00561752812126253,326.242940437257,497237.787215289,5649010.46939679
0.00533679299964641,326.242940437257,497737.787215289,5649010.46939679
0.00526881431491146,326.242940437257,498237.787215289,5649010.46939679
0.00532713838362746,326.242940437257,498737.787215289,5649010.46939679
0.00254460634004828,326.242940437257,499237.787215289,5649010.46939679
0.00261067646170061,326.242940437257,499737.787215289,5649010.46939679
0.000889590655745813,326.242940437257,500237.787215289,5649010.46939679
0.000605624566427167,326.242940437257,500737.787215289,5649010.46939679
0.00182347063200248,326.242940437257,501237.787215289,5649010.46939679
0.00519232095748197,326.242940437257,501737.787215289,5649010.46939679
0.00152395320974904,326.242940437257,502237.787215289,5649010.46939679
0.00267846207895101,326.242940437257,502737.787215289,5649010.46939679
0.00248020829880851,326.242940437257,503237.787215289,5649010.46939679
0.00254460634004828,326.242940437257,503737.787215289,5649010.46939679
0.00229662882062819,326.242940437257,504237.787215289,5649010.46939679
0.00068843941432668,326.242940437257,504737.787215289,5649010.46939679
0.00057535856995336,326.242940437257,505237.787215289,5649010.46939679
0.000605624566427167,326.242940437257,505737.787215289,5649010.46939679
0.000782578603101397,326.242940437257,506237.787215289,5649010.46939679
0.00123578923746847,326.242940437257,506737.787215289,5649010.46939679
0.000621349469784409,326.242940437257,507237.787215289,5649010.46939679
0.00126787622238679,326.242940437257,507737.787215289,5649010.46939679
0.0011153588412966,326.242940437257,508237.787215289,5649010.46939679
0.00129901032692572,326.242940437257,508737.787215289,5649010.46939679
0.00159976162192998,326.242940437257,509237.787215289,5649010.46939679
0.00196922852900935,326.242940437257,509737.787215289,5649010.46939679
0.00182347063200248,326.242940437257,510237.787215289,5649010.46939679
0.00241744002153272,326.242940437257,510737.787215289,5649010.46939679
0.00187081662992355,326.242940437257,511237.787215289,5649010.46939679
0.00241744002153272,326.242940437257,511737.787215289,5649010.46939679
0.00254460634004828,326.242940437257,512237.787215289,5649010.46939679
0.00267846207895101,326.242940437257,512737.787215289,5649010.46939679
0.00267846207895101,326.242940437257,513237.787215289,5649010.46939679
0.00241744002153272,326.242940437257,513737.787215289,5649010.46939679
0.00254460634004828,326.242940437257,514237.787215289,5649010.46939679
0.00359642566560339,326.242940437257,514737.787215289,5649010.46939679
0.0030622511836762,326.242940437257,515237.787215289,5649010.46939679
0.00134788839159064,326.242940437257,515737.787215289,5649010.46939679
0.00230260399318871,326.242940437257,516237.787215289,5649010.46939679
0.00161113483318315,326.242940437257,516737.787215289,5649010.46939679
0.00076937397225071,326.242940437257,517237.787215289,5649010.46939679
0.000749902914580993,326.242940437257,517737.787215289,5649010.46939679
0.000395087988669733,326.242940437257,518237.787215289,5649010.46939679
0.00156827314672955,326.242940437257,518737.787215289,5649010.46939679
0.00196959265535945,326.242940437257,519237.787215289,5649010.46939679
0.00153571120693315,326.242940437257,519737.787215289,5649010.46939679
0.00245267595130691,326.242940437257,520237.787215289,5649010.46939679
0.00222479580090973,326.242940437257,520737.787215289,5649010.46939679
0.00245150408727092,326.242940437257,521237.787215289,5649010.46939679
0.00221259958843276,326.242940437257,521737.787215289,5649010.46939679
0.000684222766665257,326.242940437257,522237.787215289,5649010.46939679
0.000410280489393871,326.242940437257,522737.787215289,5649010.46939679
0.00120404773750416,326.242940437257,523237.787215289,5649010.46939679
0.00243052588577,326.242940437257,523737.787215289,5649010.46939679
0.00197554857882922,326.242940437257,524237.787215289,5649010.46939679
0.00918651291975148,326.242940437257,486737.787215289,5649510.46939679
0.0123049208883013,326.242940437257,487237.787215289,5649510.46939679
0.00628217871862777,326.242940437257,487737.787215289,5649510.46939679
0.00535018698496694,326.242940437257,488237.787215289,5649510.46939679
0.0046394578148689,326.242940437257,488737.787215289,5649510.46939679
0.000719080855605173,326.242940437257,489237.787215289,5649510.46939679
0.000719080855605173,326.242940437257,489737.787215289,5649510.46939679
0.00354751291026384,326.242940437257,490237.787215289,5649510.46939679
0.00246043484479299,326.242940437257,490737.787215289,5649510.46939679
0.00246043484479299,326.242940437257,491237.787215289,5649510.46939679
0.0026879016639122,326.242940437257,491737.787215289,5649510.46939679
0.00551937630379004,326.242940437257,492237.787215289,5649510.46939679
0.00756711966834072,326.242940437257,492737.787215289,5649510.46939679
0.00186428021241929,326.242940437257,493237.787215289,5649510.46939679
0.00731036255149595,326.242940437257,493737.787215289,5649510.46939679
0.00666358805756198,326.242940437257,494237.787215289,5649510.46939679
0.00520173123772655,326.242940437257,494737.787215289,5649510.46939679
0.00469481101642547,326.242940437257,495237.787215289,5649510.46939679
0.00576338595416811,326.242940437257,495737.787215289,5649510.46939679
0.00576338595416811,326.242940437257,496237.787215289,5649510.46939679
0.00606656144867787,326.242940437257,496737.787215289,5649510.46939679
0.00506091544540433,326.242940437257,497237.787215289,5649510.46939679
0.00532713838362746,326.242940437257,497737.787215289,5649510.46939679
0.00532713838362746,326.242940437257,498237.787215289,5649510.46939679
0.000936386426341733,326.242940437257,498737.787215289,5649510.46939679
0.00068843941432668,326.242940437257,499237.787215289,5649510.46939679
0.00241744002153272,326.242940437257,499737.787215289,5649510.46939679
0.00202035909739048,326.242940437257,500237.787215289,5649510.46939679
0.00124140086652924,326.242940437257,500737.787215289,5649510.46939679
0.00235626026270276,326.242940437257,501237.787215289,5649510.46939679
0.00254460634004828,326.242940437257,501737.787215289,5649510.46939679
0.00101123584474968,326.242940437257,502237.787215289,5649510.46939679
0.00196922852900935,326.242940437257,502737.787215289,5649510.46939679
0.00235626026270276,326.242940437257,503237.787215289,5649510.46939679
0.000782578603101397,326.242940437257,503737.787215289,5649510.46939679
0.00109206830101294,326.242940437257,504237.787215289,5649510.46939679
0.00117936204523339,326.242940437257,504737.787215289,5649510.46939679
0.000823745142506317,326.242940437257,505237.787215289,5649510.46939679
0.000605624566427167,326.242940437257,505737.787215289,5649510.46939679
0.00108713171495155,326.242940437257,506237.787215289,5649510.46939679
0.00113179032602339,326.242940437257,506737.787215289,5649510.46939679
0.00117403085648958,326.242940437257,507237.787215289,5649510.46939679
0.00122225922356342,326.242940437257,507737.787215289,5649510.46939679
0.00114639277985082,326.242940437257,508237.787215289,5649510.46939679
0.00124339595489241,326.242940437257,508737.787215289,5649510.46939679
0.00141204983275986,326.242940437257,509237.787215289,5649510.46939679
0.00159686754599662,326.242940437257,509737.787215289,5649510.46939679
0.00164576938330922,326.242940437257,510237.787215289,5649510.46939679
0.00182347063200248,326.242940437257,510737.787215289,5649510.46939679
0.00196922852900935,326.242940437257,511237.787215289,5649510.46939679
0.00254460634004828,326.242940437257,511737.787215289,5649510.46939679
0.00223850651102943,326.242940437257,512237.787215289,5649510.46939679
0.000912688673667435,326.242940437257,512737.787215289,5649510.46939679
0.00152395320974904,326.242940437257,513237.787215289,5649510.46939679
0.00241744002153272,326.242940437257,513737.787215289,5649510.46939679
0.00254460634004828,326.242940437257,514237.787215289,5649510.46939679
0.00411729435274914,326.242940437257,514737.787215289,5649510.46939679
0.0029438375401353,326.242940437257,515237.787215289,5649510.46939679
0.000930234617671612,326.242940437257,515737.787215289,5649510.46939679
0.00228754894352185,326.242940437257,516237.787215289,5649510.46939679
0.00149205670678086,326.242940437257,516737.787215289,5649510.46939679
0.000659694401648645,326.242940437257,517237.787215289,5649510.46939679
0.000523782231024042,326.242940437257,517737.787215289,5649510.46939679
0.000694396775918843,326.242940437257,518237.787215289,5649510.46939679
0.0014521930714959,326.242940437257,518737.787215289,5649510.46939679
0.00202482490566899,326.242940437257,519237.787215289,5649510.46939679
0.00198655569160143,326.242940437257,519737.787215289,5649510.46939679
0.00268550012887414,326.242940437257,520237.787215289,5649510.46939679
0.00204882790923081,326.242940437257,520737.787215289,5649510.46939679
0.000908211028737679,326.242940437257,521237.787215289,5649510.46939679
0.00111492681348282,326.242940437257,521737.787215289,5649510.46939679
0.00245150408727092,326.242940437257,522237.787215289,5649510.46939679
0.0010062747280144,326.242940437257,522737.787215289,5649510.46939679
0.00117357610240913,326.242940437257,523237.787215289,5649510.46939679
0.002059199403635,326.242940437257,523737.787215289,5649510.46939679
0.00287713168261608,326.242940437257,524237.787215289,5649510.46939679
0.00612319145296289,326.242940437257,486737.787215289,5650010.46939679
0.00719013886427303,326.242940437257,487237.787215289,5650010.46939679
0.00602649321744612,326.242940437257,487737.787215289,5650010.46939679
0.00418490416187369,326.242940437257,488237.787215289,5650010.46939679
0.00391524886230843,326.242940437257,488737.787215289,5650010.46939679
0.00684145328928996,326.242940437257,489237.787215289,5650010.46939679
0.00335988741464977,326.242940437257,489737.787215289,5650010.46939679
0.00208012239710413,326.242940437257,490237.787215289,5650010.46939679
0.00180623390319807,326.242940437257,490737.787215289,5650010.46939679
0.00188073308103375,326.242940437257,491237.787215289,5650010.46939679
0.00168158779634611,326.242940437257,491737.787215289,5650010.46939679
0.00146707756376754,326.242940437257,492237.787215289,5650010.46939679
0.00608694802934118,326.242940437257,492737.787215289,5650010.46939679
0.00507008757344214,326.242940437257,493237.787215289,5650010.46939679
0.0057529596029193,326.242940437257,493737.787215289,5650010.46939679
0.00483779363143519,326.242940437257,494237.787215289,5650010.46939679
0.00294484471808618,326.242940437257,494737.787215289,5650010.46939679
0.000719080855605173,326.242940437257,495237.787215289,5650010.46939679
0.00248020829880851,326.242940437257,495737.787215289,5650010.46939679
0.00254460634004828,326.242940437257,496237.787215289,5650010.46939679
0.00106443060382637,326.242940437257,496737.787215289,5650010.46939679
0.001149515147334,326.242940437257,497237.787215289,5650010.46939679
0.001149515147334,326.242940437257,497737.787215289,5650010.46939679
0.00068843941432668,326.242940437257,498237.787215289,5650010.46939679
0.00241744002153272,326.242940437257,498737.787215289,5650010.46939679
0.00109206830101294,326.242940437257,499237.787215289,5650010.46939679
0.00519232095748197,326.242940437257,499737.787215289,5650010.46939679
0.000654034758304611,326.242940437257,500237.787215289,5650010.46939679
0.00433944701402305,326.242940437257,500737.787215289,5650010.46939679
0.00252264417182899,326.242940437257,501237.787215289,5650010.46939679
0.0028066144942625,326.242940437257,501737.787215289,5650010.46939679
0.00500550611323627,326.242940437257,502237.787215289,5650010.46939679
0.0059130309523465,326.242940437257,502737.787215289,5650010.46939679
0.00606656144867787,326.242940437257,503237.787215289,5650010.46939679
0.00127017405232947,326.242940437257,503737.787215289,5650010.46939679
0.00172451207792275,326.242940437257,504237.787215289,5650010.46939679
0.00159686754599662,326.242940437257,504737.787215289,5650010.46939679
0.000823745142506317,326.242940437257,505237.787215289,5650010.46939679
0.00117403085648958,326.242940437257,505737.787215289,5650010.46939679
0.00129059753840608,326.242940437257,506237.787215289,5650010.46939679
0.00492041925273888,326.242940437257,506737.787215289,5650010.46939679
0.00161110723797978,326.242940437257,507237.787215289,5650010.46939679
0.0017201713760979,326.242940437257,507737.787215289,5650010.46939679
0.00183571752906948,326.242940437257,508237.787215289,5650010.46939679
0.00180145863158265,326.242940437257,508737.787215289,5650010.46939679
0.00161489247926456,326.242940437257,509237.787215289,5650010.46939679
0.00154425128931991,326.242940437257,509737.787215289,5650010.46939679
0.00133698992228695,326.242940437257,510237.787215289,5650010.46939679
0.00206718697487935,326.242940437257,510737.787215289,5650010.46939679
0.00392365645603501,326.242940437257,511237.787215289,5650010.46939679
0.00223242617363054,326.242940437257,511737.787215289,5650010.46939679
0.00217592868302401,326.242940437257,512237.787215289,5650010.46939679
0.00133698992228695,326.242940437257,512737.787215289,5650010.46939679
0.00319618115131437,326.242940437257,513237.787215289,5650010.46939679
0.00319618115131437,326.242940437257,513737.787215289,5650010.46939679
0.00602426737027074,326.242940437257,514237.787215289,5650010.46939679
0.00235626026270276,326.242940437257,514737.787215289,5650010.46939679
0.00248020829880851,326.242940437257,515237.787215289,5650010.46939679
0.00218185514128945,326.242940437257,515737.787215289,5650010.46939679
0.00235626026270276,326.242940437257,516237.787215289,5650010.46939679
0.00155005642320493,326.242940437257,516737.787215289,5650010.46939679
0.00173760677226194,326.242940437257,517237.787215289,5650010.46939679
0.000694396775918843,326.242940437257,517737.787215289,5650010.46939679
0.00192522412393969,326.242940437257,518237.787215289,5650010.46939679
0.00181579890580108,326.242940437257,518737.787215289,5650010.46939679
0.00217241397030277,326.242940437257,519237.787215289,5650010.46939679
0.0020381853507002,326.242940437257,519737.787215289,5650010.46939679
0.00227200607082932,326.242940437257,520237.787215289,5650010.46939679
0.00195716712941652,326.242940437257,520737.787215289,5650010.46939679
0.000931792520385441,326.242940437257,521237.787215289,5650010.46939679
0.000443075984022338,326.242940437257,521737.787215289,5650010.46939679
0.000862823319392582,326.242940437257,522237.787215289,5650010.46939679
0.00108671062075235,326.242940437257,522737.787215289,5650010.46939679
0.00190763580210288,326.242940437257,523237.787215289,5650010.46939679
0.00251352192442581,326.242940437257,523737.787215289,5650010.46939679
0.00321283955218165,326.242940437257,524237.787215289,5650010.46939679
0.0108356871027081,326.242940437257,486737.787215289,5650510.46939679
0.00702844682910916,326.242940437257,487237.787215289,5650510.46939679
0.00463108071922631,326.242940437257,487737.787215289,5650510.46939679
0.00412120548561954,326.242940437257,488237.787215289,5650510.46939679
0.00337667093078413,326.242940437257,488737.787215289,5650510.46939679
0.0031117679785903,326.242940437257,489237.787215289,5650510.46939679
0.00246043484479299,326.242940437257,489737.787215289,5650510.46939679
0.00205521421372061,326.242940437257,490237.787215289,5650510.46939679
0.00333275247666718,326.242940437257,490737.787215289,5650510.46939679
0.00678517000305186,326.242940437257,491237.787215289,5650510.46939679
0.00183571752906948,326.242940437257,491737.787215289,5650510.46939679
0.00326874282675533,326.242940437257,492237.787215289,5650510.46939679
0.00606656144867787,326.242940437257,492737.787215289,5650510.46939679
0.00422962574879679,326.242940437257,493237.787215289,5650510.46939679
0.00173234296186211,326.242940437257,493737.787215289,5650510.46939679
0.00266684991172094,326.242940437257,494237.787215289,5650510.46939679
0.000848624541926188,326.242940437257,494737.787215289,5650510.46939679
0.00195223237226178,326.242940437257,495237.787215289,5650510.46939679
0.00187081662992355,326.242940437257,495737.787215289,5650510.46939679
0.00160411880539881,326.242940437257,496237.787215289,5650510.46939679
0.00182347063200248,326.242940437257,496737.787215289,5650510.46939679
0.00103749235218279,326.242940437257,497237.787215289,5650510.46939679
0.00246899676404837,326.242940437257,497737.787215289,5650510.46939679
0.00140477461786769,326.242940437257,498237.787215289,5650510.46939679
0.0011153588412966,326.242940437257,498737.787215289,5650510.46939679
0.00381743935880216,326.242940437257,499237.787215289,5650510.46939679
0.0054056178735881,326.242940437257,499737.787215289,5650510.46939679
0.00191939195585232,326.242940437257,500237.787215289,5650510.46939679
0.00229662882062819,326.242940437257,500737.787215289,5650510.46939679
0.000719080855605173,326.242940437257,501237.787215289,5650510.46939679
0.00241744002153272,326.242940437257,501737.787215289,5650510.46939679
0.0044033758185419,326.242940437257,502237.787215289,5650510.46939679
0.0059329015962845,326.242940437257,502737.787215289,5650510.46939679
0.00329018885867493,326.242940437257,503237.787215289,5650510.46939679
0.00156603508460263,326.242940437257,503737.787215289,5650510.46939679
0.00241087365645847,326.242940437257,504237.787215289,5650510.46939679
0.00363323616951966,326.242940437257,504737.787215289,5650510.46939679
0.00126787622238679,326.242940437257,505237.787215289,5650510.46939679
0.00131995969150473,326.242940437257,505737.787215289,5650510.46939679
0.00158595558169271,326.242940437257,506237.787215289,5650510.46939679
0.00256169656973211,326.242940437257,506737.787215289,5650510.46939679
0.00644608215429095,326.242940437257,507237.787215289,5650510.46939679
0.00899534175676187,326.242940437257,507737.787215289,5650510.46939679
0.00243025390473321,326.242940437257,508237.787215289,5650510.46939679
0.00180623390319807,326.242940437257,508737.787215289,5650510.46939679
0.00172524983888884,326.242940437257,509237.787215289,5650510.46939679
0.00176483523246458,326.242940437257,509737.787215289,5650510.46939679
0.00156451531245786,326.242940437257,510237.787215289,5650510.46939679
0.00130753305826669,326.242940437257,510737.787215289,5650510.46939679
0.00148632889540181,326.242940437257,511237.787215289,5650510.46939679
0.00127444245148661,326.242940437257,511737.787215289,5650510.46939679
0.00137631415061071,326.242940437257,512237.787215289,5650510.46939679
0.00148632889540181,326.242940437257,512737.787215289,5650510.46939679
0.00304665642872523,326.242940437257,513237.787215289,5650510.46939679
0.00218324085582393,326.242940437257,513737.787215289,5650510.46939679
0.00606656144867787,326.242940437257,514237.787215289,5650510.46939679
0.00331170841266506,326.242940437257,514737.787215289,5650510.46939679
0.00254460634004828,326.242940437257,515237.787215289,5650510.46939679
0.00274800773425033,326.242940437257,515737.787215289,5650510.46939679
0.00180773249281266,326.242940437257,516237.787215289,5650510.46939679
0.00171731475373685,326.242940437257,516737.787215289,5650510.46939679
0.00182901133836826,326.242940437257,517237.787215289,5650510.46939679
0.000365844458265394,326.242940437257,517737.787215289,5650510.46939679
0.00121366050740898,326.242940437257,518237.787215289,5650510.46939679
0.00147283008755259,326.242940437257,518737.787215289,5650510.46939679
0.0023769782891059,326.242940437257,519237.787215289,5650510.46939679
0.00272841207464002,326.242940437257,519737.787215289,5650510.46939679
0.000630648050609219,326.242940437257,520237.787215289,5650510.46939679
0.000809656514373642,326.242940437257,520737.787215289,5650510.46939679
0.000663250740005715,326.242940437257,521237.787215289,5650510.46939679
0.000885226329547644,326.242940437257,521737.787215289,5650510.46939679
0.00139482188374777,326.242940437257,522237.787215289,5650510.46939679
0.00184916509512336,326.242940437257,522737.787215289,5650510.46939679
0.00231596081459431,326.242940437257,523237.787215289,5650510.46939679
0.00253103118673474,326.242940437257,523737.787215289,5650510.46939679
0.00347072539974872,326.242940437257,524237.787215289,5650510.46939679
0.0199632810426518,326.242940437257,486737.787215289,5651010.46939679
0.0194819503645033,326.242940437257,487237.787215289,5651010.46939679
0.00381616306120408,326.242940437257,487737.787215289,5651010.46939679
0.00338987717302854,326.242940437257,488237.787215289,5651010.46939679
0.00708827466455738,326.242940437257,488737.787215289,5651010.46939679
0.00481037579297761,326.242940437257,489237.787215289,5651010.46939679
0.00659248388773883,326.242940437257,489737.787215289,5651010.46939679
0.00412434747969714,326.242940437257,490237.787215289,5651010.46939679
0.00221316019977707,326.242940437257,490737.787215289,5651010.46939679
0.00608694802934118,326.242940437257,491237.787215289,5651010.46939679
0.00624499424280082,326.242940437257,491737.787215289,5651010.46939679
0.00519232095748197,326.242940437257,492237.787215289,5651010.46939679
0.00254460634004828,326.242940437257,492737.787215289,5651010.46939679
0.001149515147334,326.242940437257,493237.787215289,5651010.46939679
0.00173234296186211,326.242940437257,493737.787215289,5651010.46939679
0.0008670771946915,326.242940437257,494237.787215289,5651010.46939679
0.00181522781450017,326.242940437257,494737.787215289,5651010.46939679
0.00130315383110164,326.242940437257,495237.787215289,5651010.46939679
0.00177249520217006,326.242940437257,495737.787215289,5651010.46939679
0.00311529327394305,326.242940437257,496237.787215289,5651010.46939679
0.00223242617363054,326.242940437257,496737.787215289,5651010.46939679
0.00206718697487935,326.242940437257,497237.787215289,5651010.46939679
0.00127444245148661,326.242940437257,497737.787215289,5651010.46939679
0.00235775674339538,326.242940437257,498237.787215289,5651010.46939679
0.00197047920259566,326.242940437257,498737.787215289,5651010.46939679
0.00318601858291194,326.242940437257,499237.787215289,5651010.46939679
0.00433944701402305,326.242940437257,499737.787215289,5651010.46939679
0.00159686754599662,326.242940437257,500237.787215289,5651010.46939679
0.000654034758304611,326.242940437257,500737.787215289,5651010.46939679
0.00432562760669804,326.242940437257,501237.787215289,5651010.46939679
0.00343444915214272,326.242940437257,501737.787215289,5651010.46939679
0.00265534461916122,326.242940437257,502237.787215289,5651010.46939679
0.00589422989612532,326.242940437257,502737.787215289,5651010.46939679
0.0063305762482114,326.242940437257,503237.787215289,5651010.46939679
0.00181709963595355,326.242940437257,503737.787215289,5651010.46939679
0.00676926584475673,326.242940437257,504237.787215289,5651010.46939679
0.00789471145910283,326.242940437257,504737.787215289,5651010.46939679
0.00268016319272462,326.242940437257,505237.787215289,5651010.46939679
0.00542260479632272,326.242940437257,505737.787215289,5651010.46939679
0.00269645131815405,326.242940437257,506237.787215289,5651010.46939679
0.00342835041121816,326.242940437257,506737.787215289,5651010.46939679
0.010659222460311,326.242940437257,507237.787215289,5651010.46939679
0.00668266561041306,326.242940437257,507737.787215289,5651010.46939679
0.00267859419199409,326.242940437257,508237.787215289,5651010.46939679
0.00247316522179242,326.242940437257,508737.787215289,5651010.46939679
0.00210857738073981,326.242940437257,509237.787215289,5651010.46939679
0.00350717263732464,326.242940437257,509737.787215289,5651010.46939679
0.00188338151487196,326.242940437257,510237.787215289,5651010.46939679
0.00157402332365462,326.242940437257,510737.787215289,5651010.46939679
0.00276646405993502,326.242940437257,511237.787215289,5651010.46939679
0.00183571752906948,326.242940437257,511737.787215289,5651010.46939679
0.0020339283479558,326.242940437257,512237.787215289,5651010.46939679
0.0019824543735461,326.242940437257,512737.787215289,5651010.46939679
0.00164751114115728,326.242940437257,513237.787215289,5651010.46939679
0.00235715262972533,326.242940437257,513737.787215289,5651010.46939679
0.00393838091246873,326.242940437257,514237.787215289,5651010.46939679
0.00134303981942417,326.242940437257,514737.787215289,5651010.46939679
0.00321242051795454,326.242940437257,515237.787215289,5651010.46939679
0.00284423520432009,326.242940437257,515737.787215289,5651010.46939679
0.00253359549744211,326.242940437257,516237.787215289,5651010.46939679
0.00208557190094858,326.242940437257,516737.787215289,5651010.46939679
0.000789350591479671,326.242940437257,517237.787215289,5651010.46939679
0.000426669080983755,326.242940437257,517737.787215289,5651010.46939679
0.00115331917988032,326.242940437257,518237.787215289,5651010.46939679
0.00168881362657471,326.242940437257,518737.787215289,5651010.46939679
0.00255795903838145,326.242940437257,519237.787215289,5651010.46939679
0.00324105255759955,326.242940437257,519737.787215289,5651010.46939679
0.00273334746019846,326.242940437257,520237.787215289,5651010.46939679
0.00239152202369634,326.242940437257,520737.787215289,5651010.46939679
0.00259352501477638,326.242940437257,521237.787215289,5651010.46939679
0.000837950790398252,326.242940437257,521737.787215289,5651010.46939679
0.001880943562635,326.242940437257,522237.787215289,5651010.46939679
0.00259352501477638,326.242940437257,522737.787215289,5651010.46939679
0.000880053124934083,326.242940437257,523237.787215289,5651010.46939679
0.00297594953618718,326.242940437257,523737.787215289,5651010.46939679
0.00305282082115718,326.242940437257,524237.787215289,5651010.46939679
0.0122814136134523,326.242940437257,486737.787215289,5651510.46939679
0.0174644938267126,326.242940437257,487237.787215289,5651510.46939679
0.0174166830780402,326.242940437257,487737.787215289,5651510.46939679
0.00597777394807848,326.242940437257,488237.787215289,5651510.46939679
0.0032748565142373,326.242940437257,488737.787215289,5651510.46939679
0.00287023701404445,326.242940437257,489237.787215289,5651510.46939679
0.00390093137011491,326.242940437257,489737.787215289,5651510.46939679
0.0030651718393488,326.242940437257,490237.787215289,5651510.46939679
0.00593866482436665,326.242940437257,490737.787215289,5651510.46939679
0.00576338595416811,326.242940437257,491237.787215289,5651510.46939679
0.00520173123772655,326.242940437257,491737.787215289,5651510.46939679
0.00216302383175093,326.242940437257,492237.787215289,5651510.46939679
0.00223850651102943,326.242940437257,492737.787215289,5651510.46939679
0.00196922852900935,326.242940437257,493237.787215289,5651510.46939679
0.000802898077550417,326.242940437257,493737.787215289,5651510.46939679
0.00372082888770909,326.242940437257,494237.787215289,5651510.46939679
0.00130315383110164,326.242940437257,494737.787215289,5651510.46939679
0.0057883710927785,326.242940437257,495237.787215289,5651510.46939679
0.00137631415061071,326.242940437257,495737.787215289,5651510.46939679
0.00187200480128578,326.242940437257,496237.787215289,5651510.46939679
0.00471058785216596,326.242940437257,496737.787215289,5651510.46939679
0.00521921157059121,326.242940437257,497237.787215289,5651510.46939679
0.00426734244484832,326.242940437257,497737.787215289,5651510.46939679
0.00165293926894386,326.242940437257,498237.787215289,5651510.46939679
0.00141730136619716,326.242940437257,498737.787215289,5651510.46939679
0.0010752292749772,326.242940437257,499237.787215289,5651510.46939679
0.000782578603101397,326.242940437257,499737.787215289,5651510.46939679
0.00303095933383004,326.242940437257,500237.787215289,5651510.46939679
0.00191939195585232,326.242940437257,500737.787215289,5651510.46939679
0.00292942533744199,326.242940437257,501237.787215289,5651510.46939679
0.000719080855605173,326.242940437257,501737.787215289,5651510.46939679
0.00258814405080639,326.242940437257,502237.787215289,5651510.46939679
0.00547536160932506,326.242940437257,502737.787215289,5651510.46939679
0.00657988963117325,326.242940437257,503237.787215289,5651510.46939679
0.00838631574025957,326.242940437257,503737.787215289,5651510.46939679
0.00771299369602065,326.242940437257,504237.787215289,5651510.46939679
0.00628294687561397,326.242940437257,504737.787215289,5651510.46939679
0.00643097280391077,326.242940437257,505237.787215289,5651510.46939679
0.00619718051230923,326.242940437257,505737.787215289,5651510.46939679
0.00211792991327973,326.242940437257,506237.787215289,5651510.46939679
0.00245914555461367,326.242940437257,506737.787215289,5651510.46939679
0.0118464695223314,326.242940437257,507237.787215289,5651510.46939679
0.00848920672989988,326.242940437257,507737.787215289,5651510.46939679
0.00259052606477559,326.242940437257,508237.787215289,5651510.46939679
0.00239816698743956,326.242940437257,508737.787215289,5651510.46939679
0.00229674210004503,326.242940437257,509237.787215289,5651510.46939679
0.00187632116169888,326.242940437257,509737.787215289,5651510.46939679
0.00269265953573626,326.242940437257,510237.787215289,5651510.46939679
0.00219342028321308,326.242940437257,510737.787215289,5651510.46939679
0.00178674372862926,326.242940437257,511237.787215289,5651510.46939679
0.0104761382162426,326.242940437257,511737.787215289,5651510.46939679
0.00385510067776666,326.242940437257,512237.787215289,5651510.46939679
0.00171099438153559,326.242940437257,512737.787215289,5651510.46939679
0.00172629035538098,326.242940437257,513237.787215289,5651510.46939679
0.00202164224443042,326.242940437257,513737.787215289,5651510.46939679
0.00524364708306297,326.242940437257,514237.787215289,5651510.46939679
0.00416157599305964,326.242940437257,514737.787215289,5651510.46939679
0.003583099812621,326.242940437257,515237.787215289,5651510.46939679
0.00292172340514634,326.242940437257,515737.787215289,5651510.46939679
0.00171211910465837,326.242940437257,516237.787215289,5651510.46939679
0.00101142283047115,326.242940437257,516737.787215289,5651510.46939679
0.000897288665323709,326.242940437257,517237.787215289,5651510.46939679
0.000830873362610476,326.242940437257,517737.787215289,5651510.46939679
0.00197574519773953,326.242940437257,518237.787215289,5651510.46939679
0.000942148281745253,326.242940437257,518737.787215289,5651510.46939679
0.00193632734483828,326.242940437257,519237.787215289,5651510.46939679
0.00223824802241269,326.242940437257,519737.787215289,5651510.46939679
0.00280268358592818,326.242940437257,520237.787215289,5651510.46939679
0.00218885759579869,326.242940437257,520737.787215289,5651510.46939679
0.00240081674081537,326.242940437257,521237.787215289,5651510.46939679
0.00114196313990323,326.242940437257,521737.787215289,5651510.46939679
0.00233099818883673,326.242940437257,522237.787215289,5651510.46939679
0.00147517141199087,326.242940437257,522737.787215289,5651510.46939679
0.00268705834572768,326.242940437257,523237.787215289,5651510.46939679
0.000805033564669552,326.242940437257,523737.787215289,5651510.46939679
0.00226628660584203,326.242940437257,524237.787215289,5651510.46939679
0.00807220144539509,326.242940437257,486737.787215289,5652010.46939679
0.00961246885534061,326.242940437257,487237.787215289,5652010.46939679
0.0146613914364315,326.242940437257,487737.787215289,5652010.46939679
0.0120565674994546,326.242940437257,488237.787215289,5652010.46939679
0.0091677857530498,326.242940437257,488737.787215289,5652010.46939679
0.00932548788131872,326.242940437257,489237.787215289,5652010.46939679
0.00240754175096462,326.242940437257,489737.787215289,5652010.46939679
0.00617036415414891,326.242940437257,490237.787215289,5652010.46939679
0.00463500973164697,326.242940437257,490737.787215289,5652010.46939679
0.00254460634004828,326.242940437257,491237.787215289,5652010.46939679
0.00180773249281266,326.242940437257,491737.787215289,5652010.46939679
0.00343444915214272,326.242940437257,492237.787215289,5652010.46939679
0.00319039904551694,326.242940437257,492737.787215289,5652010.46939679
0.00186235978954997,326.242940437257,493237.787215289,5652010.46939679
0.00469481101642547,326.242940437257,493737.787215289,5652010.46939679
0.00130880319752611,326.242940437257,494237.787215289,5652010.46939679
0.00175719846061427,326.242940437257,494737.787215289,5652010.46939679
0.00211920725929321,326.242940437257,495237.787215289,5652010.46939679
0.00498851577895816,326.242940437257,495737.787215289,5652010.46939679
0.00644608215429095,326.242940437257,496237.787215289,5652010.46939679
0.00450237387599074,326.242940437257,496737.787215289,5652010.46939679
0.00174397782209311,326.242940437257,497237.787215289,5652010.46939679
0.00194496068230789,326.242940437257,497737.787215289,5652010.46939679
0.00225037193921808,326.242940437257,498237.787215289,5652010.46939679
0.00161489247926456,326.242940437257,498737.787215289,5652010.46939679
0.0010752292749772,326.242940437257,499237.787215289,5652010.46939679
0.00248020829880851,326.242940437257,499737.787215289,5652010.46939679
0.00164576938330922,326.242940437257,500237.787215289,5652010.46939679
0.00120998391101057,326.242940437257,500737.787215289,5652010.46939679
0.000889590655745813,326.242940437257,501237.787215289,5652010.46939679
0.00220966022895684,326.242940437257,501737.787215289,5652010.46939679
0.00218185514128945,326.242940437257,502237.787215289,5652010.46939679
0.00248020829880851,326.242940437257,502737.787215289,5652010.46939679
0.0054056178735881,326.242940437257,503237.787215289,5652010.46939679
0.00811872579457126,326.242940437257,503737.787215289,5652010.46939679
0.00862687199784966,326.242940437257,504237.787215289,5652010.46939679
0.0101870581239453,326.242940437257,504737.787215289,5652010.46939679
0.00416325555434067,326.242940437257,505237.787215289,5652010.46939679
0.00945521536185856,326.242940437257,505737.787215289,5652010.46939679
0.00326017692753786,326.242940437257,506237.787215289,5652010.46939679
0.0144676855357924,326.242940437257,506737.787215289,5652010.46939679
0.0117981715383951,326.242940437257,507237.787215289,5652010.46939679
0.0141604224160995,326.242940437257,507737.787215289,5652010.46939679
0.00645560328306348,326.242940437257,508237.787215289,5652010.46939679
0.00284248694463909,326.242940437257,508737.787215289,5652010.46939679
0.0112085596930814,326.242940437257,509237.787215289,5652010.46939679
0.0117658740108313,326.242940437257,509737.787215289,5652010.46939679
0.0082743647417774,326.242940437257,510237.787215289,5652010.46939679
0.010157673517758,326.242940437257,510737.787215289,5652010.46939679
0.0109696203100159,326.242940437257,511237.787215289,5652010.46939679
0.0104576271040197,326.242940437257,511737.787215289,5652010.46939679
0.00372915412354094,326.242940437257,512237.787215289,5652010.46939679
0.00158155211403162,326.242940437257,512737.787215289,5652010.46939679
0.00175562195469187,326.242940437257,513237.787215289,5652010.46939679
0.00230938594304673,326.242940437257,513737.787215289,5652010.46939679
0.00557529555892191,326.242940437257,514237.787215289,5652010.46939679
0.00411729435274914,326.242940437257,514737.787215289,5652010.46939679
0.00338676085482337,326.242940437257,515237.787215289,5652010.46939679
0.00238455665635706,326.242940437257,515737.787215289,5652010.46939679
0.00231434836413723,326.242940437257,516237.787215289,5652010.46939679
0.00187921887781731,326.242940437257,516737.787215289,5652010.46939679
0.000694396775918843,326.242940437257,517237.787215289,5652010.46939679
0.000460774586644547,326.242940437257,517737.787215289,5652010.46939679
0.00165121564498952,326.242940437257,518237.787215289,5652010.46939679
0.00213972329837368,326.242940437257,518737.787215289,5652010.46939679
0.00300752896005224,326.242940437257,519237.787215289,5652010.46939679
0.0030941070978269,326.242940437257,519737.787215289,5652010.46939679
0.00379770809535443,326.242940437257,520237.787215289,5652010.46939679
0.00353887902303635,326.242940437257,520737.787215289,5652010.46939679
0.00308035713696097,326.242940437257,521237.787215289,5652010.46939679
0.00259674883263601,326.242940437257,521737.787215289,5652010.46939679
0.00297503234512168,326.242940437257,522237.787215289,5652010.46939679
0.00319820601287358,326.242940437257,522737.787215289,5652010.46939679
0.000820948940018581,326.242940437257,523237.787215289,5652010.46939679
0.00107764029651658,326.242940437257,523737.787215289,5652010.46939679
0.00140515368332907,326.242940437257,524237.787215289,5652010.46939679
0.00484474041561313,326.242940437257,486737.787215289,5652510.46939679
0.0100812480995088,326.242940437257,487237.787215289,5652510.46939679
0.00722247272117484,326.242940437257,487737.787215289,5652510.46939679
0.00733369922328102,326.242940437257,488237.787215289,5652510.46939679
0.00758911460412282,326.242940437257,488737.787215289,5652510.46939679
0.00271483519703563,326.242940437257,489237.787215289,5652510.46939679
0.00371146333501184,326.242940437257,489737.787215289,5652510.46939679
0.00318601858291194,326.242940437257,490237.787215289,5652510.46939679
0.00202035909739048,326.242940437257,490737.787215289,5652510.46939679
0.00137544059672982,326.242940437257,491237.787215289,5652510.46939679
0.000802898077550417,326.242940437257,491737.787215289,5652510.46939679
0.00412258380320664,326.242940437257,492237.787215289,5652510.46939679
0.00206061415311541,326.242940437257,492737.787215289,5652510.46939679
0.00563640573276311,326.242940437257,493237.787215289,5652510.46939679
0.00175719846061427,326.242940437257,493737.787215289,5652510.46939679
0.00159851419932957,326.242940437257,494237.787215289,5652510.46939679
0.00180145863158265,326.242940437257,494737.787215289,5652510.46939679
0.00205322353052898,326.242940437257,495237.787215289,5652510.46939679
0.00241014686439197,326.242940437257,495737.787215289,5652510.46939679
0.00191360135628251,326.242940437257,496237.787215289,5652510.46939679
0.00191360135628251,326.242940437257,496737.787215289,5652510.46939679
0.00191360135628251,326.242940437257,497237.787215289,5652510.46939679
0.00237408003615423,326.242940437257,497737.787215289,5652510.46939679
0.00284068119431534,326.242940437257,498237.787215289,5652510.46939679
0.00905435967180375,326.242940437257,498737.787215289,5652510.46939679
0.00535992879410673,326.242940437257,499237.787215289,5652510.46939679
0.00526881431491146,326.242940437257,499737.787215289,5652510.46939679
0.00532713838362746,326.242940437257,500237.787215289,5652510.46939679
0.00500550611323627,326.242940437257,500737.787215289,5652510.46939679
0.0049328354998211,326.242940437257,501237.787215289,5652510.46939679
0.00163832984661506,326.242940437257,501737.787215289,5652510.46939679
0.00560736563660367,326.242940437257,502237.787215289,5652510.46939679
0.00177732285066944,326.242940437257,502737.787215289,5652510.46939679
0.0049328354998211,326.242940437257,503237.787215289,5652510.46939679
0.00719623748154736,326.242940437257,503737.787215289,5652510.46939679
0.00838631574025957,326.242940437257,504237.787215289,5652510.46939679
0.00981604315949142,326.242940437257,504737.787215289,5652510.46939679
0.00495547956020055,326.242940437257,505237.787215289,5652510.46939679
0.0112544439925463,326.242940437257,505737.787215289,5652510.46939679
0.0117544532643005,326.242940437257,506237.787215289,5652510.46939679
0.0123696135171673,326.242940437257,506737.787215289,5652510.46939679
0.0126907877031343,326.242940437257,507237.787215289,5652510.46939679
0.007037886543544,326.242940437257,507737.787215289,5652510.46939679
0.00544650335391954,326.242940437257,508237.787215289,5652510.46939679
0.00258986285060608,326.242940437257,508737.787215289,5652510.46939679
0.0148007345852106,326.242940437257,509237.787215289,5652510.46939679
0.0134114875027865,326.242940437257,509737.787215289,5652510.46939679
0.0112085596930814,326.242940437257,510237.787215289,5652510.46939679
0.0103505147993532,326.242940437257,510737.787215289,5652510.46939679
0.00968357690521886,326.242940437257,511237.787215289,5652510.46939679
0.0089616203417359,326.242940437257,511737.787215289,5652510.46939679
0.0030651718393488,326.242940437257,512237.787215289,5652510.46939679
0.00182507610845434,326.242940437257,512737.787215289,5652510.46939679
0.00157676199926269,326.242940437257,513237.787215289,5652510.46939679
0.00563200995537067,326.242940437257,513737.787215289,5652510.46939679
0.00438004567360342,326.242940437257,514237.787215289,5652510.46939679
0.00387551873387967,326.242940437257,514737.787215289,5652510.46939679
0.00131743804544626,326.242940437257,515237.787215289,5652510.46939679
0.00263363150818666,326.242940437257,515737.787215289,5652510.46939679
0.00227684903552821,326.242940437257,516237.787215289,5652510.46939679
0.00155030641720906,326.242940437257,516737.787215289,5652510.46939679
0.000897288665323709,326.242940437257,517237.787215289,5652510.46939679
0.000809845899058137,326.242940437257,517737.787215289,5652510.46939679
0.000600505440802889,326.242940437257,518237.787215289,5652510.46939679
0.0020549650580193,326.242940437257,518737.787215289,5652510.46939679
0.00331593882537661,326.242940437257,519237.787215289,5652510.46939679
0.00277290135698061,326.242940437257,519737.787215289,5652510.46939679
0.00413841763250926,326.242940437257,520237.787215289,5652510.46939679
0.0031735343816478,326.242940437257,520737.787215289,5652510.46939679
0.00160207114587329,326.242940437257,521237.787215289,5652510.46939679
0.00196155970116931,326.242940437257,521737.787215289,5652510.46939679
0.00327823674221466,326.242940437257,522237.787215289,5652510.46939679
0.00374270767382013,326.242940437257,522737.787215289,5652510.46939679
0.00092722615817538,326.242940437257,523237.787215289,5652510.46939679
0.000964820251826402,326.242940437257,523737.787215289,5652510.46939679
0.000177906882377242,326.242940437257,524237.787215289,5652510.46939679
0.00279828453950498,326.242940437257,486737.787215289,5653010.46939679
0.00272944673573401,326.242940437257,487237.787215289,5653010.46939679
0.00563310611103253,326.242940437257,487737.787215289,5653010.46939679
0.00820369147569676,326.242940437257,488237.787215289,5653010.46939679
0.0045696721434197,326.242940437257,488737.787215289,5653010.46939679
0.00621922507118004,326.242940437257,489237.787215289,5653010.46939679
0.00477030020410839,326.242940437257,489737.787215289,5653010.46939679
0.00358695694974258,326.242940437257,490237.787215289,5653010.46939679
0.00160411880539881,326.242940437257,490737.787215289,5653010.46939679
0.00229662882062819,326.242940437257,491237.787215289,5653010.46939679
0.001149515147334,326.242940437257,491737.787215289,5653010.46939679
0.00429193666463675,326.242940437257,492237.787215289,5653010.46939679
0.00160669682741255,326.242940437257,492737.787215289,5653010.46939679
0.00262205001856057,326.242940437257,493237.787215289,5653010.46939679
0.0020655750748835,326.242940437257,493737.787215289,5653010.46939679
0.00175586792255132,326.242940437257,494237.787215289,5653010.46939679
0.00190124851113116,326.242940437257,494737.787215289,5653010.46939679
0.00245914555461367,326.242940437257,495237.787215289,5653010.46939679
0.00241755925986736,326.242940437257,495737.787215289,5653010.46939679
0.00212674238008458,326.242940437257,496237.787215289,5653010.46939679
0.00248033063313924,326.242940437257,496737.787215289,5653010.46939679
0.00248033063313924,326.242940437257,497237.787215289,5653010.46939679
0.00272944673573401,326.242940437257,497737.787215289,5653010.46939679
0.00223861692360889,326.242940437257,498237.787215289,5653010.46939679
0.00233398723103007,326.242940437257,498737.787215289,5653010.46939679
0.00666358805756198,326.242940437257,499237.787215289,5653010.46939679
0.00545795216528903,326.242940437257,499737.787215289,5653010.46939679
0.00547536160932506,326.242940437257,500237.787215289,5653010.46939679
0.00505396673756578,326.242940437257,500737.787215289,5653010.46939679
0.00500550611323627,326.242940437257,501237.787215289,5653010.46939679
0.00561752812126253,326.242940437257,501737.787215289,5653010.46939679
0.00576338595416811,326.242940437257,502237.787215289,5653010.46939679
0.00168850140894933,326.242940437257,502737.787215289,5653010.46939679
0.00241744002153272,326.242940437257,503237.787215289,5653010.46939679
0.00585605705902432,326.242940437257,503737.787215289,5653010.46939679
0.00322641125582062,326.242940437257,504237.787215289,5653010.46939679
0.00365385105797555,326.242940437257,504737.787215289,5653010.46939679
0.0093769863355228,326.242940437257,505237.787215289,5653010.46939679
0.00203563853912958,326.242940437257,505737.787215289,5653010.46939679
0.00674023552344695,326.242940437257,506237.787215289,5653010.46939679
0.0106920048494274,326.242940437257,506737.787215289,5653010.46939679
0.0112544439925463,326.242940437257,507237.787215289,5653010.46939679
0.0115466630568526,326.242940437257,507737.787215289,5653010.46939679
0.0047078302156902,326.242940437257,508237.787215289,5653010.46939679
0.0050841474536327,326.242940437257,508737.787215289,5653010.46939679
0.010157673517758,326.242940437257,509237.787215289,5653010.46939679
0.0117544532643005,326.242940437257,509737.787215289,5653010.46939679
0.0108816283137026,326.242940437257,510237.787215289,5653010.46939679
0.0099006065334463,326.242940437257,510737.787215289,5653010.46939679
0.0106006819591221,326.242940437257,511237.787215289,5653010.46939679
0.00908067748733435,326.242940437257,511737.787215289,5653010.46939679
0.00815755888155103,326.242940437257,512237.787215289,5653010.46939679
0.00143083410235766,326.242940437257,512737.787215289,5653010.46939679
0.00206211023403227,326.242940437257,513237.787215289,5653010.46939679
0.00343376211879389,326.242940437257,513737.787215289,5653010.46939679
0.0042681504568877,326.242940437257,514237.787215289,5653010.46939679
0.00258363821659483,326.242940437257,514737.787215289,5653010.46939679
0.0033252057460091,326.242940437257,515237.787215289,5653010.46939679
0.00233592368511766,326.242940437257,515737.787215289,5653010.46939679
0.00167385352965976,326.242940437257,516237.787215289,5653010.46939679
0.000809366261908544,326.242940437257,516737.787215289,5653010.46939679
0.000537382116860385,326.242940437257,517237.787215289,5653010.46939679
0.00092058656030344,326.242940437257,517737.787215289,5653010.46939679
0.00145429623757857,326.242940437257,518237.787215289,5653010.46939679
0.00089645425520435,326.242940437257,518737.787215289,5653010.46939679
0.0029796269460302,326.242940437257,519237.787215289,5653010.46939679
0.00374651160940838,326.242940437257,519737.787215289,5653010.46939679
0.0039195697189764,326.242940437257,520237.787215289,5653010.46939679
0.00139633509465481,326.242940437257,520737.787215289,5653010.46939679
0.00391164956927078,326.242940437257,521237.787215289,5653010.46939679
0.00346568081197492,326.242940437257,521737.787215289,5653010.46939679
0.00272112514917561,326.242940437257,522237.787215289,5653010.46939679
0.000960029870093637,326.242940437257,522737.787215289,5653010.46939679
0.00110865805334664,326.242940437257,523237.787215289,5653010.46939679
0.0010007946990053,326.242940437257,523737.787215289,5653010.46939679
0.00113179032602339,326.242940437257,524237.787215289,5653010.46939679
0.00214272068244802,326.242940437257,486737.787215289,5653510.46939679
0.00202630363020642,326.242940437257,487237.787215289,5653510.46939679
0.00330552946504647,326.242940437257,487737.787215289,5653510.46939679
0.00251388915993996,326.242940437257,488237.787215289,5653510.46939679
0.00252672772421649,326.242940437257,488737.787215289,5653510.46939679
0.00304961595461686,326.242940437257,489237.787215289,5653510.46939679
0.00358695694974258,326.242940437257,489737.787215289,5653510.46939679
0.00134063140881065,326.242940437257,490237.787215289,5653510.46939679
0.00235626026270276,326.242940437257,490737.787215289,5653510.46939679
0.00218185514128945,326.242940437257,491237.787215289,5653510.46939679
0.00235626026270276,326.242940437257,491737.787215289,5653510.46939679
0.00146707756376754,326.242940437257,492237.787215289,5653510.46939679
0.00155253686850876,326.242940437257,492737.787215289,5653510.46939679
0.00174152541941174,326.242940437257,493237.787215289,5653510.46939679
0.00195061399389553,326.242940437257,493737.787215289,5653510.46939679
0.00195250519299454,326.242940437257,494237.787215289,5653510.46939679
0.00223214979745591,326.242940437257,494737.787215289,5653510.46939679
0.00252496590258997,326.242940437257,495237.787215289,5653510.46939679
0.00273693911420928,326.242940437257,495737.787215289,5653510.46939679
0.0026001609942787,326.242940437257,496237.787215289,5653510.46939679
0.00573588497677733,326.242940437257,496737.787215289,5653510.46939679
0.00228111659204131,326.242940437257,497237.787215289,5653510.46939679
0.0040022181609731,326.242940437257,497737.787215289,5653510.46939679
0.00572445540747898,326.242940437257,498237.787215289,5653510.46939679
0.00453191368960597,326.242940437257,498737.787215289,5653510.46939679
0.00811872579457126,326.242940437257,499237.787215289,5653510.46939679
0.00686631844049242,326.242940437257,499737.787215289,5653510.46939679
0.00626821990759038,326.242940437257,500237.787215289,5653510.46939679
0.00683660659747327,326.242940437257,500737.787215289,5653510.46939679
0.00570785393697192,326.242940437257,501237.787215289,5653510.46939679
0.00542260479632272,326.242940437257,501737.787215289,5653510.46939679
0.00513547293467662,326.242940437257,502237.787215289,5653510.46939679
0.00248020829880851,326.242940437257,502737.787215289,5653510.46939679
0.00229662882062819,326.242940437257,503237.787215289,5653510.46939679
0.00589422989612532,326.242940437257,503737.787215289,5653510.46939679
0.00722751227779778,326.242940437257,504237.787215289,5653510.46939679
0.00791325981332904,326.242940437257,504737.787215289,5653510.46939679
0.00854580090755726,326.242940437257,505237.787215289,5653510.46939679
0.00796517825156029,326.242940437257,505737.787215289,5653510.46939679
0.00750722423090196,326.242940437257,506237.787215289,5653510.46939679
0.00921592595224704,326.242940437257,506737.787215289,5653510.46939679
0.00853378369908438,326.242940437257,507237.787215289,5653510.46939679
0.007132051830877,326.242940437257,507737.787215289,5653510.46939679
0.00831781357202163,326.242940437257,508237.787215289,5653510.46939679
0.00831781357202163,326.242940437257,508737.787215289,5653510.46939679
0.00875536144110263,326.242940437257,509237.787215289,5653510.46939679
0.00987025062354561,326.242940437257,509737.787215289,5653510.46939679
0.00450615961410266,326.242940437257,510237.787215289,5653510.46939679
0.00919430676433174,326.242940437257,510737.787215289,5653510.46939679
0.00860186941118559,326.242940437257,511237.787215289,5653510.46939679
0.00644608215429095,326.242940437257,511737.787215289,5653510.46939679
0.00232958064139464,326.242940437257,512237.787215289,5653510.46939679
0.00232412465380413,326.242940437257,512737.787215289,5653510.46939679
0.00217535291123745,326.242940437257,513237.787215289,5653510.46939679
0.00477230383130472,326.242940437257,513737.787215289,5653510.46939679
0.00398316870554187,326.242940437257,514237.787215289,5653510.46939679
0.00277058328838727,326.242940437257,514737.787215289,5653510.46939679
0.00281405457773365,326.242940437257,515237.787215289,5653510.46939679
0.00221237355870685,326.242940437257,515737.787215289,5653510.46939679
0.00235669595436408,326.242940437257,516237.787215289,5653510.46939679
0.00173760677226194,326.242940437257,516737.787215289,5653510.46939679
0.000830873362610476,326.242940437257,517237.787215289,5653510.46939679
0.0018381605964565,326.242940437257,517737.787215289,5653510.46939679
0.00117958011885493,326.242940437257,518237.787215289,5653510.46939679
0.00215638355293303,326.242940437257,518737.787215289,5653510.46939679
0.00243729988124079,326.242940437257,519237.787215289,5653510.46939679
0.00340931867647613,326.242940437257,519737.787215289,5653510.46939679
0.00468872554243699,326.242940437257,520237.787215289,5653510.46939679
0.00279711689470308,326.242940437257,520737.787215289,5653510.46939679
0.00453389082626689,326.242940437257,521237.787215289,5653510.46939679
0.00437785000998496,326.242940437257,521737.787215289,5653510.46939679
0.00481046722880619,326.242940437257,522237.787215289,5653510.46939679
0.00135173548734894,326.242940437257,522737.787215289,5653510.46939679
0.00108345285498768,326.242940437257,523237.787215289,5653510.46939679
0.00130804422658542,326.242940437257,523737.787215289,5653510.46939679
0.00121392593216784,326.242940437257,524237.787215289,5653510.46939679
0.00242455289149585,326.242940437257,486737.787215289,5654010.46939679
0.00308528225383833,326.242940437257,487237.787215289,5654010.46939679
0.00174397782209311,326.242940437257,487737.787215289,5654010.46939679
0.0016400192549252,326.242940437257,488237.787215289,5654010.46939679
0.00146707756376754,326.242940437257,488737.787215289,5654010.46939679
0.00163608039677341,326.242940437257,489237.787215289,5654010.46939679
0.00445211976328411,326.242940437257,489737.787215289,5654010.46939679
0.0008670771946915,326.242940437257,490237.787215289,5654010.46939679
0.00147867097720118,326.242940437257,490737.787215289,5654010.46939679
0.00212663748535714,326.242940437257,491237.787215289,5654010.46939679
0.00168850140894933,326.242940437257,491737.787215289,5654010.46939679
0.00156451531245786,326.242940437257,492237.787215289,5654010.46939679
0.00165682279315289,326.242940437257,492737.787215289,5654010.46939679
0.00234915167832949,326.242940437257,493237.787215289,5654010.46939679
0.00232452005199788,326.242940437257,493737.787215289,5654010.46939679
0.000719080855605173,326.242940437257,494237.787215289,5654010.46939679
0.00272609924995343,326.242940437257,494737.787215289,5654010.46939679
0.0026001609942787,326.242940437257,495237.787215289,5654010.46939679
0.00325128797449049,326.242940437257,495737.787215289,5654010.46939679
0.0029344427658052,326.242940437257,496237.787215289,5654010.46939679
0.00252741918518202,326.242940437257,496737.787215289,5654010.46939679
0.0033129675936409,326.242940437257,497237.787215289,5654010.46939679
0.00943303483667348,326.242940437257,497737.787215289,5654010.46939679
0.00796721087448387,326.242940437257,498237.787215289,5654010.46939679
0.00811872579457126,326.242940437257,498737.787215289,5654010.46939679
0.00712535435527336,326.242940437257,499237.787215289,5654010.46939679
0.00523862226236953,326.242940437257,499737.787215289,5654010.46939679
0.00608694802934118,326.242940437257,500237.787215289,5654010.46939679
0.00608694802934118,326.242940437257,500737.787215289,5654010.46939679
0.00608694802934118,326.242940437257,501237.787215289,5654010.46939679
0.00492606264754296,326.242940437257,501737.787215289,5654010.46939679
0.00445211976328411,326.242940437257,502237.787215289,5654010.46939679
0.00177732285066944,326.242940437257,502737.787215289,5654010.46939679
0.00152395320974904,326.242940437257,503237.787215289,5654010.46939679
0.00507008757344214,326.242940437257,503737.787215289,5654010.46939679
0.00556340148967639,326.242940437257,504237.787215289,5654010.46939679
0.00659795154196153,326.242940437257,504737.787215289,5654010.46939679
0.00750017444322097,326.242940437257,505237.787215289,5654010.46939679
0.00661345320316874,326.242940437257,505737.787215289,5654010.46939679
0.00771299369602065,326.242940437257,506237.787215289,5654010.46939679
0.00567065979751395,326.242940437257,506737.787215289,5654010.46939679
0.00538726942838111,326.242940437257,507237.787215289,5654010.46939679
0.00791325981332904,326.242940437257,507737.787215289,5654010.46939679
0.0083295266530251,326.242940437257,508237.787215289,5654010.46939679
0.00791325981332904,326.242940437257,508737.787215289,5654010.46939679
0.00791325981332904,326.242940437257,509237.787215289,5654010.46939679
0.00831781357202163,326.242940437257,509737.787215289,5654010.46939679
0.00808829060606995,326.242940437257,510237.787215289,5654010.46939679
0.00745051760000872,326.242940437257,510737.787215289,5654010.46939679
0.00804140381600899,326.242940437257,511237.787215289,5654010.46939679
0.00824504838527604,326.242940437257,511737.787215289,5654010.46939679
0.00285691118233226,326.242940437257,512237.787215289,5654010.46939679
0.00277588633125367,326.242940437257,512737.787215289,5654010.46939679
0.0038184694595695,326.242940437257,513237.787215289,5654010.46939679
0.00266301254302016,326.242940437257,513737.787215289,5654010.46939679
0.00382987897975033,326.242940437257,514237.787215289,5654010.46939679
0.00274434726324512,326.242940437257,514737.787215289,5654010.46939679
0.00272338198767014,326.242940437257,515237.787215289,5654010.46939679
0.00263081902663563,326.242940437257,515737.787215289,5654010.46939679
0.00200428645639561,326.242940437257,516237.787215289,5654010.46939679
0.000690531271787103,326.242940437257,516737.787215289,5654010.46939679
0.000537382116860385,326.242940437257,517237.787215289,5654010.46939679
0.00149030102600591,326.242940437257,517737.787215289,5654010.46939679
0.00207739902125486,326.242940437257,518237.787215289,5654010.46939679
0.00144152908524461,326.242940437257,518737.787215289,5654010.46939679
0.00241716087080247,326.242940437257,519237.787215289,5654010.46939679
0.00392932091154282,326.242940437257,519737.787215289,5654010.46939679
0.00520035480930255,326.242940437257,520237.787215289,5654010.46939679
0.0054056178735881,326.242940437257,520737.787215289,5654010.46939679
0.00429720690450651,326.242940437257,521237.787215289,5654010.46939679
0.00499627798698955,326.242940437257,521737.787215289,5654010.46939679
0.00443705376444861,326.242940437257,522237.787215289,5654010.46939679
0.00231992816893734,326.242940437257,522737.787215289,5654010.46939679
0.00163726825072285,326.242940437257,523237.787215289,5654010.46939679
0.00129564509680949,326.242940437257,523737.787215289,5654010.46939679
0.00324757344760831,326.242940437257,524237.787215289,5654010.46939679
0.00165293926894386,326.242940437257,486737.787215289,5654510.46939679
0.00127444245148661,326.242940437257,487237.787215289,5654510.46939679
0.00114639277985082,326.242940437257,487737.787215289,5654510.46939679
0.00114639277985082,326.242940437257,488237.787215289,5654510.46939679
0.00116718497391654,326.242940437257,488737.787215289,5654510.46939679
0.000838633908160782,326.242940437257,489237.787215289,5654510.46939679
0.00137544059672982,326.242940437257,489737.787215289,5654510.46939679
0.0028066144942625,326.242940437257,490237.787215289,5654510.46939679
0.00423729129257805,326.242940437257,490737.787215289,5654510.46939679
0.00124140086652924,326.242940437257,491237.787215289,5654510.46939679
0.00098564382817391,326.242940437257,491737.787215289,5654510.46939679
0.00154425128931991,326.242940437257,492237.787215289,5654510.46939679
0.00193228308516475,326.242940437257,492737.787215289,5654510.46939679
0.00282929526875326,326.242940437257,493237.787215289,5654510.46939679
0.00259052606477559,326.242940437257,493737.787215289,5654510.46939679
0.00295571449919309,326.242940437257,494237.787215289,5654510.46939679
0.00409731538252937,326.242940437257,494737.787215289,5654510.46939679
0.00366084472204228,326.242940437257,495237.787215289,5654510.46939679
0.0026001609942787,326.242940437257,495737.787215289,5654510.46939679
0.00259052606477559,326.242940437257,496237.787215289,5654510.46939679
0.00702738529310294,326.242940437257,496737.787215289,5654510.46939679
0.00678517000305186,326.242940437257,497237.787215289,5654510.46939679
0.00864800592084573,326.242940437257,497737.787215289,5654510.46939679
0.00625106063807282,326.242940437257,498237.787215289,5654510.46939679
0.00622407832923312,326.242940437257,498737.787215289,5654510.46939679
0.00480799695841415,326.242940437257,499237.787215289,5654510.46939679
0.00422962574879679,326.242940437257,499737.787215289,5654510.46939679
0.00241744002153272,326.242940437257,500237.787215289,5654510.46939679
0.00229662882062819,326.242940437257,500737.787215289,5654510.46939679
0.00267846207895101,326.242940437257,501237.787215289,5654510.46939679
0.00248020829880851,326.242940437257,501737.787215289,5654510.46939679
0.00254460634004828,326.242940437257,502237.787215289,5654510.46939679
0.00235626026270276,326.242940437257,502737.787215289,5654510.46939679
0.0008670771946915,326.242940437257,503237.787215289,5654510.46939679
0.00254460634004828,326.242940437257,503737.787215289,5654510.46939679
0.00532713838362746,326.242940437257,504237.787215289,5654510.46939679
0.00412258380320664,326.242940437257,504737.787215289,5654510.46939679
0.0049328354998211,326.242940437257,505237.787215289,5654510.46939679
0.0059130309523465,326.242940437257,505737.787215289,5654510.46939679
0.00561752812126253,326.242940437257,506237.787215289,5654510.46939679
0.00547536160932506,326.242940437257,506737.787215289,5654510.46939679
0.00494177550272806,326.242940437257,507237.787215289,5654510.46939679
0.00240320804950959,326.242940437257,507737.787215289,5654510.46939679
0.00392365645603501,326.242940437257,508237.787215289,5654510.46939679
0.00576338595416811,326.242940437257,508737.787215289,5654510.46939679
0.00589422989612532,326.242940437257,509237.787215289,5654510.46939679
0.00657350412099186,326.242940437257,509737.787215289,5654510.46939679
0.00537464189130703,326.242940437257,510237.787215289,5654510.46939679
0.00694502828424339,326.242940437257,510737.787215289,5654510.46939679
0.00430592740971822,326.242940437257,511237.787215289,5654510.46939679
0.00659073418857643,326.242940437257,511737.787215289,5654510.46939679
0.00500550611323627,326.242940437257,512237.787215289,5654510.46939679
0.00438004567360342,326.242940437257,512737.787215289,5654510.46939679
0.00368980603548626,326.242940437257,513237.787215289,5654510.46939679
0.00338288944889563,326.242940437257,513737.787215289,5654510.46939679
0.00273334746019846,326.242940437257,514237.787215289,5654510.46939679
0.00271750259324552,326.242940437257,514737.787215289,5654510.46939679
0.00249934424209524,326.242940437257,515237.787215289,5654510.46939679
0.00205529648398258,326.242940437257,515737.787215289,5654510.46939679
0.00179164104644482,326.242940437257,516237.787215289,5654510.46939679
0.00076937397225071,326.242940437257,516737.787215289,5654510.46939679
0.00165902777821618,326.242940437257,517237.787215289,5654510.46939679
0.00200328173197463,326.242940437257,517737.787215289,5654510.46939679
0.0015853918729308,326.242940437257,518237.787215289,5654510.46939679
0.00193874156819724,326.242940437257,518737.787215289,5654510.46939679
0.0041523188816562,326.242940437257,519237.787215289,5654510.46939679
0.00315340903886413,326.242940437257,519737.787215289,5654510.46939679
0.00546545631340925,326.242940437257,520237.787215289,5654510.46939679
0.00627569766816598,326.242940437257,520737.787215289,5654510.46939679
0.00409026098144145,326.242940437257,521237.787215289,5654510.46939679
0.00489718843480615,326.242940437257,521737.787215289,5654510.46939679
0.00585968075208931,326.242940437257,522237.787215289,5654510.46939679
0.00508837281609105,326.242940437257,522737.787215289,5654510.46939679
0.00271689240846816,326.242940437257,523237.787215289,5654510.46939679
0.00606183101524695,326.242940437257,523737.787215289,5654510.46939679
0.00791325981332904,326.242940437257,524237.787215289,5654510.46939679
0.00202164224443042,326.242940437257,486737.787215289,5655010.46939679
0.00151981377586769,326.242940437257,487237.787215289,5655010.46939679
0.00102274918812794,326.242940437257,487737.787215289,5655010.46939679
0.00104194250892655,326.242940437257,488237.787215289,5655010.46939679
0.000719080855605173,326.242940437257,488737.787215289,5655010.46939679
0.00279767654692147,326.242940437257,489237.787215289,5655010.46939679
0.0028066144942625,326.242940437257,489737.787215289,5655010.46939679
0.00638568509956691,326.242940437257,490237.787215289,5655010.46939679
0.00554597350537799,326.242940437257,490737.787215289,5655010.46939679
0.000706314586269371,326.242940437257,491237.787215289,5655010.46939679
0.000506146622660989,326.242940437257,491737.787215289,5655010.46939679
0.00150669769041148,326.242940437257,492237.787215289,5655010.46939679
0.0019824543735461,326.242940437257,492737.787215289,5655010.46939679
0.00205521421372061,326.242940437257,493237.787215289,5655010.46939679
0.00235637648339374,326.242940437257,493737.787215289,5655010.46939679
0.00239816698743956,326.242940437257,494237.787215289,5655010.46939679
0.00338987717302854,326.242940437257,494737.787215289,5655010.46939679
0.00306969922437025,326.242940437257,495237.787215289,5655010.46939679
0.00467006670453163,326.242940437257,495737.787215289,5655010.46939679
0.0104214151875246,326.242940437257,496237.787215289,5655010.46939679
0.0098595819282845,326.242940437257,496737.787215289,5655010.46939679
0.0058874773497714,326.242940437257,497237.787215289,5655010.46939679
0.00648836232752746,326.242940437257,497737.787215289,5655010.46939679
0.00547536160932506,326.242940437257,498237.787215289,5655010.46939679
0.00519232095748197,326.242940437257,498737.787215289,5655010.46939679
0.00248020829880851,326.242940437257,499237.787215289,5655010.46939679
0.00235626026270276,326.242940437257,499737.787215289,5655010.46939679
0.00218185514128945,326.242940437257,500237.787215289,5655010.46939679
0.00254460634004828,326.242940437257,500737.787215289,5655010.46939679
0.00248020829880851,326.242940437257,501237.787215289,5655010.46939679
0.00187081662992355,326.242940437257,501737.787215289,5655010.46939679
0.00202035909739048,326.242940437257,502237.787215289,5655010.46939679
0.00182347063200248,326.242940437257,502737.787215289,5655010.46939679
0.00254460634004828,326.242940437257,503237.787215289,5655010.46939679
0.00202035909739048,326.242940437257,503737.787215289,5655010.46939679
0.00120998391101057,326.242940437257,504237.787215289,5655010.46939679
0.00235626026270276,326.242940437257,504737.787215289,5655010.46939679
0.00261067646170061,326.242940437257,505237.787215289,5655010.46939679
0.00506091544540433,326.242940437257,505737.787215289,5655010.46939679
0.00560736563660367,326.242940437257,506237.787215289,5655010.46939679
0.00560736563660367,326.242940437257,506737.787215289,5655010.46939679
0.0049328354998211,326.242940437257,507237.787215289,5655010.46939679
0.00526881431491146,326.242940437257,507737.787215289,5655010.46939679
0.00506091544540433,326.242940437257,508237.787215289,5655010.46939679
0.00506091544540433,326.242940437257,508737.787215289,5655010.46939679
0.00513547293467662,326.242940437257,509237.787215289,5655010.46939679
0.00507008757344214,326.242940437257,509737.787215289,5655010.46939679
0.0059329015962845,326.242940437257,510237.787215289,5655010.46939679
0.00585605705902432,326.242940437257,510737.787215289,5655010.46939679
0.00535992879410673,326.242940437257,511237.787215289,5655010.46939679
0.00288470622450698,326.242940437257,511737.787215289,5655010.46939679
0.0049161427561737,326.242940437257,512237.787215289,5655010.46939679
0.00408896194643735,326.242940437257,512737.787215289,5655010.46939679
0.00360791820538905,326.242940437257,513237.787215289,5655010.46939679
0.00344059583156863,326.242940437257,513737.787215289,5655010.46939679
0.00285722815333825,326.242940437257,514237.787215289,5655010.46939679
0.00157726997965474,326.242940437257,514737.787215289,5655010.46939679
0.00116920475398969,326.242940437257,515237.787215289,5655010.46939679
0.00176984527793396,326.242940437257,515737.787215289,5655010.46939679
0.0010062747280144,326.242940437257,516237.787215289,5655010.46939679
0.000395087988669733,326.242940437257,516737.787215289,5655010.46939679
0.00172505462902194,326.242940437257,517237.787215289,5655010.46939679
0.00173266328614673,326.242940437257,517737.787215289,5655010.46939679
0.00130104888557487,326.242940437257,518237.787215289,5655010.46939679
0.00270209497844968,326.242940437257,518737.787215289,5655010.46939679
0.00392932091154282,326.242940437257,519237.787215289,5655010.46939679
0.00363381179448401,326.242940437257,519737.787215289,5655010.46939679
0.00608220087844308,326.242940437257,520237.787215289,5655010.46939679
0.00557416181021108,326.242940437257,520737.787215289,5655010.46939679
0.00710997172850285,326.242940437257,521237.787215289,5655010.46939679
0.0039907927009937,326.242940437257,521737.787215289,5655010.46939679
0.00649494821265474,326.242940437257,522237.787215289,5655010.46939679
0.00669254796325316,326.242940437257,522737.787215289,5655010.46939679
0.00763476832094934,326.242940437257,523237.787215289,5655010.46939679
0.00783789467338886,326.242940437257,523737.787215289,5655010.46939679
0.00838417619382524,326.242940437257,524237.787215289,5655010.46939679
0.00468631778881703,326.242940437257,486737.787215289,5655510.46939679
0.00207281725928576,326.242940437257,487237.787215289,5655510.46939679
0.000889590655745813,326.242940437257,487737.787215289,5655510.46939679
0.000719080855605173,326.242940437257,488237.787215289,5655510.46939679
0.00187854452785085,326.242940437257,488737.787215289,5655510.46939679
0.0049328354998211,326.242940437257,489237.787215289,5655510.46939679
0.00531982414796345,326.242940437257,489737.787215289,5655510.46939679
0.00171272787310054,326.242940437257,490237.787215289,5655510.46939679
0.00133457121795989,326.242940437257,490737.787215289,5655510.46939679
0.000621349469784409,326.242940437257,491237.787215289,5655510.46939679
0.00126787622238679,326.242940437257,491737.787215289,5655510.46939679
0.00117241889566881,326.242940437257,492237.787215289,5655510.46939679
0.00143140070030735,326.242940437257,492737.787215289,5655510.46939679
0.00194545701415929,326.242940437257,493237.787215289,5655510.46939679
0.00185313235339788,326.242940437257,493737.787215289,5655510.46939679
0.00208012239710413,326.242940437257,494237.787215289,5655510.46939679
0.00344712612294437,326.242940437257,494737.787215289,5655510.46939679
0.0040053418877156,326.242940437257,495237.787215289,5655510.46939679
0.00290275727332932,326.242940437257,495737.787215289,5655510.46939679
0.00190124851113116,326.242940437257,496237.787215289,5655510.46939679
0.00635808888697829,326.242940437257,496737.787215289,5655510.46939679
0.0060928608983224,326.242940437257,497237.787215289,5655510.46939679
0.00487882844839166,326.242940437257,497737.787215289,5655510.46939679
0.00207281725928576,326.242940437257,498237.787215289,5655510.46939679
0.00267846207895101,326.242940437257,498737.787215289,5655510.46939679
0.00168850140894933,326.242940437257,499237.787215289,5655510.46939679
0.00164576938330922,326.242940437257,499737.787215289,5655510.46939679
0.00401825083916621,326.242940437257,500237.787215289,5655510.46939679
0.00287948759771614,326.242940437257,500737.787215289,5655510.46939679
0.00168850140894933,326.242940437257,501237.787215289,5655510.46939679
0.00445211976328411,326.242940437257,501737.787215289,5655510.46939679
0.00353488102456444,326.242940437257,502237.787215289,5655510.46939679
0.0049328354998211,326.242940437257,502737.787215289,5655510.46939679
0.000654034758304611,326.242940437257,503237.787215289,5655510.46939679
0.00422962574879679,326.242940437257,503737.787215289,5655510.46939679
0.00187081662992355,326.242940437257,504237.787215289,5655510.46939679
0.00235626026270276,326.242940437257,504737.787215289,5655510.46939679
0.00248020829880851,326.242940437257,505237.787215289,5655510.46939679
0.00168850140894933,326.242940437257,505737.787215289,5655510.46939679
0.000637482666660941,326.242940437257,506237.787215289,5655510.46939679
0.00057535856995336,326.242940437257,506737.787215289,5655510.46939679
0.00191939195585232,326.242940437257,507237.787215289,5655510.46939679
0.000654034758304611,326.242940437257,507737.787215289,5655510.46939679
0.000936386426341733,326.242940437257,508237.787215289,5655510.46939679
0.00117936204523339,326.242940437257,508737.787215289,5655510.46939679
0.001149515147334,326.242940437257,509237.787215289,5655510.46939679
0.00229662882062819,326.242940437257,509737.787215289,5655510.46939679
0.00546545631340925,326.242940437257,510237.787215289,5655510.46939679
0.0054056178735881,326.242940437257,510737.787215289,5655510.46939679
0.00377564419985411,326.242940437257,511237.787215289,5655510.46939679
0.00309913440090452,326.242940437257,511737.787215289,5655510.46939679
0.00419822627604694,326.242940437257,512237.787215289,5655510.46939679
0.00212947251241442,326.242940437257,512737.787215289,5655510.46939679
0.00253596867505799,326.242940437257,513237.787215289,5655510.46939679
0.00313380369449157,326.242940437257,513737.787215289,5655510.46939679
0.00243052588577,326.242940437257,514237.787215289,5655510.46939679
0.00194643804310957,326.242940437257,514737.787215289,5655510.46939679
0.00133405427949643,326.242940437257,515237.787215289,5655510.46939679
0.00114387563320433,326.242940437257,515737.787215289,5655510.46939679
0.000405346357936506,326.242940437257,516237.787215289,5655510.46939679
0.00173760677226194,326.242940437257,516737.787215289,5655510.46939679
0.0010559626978084,326.242940437257,517237.787215289,5655510.46939679
0.00237699290194684,326.242940437257,517737.787215289,5655510.46939679
0.00258728138309606,326.242940437257,518237.787215289,5655510.46939679
0.00307350529056749,326.242940437257,518737.787215289,5655510.46939679
0.00405625622779551,326.242940437257,519237.787215289,5655510.46939679
0.00186331663962439,326.242940437257,519737.787215289,5655510.46939679
0.00446018854312227,326.242940437257,520237.787215289,5655510.46939679
0.00312496127107977,326.242940437257,520737.787215289,5655510.46939679
0.00717625684690837,326.242940437257,521237.787215289,5655510.46939679
0.00771299369602065,326.242940437257,521737.787215289,5655510.46939679
0.00783789467338886,326.242940437257,522237.787215289,5655510.46939679
0.00423143521874401,326.242940437257,522737.787215289,5655510.46939679
0.00831781357202163,326.242940437257,523237.787215289,5655510.46939679
0.0044000129845617,326.242940437257,523737.787215289,5655510.46939679
0.00799607521157935,326.242940437257,524237.787215289,5655510.46939679
0.00289256314150108,326.242940437257,486737.787215289,5656010.46939679
0.00134063140881065,326.242940437257,487237.787215289,5656010.46939679
0.00173234296186211,326.242940437257,487737.787215289,5656010.46939679
0.00248020829880851,326.242940437257,488237.787215289,5656010.46939679
0.00176928863961957,326.242940437257,488737.787215289,5656010.46939679
0.00168391502145645,326.242940437257,489237.787215289,5656010.46939679
0.00166768997620145,326.242940437257,489737.787215289,5656010.46939679
0.00169585745902467,326.242940437257,490237.787215289,5656010.46939679
0.00144124926954009,326.242940437257,490737.787215289,5656010.46939679
0.000671016621222245,326.242940437257,491237.787215289,5656010.46939679
0.000519288603959557,326.242940437257,491737.787215289,5656010.46939679
0.00110314735719048,326.242940437257,492237.787215289,5656010.46939679
0.00127568044648894,326.242940437257,492737.787215289,5656010.46939679
0.00590842023513352,326.242940437257,493237.787215289,5656010.46939679
0.00196116547196681,326.242940437257,493737.787215289,5656010.46939679
0.00210857738073981,326.242940437257,494237.787215289,5656010.46939679
0.00265710804720461,326.242940437257,494737.787215289,5656010.46939679
0.00296781425981597,326.242940437257,495237.787215289,5656010.46939679
0.00478881322124267,326.242940437257,495737.787215289,5656010.46939679
0.00362821491943413,326.242940437257,496237.787215289,5656010.46939679
0.00586200113507043,326.242940437257,496737.787215289,5656010.46939679
0.00467988340881121,326.242940437257,497237.787215289,5656010.46939679
0.00506091544540433,326.242940437257,497737.787215289,5656010.46939679
0.0013067031601094,326.242940437257,498237.787215289,5656010.46939679
0.00182347063200248,326.242940437257,498737.787215289,5656010.46939679
0.0049328354998211,326.242940437257,499237.787215289,5656010.46939679
0.00480799695841415,326.242940437257,499737.787215289,5656010.46939679
0.00513547293467662,326.242940437257,500237.787215289,5656010.46939679
0.00463500973164697,326.242940437257,500737.787215289,5656010.46939679
0.0033582258778686,326.242940437257,501237.787215289,5656010.46939679
0.00241087365645847,326.242940437257,501737.787215289,5656010.46939679
0.00500550611323627,326.242940437257,502237.787215289,5656010.46939679
0.00354128745077438,326.242940437257,502737.787215289,5656010.46939679
0.00445211976328411,326.242940437257,503237.787215289,5656010.46939679
0.00500550611323627,326.242940437257,503737.787215289,5656010.46939679
0.00401825083916621,326.242940437257,504237.787215289,5656010.46939679
0.00391655829868175,326.242940437257,504737.787215289,5656010.46939679
0.00124140086652924,326.242940437257,505237.787215289,5656010.46939679
0.00177732285066944,326.242940437257,505737.787215289,5656010.46939679
0.00160411880539881,326.242940437257,506237.787215289,5656010.46939679
0.00196922852900935,326.242940437257,506737.787215289,5656010.46939679
0.00117936204523339,326.242940437257,507237.787215289,5656010.46939679
0.00248020829880851,326.242940437257,507737.787215289,5656010.46939679
0.000743469355301768,326.242940437257,508237.787215289,5656010.46939679
0.00137544059672982,326.242940437257,508737.787215289,5656010.46939679
0.000706314586269371,326.242940437257,509237.787215289,5656010.46939679
0.00068843941432668,326.242940437257,509737.787215289,5656010.46939679
0.00068843941432668,326.242940437257,510237.787215289,5656010.46939679
0.00211702423226838,326.242940437257,510737.787215289,5656010.46939679
0.00239836857334078,326.242940437257,511237.787215289,5656010.46939679
0.00338964450535017,326.242940437257,511737.787215289,5656010.46939679
0.00391164956927078,326.242940437257,512237.787215289,5656010.46939679
0.00370159697643904,326.242940437257,512737.787215289,5656010.46939679
0.00326865257318931,326.242940437257,513237.787215289,5656010.46939679
0.00248806428095846,326.242940437257,513737.787215289,5656010.46939679
0.00263265196821336,326.242940437257,514237.787215289,5656010.46939679
0.00117357610240913,326.242940437257,514737.787215289,5656010.46939679
0.000819703853984643,326.242940437257,515237.787215289,5656010.46939679
0.00114387563320433,326.242940437257,515737.787215289,5656010.46939679
0.000897288665323709,326.242940437257,516237.787215289,5656010.46939679
0.00160899300031074,326.242940437257,516737.787215289,5656010.46939679
0.00191974686701523,326.242940437257,517237.787215289,5656010.46939679
0.001747575034393,326.242940437257,517737.787215289,5656010.46939679
0.00296208429411328,326.242940437257,518237.787215289,5656010.46939679
0.00323121533957363,326.242940437257,518737.787215289,5656010.46939679
0.0040747858945025,326.242940437257,519237.787215289,5656010.46939679
0.0026704798915485,326.242940437257,519737.787215289,5656010.46939679
0.00461394730383112,326.242940437257,520237.787215289,5656010.46939679
0.00369540313959025,326.242940437257,520737.787215289,5656010.46939679
0.00581789718224186,326.242940437257,521237.787215289,5656010.46939679
0.00556341194838207,326.242940437257,521737.787215289,5656010.46939679
0.00627411171981699,326.242940437257,522237.787215289,5656010.46939679
0.00758911460412282,326.242940437257,522737.787215289,5656010.46939679
0.00550642867008452,326.242940437257,523237.787215289,5656010.46939679
0.0043004317859647,326.242940437257,523737.787215289,5656010.46939679
0.00275769241587614,326.242940437257,524237.787215289,5656010.46939679
0.00053277181379689,326.242940437257,486737.787215289,5656510.46939679
0.000654034758304611,326.242940437257,487237.787215289,5656510.46939679
0.0010752292749772,326.242940437257,487737.787215289,5656510.46939679
0.00137170455984137,326.242940437257,488237.787215289,5656510.46939679
0.00127568044648894,326.242940437257,488737.787215289,5656510.46939679
0.00135986666594067,326.242940437257,489237.787215289,5656510.46939679
0.00165682279315289,326.242940437257,489737.787215289,5656510.46939679
0.0016826019797969,326.242940437257,490237.787215289,5656510.46939679
0.00117241889566881,326.242940437257,490737.787215289,5656510.46939679
0.00130079633853003,326.242940437257,491237.787215289,5656510.46939679
0.00057535856995336,326.242940437257,491737.787215289,5656510.46939679
0.000560797588817548,326.242940437257,492237.787215289,5656510.46939679
0.00119132669830561,326.242940437257,492737.787215289,5656510.46939679
0.00178017923351286,326.242940437257,493237.787215289,5656510.46939679
0.00167663785758308,326.242940437257,493737.787215289,5656510.46939679
0.00372242069002232,326.242940437257,494237.787215289,5656510.46939679
0.00943850819848958,326.242940437257,494737.787215289,5656510.46939679
0.00265314336876314,326.242940437257,495237.787215289,5656510.46939679
0.00511804145025477,326.242940437257,495737.787215289,5656510.46939679
0.00722751227779778,326.242940437257,496237.787215289,5656510.46939679
0.00561752812126253,326.242940437257,496737.787215289,5656510.46939679
0.00319039904551694,326.242940437257,497237.787215289,5656510.46939679
0.00148538551457972,326.242940437257,497737.787215289,5656510.46939679
0.00124140086652924,326.242940437257,498237.787215289,5656510.46939679
0.00468631778881703,326.242940437257,498737.787215289,5656510.46939679
0.00545795216528903,326.242940437257,499237.787215289,5656510.46939679
0.00447517693387331,326.242940437257,499737.787215289,5656510.46939679
0.00489415995791126,326.242940437257,500237.787215289,5656510.46939679
0.00632415703644941,326.242940437257,500737.787215289,5656510.46939679
0.00578275371853388,326.242940437257,501237.787215289,5656510.46939679
0.00409441272075633,326.242940437257,501737.787215289,5656510.46939679
0.00585605705902432,326.242940437257,502237.787215289,5656510.46939679
0.00649494821265474,326.242940437257,502737.787215289,5656510.46939679
0.00312576216610814,326.242940437257,503237.787215289,5656510.46939679
0.00324757344760831,326.242940437257,503737.787215289,5656510.46939679
0.00471058785216596,326.242940437257,504237.787215289,5656510.46939679
0.00563640573276311,326.242940437257,504737.787215289,5656510.46939679
0.00327916926392209,326.242940437257,505237.787215289,5656510.46939679
0.00533679299964641,326.242940437257,505737.787215289,5656510.46939679
0.00494177550272806,326.242940437257,506237.787215289,5656510.46939679
0.00446018854312227,326.242940437257,506737.787215289,5656510.46939679
0.00568997343904709,326.242940437257,507237.787215289,5656510.46939679
0.00223850651102943,326.242940437257,507737.787215289,5656510.46939679
0.00160411880539881,326.242940437257,508237.787215289,5656510.46939679
0.00445211976328411,326.242940437257,508737.787215289,5656510.46939679
0.00303095933383004,326.242940437257,509237.787215289,5656510.46939679
0.000802898077550417,326.242940437257,509737.787215289,5656510.46939679
0.00160411880539881,326.242940437257,510237.787215289,5656510.46939679
0.00160411880539881,326.242940437257,510737.787215289,5656510.46939679
0.00207281725928576,326.242940437257,511237.787215289,5656510.46939679
0.00141115359725224,326.242940437257,511737.787215289,5656510.46939679
0.000706314586269371,326.242940437257,512237.787215289,5656510.46939679
0.00127363355611271,326.242940437257,512737.787215289,5656510.46939679
0.00178295246516443,326.242940437257,513237.787215289,5656510.46939679
0.00124140086652924,326.242940437257,513737.787215289,5656510.46939679
0.00151461909318878,326.242940437257,514237.787215289,5656510.46939679
0.000702849411322789,326.242940437257,514737.787215289,5656510.46939679
0.00108671062075235,326.242940437257,515237.787215289,5656510.46939679
0.000931792520385441,326.242940437257,515737.787215289,5656510.46939679
0.000874580385632637,326.242940437257,516237.787215289,5656510.46939679
0.00160899300031074,326.242940437257,516737.787215289,5656510.46939679
0.00210971936378532,326.242940437257,517237.787215289,5656510.46939679
0.00111557538601691,326.242940437257,517737.787215289,5656510.46939679
0.00307158723001153,326.242940437257,518237.787215289,5656510.46939679
0.00383433125779696,326.242940437257,518737.787215289,5656510.46939679
0.00240836257863453,326.242940437257,519237.787215289,5656510.46939679
0.0049328354998211,326.242940437257,519737.787215289,5656510.46939679
0.00425153064075921,326.242940437257,520237.787215289,5656510.46939679
0.0049921376230812,326.242940437257,520737.787215289,5656510.46939679
0.00845403046538976,326.242940437257,521237.787215289,5656510.46939679
0.00951958398537864,326.242940437257,521737.787215289,5656510.46939679
0.00923666370184946,326.242940437257,522237.787215289,5656510.46939679
0.00809298370237747,326.242940437257,522737.787215289,5656510.46939679
0.00987200473437673,326.242940437257,523237.787215289,5656510.46939679
0.0070465286445718,326.242940437257,523737.787215289,5656510.46939679
0.00343347350676029,326.242940437257,524237.787215289,5656510.46939679
0.00114639277985082,326.242940437257,486737.787215289,5657010.46939679
0.00114639277985082,326.242940437257,487237.787215289,5657010.46939679
0.00146707756376754,326.242940437257,487737.787215289,5657010.46939679
0.00141730136619716,326.242940437257,488237.787215289,5657010.46939679
0.00159851419932957,326.242940437257,488737.787215289,5657010.46939679
0.00162590250104605,326.242940437257,489237.787215289,5657010.46939679
0.00197502261958855,326.242940437257,489737.787215289,5657010.46939679
0.00186315652294206,326.242940437257,490237.787215289,5657010.46939679
0.001395175292912,326.242940437257,490737.787215289,5657010.46939679
0.00134278597321859,326.242940437257,491237.787215289,5657010.46939679
0.00114639277985082,326.242940437257,491737.787215289,5657010.46939679
0.000546605112093957,326.242940437257,492237.787215289,5657010.46939679
0.000845133496735947,326.242940437257,492737.787215289,5657010.46939679
0.00142546978055743,326.242940437257,493237.787215289,5657010.46939679
0.00152640239550101,326.242940437257,493737.787215289,5657010.46939679
0.00190590614829567,326.242940437257,494237.787215289,5657010.46939679
0.00503584012193265,326.242940437257,494737.787215289,5657010.46939679
0.00696134539037126,326.242940437257,495237.787215289,5657010.46939679
0.0066568311714336,326.242940437257,495737.787215289,5657010.46939679
0.0060928608983224,326.242940437257,496237.787215289,5657010.46939679
0.00229662882062819,326.242940437257,496737.787215289,5657010.46939679
0.00248020829880851,326.242940437257,497237.787215289,5657010.46939679
0.000671016621222245,326.242940437257,497737.787215289,5657010.46939679
0.00526881431491146,326.242940437257,498237.787215289,5657010.46939679
0.00275242413059764,326.242940437257,498737.787215289,5657010.46939679
0.00652317521079491,326.242940437257,499237.787215289,5657010.46939679
0.00538726942838111,326.242940437257,499737.787215289,5657010.46939679
0.00416911821874448,326.242940437257,500237.787215289,5657010.46939679
0.0075177958462389,326.242940437257,500737.787215289,5657010.46939679
0.00771299369602065,326.242940437257,501237.787215289,5657010.46939679
0.00756905071123989,326.242940437257,501737.787215289,5657010.46939679
0.00644608215429095,326.242940437257,502237.787215289,5657010.46939679
0.00776557938186909,326.242940437257,502737.787215289,5657010.46939679
0.00661345320316874,326.242940437257,503237.787215289,5657010.46939679
0.00760770625167385,326.242940437257,503737.787215289,5657010.46939679
0.00369165599646001,326.242940437257,504237.787215289,5657010.46939679
0.00425566058297775,326.242940437257,504737.787215289,5657010.46939679
0.00457599631857207,326.242940437257,505237.787215289,5657010.46939679
0.00533679299964641,326.242940437257,505737.787215289,5657010.46939679
0.00402553329855176,326.242940437257,506237.787215289,5657010.46939679
0.00418331777535011,326.242940437257,506737.787215289,5657010.46939679
0.00381743935880216,326.242940437257,507237.787215289,5657010.46939679
0.00223850651102943,326.242940437257,507737.787215289,5657010.46939679
0.00422962574879679,326.242940437257,508237.787215289,5657010.46939679
0.00485665805869031,326.242940437257,508737.787215289,5657010.46939679
0.00112157349287876,326.242940437257,509237.787215289,5657010.46939679
0.00385538998868914,326.242940437257,509737.787215289,5657010.46939679
0.00356795238847547,326.242940437257,510237.787215289,5657010.46939679
0.00206086112035921,326.242940437257,510737.787215289,5657010.46939679
0.00413601777687821,326.242940437257,511237.787215289,5657010.46939679
0.00191939195585232,326.242940437257,511737.787215289,5657010.46939679
0.00089179823351615,326.242940437257,512237.787215289,5657010.46939679
0.00106443060382637,326.242940437257,512737.787215289,5657010.46939679
0.00157668333760214,326.242940437257,513237.787215289,5657010.46939679
0.00222479580090973,326.242940437257,513737.787215289,5657010.46939679
0.00108671062075235,326.242940437257,514237.787215289,5657010.46939679
0.000667724617871612,326.242940437257,514737.787215289,5657010.46939679
0.000885226329547644,326.242940437257,515237.787215289,5657010.46939679
0.000721098735541831,326.242940437257,515737.787215289,5657010.46939679
0.00124517292491228,326.242940437257,516237.787215289,5657010.46939679
0.000712426629392791,326.242940437257,516737.787215289,5657010.46939679
0.00191131666837577,326.242940437257,517237.787215289,5657010.46939679
0.00136162376725215,326.242940437257,517737.787215289,5657010.46939679
0.00143481974928605,326.242940437257,518237.787215289,5657010.46939679
0.00341154395270936,326.242940437257,518737.787215289,5657010.46939679
0.00428913475789829,326.242940437257,519237.787215289,5657010.46939679
0.00469356872399761,326.242940437257,519737.787215289,5657010.46939679
0.00339221403709714,326.242940437257,520237.787215289,5657010.46939679
0.00719623748154736,326.242940437257,520737.787215289,5657010.46939679
0.00771299369602065,326.242940437257,521237.787215289,5657010.46939679
0.00415589917079665,326.242940437257,521737.787215289,5657010.46939679
0.0117544532643005,326.242940437257,522237.787215289,5657010.46939679
0.0117573377554521,326.242940437257,522737.787215289,5657010.46939679
0.0127137438874063,326.242940437257,523237.787215289,5657010.46939679
0.0130203011033855,326.242940437257,523737.787215289,5657010.46939679
0.00302415758532243,326.242940437257,524237.787215289,5657010.46939679
0.00134148285508378,326.242940437257,486737.787215289,5657510.46939679
0.00127444245148661,326.242940437257,487237.787215289,5657510.46939679
0.00155253686850876,326.242940437257,487737.787215289,5657510.46939679
0.00386052940084686,326.242940437257,488237.787215289,5657510.46939679
0.000719080855605173,326.242940437257,488737.787215289,5657510.46939679
0.000776560099554288,326.242940437257,489237.787215289,5657510.46939679
0.00075690717779221,326.242940437257,489737.787215289,5657510.46939679
0.00185313235339788,326.242940437257,490237.787215289,5657510.46939679
0.0035385261131225,326.242940437257,490737.787215289,5657510.46939679
0.00258111611963708,326.242940437257,491237.787215289,5657510.46939679
0.00137765110390985,326.242940437257,491737.787215289,5657510.46939679
0.000590297623634179,326.242940437257,492237.787215289,5657510.46939679
0.000621349469784409,326.242940437257,492737.787215289,5657510.46939679
0.00159686754599662,326.242940437257,493237.787215289,5657510.46939679
0.00123409248152504,326.242940437257,493737.787215289,5657510.46939679
0.00271689240846816,326.242940437257,494237.787215289,5657510.46939679
0.00889874384869034,326.242940437257,494737.787215289,5657510.46939679
0.00343674910933403,326.242940437257,495237.787215289,5657510.46939679
0.00620428826766638,326.242940437257,495737.787215289,5657510.46939679
0.00622407832923312,326.242940437257,496237.787215289,5657510.46939679
0.00261067646170061,326.242940437257,496737.787215289,5657510.46939679
0.00229662882062819,326.242940437257,497237.787215289,5657510.46939679
0.00456771803471079,326.242940437257,497737.787215289,5657510.46939679
0.00531982414796345,326.242940437257,498237.787215289,5657510.46939679
0.00649494821265474,326.242940437257,498737.787215289,5657510.46939679
0.00427736841979137,326.242940437257,499237.787215289,5657510.46939679
0.00464958379208024,326.242940437257,499737.787215289,5657510.46939679
0.00677562861502602,326.242940437257,500237.787215289,5657510.46939679
0.0081073091442815,326.242940437257,500737.787215289,5657510.46939679
0.00551937630379004,326.242940437257,501237.787215289,5657510.46939679
0.00342835041121816,326.242940437257,501737.787215289,5657510.46939679
0.00271483519703563,326.242940437257,502237.787215289,5657510.46939679
0.00714209513133003,326.242940437257,502737.787215289,5657510.46939679
0.00811872579457126,326.242940437257,503237.787215289,5657510.46939679
0.0034184078657377,326.242940437257,503737.787215289,5657510.46939679
0.00604727222733182,326.242940437257,504237.787215289,5657510.46939679
0.00507008757344214,326.242940437257,504737.787215289,5657510.46939679
0.0028066144942625,326.242940437257,505237.787215289,5657510.46939679
0.0028066144942625,326.242940437257,505737.787215289,5657510.46939679
0.00519232095748197,326.242940437257,506237.787215289,5657510.46939679
0.00480799695841415,326.242940437257,506737.787215289,5657510.46939679
0.00223850651102943,326.242940437257,507237.787215289,5657510.46939679
0.000637482666660941,326.242940437257,507737.787215289,5657510.46939679
0.00103749235218279,326.242940437257,508237.787215289,5657510.46939679
0.00473264206986801,326.242940437257,508737.787215289,5657510.46939679
0.00183327369093035,326.242940437257,509237.787215289,5657510.46939679
0.0039948200466603,326.242940437257,509737.787215289,5657510.46939679
0.00453380866625172,326.242940437257,510237.787215289,5657510.46939679
0.00452963414376528,326.242940437257,510737.787215289,5657510.46939679
0.00346920318874786,326.242940437257,511237.787215289,5657510.46939679
0.00292641675307705,326.242940437257,511737.787215289,5657510.46939679
0.00242519856308721,326.242940437257,512237.787215289,5657510.46939679
0.00267846207895101,326.242940437257,512737.787215289,5657510.46939679
0.00252902078792893,326.242940437257,513237.787215289,5657510.46939679
0.00227004923071137,326.242940437257,513737.787215289,5657510.46939679
0.000885226329547644,326.242940437257,514237.787215289,5657510.46939679
0.000999532502084458,326.242940437257,514737.787215289,5657510.46939679
0.00199697686173663,326.242940437257,515237.787215289,5657510.46939679
0.000543923470829679,326.242940437257,515737.787215289,5657510.46939679
0.000592091272373882,326.242940437257,516237.787215289,5657510.46939679
0.00092058656030344,326.242940437257,516737.787215289,5657510.46939679
0.000562653408016371,326.242940437257,517237.787215289,5657510.46939679
0.00145896427071154,326.242940437257,517737.787215289,5657510.46939679
0.00154616592559703,326.242940437257,518237.787215289,5657510.46939679
0.00313636638357629,326.242940437257,518737.787215289,5657510.46939679
0.00426963036194158,326.242940437257,519237.787215289,5657510.46939679
0.00430402083398709,326.242940437257,519737.787215289,5657510.46939679
0.00507008757344214,326.242940437257,520237.787215289,5657510.46939679
0.00226858726187776,326.242940437257,520737.787215289,5657510.46939679
0.00728635587270181,326.242940437257,521237.787215289,5657510.46939679
0.00997499019469945,326.242940437257,521737.787215289,5657510.46939679
0.0123696135171673,326.242940437257,522237.787215289,5657510.46939679
0.0134114875027865,326.242940437257,522737.787215289,5657510.46939679
0.0134114875027865,326.242940437257,523237.787215289,5657510.46939679
0.00934183422496788,326.242940437257,523737.787215289,5657510.46939679
0.00709479693130398,326.242940437257,524237.787215289,5657510.46939679
0.00392512256477579,326.242940437257,486737.787215289,5658010.46939679
0.00157402332365462,326.242940437257,487237.787215289,5658010.46939679
0.00426668560385549,326.242940437257,487737.787215289,5658010.46939679
0.00179316306805468,326.242940437257,488237.787215289,5658010.46939679
0.00232452005199788,326.242940437257,488737.787215289,5658010.46939679
0.00235637648339374,326.242940437257,489237.787215289,5658010.46939679
0.00272746649573156,326.242940437257,489737.787215289,5658010.46939679
0.00282929526875326,326.242940437257,490237.787215289,5658010.46939679
0.00185313235339788,326.242940437257,490737.787215289,5658010.46939679
0.00293184372028539,326.242940437257,491237.787215289,5658010.46939679
0.00075690717779221,326.242940437257,491737.787215289,5658010.46939679
0.0010752292749772,326.242940437257,492237.787215289,5658010.46939679
0.0011153588412966,326.242940437257,492737.787215289,5658010.46939679
0.00218185514128945,326.242940437257,493237.787215289,5658010.46939679
0.0028066144942625,326.242940437257,493737.787215289,5658010.46939679
0.00404298458643094,326.242940437257,494237.787215289,5658010.46939679
0.00694502828424339,326.242940437257,494737.787215289,5658010.46939679
0.0060928608983224,326.242940437257,495237.787215289,5658010.46939679
0.00480799695841415,326.242940437257,495737.787215289,5658010.46939679
0.00202035909739048,326.242940437257,496237.787215289,5658010.46939679
0.00109206830101294,326.242940437257,496737.787215289,5658010.46939679
0.00468631778881703,326.242940437257,497237.787215289,5658010.46939679
0.00531982414796345,326.242940437257,497737.787215289,5658010.46939679
0.00666358805756198,326.242940437257,498237.787215289,5658010.46939679
0.00714209513133003,326.242940437257,498737.787215289,5658010.46939679
0.00390093137011491,326.242940437257,499237.787215289,5658010.46939679
0.0030677491326104,326.242940437257,499737.787215289,5658010.46939679
0.0118464695223314,326.242940437257,500237.787215289,5658010.46939679
0.010157673517758,326.242940437257,500737.787215289,5658010.46939679
0.00245676362299377,326.242940437257,501237.787215289,5658010.46939679
0.00157402332365462,326.242940437257,501737.787215289,5658010.46939679
0.00171272787310054,326.242940437257,502237.787215289,5658010.46939679
0.00177845164334684,326.242940437257,502737.787215289,5658010.46939679
0.00521921157059121,326.242940437257,503237.787215289,5658010.46939679
0.00257042142557448,326.242940437257,503737.787215289,5658010.46939679
0.00344542144474068,326.242940437257,504237.787215289,5658010.46939679
0.00212663748535714,326.242940437257,504737.787215289,5658010.46939679
0.000802898077550417,326.242940437257,505237.787215289,5658010.46939679
0.00187081662992355,326.242940437257,505737.787215289,5658010.46939679
0.00202035909739048,326.242940437257,506237.787215289,5658010.46939679
0.0013067031601094,326.242940437257,506737.787215289,5658010.46939679
0.00101123584474968,326.242940437257,507237.787215289,5658010.46939679
0.00207281725928576,326.242940437257,507737.787215289,5658010.46939679
0.00276278114561234,326.242940437257,508237.787215289,5658010.46939679
0.00350870271050615,326.242940437257,508737.787215289,5658010.46939679
0.00146661163136916,326.242940437257,509237.787215289,5658010.46939679
0.00462140386324976,326.242940437257,509737.787215289,5658010.46939679
0.00274449989917334,326.242940437257,510237.787215289,5658010.46939679
0.00253596867505799,326.242940437257,510737.787215289,5658010.46939679
0.00310711326614695,326.242940437257,511237.787215289,5658010.46939679
0.00268694602374374,326.242940437257,511737.787215289,5658010.46939679
0.00298373218906568,326.242940437257,512237.787215289,5658010.46939679
0.00211361196591024,326.242940437257,512737.787215289,5658010.46939679
0.00123531056163538,326.242940437257,513237.787215289,5658010.46939679
0.00105920851393547,326.242940437257,513737.787215289,5658010.46939679
0.000431862766070959,326.242940437257,514237.787215289,5658010.46939679
0.00105920851393547,326.242940437257,514737.787215289,5658010.46939679
0.000840987277082074,326.242940437257,515237.787215289,5658010.46939679
0.00207320054003348,326.242940437257,515737.787215289,5658010.46939679
0.00134506789276961,326.242940437257,516237.787215289,5658010.46939679
0.000852446799444842,326.242940437257,516737.787215289,5658010.46939679
0.00157611811492154,326.242940437257,517237.787215289,5658010.46939679
0.00205483541050409,326.242940437257,517737.787215289,5658010.46939679
0.00240697944412708,326.242940437257,518237.787215289,5658010.46939679
0.00161827244184931,326.242940437257,518737.787215289,5658010.46939679
0.00150116780772793,326.242940437257,519237.787215289,5658010.46939679
0.00457672130797404,326.242940437257,519737.787215289,5658010.46939679
0.00500550611323627,326.242940437257,520237.787215289,5658010.46939679
0.00496319883736137,326.242940437257,520737.787215289,5658010.46939679
0.00396364282501396,326.242940437257,521237.787215289,5658010.46939679
0.00913967671979328,326.242940437257,521737.787215289,5658010.46939679
0.0111963012342718,326.242940437257,522237.787215289,5658010.46939679
0.0114597870067453,326.242940437257,522737.787215289,5658010.46939679
0.00983324938149311,326.242940437257,523237.787215289,5658010.46939679
0.0095676220413611,326.242940437257,523737.787215289,5658010.46939679
0.00716094736331979,326.242940437257,524237.787215289,5658010.46939679
0.00434282047675905,326.242940437257,486737.787215289,5658510.46939679
0.00174152541941174,326.242940437257,487237.787215289,5658510.46939679
0.00187632116169888,326.242940437257,487737.787215289,5658510.46939679
0.00075690717779221,326.242940437257,488237.787215289,5658510.46939679
0.00260326289269003,326.242940437257,488737.787215289,5658510.46939679
0.00334743730927178,326.242940437257,489237.787215289,5658510.46939679
0.00345773364692622,326.242940437257,489737.787215289,5658510.46939679
0.00246345611067578,326.242940437257,490237.787215289,5658510.46939679
0.00309725007670854,326.242940437257,490737.787215289,5658510.46939679
0.00190124851113116,326.242940437257,491237.787215289,5658510.46939679
0.0019824543735461,326.242940437257,491737.787215289,5658510.46939679
0.00136734309196537,326.242940437257,492237.787215289,5658510.46939679
0.00131995969150473,326.242940437257,492737.787215289,5658510.46939679
0.00248020829880851,326.242940437257,493237.787215289,5658510.46939679
0.00590233388327209,326.242940437257,493737.787215289,5658510.46939679
0.00672159583905933,326.242940437257,494237.787215289,5658510.46939679
0.00549376147258428,326.242940437257,494737.787215289,5658510.46939679
0.00545795216528903,326.242940437257,495237.787215289,5658510.46939679
0.00241744002153272,326.242940437257,495737.787215289,5658510.46939679
0.000671016621222245,326.242940437257,496237.787215289,5658510.46939679
0.00506091544540433,326.242940437257,496737.787215289,5658510.46939679
0.00241087365645847,326.242940437257,497237.787215289,5658510.46939679
0.00641336799788462,326.242940437257,497737.787215289,5658510.46939679
0.00253571577901921,326.242940437257,498237.787215289,5658510.46939679
0.00867353743293518,326.242940437257,498737.787215289,5658510.46939679
0.00320504449408782,326.242940437257,499237.787215289,5658510.46939679
0.00246345611067578,326.242940437257,499737.787215289,5658510.46939679
0.00589879576299624,326.242940437257,500237.787215289,5658510.46939679
0.00221949637787128,326.242940437257,500737.787215289,5658510.46939679
0.00162590250104605,326.242940437257,501237.787215289,5658510.46939679
0.00147494907238459,326.242940437257,501737.787215289,5658510.46939679
0.00124339595489241,326.242940437257,502237.787215289,5658510.46939679
0.00120669729540775,326.242940437257,502737.787215289,5658510.46939679
0.00267118671340264,326.242940437257,503237.787215289,5658510.46939679
0.00445211976328411,326.242940437257,503737.787215289,5658510.46939679
0.000605624566427167,326.242940437257,504237.787215289,5658510.46939679
0.000637482666660941,326.242940437257,504737.787215289,5658510.46939679
0.000654034758304611,326.242940437257,505237.787215289,5658510.46939679
0.00057535856995336,326.242940437257,505737.787215289,5658510.46939679
0.000706314586269371,326.242940437257,506237.787215289,5658510.46939679
0.000637482666660941,326.242940437257,506737.787215289,5658510.46939679
0.00140477461786769,326.242940437257,507237.787215289,5658510.46939679
0.00468631778881703,326.242940437257,507737.787215289,5658510.46939679
0.0016118073947113,326.242940437257,508237.787215289,5658510.46939679
0.000999191477352769,326.242940437257,508737.787215289,5658510.46939679
0.00241575504543226,326.242940437257,509237.787215289,5658510.46939679
0.00425449630314917,326.242940437257,509737.787215289,5658510.46939679
0.00346920318874786,326.242940437257,510237.787215289,5658510.46939679
0.00213191487626488,326.242940437257,510737.787215289,5658510.46939679
0.00278491838441477,326.242940437257,511237.787215289,5658510.46939679
0.00282676740405786,326.242940437257,511737.787215289,5658510.46939679
0.00279539767109208,326.242940437257,512237.787215289,5658510.46939679
0.00210202525731453,326.242940437257,512737.787215289,5658510.46939679
0.00105920851393547,326.242940437257,513237.787215289,5658510.46939679
0.000798959064599146,326.242940437257,513737.787215289,5658510.46939679
0.000840987277082074,326.242940437257,514237.787215289,5658510.46939679
0.000840987277082074,326.242940437257,514737.787215289,5658510.46939679
0.000650826067867335,326.242940437257,515237.787215289,5658510.46939679
0.00161398941046822,326.242940437257,515737.787215289,5658510.46939679
0.00173807571712297,326.242940437257,516237.787215289,5658510.46939679
0.000830873362610476,326.242940437257,516737.787215289,5658510.46939679
0.00148989893247187,326.242940437257,517237.787215289,5658510.46939679
0.00212703071790182,326.242940437257,517737.787215289,5658510.46939679
0.00245125365208156,326.242940437257,518237.787215289,5658510.46939679
0.00269251717878087,326.242940437257,518737.787215289,5658510.46939679
0.00394480737106519,326.242940437257,519237.787215289,5658510.46939679
0.00205531544545467,326.242940437257,519737.787215289,5658510.46939679
0.00399526934929945,326.242940437257,520237.787215289,5658510.46939679
0.00557416181021108,326.242940437257,520737.787215289,5658510.46939679
0.00449182049754991,326.242940437257,521237.787215289,5658510.46939679
0.00768407950147983,326.242940437257,521737.787215289,5658510.46939679
0.0059294284022029,326.242940437257,522237.787215289,5658510.46939679
0.0117544532643005,326.242940437257,522737.787215289,5658510.46939679
0.0099006065334463,326.242940437257,523237.787215289,5658510.46939679
0.00819574536933912,326.242940437257,523737.787215289,5658510.46939679
0.00882521498314694,326.242940437257,524237.787215289,5658510.46939679
0.00258986285060608,326.242940437257,486737.787215289,5659010.46939679
0.00252431947282155,326.242940437257,487237.787215289,5659010.46939679
0.000719080855605173,326.242940437257,487737.787215289,5659010.46939679
0.00075690717779221,326.242940437257,488237.787215289,5659010.46939679
0.00301063490109434,326.242940437257,488737.787215289,5659010.46939679
0.00313896603672643,326.242940437257,489237.787215289,5659010.46939679
0.00571769817214551,326.242940437257,489737.787215289,5659010.46939679
0.0103430054007695,326.242940437257,490237.787215289,5659010.46939679
0.00279541620207028,326.242940437257,490737.787215289,5659010.46939679
0.00168158779634611,326.242940437257,491237.787215289,5659010.46939679
0.0016826019797969,326.242940437257,491737.787215289,5659010.46939679
0.00219136051427369,326.242940437257,492237.787215289,5659010.46939679
0.00127568044648894,326.242940437257,492737.787215289,5659010.46939679
0.00172451207792275,326.242940437257,493237.787215289,5659010.46939679
0.00304472269975365,326.242940437257,493737.787215289,5659010.46939679
0.00218185514128945,326.242940437257,494237.787215289,5659010.46939679
0.00254460634004828,326.242940437257,494737.787215289,5659010.46939679
0.00433944701402305,326.242940437257,495237.787215289,5659010.46939679
0.00241744002153272,326.242940437257,495737.787215289,5659010.46939679
0.00372082888770909,326.242940437257,496237.787215289,5659010.46939679
0.0060928608983224,326.242940437257,496737.787215289,5659010.46939679
0.00704460082843082,326.242940437257,497237.787215289,5659010.46939679
0.00817407768269004,326.242940437257,497737.787215289,5659010.46939679
0.00200320154378077,326.242940437257,498237.787215289,5659010.46939679
0.00766191474622709,326.242940437257,498737.787215289,5659010.46939679
0.00326272149193795,326.242940437257,499237.787215289,5659010.46939679
0.00223214979745591,326.242940437257,499737.787215289,5659010.46939679
0.00265314336876314,326.242940437257,500237.787215289,5659010.46939679
0.00262821043528954,326.242940437257,500737.787215289,5659010.46939679
0.00134278597321859,326.242940437257,501237.787215289,5659010.46939679
0.00120669729540775,326.242940437257,501737.787215289,5659010.46939679
0.0011153588412966,326.242940437257,502237.787215289,5659010.46939679
0.00053277181379689,326.242940437257,502737.787215289,5659010.46939679
0.000605624566427167,326.242940437257,503237.787215289,5659010.46939679
0.000546605112093957,326.242940437257,503737.787215289,5659010.46939679
0.00159686754599662,326.242940437257,504237.787215289,5659010.46939679
0.00186573502919317,326.242940437257,504737.787215289,5659010.46939679
0.00133273883297275,326.242940437257,505237.787215289,5659010.46939679
0.00137631415061071,326.242940437257,505737.787215289,5659010.46939679
0.00173344318743416,326.242940437257,506237.787215289,5659010.46939679
0.00432226250954639,326.242940437257,506737.787215289,5659010.46939679
0.00609311501222494,326.242940437257,507237.787215289,5659010.46939679
0.00497648983208238,326.242940437257,507737.787215289,5659010.46939679
0.00244841121065119,326.242940437257,508237.787215289,5659010.46939679
0.00374651160940838,326.242940437257,508737.787215289,5659010.46939679
0.00330104985042729,326.242940437257,509237.787215289,5659010.46939679
0.00314151885392388,326.242940437257,509737.787215289,5659010.46939679
0.00308561876165974,326.242940437257,510237.787215289,5659010.46939679
0.00157198582161235,326.242940437257,510737.787215289,5659010.46939679
0.00227710999851433,326.242940437257,511237.787215289,5659010.46939679
0.00232899053981266,326.242940437257,511737.787215289,5659010.46939679
0.000885226329547644,326.242940437257,512237.787215289,5659010.46939679
0.00126738511784517,326.242940437257,512737.787215289,5659010.46939679
0.00103240242118612,326.242940437257,513237.787215289,5659010.46939679
0.000721098735541831,326.242940437257,513737.787215289,5659010.46939679
0.00129158028355801,326.242940437257,514237.787215289,5659010.46939679
0.00159048555768771,326.242940437257,514737.787215289,5659010.46939679
0.00169764144965568,326.242940437257,515237.787215289,5659010.46939679
0.00157558559719463,326.242940437257,515737.787215289,5659010.46939679
0.00152423500107585,326.242940437257,516237.787215289,5659010.46939679
0.00101430853524657,326.242940437257,516737.787215289,5659010.46939679
0.000830873362610476,326.242940437257,517237.787215289,5659010.46939679
0.00168139752678486,326.242940437257,517737.787215289,5659010.46939679
0.00151073279871412,326.242940437257,518237.787215289,5659010.46939679
0.00190282593212214,326.242940437257,518737.787215289,5659010.46939679
0.00342819199480617,326.242940437257,519237.787215289,5659010.46939679
0.00266293331160132,326.242940437257,519737.787215289,5659010.46939679
0.00457478546566306,326.242940437257,520237.787215289,5659010.46939679
0.00252000258492916,326.242940437257,520737.787215289,5659010.46939679
0.00616792171040987,326.242940437257,521237.787215289,5659010.46939679
0.00776557938186909,326.242940437257,521737.787215289,5659010.46939679
0.00472144925322303,326.242940437257,522237.787215289,5659010.46939679
0.00454949300191454,326.242940437257,522737.787215289,5659010.46939679
0.00846932284012205,326.242940437257,523237.787215289,5659010.46939679
0.00783300333428463,326.242940437257,523737.787215289,5659010.46939679
0.00248563572005131,326.242940437257,524237.787215289,5659010.46939679
0.00266767357982244,326.242940437257,486737.787215289,5659510.46939679
0.00381932809890935,326.242940437257,487237.787215289,5659510.46939679
0.00290149308778129,326.242940437257,487737.787215289,5659510.46939679
0.000719080855605173,326.242940437257,488237.787215289,5659510.46939679
0.00333764241170709,326.242940437257,488737.787215289,5659510.46939679
0.00388972857892019,326.242940437257,489237.787215289,5659510.46939679
0.00330408730189966,326.242940437257,489737.787215289,5659510.46939679
0.00265778848157835,326.242940437257,490237.787215289,5659510.46939679
0.00634255104366858,326.242940437257,490737.787215289,5659510.46939679
0.00581789718224186,326.242940437257,491237.787215289,5659510.46939679
0.00571364758234106,326.242940437257,491737.787215289,5659510.46939679
0.00223992820532488,326.242940437257,492237.787215289,5659510.46939679
0.00127444245148661,326.242940437257,492737.787215289,5659510.46939679
0.00170563129171238,326.242940437257,493237.787215289,5659510.46939679
0.00191939195585232,326.242940437257,493737.787215289,5659510.46939679
0.00191939195585232,326.242940437257,494237.787215289,5659510.46939679
0.00235626026270276,326.242940437257,494737.787215289,5659510.46939679
0.00235626026270276,326.242940437257,495237.787215289,5659510.46939679
0.00202035909739048,326.242940437257,495737.787215289,5659510.46939679
0.00526881431491146,326.242940437257,496237.787215289,5659510.46939679
0.00251579410117749,326.242940437257,496737.787215289,5659510.46939679
0.00157402332365462,326.242940437257,497237.787215289,5659510.46939679
0.00351736674556075,326.242940437257,497737.787215289,5659510.46939679
0.00350309951210747,326.242940437257,498237.787215289,5659510.46939679
0.00191360135628251,326.242940437257,498737.787215289,5659510.46939679
0.00235637648339374,326.242940437257,499237.787215289,5659510.46939679
0.00199314367281887,326.242940437257,499737.787215289,5659510.46939679
0.00172524983888884,326.242940437257,500237.787215289,5659510.46939679
0.00143762155743854,326.242940437257,500737.787215289,5659510.46939679
0.00140732055502044,326.242940437257,501237.787215289,5659510.46939679
0.00133457121795989,326.242940437257,501737.787215289,5659510.46939679
0.000671016621222245,326.242940437257,502237.787215289,5659510.46939679
0.00053277181379689,326.242940437257,502737.787215289,5659510.46939679
0.000546605112093957,326.242940437257,503237.787215289,5659510.46939679
0.00159686754599662,326.242940437257,503737.787215289,5659510.46939679
0.00170563129171238,326.242940437257,504237.787215289,5659510.46939679
0.00197239332857456,326.242940437257,504737.787215289,5659510.46939679
0.00154425128931991,326.242940437257,505237.787215289,5659510.46939679
0.00161110723797978,326.242940437257,505737.787215289,5659510.46939679
0.0064071440900468,326.242940437257,506237.787215289,5659510.46939679
0.00615591287066221,326.242940437257,506737.787215289,5659510.46939679
0.00481543616246837,326.242940437257,507237.787215289,5659510.46939679
0.00465816360147721,326.242940437257,507737.787215289,5659510.46939679
0.00374766621695571,326.242940437257,508237.787215289,5659510.46939679
0.00341295738776798,326.242940437257,508737.787215289,5659510.46939679
0.00306201435158633,326.242940437257,509237.787215289,5659510.46939679
0.00297706787704409,326.242940437257,509737.787215289,5659510.46939679
0.000836072602589766,326.242940437257,510237.787215289,5659510.46939679
0.00233623463883678,326.242940437257,510737.787215289,5659510.46939679
0.00245150408727092,326.242940437257,511237.787215289,5659510.46939679
0.00120404773750416,326.242940437257,511737.787215289,5659510.46939679
0.00114387563320433,326.242940437257,512237.787215289,5659510.46939679
0.000931792520385441,326.242940437257,512737.787215289,5659510.46939679
0.0005725358644045,326.242940437257,513237.787215289,5659510.46939679
0.0015063160317237,326.242940437257,513737.787215289,5659510.46939679
0.00118928938731738,326.242940437257,514237.787215289,5659510.46939679
0.0019562912236433,326.242940437257,514737.787215289,5659510.46939679
0.00233099818883673,326.242940437257,515237.787215289,5659510.46939679
0.00102013366825914,326.242940437257,515737.787215289,5659510.46939679
0.001314743681044,326.242940437257,516237.787215289,5659510.46939679
0.000826248133163127,326.242940437257,516737.787215289,5659510.46939679
0.000830873362610476,326.242940437257,517237.787215289,5659510.46939679
0.00178320445560953,326.242940437257,517737.787215289,5659510.46939679
0.00198134575937648,326.242940437257,518237.787215289,5659510.46939679
0.00215373889121957,326.242940437257,518737.787215289,5659510.46939679
0.00223824802241269,326.242940437257,519237.787215289,5659510.46939679
0.00232103061325643,326.242940437257,519737.787215289,5659510.46939679
0.00445440718977963,326.242940437257,520237.787215289,5659510.46939679
0.00241708882291511,326.242940437257,520737.787215289,5659510.46939679
0.00558516008839139,326.242940437257,521237.787215289,5659510.46939679
0.00644608215429095,326.242940437257,521737.787215289,5659510.46939679
0.00478417477045553,326.242940437257,522237.787215289,5659510.46939679
0.00282765456914642,326.242940437257,522737.787215289,5659510.46939679
0.00288071946705421,326.242940437257,523237.787215289,5659510.46939679
0.00268432333745592,326.242940437257,523737.787215289,5659510.46939679
0.00244963877251862,326.242940437257,524237.787215289,5659510.46939679
0.0032531744803458,326.242940437257,486737.787215289,5660010.46939679
0.00502989573868858,326.242940437257,487237.787215289,5660010.46939679
0.00364658284771742,326.242940437257,487737.787215289,5660010.46939679
0.00420065141345377,326.242940437257,488237.787215289,5660010.46939679
0.00337667093078413,326.242940437257,488737.787215289,5660010.46939679
0.00351066592037169,326.242940437257,489237.787215289,5660010.46939679
0.0029344427658052,326.242940437257,489737.787215289,5660010.46939679
0.00223214979745591,326.242940437257,490237.787215289,5660010.46939679
0.00194545701415929,326.242940437257,490737.787215289,5660010.46939679
0.00251579410117749,326.242940437257,491237.787215289,5660010.46939679
0.00705268051873157,326.242940437257,491737.787215289,5660010.46939679
0.00103280247126615,326.242940437257,492237.787215289,5660010.46939679
0.0012045142991703,326.242940437257,492737.787215289,5660010.46939679
0.00191417841252117,326.242940437257,493237.787215289,5660010.46939679
0.00561752812126253,326.242940437257,493737.787215289,5660010.46939679
0.00500550611323627,326.242940437257,494237.787215289,5660010.46939679
0.00235626026270276,326.242940437257,494737.787215289,5660010.46939679
0.00223850651102943,326.242940437257,495237.787215289,5660010.46939679
0.00526881431491146,326.242940437257,495737.787215289,5660010.46939679
0.00483759187082229,326.242940437257,496237.787215289,5660010.46939679
0.00632578278131087,326.242940437257,496737.787215289,5660010.46939679
0.00190124851113116,326.242940437257,497237.787215289,5660010.46939679
0.00174152541941174,326.242940437257,497737.787215289,5660010.46939679
0.00162590250104605,326.242940437257,498237.787215289,5660010.46939679
0.00169984181805161,326.242940437257,498737.787215289,5660010.46939679
0.00236874985645785,326.242940437257,499237.787215289,5660010.46939679
0.00175586792255132,326.242940437257,499737.787215289,5660010.46939679
0.00195539256554378,326.242940437257,500237.787215289,5660010.46939679
0.00187382326910724,326.242940437257,500737.787215289,5660010.46939679
0.000889590655745813,326.242940437257,501237.787215289,5660010.46939679
0.001149515147334,326.242940437257,501737.787215289,5660010.46939679
0.000546605112093957,326.242940437257,502237.787215289,5660010.46939679
0.00140477461786769,326.242940437257,502737.787215289,5660010.46939679
0.00122225922356342,326.242940437257,503237.787215289,5660010.46939679
0.00133273883297275,326.242940437257,503737.787215289,5660010.46939679
0.00189573470783681,326.242940437257,504237.787215289,5660010.46939679
0.0031823686170055,326.242940437257,504737.787215289,5660010.46939679
0.00791325981332904,326.242940437257,505237.787215289,5660010.46939679
0.00659795154196153,326.242940437257,505737.787215289,5660010.46939679
0.00451020764905324,326.242940437257,506237.787215289,5660010.46939679
0.00488481935604375,326.242940437257,506737.787215289,5660010.46939679
0.00420421524932254,326.242940437257,507237.787215289,5660010.46939679
0.00368980603548626,326.242940437257,507737.787215289,5660010.46939679
0.00289974122734228,326.242940437257,508237.787215289,5660010.46939679
0.00278491838441477,326.242940437257,508737.787215289,5660010.46939679
0.00297546586229135,326.242940437257,509237.787215289,5660010.46939679
0.00256602569783484,326.242940437257,509737.787215289,5660010.46939679
0.000977266938370492,326.242940437257,510237.787215289,5660010.46939679
0.00055804631935115,326.242940437257,510737.787215289,5660010.46939679
0.00103240242118612,326.242940437257,511237.787215289,5660010.46939679
0.00123531056163538,326.242940437257,511737.787215289,5660010.46939679
0.00120404773750416,326.242940437257,512237.787215289,5660010.46939679
0.000543923470829679,326.242940437257,512737.787215289,5660010.46939679
0.00123379736511459,326.242940437257,513237.787215289,5660010.46939679
0.00209026530765537,326.242940437257,513737.787215289,5660010.46939679
0.00213337354302311,326.242940437257,514237.787215289,5660010.46939679
0.00302847948885071,326.242940437257,514737.787215289,5660010.46939679
0.00163132062228877,326.242940437257,515237.787215289,5660010.46939679
0.00162456134677975,326.242940437257,515737.787215289,5660010.46939679
0.00225228068638434,326.242940437257,516237.787215289,5660010.46939679
0.000939231683151583,326.242940437257,516737.787215289,5660010.46939679
0.00076937397225071,326.242940437257,517237.787215289,5660010.46939679
0.000847930254425505,326.242940437257,517737.787215289,5660010.46939679
0.00173266328614673,326.242940437257,518237.787215289,5660010.46939679
0.00145896427071154,326.242940437257,518737.787215289,5660010.46939679
0.00305699227822499,326.242940437257,519237.787215289,5660010.46939679
0.00329583028200302,326.242940437257,519737.787215289,5660010.46939679
0.00276773783830645,326.242940437257,520237.787215289,5660010.46939679
0.00427477547273892,326.242940437257,520737.787215289,5660010.46939679
0.00473264206986801,326.242940437257,521237.787215289,5660010.46939679
0.00612838637327013,326.242940437257,521737.787215289,5660010.46939679
0.00621547645135214,326.242940437257,522237.787215289,5660010.46939679
0.00381907249189839,326.242940437257,522737.787215289,5660010.46939679
0.00204365693325912,326.242940437257,523237.787215289,5660010.46939679
0.0036550008197207,326.242940437257,523737.787215289,5660010.46939679
0.00229898584555414,326.242940437257,524237.787215289,5660010.46939679
0.00351066592037169,326.242940437257,486737.787215289,5660510.46939679
0.00351066592037169,326.242940437257,487237.787215289,5660510.46939679
0.00425285696479795,326.242940437257,487737.787215289,5660510.46939679
0.00351321479167832,326.242940437257,488237.787215289,5660510.46939679
0.000882749164685537,326.242940437257,488737.787215289,5660510.46939679
0.00322046857196932,326.242940437257,489237.787215289,5660510.46939679
0.00284248694463909,326.242940437257,489737.787215289,5660510.46939679
0.0021819627595845,326.242940437257,490237.787215289,5660510.46939679
0.00157402332365462,326.242940437257,490737.787215289,5660510.46939679
0.00142994925831356,326.242940437257,491237.787215289,5660510.46939679
0.0054056178735881,326.242940437257,491737.787215289,5660510.46939679
0.00223850651102943,326.242940437257,492237.787215289,5660510.46939679
0.00156352230630277,326.242940437257,492737.787215289,5660510.46939679
0.00480799695841415,326.242940437257,493237.787215289,5660510.46939679
0.00412258380320664,326.242940437257,493737.787215289,5660510.46939679
0.00456771803471079,326.242940437257,494237.787215289,5660510.46939679
0.000845133496735947,326.242940437257,494737.787215289,5660510.46939679
0.00254460634004828,326.242940437257,495237.787215289,5660510.46939679
0.00520173123772655,326.242940437257,495737.787215289,5660510.46939679
0.00184963362225102,326.242940437257,496237.787215289,5660510.46939679
0.00227491946734835,326.242940437257,496737.787215289,5660510.46939679
0.0017554199593373,326.242940437257,497237.787215289,5660510.46939679
0.00157402332365462,326.242940437257,497737.787215289,5660510.46939679
0.00148019574893259,326.242940437257,498237.787215289,5660510.46939679
0.00149185667899127,326.242940437257,498737.787215289,5660510.46939679
0.00183571752906948,326.242940437257,499237.787215289,5660510.46939679
0.00191268582176248,326.242940437257,499737.787215289,5660510.46939679
0.00308840810323925,326.242940437257,500237.787215289,5660510.46939679
0.00185980274345674,326.242940437257,500737.787215289,5660510.46939679
0.000802898077550417,326.242940437257,501237.787215289,5660510.46939679
0.00057535856995336,326.242940437257,501737.787215289,5660510.46939679
0.0012045142991703,326.242940437257,502237.787215289,5660510.46939679
0.00144386131136873,326.242940437257,502737.787215289,5660510.46939679
0.00133273883297275,326.242940437257,503237.787215289,5660510.46939679
0.00135848775954187,326.242940437257,503737.787215289,5660510.46939679
0.00159284813322493,326.242940437257,504237.787215289,5660510.46939679
0.00161489247926456,326.242940437257,504737.787215289,5660510.46939679
0.0048941691585017,326.242940437257,505237.787215289,5660510.46939679
0.00641708924816303,326.242940437257,505737.787215289,5660510.46939679
0.00549590920934528,326.242940437257,506237.787215289,5660510.46939679
0.0046589914361025,326.242940437257,506737.787215289,5660510.46939679
0.00388236401189343,326.242940437257,507237.787215289,5660510.46939679
0.00374766621695571,326.242940437257,507737.787215289,5660510.46939679
0.00268705834572768,326.242940437257,508237.787215289,5660510.46939679
0.00264974559632943,326.242940437257,508737.787215289,5660510.46939679
0.0021445385683122,326.242940437257,509237.787215289,5660510.46939679
0.00222479580090973,326.242940437257,509737.787215289,5660510.46939679
0.00154542718298373,326.242940437257,510237.787215289,5660510.46939679
0.000431862766070959,326.242940437257,510737.787215289,5660510.46939679
0.00114387563320433,326.242940437257,511237.787215289,5660510.46939679
0.00123531056163538,326.242940437257,511737.787215289,5660510.46939679
0.000516740977313489,326.242940437257,512237.787215289,5660510.46939679
0.000587401627181312,326.242940437257,512737.787215289,5660510.46939679
0.00135191624424994,326.242940437257,513237.787215289,5660510.46939679
0.00178199302578629,326.242940437257,513737.787215289,5660510.46939679
0.00259674883263601,326.242940437257,514237.787215289,5660510.46939679
0.00160077511135964,326.242940437257,514737.787215289,5660510.46939679
0.00177166583241268,326.242940437257,515237.787215289,5660510.46939679
0.00180773249281266,326.242940437257,515737.787215289,5660510.46939679
0.00221908729527475,326.242940437257,516237.787215289,5660510.46939679
0.000788883092825707,326.242940437257,516737.787215289,5660510.46939679
0.000460774586644547,326.242940437257,517237.787215289,5660510.46939679
0.00161704166130764,326.242940437257,517737.787215289,5660510.46939679
0.00132929953593428,326.242940437257,518237.787215289,5660510.46939679
0.00116920475398969,326.242940437257,518737.787215289,5660510.46939679
0.0011592473647707,326.242940437257,519237.787215289,5660510.46939679
0.00315513780719832,326.242940437257,519737.787215289,5660510.46939679
0.00292846014601118,326.242940437257,520237.787215289,5660510.46939679
0.00388458447829357,326.242940437257,520737.787215289,5660510.46939679
0.00435851884247455,326.242940437257,521237.787215289,5660510.46939679
0.00497682290397188,326.242940437257,521737.787215289,5660510.46939679
0.00350806762790418,326.242940437257,522237.787215289,5660510.46939679
0.00406360757736995,326.242940437257,522737.787215289,5660510.46939679
0.00219136051427369,326.242940437257,523237.787215289,5660510.46939679
0.00434731159189543,326.242940437257,523737.787215289,5660510.46939679
0.00416356799113692,326.242940437257,524237.787215289,5660510.46939679
0.00391524886230843,326.242940437257,486737.787215289,5661010.46939679
0.00379404125018078,326.242940437257,487237.787215289,5661010.46939679
0.00565021799301104,326.242940437257,487737.787215289,5661010.46939679
0.00267588256622573,326.242940437257,488237.787215289,5661010.46939679
0.00319197754724778,326.242940437257,488737.787215289,5661010.46939679
0.00630625105107537,326.242940437257,489237.787215289,5661010.46939679
0.0106484136109161,326.242940437257,489737.787215289,5661010.46939679
0.00208012239710413,326.242940437257,490237.787215289,5661010.46939679
0.00161489247926456,326.242940437257,490737.787215289,5661010.46939679
0.00139376058352392,326.242940437257,491237.787215289,5661010.46939679
0.00146248177739596,326.242940437257,491737.787215289,5661010.46939679
0.00109206830101294,326.242940437257,492237.787215289,5661010.46939679
0.00267846207895101,326.242940437257,492737.787215289,5661010.46939679
0.00229662882062819,326.242940437257,493237.787215289,5661010.46939679
0.00261067646170061,326.242940437257,493737.787215289,5661010.46939679
0.00177732285066944,326.242940437257,494237.787215289,5661010.46939679
0.00223850651102943,326.242940437257,494737.787215289,5661010.46939679
0.00229662882062819,326.242940437257,495237.787215289,5661010.46939679
0.00254869584460297,326.242940437257,495737.787215289,5661010.46939679
0.00240899376495177,326.242940437257,496237.787215289,5661010.46939679
0.00159851419932957,326.242940437257,496737.787215289,5661010.46939679
0.00141730136619716,326.242940437257,497237.787215289,5661010.46939679
0.00129059753840608,326.242940437257,497737.787215289,5661010.46939679
0.00124339595489241,326.242940437257,498237.787215289,5661010.46939679
0.00133698992228695,326.242940437257,498737.787215289,5661010.46939679
0.00127444245148661,326.242940437257,499237.787215289,5661010.46939679
0.00124339595489241,326.242940437257,499737.787215289,5661010.46939679
0.00155927539296739,326.242940437257,500237.787215289,5661010.46939679
0.00228624713862754,326.242940437257,500737.787215289,5661010.46939679
0.00109206830101294,326.242940437257,501237.787215289,5661010.46939679
0.00170563129171238,326.242940437257,501737.787215289,5661010.46939679
0.00302679778418384,326.242940437257,502237.787215289,5661010.46939679
0.00204934702537567,326.242940437257,502737.787215289,5661010.46939679
0.00151324578771919,326.242940437257,503237.787215289,5661010.46939679
0.00161489247926456,326.242940437257,503737.787215289,5661010.46939679
0.00210042980467206,326.242940437257,504237.787215289,5661010.46939679
0.00197502261958855,326.242940437257,504737.787215289,5661010.46939679
0.00365967595029156,326.242940437257,505237.787215289,5661010.46939679
0.00608538840766955,326.242940437257,505737.787215289,5661010.46939679
0.00524393981305265,326.242940437257,506237.787215289,5661010.46939679
0.00408896194643735,326.242940437257,506737.787215289,5661010.46939679
0.00252001080436771,326.242940437257,507237.787215289,5661010.46939679
0.00143923067426202,326.242940437257,507737.787215289,5661010.46939679
0.00161280207394775,326.242940437257,508237.787215289,5661010.46939679
0.00239689443692304,326.242940437257,508737.787215289,5661010.46939679
0.00175675334805923,326.242940437257,509237.787215289,5661010.46939679
0.000908211028737679,326.242940437257,509737.787215289,5661010.46939679
0.00103240242118612,326.242940437257,510237.787215289,5661010.46939679
0.0007787392773648,326.242940437257,510737.787215289,5661010.46939679
0.00232899053981266,326.242940437257,511237.787215289,5661010.46939679
0.00227004923071137,326.242940437257,511737.787215289,5661010.46939679
0.00123531056163538,326.242940437257,512237.787215289,5661010.46939679
0.00185935799695839,326.242940437257,512737.787215289,5661010.46939679
0.00175826771408368,326.242940437257,513237.787215289,5661010.46939679
0.0024669767009083,326.242940437257,513737.787215289,5661010.46939679
0.00268593666767839,326.242940437257,514237.787215289,5661010.46939679
0.0036384813546836,326.242940437257,514737.787215289,5661010.46939679
0.00337308578970974,326.242940437257,515237.787215289,5661010.46939679
0.000793985249990688,326.242940437257,515737.787215289,5661010.46939679
0.000919730484916165,326.242940437257,516237.787215289,5661010.46939679
0.0010599523193892,326.242940437257,516737.787215289,5661010.46939679
0.000551335120622092,326.242940437257,517237.787215289,5661010.46939679
0.00092058656030344,326.242940437257,517737.787215289,5661010.46939679
0.000826471120793107,326.242940437257,518237.787215289,5661010.46939679
0.00174300256710068,326.242940437257,518737.787215289,5661010.46939679
0.00147207451592421,326.242940437257,519237.787215289,5661010.46939679
0.0027037823086176,326.242940437257,519737.787215289,5661010.46939679
0.00139005471979246,326.242940437257,520237.787215289,5661010.46939679
0.00413070968756483,326.242940437257,520737.787215289,5661010.46939679
0.00188631208576091,326.242940437257,521237.787215289,5661010.46939679
0.00616482828791047,326.242940437257,521737.787215289,5661010.46939679
0.00275091601780828,326.242940437257,522237.787215289,5661010.46939679
0.004608449589462,326.242940437257,522737.787215289,5661010.46939679
0.00189690777712978,326.242940437257,523237.787215289,5661010.46939679
0.00394083044527482,326.242940437257,523737.787215289,5661010.46939679
0.00497648983208238,326.242940437257,524237.787215289,5661010.46939679
0.0032531744803458,326.242940437257,486737.787215289,5661510.46939679
0.00284248694463909,326.242940437257,487237.787215289,5661510.46939679
0.00352694842993506,326.242940437257,487737.787215289,5661510.46939679
0.00241755925986736,326.242940437257,488237.787215289,5661510.46939679
0.00254473185076193,326.242940437257,488737.787215289,5661510.46939679
0.00507624673890661,326.242940437257,489237.787215289,5661510.46939679
0.000719080855605173,326.242940437257,489737.787215289,5661510.46939679
0.00259059877815186,326.242940437257,490237.787215289,5661510.46939679
0.000719080855605173,326.242940437257,490737.787215289,5661510.46939679
0.00143762155743854,326.242940437257,491237.787215289,5661510.46939679
0.00124339595489241,326.242940437257,491737.787215289,5661510.46939679
0.00164129906656814,326.242940437257,492237.787215289,5661510.46939679
0.00397425709971653,326.242940437257,492737.787215289,5661510.46939679
0.00456771803471079,326.242940437257,493237.787215289,5661510.46939679
0.00148538551457972,326.242940437257,493737.787215289,5661510.46939679
0.00148538551457972,326.242940437257,494237.787215289,5661510.46939679
0.000605624566427167,326.242940437257,494737.787215289,5661510.46939679
0.00114431887852148,326.242940437257,495237.787215289,5661510.46939679
0.00139376058352392,326.242940437257,495737.787215289,5661510.46939679
0.00157402332365462,326.242940437257,496237.787215289,5661510.46939679
0.00124339595489241,326.242940437257,496737.787215289,5661510.46939679
0.00137170455984137,326.242940437257,497237.787215289,5661510.46939679
0.00113179032602339,326.242940437257,497737.787215289,5661510.46939679
0.00117403085648958,326.242940437257,498237.787215289,5661510.46939679
0.000546605112093957,326.242940437257,498737.787215289,5661510.46939679
0.00108713171495155,326.242940437257,499237.787215289,5661510.46939679
0.00144124926954009,326.242940437257,499737.787215289,5661510.46939679
0.000546605112093957,326.242940437257,500237.787215289,5661510.46939679
0.0008670771946915,326.242940437257,500737.787215289,5661510.46939679
0.000724653882963394,326.242940437257,501237.787215289,5661510.46939679
0.00274800773425033,326.242940437257,501737.787215289,5661510.46939679
0.00123578923746847,326.242940437257,502237.787215289,5661510.46939679
0.00140284584262853,326.242940437257,502737.787215289,5661510.46939679
0.00132410760832325,326.242940437257,503237.787215289,5661510.46939679
0.00169984181805161,326.242940437257,503737.787215289,5661510.46939679
0.00331018428617803,326.242940437257,504237.787215289,5661510.46939679
0.00257850371220692,326.242940437257,504737.787215289,5661510.46939679
0.00241049806731211,326.242940437257,505237.787215289,5661510.46939679
0.00238912159843554,326.242940437257,505737.787215289,5661510.46939679
0.00455226085066122,326.242940437257,506237.787215289,5661510.46939679
0.00420421524932254,326.242940437257,506737.787215289,5661510.46939679
0.000800172640414589,326.242940437257,507237.787215289,5661510.46939679
0.00297719232694644,326.242940437257,507737.787215289,5661510.46939679
0.00103113777745982,326.242940437257,508237.787215289,5661510.46939679
0.000431862766070959,326.242940437257,508737.787215289,5661510.46939679
0.000798959064599146,326.242940437257,509237.787215289,5661510.46939679
0.00123531056163538,326.242940437257,509737.787215289,5661510.46939679
0.000568699768710804,326.242940437257,510237.787215289,5661510.46939679
0.000839957107777905,326.242940437257,510737.787215289,5661510.46939679
0.00233623463883678,326.242940437257,511237.787215289,5661510.46939679
0.00033421141265713,326.242940437257,511737.787215289,5661510.46939679
0.00111492681348282,326.242940437257,512237.787215289,5661510.46939679
0.00190678206345831,326.242940437257,512737.787215289,5661510.46939679
0.00253103118673474,326.242940437257,513237.787215289,5661510.46939679
0.00290063520644483,326.242940437257,513737.787215289,5661510.46939679
0.00320915885964231,326.242940437257,514237.787215289,5661510.46939679
0.0024292734796048,326.242940437257,514737.787215289,5661510.46939679
0.00342546417624119,326.242940437257,515237.787215289,5661510.46939679
0.000994340468576538,326.242940437257,515737.787215289,5661510.46939679
0.000668113045024184,326.242940437257,516237.787215289,5661510.46939679
0.00130694478013742,326.242940437257,516737.787215289,5661510.46939679
0.00148989893247187,326.242940437257,517237.787215289,5661510.46939679
0.000676823215911311,326.242940437257,517737.787215289,5661510.46939679
0.00161704166130764,326.242940437257,518237.787215289,5661510.46939679
0.00180805749364108,326.242940437257,518737.787215289,5661510.46939679
0.00176963214352112,326.242940437257,519237.787215289,5661510.46939679
0.00291808512090629,326.242940437257,519737.787215289,5661510.46939679
0.00150827688340754,326.242940437257,520237.787215289,5661510.46939679
0.00385354543385997,326.242940437257,520737.787215289,5661510.46939679
0.00335995127953329,326.242940437257,521237.787215289,5661510.46939679
0.00535992879410673,326.242940437257,521737.787215289,5661510.46939679
0.00298976860761072,326.242940437257,522237.787215289,5661510.46939679
0.0020472689850814,326.242940437257,522737.787215289,5661510.46939679
0.00561752812126253,326.242940437257,523237.787215289,5661510.46939679
0.00155687455422741,326.242940437257,523737.787215289,5661510.46939679
0.00132291948000881,326.242940437257,524237.787215289,5661510.46939679
0.0030330164013974,326.242940437257,486737.787215289,5662010.46939679
0.00273693911420928,326.242940437257,487237.787215289,5662010.46939679
0.00237408003615423,326.242940437257,487737.787215289,5662010.46939679
0.00195250519299454,326.242940437257,488237.787215289,5662010.46939679
0.00191360135628251,326.242940437257,488737.787215289,5662010.46939679
0.00200320154378077,326.242940437257,489237.787215289,5662010.46939679
0.00197502261958855,326.242940437257,489737.787215289,5662010.46939679
0.00187632116169888,326.242940437257,490237.787215289,5662010.46939679
0.00169616920531032,326.242940437257,490737.787215289,5662010.46939679
0.00143762155743854,326.242940437257,491237.787215289,5662010.46939679
0.00244963877251862,326.242940437257,491737.787215289,5662010.46939679
0.00130880319752611,326.242940437257,492237.787215289,5662010.46939679
0.00186573502919317,326.242940437257,492737.787215289,5662010.46939679
0.00323740005653491,326.242940437257,493237.787215289,5662010.46939679
0.00248020829880851,326.242940437257,493737.787215289,5662010.46939679
0.000111399886988613,326.242940437257,494237.787215289,5662010.46939679
0.0011153588412966,326.242940437257,494737.787215289,5662010.46939679
0.0010752292749772,326.242940437257,495237.787215289,5662010.46939679
0.00154581875135204,326.242940437257,495737.787215289,5662010.46939679
0.00148019574893259,326.242940437257,496237.787215289,5662010.46939679
0.00120286048415549,326.242940437257,496737.787215289,5662010.46939679
0.00114431887852148,326.242940437257,497237.787215289,5662010.46939679
0.00117403085648958,326.242940437257,497737.787215289,5662010.46939679
0.000637482666660941,326.242940437257,498237.787215289,5662010.46939679
0.000605624566427167,326.242940437257,498737.787215289,5662010.46939679
0.000637482666660941,326.242940437257,499237.787215289,5662010.46939679
0.000762773367076194,326.242940437257,499737.787215289,5662010.46939679
0.000802898077550417,326.242940437257,500237.787215289,5662010.46939679
0.0008670771946915,326.242940437257,500737.787215289,5662010.46939679
0.000654034758304611,326.242940437257,501237.787215289,5662010.46939679
0.00068843941432668,326.242940437257,501737.787215289,5662010.46939679
0.00267846207895101,326.242940437257,502237.787215289,5662010.46939679
0.00113179032602339,326.242940437257,502737.787215289,5662010.46939679
0.00133273883297275,326.242940437257,503237.787215289,5662010.46939679
0.00173989001009529,326.242940437257,503737.787215289,5662010.46939679
0.00143762155743854,326.242940437257,504237.787215289,5662010.46939679
0.00644608215429095,326.242940437257,504737.787215289,5662010.46939679
0.0083295266530251,326.242940437257,505237.787215289,5662010.46939679
0.00542596027172135,326.242940437257,505737.787215289,5662010.46939679
0.00428402407148668,326.242940437257,506237.787215289,5662010.46939679
0.00214190628476871,326.242940437257,506737.787215289,5662010.46939679
0.003217507991297,326.242940437257,507237.787215289,5662010.46939679
0.00329851551397338,326.242940437257,507737.787215289,5662010.46939679
0.00215660386237468,326.242940437257,508237.787215289,5662010.46939679
0.00105920851393547,326.242940437257,508737.787215289,5662010.46939679
0.00123531056163538,326.242940437257,509237.787215289,5662010.46939679
0.00122703375345535,326.242940437257,509737.787215289,5662010.46939679
0.000859707991026476,326.242940437257,510237.787215289,5662010.46939679
0.00237609420747086,326.242940437257,510737.787215289,5662010.46939679
0.00228256211505595,326.242940437257,511237.787215289,5662010.46939679
0.000862823319392582,326.242940437257,511737.787215289,5662010.46939679
0.00210202525731453,326.242940437257,512237.787215289,5662010.46939679
0.00268550012887414,326.242940437257,512737.787215289,5662010.46939679
0.00222526651404537,326.242940437257,513237.787215289,5662010.46939679
0.00290025656050739,326.242940437257,513737.787215289,5662010.46939679
0.00345865446015911,326.242940437257,514237.787215289,5662010.46939679
0.00428913475789829,326.242940437257,514737.787215289,5662010.46939679
0.00313608038143382,326.242940437257,515237.787215289,5662010.46939679
0.00181046771742958,326.242940437257,515737.787215289,5662010.46939679
0.0016749872536899,326.242940437257,516237.787215289,5662010.46939679
0.00165589627638179,326.242940437257,516737.787215289,5662010.46939679
0.00160899300031074,326.242940437257,517237.787215289,5662010.46939679
0.000830873362610476,326.242940437257,517737.787215289,5662010.46939679
0.00165077013557727,326.242940437257,518237.787215289,5662010.46939679
0.00191131666837577,326.242940437257,518737.787215289,5662010.46939679
0.00119585821975091,326.242940437257,519237.787215289,5662010.46939679
0.00269251717878087,326.242940437257,519737.787215289,5662010.46939679
0.00149123530247072,326.242940437257,520237.787215289,5662010.46939679
0.00401309525234149,326.242940437257,520737.787215289,5662010.46939679
0.00185150019726794,326.242940437257,521237.787215289,5662010.46939679
0.00601972868075628,326.242940437257,521737.787215289,5662010.46939679
0.00704460082843082,326.242940437257,522237.787215289,5662010.46939679
0.00625106063807282,326.242940437257,522737.787215289,5662010.46939679
0.00532368653402769,326.242940437257,523237.787215289,5662010.46939679
0.00442537257721536,326.242940437257,523737.787215289,5662010.46939679
0.00209937329160654,326.242940437257,524237.787215289,5662010.46939679
0.00266767357982244,326.242940437257,486737.787215289,5662510.46939679
0.00222705177096832,326.242940437257,487237.787215289,5662510.46939679
0.000719080855605173,326.242940437257,487737.787215289,5662510.46939679
0.0019824543735461,326.242940437257,488237.787215289,5662510.46939679
0.00237208551176022,326.242940437257,488737.787215289,5662510.46939679
0.00331018428617803,326.242940437257,489237.787215289,5662510.46939679
0.000719080855605173,326.242940437257,489737.787215289,5662510.46939679
0.00102951340747747,326.242940437257,490237.787215289,5662510.46939679
0.00141730136619716,326.242940437257,490737.787215289,5662510.46939679
0.00224210407440435,326.242940437257,491237.787215289,5662510.46939679
0.00407744777637379,326.242940437257,491737.787215289,5662510.46939679
0.00480799695841415,326.242940437257,492237.787215289,5662510.46939679
0.00254460634004828,326.242940437257,492737.787215289,5662510.46939679
0.00177732285066944,326.242940437257,493237.787215289,5662510.46939679
0.00187081662992355,326.242940437257,493737.787215289,5662510.46939679
0.00261067646170061,326.242940437257,494237.787215289,5662510.46939679
0.00372082888770909,326.242940437257,494737.787215289,5662510.46939679
0.00120669729540775,326.242940437257,495237.787215289,5662510.46939679
0.00123802891470396,326.242940437257,495737.787215289,5662510.46939679
0.00137765110390985,326.242940437257,496237.787215289,5662510.46939679
0.00117403085648958,326.242940437257,496737.787215289,5662510.46939679
0.000506146622660989,326.242940437257,497237.787215289,5662510.46939679
0.000621349469784409,326.242940437257,497737.787215289,5662510.46939679
0.000605624566427167,326.242940437257,498237.787215289,5662510.46939679
0.000724653882963394,326.242940437257,498737.787215289,5662510.46939679
0.000519288603959557,326.242940437257,499237.787215289,5662510.46939679
0.000506146622660989,326.242940437257,499737.787215289,5662510.46939679
0.00133457121795989,326.242940437257,500237.787215289,5662510.46939679
0.00114431887852148,326.242940437257,500737.787215289,5662510.46939679
0.00122225922356342,326.242940437257,501237.787215289,5662510.46939679
0.00246899676404837,326.242940437257,501737.787215289,5662510.46939679
0.00134063140881065,326.242940437257,502237.787215289,5662510.46939679
0.00289256314150108,326.242940437257,502737.787215289,5662510.46939679
0.00401825083916621,326.242940437257,503237.787215289,5662510.46939679
0.00201487130232778,326.242940437257,503737.787215289,5662510.46939679
0.00433348889245264,326.242940437257,504237.787215289,5662510.46939679
0.0064071440900468,326.242940437257,504737.787215289,5662510.46939679
0.00728327543065235,326.242940437257,505237.787215289,5662510.46939679
0.00585968075208931,326.242940437257,505737.787215289,5662510.46939679
0.00358034405369871,326.242940437257,506237.787215289,5662510.46939679
0.00249801566055878,326.242940437257,506737.787215289,5662510.46939679
0.00141671104287462,326.242940437257,507237.787215289,5662510.46939679
0.00127766775053389,326.242940437257,507737.787215289,5662510.46939679
0.00238946224652453,326.242940437257,508237.787215289,5662510.46939679
0.00221259958843276,326.242940437257,508737.787215289,5662510.46939679
0.00172173247131363,326.242940437257,509237.787215289,5662510.46939679
0.0018333412757076,326.242940437257,509737.787215289,5662510.46939679
0.00256602569783484,326.242940437257,510237.787215289,5662510.46939679
0.00227004923071137,326.242940437257,510737.787215289,5662510.46939679
0.000360926376863109,326.242940437257,511237.787215289,5662510.46939679
0.000739821899290487,326.242940437257,511737.787215289,5662510.46939679
0.00167815944512624,326.242940437257,512237.787215289,5662510.46939679
0.00248806428095846,326.242940437257,512737.787215289,5662510.46939679
0.00242312298131737,326.242940437257,513237.787215289,5662510.46939679
0.0037841104495208,326.242940437257,513737.787215289,5662510.46939679
0.00481543616246837,326.242940437257,514237.787215289,5662510.46939679
0.00276050217856871,326.242940437257,514737.787215289,5662510.46939679
0.00338244784998524,326.242940437257,515237.787215289,5662510.46939679
0.00284252084982092,326.242940437257,515737.787215289,5662510.46939679
0.00299758528514497,326.242940437257,516237.787215289,5662510.46939679
0.000904828114892687,326.242940437257,516737.787215289,5662510.46939679
0.00136965382754407,326.242940437257,517237.787215289,5662510.46939679
0.000375343525953392,326.242940437257,517737.787215289,5662510.46939679
0.000809845899058137,326.242940437257,518237.787215289,5662510.46939679
0.00152858381750451,326.242940437257,518737.787215289,5662510.46939679
0.00239661974631518,326.242940437257,519237.787215289,5662510.46939679
0.00231682252218873,326.242940437257,519737.787215289,5662510.46939679
0.00306973583973996,326.242940437257,520237.787215289,5662510.46939679
0.00377743840950024,326.242940437257,520737.787215289,5662510.46939679
0.004730161674911,326.242940437257,521237.787215289,5662510.46939679
0.00627569766816598,326.242940437257,521737.787215289,5662510.46939679
0.007483982633183,326.242940437257,522237.787215289,5662510.46939679
0.00568052629531974,326.242940437257,522737.787215289,5662510.46939679
0.0049161427561737,326.242940437257,523237.787215289,5662510.46939679
0.00388390352927715,326.242940437257,523737.787215289,5662510.46939679
0.00347072539974872,326.242940437257,524237.787215289,5662510.46939679
0.00287094135758845,326.242940437257,486737.787215289,5663010.46939679
0.00510181364576946,326.242940437257,487237.787215289,5663010.46939679
0.000719080855605173,326.242940437257,487737.787215289,5663010.46939679
0.00143762155743854,326.242940437257,488237.787215289,5663010.46939679
0.00169585745902467,326.242940437257,488737.787215289,5663010.46939679
0.00147494907238459,326.242940437257,489237.787215289,5663010.46939679
0.00143387492870947,326.242940437257,489737.787215289,5663010.46939679
0.00143387492870947,326.242940437257,490237.787215289,5663010.46939679
0.00144871338372304,326.242940437257,490737.787215289,5663010.46939679
0.00122022988921226,326.242940437257,491237.787215289,5663010.46939679
0.00532713838362746,326.242940437257,491737.787215289,5663010.46939679
0.000912688673667435,326.242940437257,492237.787215289,5663010.46939679
0.00202035909739048,326.242940437257,492737.787215289,5663010.46939679
0.000685454763668469,326.242940437257,493237.787215289,5663010.46939679
0.000936386426341733,326.242940437257,493737.787215289,5663010.46939679
0.0009606994857444,326.242940437257,494237.787215289,5663010.46939679
0.00267846207895101,326.242940437257,494737.787215289,5663010.46939679
0.00480799695841415,326.242940437257,495237.787215289,5663010.46939679
0.00468631778881703,326.242940437257,495737.787215289,5663010.46939679
0.00295960696187636,326.242940437257,496237.787215289,5663010.46939679
0.0011153588412966,326.242940437257,496737.787215289,5663010.46939679
0.000621349469784409,326.242940437257,497237.787215289,5663010.46939679
0.000743469355301768,326.242940437257,497737.787215289,5663010.46939679
0.00114431887852148,326.242940437257,498237.787215289,5663010.46939679
0.00136922305440963,326.242940437257,498737.787215289,5663010.46939679
0.0012045142991703,326.242940437257,499237.787215289,5663010.46939679
0.00155645455933418,326.242940437257,499737.787215289,5663010.46939679
0.00110314735719048,326.242940437257,500237.787215289,5663010.46939679
0.00117615860619261,326.242940437257,500737.787215289,5663010.46939679
0.00147664074122495,326.242940437257,501237.787215289,5663010.46939679
0.00263716183001844,326.242940437257,501737.787215289,5663010.46939679
0.00401825083916621,326.242940437257,502237.787215289,5663010.46939679
0.00229662882062819,326.242940437257,502737.787215289,5663010.46939679
0.00261067646170061,326.242940437257,503237.787215289,5663010.46939679
0.00506091544540433,326.242940437257,503737.787215289,5663010.46939679
0.00487882844839166,326.242940437257,504237.787215289,5663010.46939679
0.00561752812126253,326.242940437257,504737.787215289,5663010.46939679
0.004816710710735,326.242940437257,505237.787215289,5663010.46939679
0.00649237728730882,326.242940437257,505737.787215289,5663010.46939679
0.0049161427561737,326.242940437257,506237.787215289,5663010.46939679
0.00233151720929519,326.242940437257,506737.787215289,5663010.46939679
0.00303438739002228,326.242940437257,507237.787215289,5663010.46939679
0.00173234296186211,326.242940437257,507737.787215289,5663010.46939679
0.00159429367965983,326.242940437257,508237.787215289,5663010.46939679
0.00211361196591024,326.242940437257,508737.787215289,5663010.46939679
0.00188656432736449,326.242940437257,509237.787215289,5663010.46939679
0.00227200607082932,326.242940437257,509737.787215289,5663010.46939679
0.00280209073110804,326.242940437257,510237.787215289,5663010.46939679
0.000602653376088733,326.242940437257,510737.787215289,5663010.46939679
0.000840987277082074,326.242940437257,511237.787215289,5663010.46939679
0.000759031205703776,326.242940437257,511737.787215289,5663010.46939679
0.00277113923397733,326.242940437257,512237.787215289,5663010.46939679
0.00268705834572768,326.242940437257,512737.787215289,5663010.46939679
0.00334086815891482,326.242940437257,513237.787215289,5663010.46939679
0.00354845763220173,326.242940437257,513737.787215289,5663010.46939679
0.00483779363143519,326.242940437257,514237.787215289,5663010.46939679
0.00430402083398709,326.242940437257,514737.787215289,5663010.46939679
0.00168634603493198,326.242940437257,515237.787215289,5663010.46939679
0.00328772086926122,326.242940437257,515737.787215289,5663010.46939679
0.00193632734483828,326.242940437257,516237.787215289,5663010.46939679
0.00237443989010644,326.242940437257,516737.787215289,5663010.46939679
0.00176229978282866,326.242940437257,517237.787215289,5663010.46939679
0.000963618618996589,326.242940437257,517737.787215289,5663010.46939679
0.000852446799444842,326.242940437257,518237.787215289,5663010.46939679
0.00160899300031074,326.242940437257,518737.787215289,5663010.46939679
0.00143523415468043,326.242940437257,519237.787215289,5663010.46939679
0.00216302383175093,326.242940437257,519737.787215289,5663010.46939679
0.00303503169066501,326.242940437257,520237.787215289,5663010.46939679
0.00288388587918247,326.242940437257,520737.787215289,5663010.46939679
0.00434167655109832,326.242940437257,521237.787215289,5663010.46939679
0.00582801986140665,326.242940437257,521737.787215289,5663010.46939679
0.00728506119384989,326.242940437257,522237.787215289,5663010.46939679
0.00447692646414702,326.242940437257,522737.787215289,5663010.46939679
0.00351426880618017,326.242940437257,523237.787215289,5663010.46939679
0.00227443017433318,326.242940437257,523737.787215289,5663010.46939679
0.00344059583156863,326.242940437257,524237.787215289,5663010.46939679
0.0035408490365099,326.242940437257,486737.787215289,5663510.46939679
0.00239458867568663,326.242940437257,487237.787215289,5663510.46939679
0.00384093704077332,326.242940437257,487737.787215289,5663510.46939679
0.000719080855605173,326.242940437257,488237.787215289,5663510.46939679
0.000719080855605173,326.242940437257,488737.787215289,5663510.46939679
0.0010752292749772,326.242940437257,489237.787215289,5663510.46939679
0.0010752292749772,326.242940437257,489737.787215289,5663510.46939679
0.00103920307380351,326.242940437257,490237.787215289,5663510.46939679
0.00104930463688869,326.242940437257,490737.787215289,5663510.46939679
0.00108733376329532,326.242940437257,491237.787215289,5663510.46939679
0.000740246128603118,326.242940437257,491737.787215289,5663510.46939679
0.00123578923746847,326.242940437257,492237.787215289,5663510.46939679
0.000740246128603118,326.242940437257,492737.787215289,5663510.46939679
0.00139110056365917,326.242940437257,493237.787215289,5663510.46939679
0.00407067793191022,326.242940437257,493737.787215289,5663510.46939679
0.00123802891470396,326.242940437257,494237.787215289,5663510.46939679
0.000762773367076194,326.242940437257,494737.787215289,5663510.46939679
0.001149515147334,326.242940437257,495237.787215289,5663510.46939679
0.000936386426341733,326.242940437257,495737.787215289,5663510.46939679
0.000706314586269371,326.242940437257,496237.787215289,5663510.46939679
0.00053277181379689,326.242940437257,496737.787215289,5663510.46939679
0.00151706433094312,326.242940437257,497237.787215289,5663510.46939679
0.00170563129171238,326.242940437257,497737.787215289,5663510.46939679
0.00139376058352392,326.242940437257,498237.787215289,5663510.46939679
0.00192775389340631,326.242940437257,498737.787215289,5663510.46939679
0.00626821990759038,326.242940437257,499237.787215289,5663510.46939679
0.00192775389340631,326.242940437257,499737.787215289,5663510.46939679
0.00155253686850876,326.242940437257,500237.787215289,5663510.46939679
0.00157402332365462,326.242940437257,500737.787215289,5663510.46939679
0.00169984181805161,326.242940437257,501237.787215289,5663510.46939679
0.00163420607071001,326.242940437257,501737.787215289,5663510.46939679
0.00496319883736137,326.242940437257,502237.787215289,5663510.46939679
0.00340769931653086,326.242940437257,502737.787215289,5663510.46939679
0.0033582258778686,326.242940437257,503237.787215289,5663510.46939679
0.00202035909739048,326.242940437257,503737.787215289,5663510.46939679
0.00229662882062819,326.242940437257,504237.787215289,5663510.46939679
0.00202035909739048,326.242940437257,504737.787215289,5663510.46939679
0.00229662882062819,326.242940437257,505237.787215289,5663510.46939679
0.00229662882062819,326.242940437257,505737.787215289,5663510.46939679
0.00241744002153272,326.242940437257,506237.787215289,5663510.46939679
0.00235626026270276,326.242940437257,506737.787215289,5663510.46939679
0.00112042360468605,326.242940437257,507237.787215289,5663510.46939679
0.00268593666767839,326.242940437257,507737.787215289,5663510.46939679
0.00197546599873337,326.242940437257,508237.787215289,5663510.46939679
0.00282828935836467,326.242940437257,508737.787215289,5663510.46939679
0.00225062378882606,326.242940437257,509237.787215289,5663510.46939679
0.00232899053981266,326.242940437257,509737.787215289,5663510.46939679
0.000955986300070606,326.242940437257,510237.787215289,5663510.46939679
0.000908211028737679,326.242940437257,510737.787215289,5663510.46939679
0.00180236704696137,326.242940437257,511237.787215289,5663510.46939679
0.00159429367965983,326.242940437257,511737.787215289,5663510.46939679
0.00189881365975569,326.242940437257,512237.787215289,5663510.46939679
0.0034493182632122,326.242940437257,512737.787215289,5663510.46939679
0.00318640043131714,326.242940437257,513237.787215289,5663510.46939679
0.00298189200265748,326.242940437257,513737.787215289,5663510.46939679
0.00299279768749454,326.242940437257,514237.787215289,5663510.46939679
0.00519232095748197,326.242940437257,514737.787215289,5663510.46939679
0.00237861072946669,326.242940437257,515237.787215289,5663510.46939679
0.00178205003854082,326.242940437257,515737.787215289,5663510.46939679
0.00263212380592042,326.242940437257,516237.787215289,5663510.46939679
0.00195158166356954,326.242940437257,516737.787215289,5663510.46939679
0.00208880999406393,326.242940437257,517237.787215289,5663510.46939679
0.00169408908156856,326.242940437257,517737.787215289,5663510.46939679
0.000347561436575663,326.242940437257,518237.787215289,5663510.46939679
0.000852446799444842,326.242940437257,518737.787215289,5663510.46939679
0.00124163041163276,326.242940437257,519237.787215289,5663510.46939679
0.00226981733217532,326.242940437257,519737.787215289,5663510.46939679
0.00250120665320887,326.242940437257,520237.787215289,5663510.46939679
0.00270272570225153,326.242940437257,520737.787215289,5663510.46939679
0.00473359594454599,326.242940437257,521237.787215289,5663510.46939679
0.00560736563660367,326.242940437257,521737.787215289,5663510.46939679
0.00533679299964641,326.242940437257,522237.787215289,5663510.46939679
0.00513547293467662,326.242940437257,522737.787215289,5663510.46939679
0.0042670568546558,326.242940437257,523237.787215289,5663510.46939679
0.00313608038143382,326.242940437257,523737.787215289,5663510.46939679
0.0024250971871292,326.242940437257,524237.787215289,5663510.46939679
0.00212674238008458,326.242940437257,486737.787215289,5664010.46939679
0.00178674372862926,326.242940437257,487237.787215289,5664010.46939679
0.00492606264754296,326.242940437257,487737.787215289,5664010.46939679
0.00272687389001983,326.242940437257,488237.787215289,5664010.46939679
0.000546605112093957,326.242940437257,488737.787215289,5664010.46939679
0.00103280247126615,326.242940437257,489237.787215289,5664010.46939679
0.0011153588412966,326.242940437257,489737.787215289,5664010.46939679
0.00050395228163542,326.242940437257,490237.787215289,5664010.46939679
0.000572864168414485,326.242940437257,490737.787215289,5664010.46939679
0.000703252439839428,326.242940437257,491237.787215289,5664010.46939679
0.000618655679938306,326.242940437257,491737.787215289,5664010.46939679
0.00151706433094312,326.242940437257,492237.787215289,5664010.46939679
0.000740246128603118,326.242940437257,492737.787215289,5664010.46939679
0.00146427761698407,326.242940437257,493237.787215289,5664010.46939679
0.00225746187787987,326.242940437257,493737.787215289,5664010.46939679
0.00119348167212238,326.242940437257,494237.787215289,5664010.46939679
0.00114431887852148,326.242940437257,494737.787215289,5664010.46939679
0.0012045142991703,326.242940437257,495237.787215289,5664010.46939679
0.000889590655745813,326.242940437257,495737.787215289,5664010.46939679
0.000782578603101397,326.242940437257,496237.787215289,5664010.46939679
0.000546605112093957,326.242940437257,496737.787215289,5664010.46939679
0.00068843941432668,326.242940437257,497237.787215289,5664010.46939679
0.00133457121795989,326.242940437257,497737.787215289,5664010.46939679
0.0015149813803541,326.242940437257,498237.787215289,5664010.46939679
0.00271689240846816,326.242940437257,498737.787215289,5664010.46939679
0.00525093022598328,326.242940437257,499237.787215289,5664010.46939679
0.00169984181805161,326.242940437257,499737.787215289,5664010.46939679
0.00169984181805161,326.242940437257,500237.787215289,5664010.46939679
0.00171099438153559,326.242940437257,500737.787215289,5664010.46939679
0.0017554199593373,326.242940437257,501237.787215289,5664010.46939679
0.00161489247926456,326.242940437257,501737.787215289,5664010.46939679
0.00150669769041148,326.242940437257,502237.787215289,5664010.46939679
0.00467988340881121,326.242940437257,502737.787215289,5664010.46939679
0.00340769931653086,326.242940437257,503237.787215289,5664010.46939679
0.00362666340191836,326.242940437257,503737.787215289,5664010.46939679
0.00241744002153272,326.242940437257,504237.787215289,5664010.46939679
0.00196922852900935,326.242940437257,504737.787215289,5664010.46939679
0.00218185514128945,326.242940437257,505237.787215289,5664010.46939679
0.00235626026270276,326.242940437257,505737.787215289,5664010.46939679
0.00241744002153272,326.242940437257,506237.787215289,5664010.46939679
0.00223850651102943,326.242940437257,506737.787215289,5664010.46939679
0.00229969046366413,326.242940437257,507237.787215289,5664010.46939679
0.00338244784998524,326.242940437257,507737.787215289,5664010.46939679
0.00298452192244836,326.242940437257,508237.787215289,5664010.46939679
0.00275671196272928,326.242940437257,508737.787215289,5664010.46939679
0.0021445385683122,326.242940437257,509237.787215289,5664010.46939679
0.00111492681348282,326.242940437257,509737.787215289,5664010.46939679
0.00108671062075235,326.242940437257,510237.787215289,5664010.46939679
0.00139482188374777,326.242940437257,510737.787215289,5664010.46939679
0.00200318826444008,326.242940437257,511237.787215289,5664010.46939679
0.00231596081459431,326.242940437257,511737.787215289,5664010.46939679
0.00238790904489831,326.242940437257,512237.787215289,5664010.46939679
0.00268475865389964,326.242940437257,512737.787215289,5664010.46939679
0.0036984751084127,326.242940437257,513237.787215289,5664010.46939679
0.00409854463553208,326.242940437257,513737.787215289,5664010.46939679
0.00361230156888659,326.242940437257,514237.787215289,5664010.46939679
0.00548947694204733,326.242940437257,514737.787215289,5664010.46939679
0.00311578683959529,326.242940437257,515237.787215289,5664010.46939679
0.0036384813546836,326.242940437257,515737.787215289,5664010.46939679
0.0034073416230827,326.242940437257,516237.787215289,5664010.46939679
0.00201655784574209,326.242940437257,516737.787215289,5664010.46939679
0.000943611076609032,326.242940437257,517237.787215289,5664010.46939679
0.00124550897185544,326.242940437257,517737.787215289,5664010.46939679
0.000852446799444842,326.242940437257,518237.787215289,5664010.46939679
0.000830873362610476,326.242940437257,518737.787215289,5664010.46939679
0.00180896430544364,326.242940437257,519237.787215289,5664010.46939679
0.00258445121316684,326.242940437257,519737.787215289,5664010.46939679
0.00211147273026632,326.242940437257,520237.787215289,5664010.46939679
0.00295759413473376,326.242940437257,520737.787215289,5664010.46939679
0.00382496378335113,326.242940437257,521237.787215289,5664010.46939679
0.00469356872399761,326.242940437257,521737.787215289,5664010.46939679
0.00270563513379984,326.242940437257,522237.787215289,5664010.46939679
0.00526881431491146,326.242940437257,522737.787215289,5664010.46939679
0.00385122272055474,326.242940437257,523237.787215289,5664010.46939679
0.00363553791648169,326.242940437257,523737.787215289,5664010.46939679
0.00302378597342594,326.242940437257,524237.787215289,5664010.46939679
0.00223861692360889,326.242940437257,486737.787215289,5664510.46939679
0.00203106821334224,326.242940437257,487237.787215289,5664510.46939679
0.00401273372444565,326.242940437257,487737.787215289,5664510.46939679
0.00344542144474068,326.242940437257,488237.787215289,5664510.46939679
0.00177732285066944,326.242940437257,488737.787215289,5664510.46939679
0.000605624566427167,326.242940437257,489237.787215289,5664510.46939679
0.000743469355301768,326.242940437257,489737.787215289,5664510.46939679
0.000519288603959557,326.242940437257,490237.787215289,5664510.46939679
0.000546605112093957,326.242940437257,490737.787215289,5664510.46939679
0.00128813440726997,326.242940437257,491237.787215289,5664510.46939679
0.00104930463688869,326.242940437257,491737.787215289,5664510.46939679
0.000685454763668469,326.242940437257,492237.787215289,5664510.46939679
0.000668107505098846,326.242940437257,492737.787215289,5664510.46939679
0.00109190964852344,326.242940437257,493237.787215289,5664510.46939679
0.00110450195574082,326.242940437257,493737.787215289,5664510.46939679
0.00063471893317757,326.242940437257,494237.787215289,5664510.46939679
0.00057535856995336,326.242940437257,494737.787215289,5664510.46939679
0.000519288603959557,326.242940437257,495237.787215289,5664510.46939679
0.000802898077550417,326.242940437257,495737.787215289,5664510.46939679
0.00105961895122434,326.242940437257,496237.787215289,5664510.46939679
0.00147867097720118,326.242940437257,496737.787215289,5664510.46939679
0.000706314586269371,326.242940437257,497237.787215289,5664510.46939679
0.000762773367076194,326.242940437257,497737.787215289,5664510.46939679
0.00468631778881703,326.242940437257,498237.787215289,5664510.46939679
0.00533679299964641,326.242940437257,498737.787215289,5664510.46939679
0.00199545739031517,326.242940437257,499237.787215289,5664510.46939679
0.00163420607071001,326.242940437257,499737.787215289,5664510.46939679
0.00194496068230789,326.242940437257,500237.787215289,5664510.46939679
0.00202630363020642,326.242940437257,500737.787215289,5664510.46939679
0.00214272068244802,326.242940437257,501237.787215289,5664510.46939679
0.00195061399389553,326.242940437257,501737.787215289,5664510.46939679
0.00210096581047576,326.242940437257,502237.787215289,5664510.46939679
0.00228049251547718,326.242940437257,502737.787215289,5664510.46939679
0.00316538495129092,326.242940437257,503237.787215289,5664510.46939679
0.0021690101064374,326.242940437257,503737.787215289,5664510.46939679
0.004816710710735,326.242940437257,504237.787215289,5664510.46939679
0.00457599631857207,326.242940437257,504737.787215289,5664510.46939679
0.00468631778881703,326.242940437257,505237.787215289,5664510.46939679
0.00191939195585232,326.242940437257,505737.787215289,5664510.46939679
0.00344635115990848,326.242940437257,506237.787215289,5664510.46939679
0.00226628660584203,326.242940437257,506737.787215289,5664510.46939679
0.00236283570632646,326.242940437257,507237.787215289,5664510.46939679
0.0023621074776476,326.242940437257,507737.787215289,5664510.46939679
0.00248672540799738,326.242940437257,508237.787215289,5664510.46939679
0.00262480833568342,326.242940437257,508737.787215289,5664510.46939679
0.00234182831833748,326.242940437257,509237.787215289,5664510.46939679
0.0007787392773648,326.242940437257,509737.787215289,5664510.46939679
0.00184916509512336,326.242940437257,510237.787215289,5664510.46939679
0.0018333412757076,326.242940437257,510737.787215289,5664510.46939679
0.001292693658581,326.242940437257,511237.787215289,5664510.46939679
0.00248806428095846,326.242940437257,511737.787215289,5664510.46939679
0.00335352238969136,326.242940437257,512237.787215289,5664510.46939679
0.00368980603548626,326.242940437257,512737.787215289,5664510.46939679
0.00213683052229831,326.242940437257,513237.787215289,5664510.46939679
0.00263716183001844,326.242940437257,513737.787215289,5664510.46939679
0.00350716604416082,326.242940437257,514237.787215289,5664510.46939679
0.00561752812126253,326.242940437257,514737.787215289,5664510.46939679
0.00453389082626689,326.242940437257,515237.787215289,5664510.46939679
0.00127274582277345,326.242940437257,515737.787215289,5664510.46939679
0.00323893848921086,326.242940437257,516237.787215289,5664510.46939679
0.00174700961364037,326.242940437257,516737.787215289,5664510.46939679
0.00110734346554056,326.242940437257,517237.787215289,5664510.46939679
0.00070034436429059,326.242940437257,517737.787215289,5664510.46939679
0.0008697118519478,326.242940437257,518237.787215289,5664510.46939679
0.000830873362610476,326.242940437257,518737.787215289,5664510.46939679
0.001928012366191,326.242940437257,519237.787215289,5664510.46939679
0.00208880999406393,326.242940437257,519737.787215289,5664510.46939679
0.00107872780727034,326.242940437257,520237.787215289,5664510.46939679
0.0025858790157001,326.242940437257,520737.787215289,5664510.46939679
0.00340931867647613,326.242940437257,521237.787215289,5664510.46939679
0.00418058677832483,326.242940437257,521737.787215289,5664510.46939679
0.00468872554243699,326.242940437257,522237.787215289,5664510.46939679
0.00474658974724644,326.242940437257,522737.787215289,5664510.46939679
0.00481046722880619,326.242940437257,523237.787215289,5664510.46939679
0.00382175693458959,326.242940437257,523737.787215289,5664510.46939679
0.00305449444481353,326.242940437257,524237.787215289,5664510.46939679
0.00235637648339374,326.242940437257,486737.787215289,5665010.46939679
0.00252055292858795,326.242940437257,487237.787215289,5665010.46939679
0.00496319883736137,326.242940437257,487737.787215289,5665010.46939679
0.00445211976328411,326.242940437257,488237.787215289,5665010.46939679
0.00196922852900935,326.242940437257,488737.787215289,5665010.46939679
0.00248020829880851,326.242940437257,489237.787215289,5665010.46939679
0.000605624566427167,326.242940437257,489737.787215289,5665010.46939679
0.00114431887852148,326.242940437257,490237.787215289,5665010.46939679
0.00133457121795989,326.242940437257,490737.787215289,5665010.46939679
0.000605624566427167,326.242940437257,491237.787215289,5665010.46939679
0.000782578603101397,326.242940437257,491737.787215289,5665010.46939679
0.000558366314753694,326.242940437257,492237.787215289,5665010.46939679
0.000530462042288122,326.242940437257,492737.787215289,5665010.46939679
0.00124267491341015,326.242940437257,493237.787215289,5665010.46939679
0.000737052567451307,326.242940437257,493737.787215289,5665010.46939679
0.000648389868893986,326.242940437257,494237.787215289,5665010.46939679
0.000506146622660989,326.242940437257,494737.787215289,5665010.46939679
0.000506146622660989,326.242940437257,495237.787215289,5665010.46939679
0.000506146622660989,326.242940437257,495737.787215289,5665010.46939679
0.00110314735719048,326.242940437257,496237.787215289,5665010.46939679
0.00113179032602339,326.242940437257,496737.787215289,5665010.46939679
0.00123578923746847,326.242940437257,497237.787215289,5665010.46939679
0.000706314586269371,326.242940437257,497737.787215289,5665010.46939679
0.000802898077550417,326.242940437257,498237.787215289,5665010.46939679
0.00246899676404837,326.242940437257,498737.787215289,5665010.46939679
0.00492606264754296,326.242940437257,499237.787215289,5665010.46939679
0.00162713455565363,326.242940437257,499737.787215289,5665010.46939679
0.00169984181805161,326.242940437257,500237.787215289,5665010.46939679
0.0020472728337671,326.242940437257,500737.787215289,5665010.46939679
0.00212022164826337,326.242940437257,501237.787215289,5665010.46939679
0.00196471299612492,326.242940437257,501737.787215289,5665010.46939679
0.00169616920531032,326.242940437257,502237.787215289,5665010.46939679
0.00192142329513746,326.242940437257,502737.787215289,5665010.46939679
0.0025923336316977,326.242940437257,503237.787215289,5665010.46939679
0.00271413747637024,326.242940437257,503737.787215289,5665010.46939679
0.00657350412099186,326.242940437257,504237.787215289,5665010.46939679
0.00563640573276311,326.242940437257,504737.787215289,5665010.46939679
0.00234986007698686,326.242940437257,505237.787215289,5665010.46939679
0.00321017095427399,326.242940437257,505737.787215289,5665010.46939679
0.0018511712127671,326.242940437257,506237.787215289,5665010.46939679
0.00341669483474293,326.242940437257,506737.787215289,5665010.46939679
0.00318593061345281,326.242940437257,507237.787215289,5665010.46939679
0.00297719232694644,326.242940437257,507737.787215289,5665010.46939679
0.00263265196821336,326.242940437257,508237.787215289,5665010.46939679
0.00245912925279334,326.242940437257,508737.787215289,5665010.46939679
0.00215660386237468,326.242940437257,509237.787215289,5665010.46939679
0.000721098735541831,326.242940437257,509737.787215289,5665010.46939679
0.00240263335503267,326.242940437257,510237.787215289,5665010.46939679
0.00264974559632943,326.242940437257,510737.787215289,5665010.46939679
0.00305449444481353,326.242940437257,511237.787215289,5665010.46939679
0.00219424637792179,326.242940437257,511737.787215289,5665010.46939679
0.00268593666767839,326.242940437257,512237.787215289,5665010.46939679
0.00257618516505459,326.242940437257,512737.787215289,5665010.46939679
0.0047799610832011,326.242940437257,513237.787215289,5665010.46939679
0.00522125197453113,326.242940437257,513737.787215289,5665010.46939679
0.00617036415414891,326.242940437257,514237.787215289,5665010.46939679
0.00491330113669709,326.242940437257,514737.787215289,5665010.46939679
0.00370823758139438,326.242940437257,515237.787215289,5665010.46939679
0.002908537455024,326.242940437257,515737.787215289,5665010.46939679
0.00368184026897565,326.242940437257,516237.787215289,5665010.46939679
0.0027712733770298,326.242940437257,516737.787215289,5665010.46939679
0.00199677285910775,326.242940437257,517237.787215289,5665010.46939679
0.00139922562579939,326.242940437257,517737.787215289,5665010.46939679
0.0036151139260013,326.242940437257,518237.787215289,5665010.46939679
0.000809845899058137,326.242940437257,518737.787215289,5665010.46939679
0.00197807276633094,326.242940437257,519237.787215289,5665010.46939679
0.00243609167880415,326.242940437257,519737.787215289,5665010.46939679
0.00264574250768343,326.242940437257,520237.787215289,5665010.46939679
0.00348950036177627,326.242940437257,520737.787215289,5665010.46939679
0.00379532721273061,326.242940437257,521237.787215289,5665010.46939679
0.00401309525234149,326.242940437257,521737.787215289,5665010.46939679
0.00469555483001146,326.242940437257,522237.787215289,5665010.46939679
0.00408892804118126,326.242940437257,522737.787215289,5665010.46939679
0.00477239031324167,326.242940437257,523237.787215289,5665010.46939679
0.00365169615393664,326.242940437257,523737.787215289,5665010.46939679
0.00287713168261608,326.242940437257,524237.787215289,5665010.46939679
0.00223175317708935,326.242940437257,487237.787215289,5665510.46939679
0.00134148285508378,326.242940437257,487737.787215289,5665510.46939679
0.00519232095748197,326.242940437257,488237.787215289,5665510.46939679
0.00164576938330922,326.242940437257,488737.787215289,5665510.46939679
0.00422962574879679,326.242940437257,489237.787215289,5665510.46939679
0.00123802891470396,326.242940437257,489737.787215289,5665510.46939679
0.00114431887852148,326.242940437257,490237.787215289,5665510.46939679
0.00057535856995336,326.242940437257,490737.787215289,5665510.46939679
0.000621349469784409,326.242940437257,491237.787215289,5665510.46939679
0.000654034758304611,326.242940437257,491737.787215289,5665510.46939679
0.000626579711647105,326.242940437257,492237.787215289,5665510.46939679
0.0011153588412966,326.242940437257,492737.787215289,5665510.46939679
0.00147102334748023,326.242940437257,493237.787215289,5665510.46939679
0.000570392724548963,326.242940437257,493737.787215289,5665510.46939679
0.000555957417358118,326.242940437257,494237.787215289,5665510.46939679
0.00205164586838166,326.242940437257,494737.787215289,5665510.46939679
0.00102274918812794,326.242940437257,495237.787215289,5665510.46939679
0.00116327743945558,326.242940437257,495737.787215289,5665510.46939679
0.00110314735719048,326.242940437257,496237.787215289,5665510.46939679
0.000724653882963394,326.242940437257,496737.787215289,5665510.46939679
0.000743469355301768,326.242940437257,497237.787215289,5665510.46939679
0.0008670771946915,326.242940437257,497737.787215289,5665510.46939679
0.000782578603101397,326.242940437257,498237.787215289,5665510.46939679
0.0008670771946915,326.242940437257,498737.787215289,5665510.46939679
0.00196032682744088,326.242940437257,499237.787215289,5665510.46939679
0.00206718697487935,326.242940437257,499737.787215289,5665510.46939679
0.00232721844388411,326.242940437257,500237.787215289,5665510.46939679
0.00167663785758308,326.242940437257,500737.787215289,5665510.46939679
0.0022293408883388,326.242940437257,501237.787215289,5665510.46939679
0.00205408055155681,326.242940437257,501737.787215289,5665510.46939679
0.00165293926894386,326.242940437257,502237.787215289,5665510.46939679
0.00141168803181955,326.242940437257,502737.787215289,5665510.46939679
0.00125871393304389,326.242940437257,503237.787215289,5665510.46939679
0.00149363641027433,326.242940437257,503737.787215289,5665510.46939679
0.00138708763950747,326.242940437257,504237.787215289,5665510.46939679
0.00471242941422622,326.242940437257,504737.787215289,5665510.46939679
0.00464070124459164,326.242940437257,505237.787215289,5665510.46939679
0.00385122272055474,326.242940437257,505737.787215289,5665510.46939679
0.00378561100531647,326.242940437257,506237.787215289,5665510.46939679
0.00338288944889563,326.242940437257,506737.787215289,5665510.46939679
0.00285722815333825,326.242940437257,507237.787215289,5665510.46939679
0.00269296088380974,326.242940437257,507737.787215289,5665510.46939679
0.00180236704696137,326.242940437257,508237.787215289,5665510.46939679
0.000819703853984643,326.242940437257,508737.787215289,5665510.46939679
0.000602653376088733,326.242940437257,509237.787215289,5665510.46939679
0.00154542718298373,326.242940437257,509737.787215289,5665510.46939679
0.00197988817597196,326.242940437257,510237.787215289,5665510.46939679
0.00295183574873761,326.242940437257,510737.787215289,5665510.46939679
0.00253596867505799,326.242940437257,511237.787215289,5665510.46939679
0.00305282082115718,326.242940437257,511737.787215289,5665510.46939679
0.00207558053843198,326.242940437257,512237.787215289,5665510.46939679
0.00445332112669907,326.242940437257,512737.787215289,5665510.46939679
0.00568997343904709,326.242940437257,513237.787215289,5665510.46939679
0.00594845255565032,326.242940437257,513737.787215289,5665510.46939679
0.00718978123243099,326.242940437257,514237.787215289,5665510.46939679
0.00579791111945146,326.242940437257,514737.787215289,5665510.46939679
0.00425583807308242,326.242940437257,515237.787215289,5665510.46939679
0.00434800035006125,326.242940437257,515737.787215289,5665510.46939679
0.00210608193327526,326.242940437257,516237.787215289,5665510.46939679
0.0020474961272179,326.242940437257,516737.787215289,5665510.46939679
0.00231434836413723,326.242940437257,517237.787215289,5665510.46939679
0.00178320445560953,326.242940437257,517737.787215289,5665510.46939679
0.000874580385632637,326.242940437257,518237.787215289,5665510.46939679
0.000789350591479671,326.242940437257,518737.787215289,5665510.46939679
0.00183166023863309,326.242940437257,519237.787215289,5665510.46939679
0.00231434836413723,326.242940437257,519737.787215289,5665510.46939679
0.00271062780299,326.242940437257,520237.787215289,5665510.46939679
0.00299758528514497,326.242940437257,520737.787215289,5665510.46939679
0.00305699227822499,326.242940437257,521237.787215289,5665510.46939679
0.00360852761896268,326.242940437257,521737.787215289,5665510.46939679
0.00368184026897565,326.242940437257,522237.787215289,5665510.46939679
0.00398316870554187,326.242940437257,522737.787215289,5665510.46939679
0.0043789720073487,326.242940437257,523237.787215289,5665510.46939679
0.00388390352927715,326.242940437257,523737.787215289,5665510.46939679
0.00166768997620145,326.242940437257,487737.787215289,5666010.46939679
0.00193886422813224,326.242940437257,488237.787215289,5666010.46939679
0.00326281307314175,326.242940437257,488737.787215289,5666010.46939679
0.00519232095748197,326.242940437257,489237.787215289,5666010.46939679
0.000637482666660941,326.242940437257,489737.787215289,5666010.46939679
0.00057535856995336,326.242940437257,490237.787215289,5666010.46939679
0.000506146622660989,326.242940437257,490737.787215289,5666010.46939679
0.0011153588412966,326.242940437257,491237.787215289,5666010.46939679
0.0010752292749772,326.242940437257,491737.787215289,5666010.46939679
0.000525906305054617,326.242940437257,492237.787215289,5666010.46939679
0.000645606607200126,326.242940437257,492737.787215289,5666010.46939679
0.00118130669585678,326.242940437257,493237.787215289,5666010.46939679
0.000737052567451307,326.242940437257,493737.787215289,5666010.46939679
0.000541887434065573,326.242940437257,494237.787215289,5666010.46939679
0.0012913961524398,326.242940437257,494737.787215289,5666010.46939679
0.00126036853612132,326.242940437257,495237.787215289,5666010.46939679
0.00113318009641529,326.242940437257,495737.787215289,5666010.46939679
0.000587738455529832,326.242940437257,496237.787215289,5666010.46939679
0.000706314586269371,326.242940437257,496737.787215289,5666010.46939679
0.000706314586269371,326.242940437257,497237.787215289,5666010.46939679
0.00108713171495155,326.242940437257,497737.787215289,5666010.46939679
0.00133457121795989,326.242940437257,498237.787215289,5666010.46939679
0.00295425283463443,326.242940437257,498737.787215289,5666010.46939679
0.000782578603101397,326.242940437257,499237.787215289,5666010.46939679
0.00248020829880851,326.242940437257,499737.787215289,5666010.46939679
0.00198920639438559,326.242940437257,500237.787215289,5666010.46939679
0.00207614853905563,326.242940437257,500737.787215289,5666010.46939679
0.00324184366628749,326.242940437257,501237.787215289,5666010.46939679
0.00258111611963708,326.242940437257,501737.787215289,5666010.46939679
0.00202360607025259,326.242940437257,502237.787215289,5666010.46939679
0.00137685220828043,326.242940437257,502737.787215289,5666010.46939679
0.00114357738911791,326.242940437257,503237.787215289,5666010.46939679
0.00107654959180313,326.242940437257,503737.787215289,5666010.46939679
0.00188631208576091,326.242940437257,504237.787215289,5666010.46939679
0.00185150019726794,326.242940437257,504737.787215289,5666010.46939679
0.00419822627604694,326.242940437257,505237.787215289,5666010.46939679
0.00411741685640776,326.242940437257,505737.787215289,5666010.46939679
0.00356084199097709,326.242940437257,506237.787215289,5666010.46939679
0.0024669767009083,326.242940437257,506737.787215289,5666010.46939679
0.00213814920402128,326.242940437257,507237.787215289,5666010.46939679
0.00228256211505595,326.242940437257,507737.787215289,5666010.46939679
0.00111492681348282,326.242940437257,508237.787215289,5666010.46939679
0.000931792520385441,326.242940437257,508737.787215289,5666010.46939679
0.000702849411322789,326.242940437257,509237.787215289,5666010.46939679
0.00157668333760214,326.242940437257,509737.787215289,5666010.46939679
0.00251352192442581,326.242940437257,510237.787215289,5666010.46939679
0.00242418619504626,326.242940437257,510737.787215289,5666010.46939679
0.00359642566560339,326.242940437257,511237.787215289,5666010.46939679
0.00109130712018906,326.242940437257,511737.787215289,5666010.46939679
0.00162496839804951,326.242940437257,512237.787215289,5666010.46939679
0.00359136151695892,326.242940437257,512737.787215289,5666010.46939679
0.00634889096863498,326.242940437257,513237.787215289,5666010.46939679
0.00674583723708741,326.242940437257,513737.787215289,5666010.46939679
0.00613459533935409,326.242940437257,514237.787215289,5666010.46939679
0.00461312747288922,326.242940437257,514737.787215289,5666010.46939679
0.00567948343223296,326.242940437257,515237.787215289,5666010.46939679
0.00413070968756483,326.242940437257,515737.787215289,5666010.46939679
0.00360791820538905,326.242940437257,516237.787215289,5666010.46939679
0.00293141542887414,326.242940437257,516737.787215289,5666010.46939679
0.00157558559719463,326.242940437257,517237.787215289,5666010.46939679
0.000745929680971525,326.242940437257,517737.787215289,5666010.46939679
0.000694396775918843,326.242940437257,518237.787215289,5666010.46939679
0.000892830007052619,326.242940437257,518737.787215289,5666010.46939679
0.00201185901981772,326.242940437257,519237.787215289,5666010.46939679
0.00191974686701523,326.242940437257,519737.787215289,5666010.46939679
0.00237443989010644,326.242940437257,520237.787215289,5666010.46939679
0.00184897619231338,326.242940437257,520737.787215289,5666010.46939679
0.00278806192656969,326.242940437257,521237.787215289,5666010.46939679
0.00315022528210297,326.242940437257,521737.787215289,5666010.46939679
0.00355052262292746,326.242940437257,522237.787215289,5666010.46939679
0.00333853693946103,326.242940437257,522737.787215289,5666010.46939679
0.00273207576600793,326.242940437257,523237.787215289,5666010.46939679
