"D_mod","EN","x","y"
0.000850311017961071,516.773036722485,487737.787215289,5631510.46939679
0.00223209397165867,516.773036722485,488237.787215289,5631510.46939679
0.000933553531152066,516.773036722485,488737.787215289,5631510.46939679
0.00148917701171464,516.773036722485,489237.787215289,5631510.46939679
0.00102494519901233,516.773036722485,489737.787215289,5631510.46939679
0.000757311184679878,516.773036722485,490237.787215289,5631510.46939679
0.000933553531152066,516.773036722485,490737.787215289,5631510.46939679
0.00111106414291405,516.773036722485,491237.787215289,5631510.46939679
0.000621864799637796,516.773036722485,491737.787215289,5631510.46939679
0.00100661944715657,516.773036722485,492237.787215289,5631510.46939679
0.00160046673882807,516.773036722485,492737.787215289,5631510.46939679
0.00121191439936784,516.773036722485,493237.787215289,5631510.46939679
0.00205185468875414,516.773036722485,493737.787215289,5631510.46939679
0.0020592809451008,516.773036722485,494237.787215289,5631510.46939679
0.00139213764994012,516.773036722485,494737.787215289,5631510.46939679
0.000847001542741556,516.773036722485,495237.787215289,5631510.46939679
0.000847001542741556,516.773036722485,495737.787215289,5631510.46939679
0.000847001542741556,516.773036722485,496237.787215289,5631510.46939679
0.000847001542741556,516.773036722485,496737.787215289,5631510.46939679
0.000847001542741556,516.773036722485,497237.787215289,5631510.46939679
0.000316669196045601,516.773036722485,497737.787215289,5631510.46939679
0.0011061704208443,516.773036722485,498237.787215289,5631510.46939679
0.00276573253452666,516.773036722485,498737.787215289,5631510.46939679
0.00176453037430772,516.773036722485,499237.787215289,5631510.46939679
0.000360649228384582,516.773036722485,499737.787215289,5631510.46939679
0.000169202733530507,516.773036722485,500237.787215289,5631510.46939679
0.000847001542741556,516.773036722485,500737.787215289,5631510.46939679
0.000847001542741556,516.773036722485,501237.787215289,5631510.46939679
0.000847001542741556,516.773036722485,501737.787215289,5631510.46939679
0.000847001542741556,516.773036722485,502237.787215289,5631510.46939679
0.000847001542741556,516.773036722485,502737.787215289,5631510.46939679
0.000847001542741556,516.773036722485,503237.787215289,5631510.46939679
0.000847001542741556,516.773036722485,503737.787215289,5631510.46939679
0.00259789285336027,516.773036722485,504237.787215289,5631510.46939679
0.00206998280211915,516.773036722485,504737.787215289,5631510.46939679
0.00345143023147542,516.773036722485,505237.787215289,5631510.46939679
0.00420089199796103,516.773036722485,505737.787215289,5631510.46939679
0.00349275427670999,516.773036722485,506237.787215289,5631510.46939679
0.000787055134901194,516.773036722485,506737.787215289,5631510.46939679
0.00091139122598577,516.773036722485,507237.787215289,5631510.46939679
0.00125286401013596,516.773036722485,507737.787215289,5631510.46939679
0.00102229128144765,516.773036722485,508237.787215289,5631510.46939679
0.000477275636846892,516.773036722485,508737.787215289,5631510.46939679
0.000847001542741556,516.773036722485,509237.787215289,5631510.46939679
0.000847001542741556,516.773036722485,509737.787215289,5631510.46939679
0.0010955589842476,516.773036722485,510237.787215289,5631510.46939679
0.000999239979384853,516.773036722485,510737.787215289,5631510.46939679
0.000973975100947929,516.773036722485,511237.787215289,5631510.46939679
0.00134379844105739,516.773036722485,511737.787215289,5631510.46939679
0.000653343679889787,516.773036722485,512237.787215289,5631510.46939679
0.0022224157671967,516.773036722485,512737.787215289,5631510.46939679
0.00249303713172284,516.773036722485,513237.787215289,5631510.46939679
0.00390439414110112,516.773036722485,513737.787215289,5631510.46939679
0.00310178133581261,516.773036722485,514237.787215289,5631510.46939679
0.00217930452235388,516.773036722485,514737.787215289,5631510.46939679
0.000869160633816653,516.773036722485,515237.787215289,5631510.46939679
0.00104695642647196,516.773036722485,515737.787215289,5631510.46939679
0.00110836672889295,516.773036722485,516237.787215289,5631510.46939679
0.00219556907645417,516.773036722485,516737.787215289,5631510.46939679
0.00356351208734118,516.773036722485,517237.787215289,5631510.46939679
0.00201082068404761,516.773036722485,517737.787215289,5631510.46939679
0.00234950140845279,516.773036722485,518237.787215289,5631510.46939679
0.00520528613217284,516.773036722485,518737.787215289,5631510.46939679
0.00469936775689058,516.773036722485,519237.787215289,5631510.46939679
0.00383191680101479,516.773036722485,519737.787215289,5631510.46939679
0.00289273545264464,516.773036722485,520237.787215289,5631510.46939679
0.00302020672638281,516.773036722485,520737.787215289,5631510.46939679
0.00512725260276332,516.773036722485,521237.787215289,5631510.46939679
0.00466203538635546,516.773036722485,521737.787215289,5631510.46939679
0.00604490877842595,516.773036722485,522237.787215289,5631510.46939679
0.0149102001445628,516.773036722485,522737.787215289,5631510.46939679
0.00425584977893869,516.773036722485,523237.787215289,5631510.46939679
0.00147054850073078,516.773036722485,487237.787215289,5632010.46939679
0.00395971081513227,516.773036722485,487737.787215289,5632010.46939679
0.00117588544958422,516.773036722485,488237.787215289,5632010.46939679
0.000834910286202699,516.773036722485,488737.787215289,5632010.46939679
0.00146220521526169,516.773036722485,489237.787215289,5632010.46939679
0.00107103483654298,516.773036722485,489737.787215289,5632010.46939679
0.000981099832581151,516.773036722485,490237.787215289,5632010.46939679
0.00199160914739859,516.773036722485,490737.787215289,5632010.46939679
0.00115378613649332,516.773036722485,491237.787215289,5632010.46939679
0.00159143444406512,516.773036722485,491737.787215289,5632010.46939679
0.00127451208438983,516.773036722485,492237.787215289,5632010.46939679
0.000993528140112945,516.773036722485,492737.787215289,5632010.46939679
0.00204151482840198,516.773036722485,493237.787215289,5632010.46939679
0.00236916547011573,516.773036722485,493737.787215289,5632010.46939679
0.00135277907647311,516.773036722485,494237.787215289,5632010.46939679
0.00211764362879626,516.773036722485,494737.787215289,5632010.46939679
0.000897099062933162,516.773036722485,495237.787215289,5632010.46939679
0.00146214484059974,516.773036722485,495737.787215289,5632010.46939679
0.00144562795473792,516.773036722485,496237.787215289,5632010.46939679
0.000847001542741556,516.773036722485,496737.787215289,5632010.46939679
0.000847001542741556,516.773036722485,497237.787215289,5632010.46939679
0.000847001542741556,516.773036722485,497737.787215289,5632010.46939679
0.0062114713120356,516.773036722485,498237.787215289,5632010.46939679
0.000847001542741556,516.773036722485,498737.787215289,5632010.46939679
0.000847001542741556,516.773036722485,499237.787215289,5632010.46939679
0.000847001542741556,516.773036722485,499737.787215289,5632010.46939679
0.000847001542741556,516.773036722485,500237.787215289,5632010.46939679
0.000847001542741556,516.773036722485,500737.787215289,5632010.46939679
0.000847001542741556,516.773036722485,501237.787215289,5632010.46939679
0.000847001542741556,516.773036722485,501737.787215289,5632010.46939679
0.000847001542741556,516.773036722485,502237.787215289,5632010.46939679
0.00250639351910528,516.773036722485,502737.787215289,5632010.46939679
0.00239624863197792,516.773036722485,503237.787215289,5632010.46939679
0.00269617155820089,516.773036722485,503737.787215289,5632010.46939679
0.002435660046537,516.773036722485,504237.787215289,5632010.46939679
0.00382417975163287,516.773036722485,504737.787215289,5632010.46939679
0.00370902382996997,516.773036722485,505237.787215289,5632010.46939679
0.000703605100447731,516.773036722485,505737.787215289,5632010.46939679
0.00130969697864117,516.773036722485,506237.787215289,5632010.46939679
0.00377456504001373,516.773036722485,506737.787215289,5632010.46939679
0.000309944460933099,516.773036722485,507237.787215289,5632010.46939679
0.00129248171275573,516.773036722485,507737.787215289,5632010.46939679
0.000515376067520025,516.773036722485,508237.787215289,5632010.46939679
0.00183071396147608,516.773036722485,508737.787215289,5632010.46939679
0.00123105619027152,516.773036722485,509237.787215289,5632010.46939679
0.000169901164779114,516.773036722485,509737.787215289,5632010.46939679
0.000347876965785404,516.773036722485,510237.787215289,5632010.46939679
0.00120776182183215,516.773036722485,510737.787215289,5632010.46939679
0.00197237932597028,516.773036722485,511237.787215289,5632010.46939679
0.000930835144164092,516.773036722485,511737.787215289,5632010.46939679
0.000936942725010874,516.773036722485,512237.787215289,5632010.46939679
0.00142137797537223,516.773036722485,512737.787215289,5632010.46939679
0.00201111158505809,516.773036722485,513237.787215289,5632010.46939679
0.00307876054021931,516.773036722485,513737.787215289,5632010.46939679
0.00380821317617781,516.773036722485,514237.787215289,5632010.46939679
0.0051594579272159,516.773036722485,514737.787215289,5632010.46939679
0.00646850154852203,516.773036722485,515237.787215289,5632010.46939679
0.00565828174539422,516.773036722485,515737.787215289,5632010.46939679
0.00318441846998132,516.773036722485,516237.787215289,5632010.46939679
0.00281650736106514,516.773036722485,516737.787215289,5632010.46939679
0.00181044560183267,516.773036722485,517237.787215289,5632010.46939679
0.00296264928834403,516.773036722485,517737.787215289,5632010.46939679
0.0016916547276894,516.773036722485,518237.787215289,5632010.46939679
0.00485148557621143,516.773036722485,518737.787215289,5632010.46939679
0.0122515240065841,516.773036722485,519237.787215289,5632010.46939679
0.00479007036871589,516.773036722485,519737.787215289,5632010.46939679
0.0117429819510253,516.773036722485,520237.787215289,5632010.46939679
0.00595261710934883,516.773036722485,520737.787215289,5632010.46939679
0.00478701332259759,516.773036722485,521237.787215289,5632010.46939679
0.0124456578103703,516.773036722485,521737.787215289,5632010.46939679
0.00953667542668401,516.773036722485,522237.787215289,5632010.46939679
0.0122337834083196,516.773036722485,522737.787215289,5632010.46939679
0.00295835001703498,516.773036722485,523237.787215289,5632010.46939679
0.00182476618952619,516.773036722485,523737.787215289,5632010.46939679
0.00117080066303091,516.773036722485,486737.787215289,5632510.46939679
0.00151131931588488,516.773036722485,487237.787215289,5632510.46939679
0.00337426391262384,516.773036722485,487737.787215289,5632510.46939679
0.00232238046265724,516.773036722485,488237.787215289,5632510.46939679
0.00117080066303091,516.773036722485,488737.787215289,5632510.46939679
0.00132606512171528,516.773036722485,489237.787215289,5632510.46939679
0.00145588231925224,516.773036722485,489737.787215289,5632510.46939679
0.0014200880952222,516.773036722485,490237.787215289,5632510.46939679
0.00153177433191557,516.773036722485,490737.787215289,5632510.46939679
0.00225572423201187,516.773036722485,491237.787215289,5632510.46939679
0.00177764692343491,516.773036722485,491737.787215289,5632510.46939679
0.00153217640486581,516.773036722485,492237.787215289,5632510.46939679
0.000960509517578052,516.773036722485,492737.787215289,5632510.46939679
0.00095375327511839,516.773036722485,493237.787215289,5632510.46939679
0.00177422406021894,516.773036722485,493737.787215289,5632510.46939679
0.00134067714523754,516.773036722485,494237.787215289,5632510.46939679
0.00157517948858003,516.773036722485,494737.787215289,5632510.46939679
0.00157801270966068,516.773036722485,495237.787215289,5632510.46939679
0.00196794104006964,516.773036722485,495737.787215289,5632510.46939679
0.000988561918859577,516.773036722485,496237.787215289,5632510.46939679
0.00236283136722464,516.773036722485,496737.787215289,5632510.46939679
0.000847001542741556,516.773036722485,497237.787215289,5632510.46939679
0.000422398775166276,516.773036722485,497737.787215289,5632510.46939679
0.000354825631089939,516.773036722485,498237.787215289,5632510.46939679
0.000847001542741556,516.773036722485,498737.787215289,5632510.46939679
0.000847001542741556,516.773036722485,499237.787215289,5632510.46939679
0.000847001542741556,516.773036722485,499737.787215289,5632510.46939679
0.000847001542741556,516.773036722485,500237.787215289,5632510.46939679
0.000847001542741556,516.773036722485,500737.787215289,5632510.46939679
0.000847001542741556,516.773036722485,501237.787215289,5632510.46939679
0.00233610918462271,516.773036722485,501737.787215289,5632510.46939679
0.00317436789273539,516.773036722485,502237.787215289,5632510.46939679
0.00298248371310843,516.773036722485,502737.787215289,5632510.46939679
0.00169020906107871,516.773036722485,503237.787215289,5632510.46939679
0.0036495425017996,516.773036722485,503737.787215289,5632510.46939679
0.00317695607124588,516.773036722485,504237.787215289,5632510.46939679
0.00190832747026306,516.773036722485,504737.787215289,5632510.46939679
0.00153228943815832,516.773036722485,505237.787215289,5632510.46939679
0.00115786132974334,516.773036722485,505737.787215289,5632510.46939679
0.000328491085172294,516.773036722485,506237.787215289,5632510.46939679
0.000190712413137919,516.773036722485,506737.787215289,5632510.46939679
0.000336576717732103,516.773036722485,507237.787215289,5632510.46939679
0.001395659218774,516.773036722485,507737.787215289,5632510.46939679
0.00168229528434171,516.773036722485,508237.787215289,5632510.46939679
0.0018469861850121,516.773036722485,508737.787215289,5632510.46939679
0.000642044034949417,516.773036722485,509237.787215289,5632510.46939679
0.000395955542800114,516.773036722485,509737.787215289,5632510.46939679
0.000235721209046054,516.773036722485,510237.787215289,5632510.46939679
0.000523239030577233,516.773036722485,510737.787215289,5632510.46939679
0.000676311799455893,516.773036722485,511237.787215289,5632510.46939679
0.000954624393295102,516.773036722485,511737.787215289,5632510.46939679
0.00100051034579835,516.773036722485,512237.787215289,5632510.46939679
0.00164085028403741,516.773036722485,512737.787215289,5632510.46939679
0.000557692959529427,516.773036722485,513237.787215289,5632510.46939679
0.00288181648211741,516.773036722485,513737.787215289,5632510.46939679
0.00416902161977692,516.773036722485,514237.787215289,5632510.46939679
0.0054294075271609,516.773036722485,514737.787215289,5632510.46939679
0.00683217561640941,516.773036722485,515237.787215289,5632510.46939679
0.00635532501606734,516.773036722485,515737.787215289,5632510.46939679
0.00342574187036161,516.773036722485,516237.787215289,5632510.46939679
0.00207972269321415,516.773036722485,516737.787215289,5632510.46939679
0.00171651342835823,516.773036722485,517237.787215289,5632510.46939679
0.0026336972506027,516.773036722485,517737.787215289,5632510.46939679
0.00155137863643372,516.773036722485,518237.787215289,5632510.46939679
0.00185662154103766,516.773036722485,518737.787215289,5632510.46939679
0.00937427631842732,516.773036722485,519237.787215289,5632510.46939679
0.00296755645760128,516.773036722485,519737.787215289,5632510.46939679
0.00282158962475259,516.773036722485,520237.787215289,5632510.46939679
0.0112754982853417,516.773036722485,520737.787215289,5632510.46939679
0.00443120200237254,516.773036722485,521237.787215289,5632510.46939679
0.00325100208808102,516.773036722485,521737.787215289,5632510.46939679
0.0120453738162006,516.773036722485,522237.787215289,5632510.46939679
0.0073196903948394,516.773036722485,522737.787215289,5632510.46939679
0.0034303061470792,516.773036722485,523237.787215289,5632510.46939679
0.00174514774320802,516.773036722485,523737.787215289,5632510.46939679
0.0017773476217188,516.773036722485,524237.787215289,5632510.46939679
0.00425407835956958,516.773036722485,486737.787215289,5633010.46939679
0.00229945240672532,516.773036722485,487237.787215289,5633010.46939679
0.000984789130916984,516.773036722485,487737.787215289,5633010.46939679
0.00089697807404107,516.773036722485,488237.787215289,5633010.46939679
0.000869483518224072,516.773036722485,488737.787215289,5633010.46939679
0.000869483518224072,516.773036722485,489237.787215289,5633010.46939679
0.000869483518224072,516.773036722485,489737.787215289,5633010.46939679
0.000875971057465247,516.773036722485,490237.787215289,5633010.46939679
0.000873631898866936,516.773036722485,490737.787215289,5633010.46939679
0.000978056103699388,516.773036722485,491237.787215289,5633010.46939679
0.000754275860588426,516.773036722485,491737.787215289,5633010.46939679
0.00338891833870335,516.773036722485,492237.787215289,5633010.46939679
0.00281150114674093,516.773036722485,492737.787215289,5633010.46939679
0.00197999857208031,516.773036722485,493237.787215289,5633010.46939679
0.0026967688623122,516.773036722485,493737.787215289,5633010.46939679
0.000971315056229977,516.773036722485,494237.787215289,5633010.46939679
0.0011438587698779,516.773036722485,494737.787215289,5633010.46939679
0.00125406734138077,516.773036722485,495237.787215289,5633010.46939679
0.00110134387164697,516.773036722485,495737.787215289,5633010.46939679
0.00114020471878034,516.773036722485,496237.787215289,5633010.46939679
0.0013175789272014,516.773036722485,496737.787215289,5633010.46939679
0.00204151482840198,516.773036722485,497237.787215289,5633010.46939679
0.00261482655352236,516.773036722485,497737.787215289,5633010.46939679
0.0027516431798804,516.773036722485,498237.787215289,5633010.46939679
0.000847001542741556,516.773036722485,498737.787215289,5633010.46939679
0.000847001542741556,516.773036722485,499237.787215289,5633010.46939679
0.000847001542741556,516.773036722485,499737.787215289,5633010.46939679
0.000479387114674701,516.773036722485,500237.787215289,5633010.46939679
0.000648803414094225,516.773036722485,500737.787215289,5633010.46939679
0.00323444764635545,516.773036722485,501237.787215289,5633010.46939679
0.00161913882236185,516.773036722485,501737.787215289,5633010.46939679
0.00161602116685696,516.773036722485,502237.787215289,5633010.46939679
0.00371204793306576,516.773036722485,502737.787215289,5633010.46939679
0.00386023745921065,516.773036722485,503237.787215289,5633010.46939679
0.00165927225949134,516.773036722485,503737.787215289,5633010.46939679
0.00214194543794022,516.773036722485,504237.787215289,5633010.46939679
0.00480709638703216,516.773036722485,504737.787215289,5633010.46939679
0.00372152197794438,516.773036722485,505237.787215289,5633010.46939679
0.00127121195672406,516.773036722485,505737.787215289,5633010.46939679
0.000709487252749303,516.773036722485,506237.787215289,5633010.46939679
0.000847001542741556,516.773036722485,506737.787215289,5633010.46939679
0.000847001542741556,516.773036722485,507237.787215289,5633010.46939679
0.000917696768073966,516.773036722485,507737.787215289,5633010.46939679
0.00163072884929205,516.773036722485,508237.787215289,5633010.46939679
0.00323100694031873,516.773036722485,508737.787215289,5633010.46939679
0.00209408558762805,516.773036722485,509237.787215289,5633010.46939679
0.00084063731608281,516.773036722485,509737.787215289,5633010.46939679
0.000177757928038397,516.773036722485,510237.787215289,5633010.46939679
0.000267507508664672,516.773036722485,510737.787215289,5633010.46939679
0.000123773849768303,516.773036722485,511237.787215289,5633010.46939679
0.000611431969415802,516.773036722485,511737.787215289,5633010.46939679
0.00105243034408334,516.773036722485,512237.787215289,5633010.46939679
0.00175971326566065,516.773036722485,512737.787215289,5633010.46939679
0.00105341829610828,516.773036722485,513237.787215289,5633010.46939679
0.00316688650635258,516.773036722485,513737.787215289,5633010.46939679
0.00458603978041578,516.773036722485,514237.787215289,5633010.46939679
0.00654382048606509,516.773036722485,514737.787215289,5633010.46939679
0.00647222422431994,516.773036722485,515237.787215289,5633010.46939679
0.00662166465780138,516.773036722485,515737.787215289,5633010.46939679
0.00559296660678112,516.773036722485,516237.787215289,5633010.46939679
0.00205355274516209,516.773036722485,516737.787215289,5633010.46939679
0.00267551658795156,516.773036722485,517237.787215289,5633010.46939679
0.00208174277081875,516.773036722485,517737.787215289,5633010.46939679
0.00172704727657024,516.773036722485,518237.787215289,5633010.46939679
0.00176194108583201,516.773036722485,518737.787215289,5633010.46939679
0.0089931771843497,516.773036722485,519237.787215289,5633010.46939679
0.0014029400926497,516.773036722485,519737.787215289,5633010.46939679
0.00262009535674012,516.773036722485,520237.787215289,5633010.46939679
0.00398405105182294,516.773036722485,520737.787215289,5633010.46939679
0.0106350219303112,516.773036722485,521237.787215289,5633010.46939679
0.00289626320719433,516.773036722485,521737.787215289,5633010.46939679
0.00908693198868269,516.773036722485,522237.787215289,5633010.46939679
0.00278380812080904,516.773036722485,522737.787215289,5633010.46939679
0.00225127626324771,516.773036722485,523237.787215289,5633010.46939679
0.0013697329840024,516.773036722485,523737.787215289,5633010.46939679
0.00168334232368652,516.773036722485,524237.787215289,5633010.46939679
0.0076844013296874,516.773036722485,486737.787215289,5633510.46939679
0.00258460082012962,516.773036722485,487237.787215289,5633510.46939679
0.00108098639792371,516.773036722485,487737.787215289,5633510.46939679
0.000954417374147795,516.773036722485,488237.787215289,5633510.46939679
0.000954417374147795,516.773036722485,488737.787215289,5633510.46939679
0.00108098639792371,516.773036722485,489237.787215289,5633510.46939679
0.00289539015453073,516.773036722485,489737.787215289,5633510.46939679
0.000954417374147795,516.773036722485,490237.787215289,5633510.46939679
0.00100717234414946,516.773036722485,490737.787215289,5633510.46939679
0.000820894860634342,516.773036722485,491237.787215289,5633510.46939679
0.00112104517097918,516.773036722485,491737.787215289,5633510.46939679
0.00110012494776789,516.773036722485,492237.787215289,5633510.46939679
0.00100202969942868,516.773036722485,492737.787215289,5633510.46939679
0.00202540604732635,516.773036722485,493237.787215289,5633510.46939679
0.00137991273132758,516.773036722485,493737.787215289,5633510.46939679
0.00127391868545831,516.773036722485,494237.787215289,5633510.46939679
0.00301671031714385,516.773036722485,494737.787215289,5633510.46939679
0.00252716720943129,516.773036722485,495237.787215289,5633510.46939679
0.00123414525476412,516.773036722485,495737.787215289,5633510.46939679
0.00120957867166811,516.773036722485,496237.787215289,5633510.46939679
0.00376494727707031,516.773036722485,496737.787215289,5633510.46939679
0.0042502918677197,516.773036722485,497237.787215289,5633510.46939679
0.00226754498910071,516.773036722485,497737.787215289,5633510.46939679
0.00241862814901145,516.773036722485,498237.787215289,5633510.46939679
0.00389392324175345,516.773036722485,498737.787215289,5633510.46939679
0.00263350664684882,516.773036722485,499237.787215289,5633510.46939679
0.0017898031873408,516.773036722485,499737.787215289,5633510.46939679
0.00363940344946577,516.773036722485,500237.787215289,5633510.46939679
0.00143968614009036,516.773036722485,500737.787215289,5633510.46939679
0.00330687613286664,516.773036722485,501237.787215289,5633510.46939679
0.00241052180443848,516.773036722485,501737.787215289,5633510.46939679
0.00360663381551512,516.773036722485,502237.787215289,5633510.46939679
0.0018463652878823,516.773036722485,502737.787215289,5633510.46939679
0.00193874199803549,516.773036722485,503237.787215289,5633510.46939679
0.00270763209941509,516.773036722485,503737.787215289,5633510.46939679
0.00260107973658751,516.773036722485,504237.787215289,5633510.46939679
0.00199624140932664,516.773036722485,504737.787215289,5633510.46939679
0.00364604334472792,516.773036722485,505237.787215289,5633510.46939679
0.00318421383654409,516.773036722485,505737.787215289,5633510.46939679
0.000317981925509882,516.773036722485,506237.787215289,5633510.46939679
0.000847001542741556,516.773036722485,506737.787215289,5633510.46939679
0.000847001542741556,516.773036722485,507237.787215289,5633510.46939679
0.00022174542711779,516.773036722485,507737.787215289,5633510.46939679
0.00153228943815832,516.773036722485,508237.787215289,5633510.46939679
0.00307372602524643,516.773036722485,508737.787215289,5633510.46939679
0.0034604067064459,516.773036722485,509237.787215289,5633510.46939679
0.00256736998248333,516.773036722485,509737.787215289,5633510.46939679
0.000352597630146632,516.773036722485,510237.787215289,5633510.46939679
0.00102095603426456,516.773036722485,510737.787215289,5633510.46939679
0.000403650704518903,516.773036722485,511237.787215289,5633510.46939679
0.000215975210924598,516.773036722485,511737.787215289,5633510.46939679
0.000731112301490536,516.773036722485,512237.787215289,5633510.46939679
0.00305308785052944,516.773036722485,512737.787215289,5633510.46939679
0.00303312753655879,516.773036722485,513237.787215289,5633510.46939679
0.00193807374360982,516.773036722485,513737.787215289,5633510.46939679
0.00533034398013876,516.773036722485,514237.787215289,5633510.46939679
0.00630171978357398,516.773036722485,514737.787215289,5633510.46939679
0.00575517446576139,516.773036722485,515237.787215289,5633510.46939679
0.00591811482480426,516.773036722485,515737.787215289,5633510.46939679
0.00562385555795976,516.773036722485,516237.787215289,5633510.46939679
0.00773821716747264,516.773036722485,516737.787215289,5633510.46939679
0.0021745165179891,516.773036722485,517237.787215289,5633510.46939679
0.00183641385820281,516.773036722485,517737.787215289,5633510.46939679
0.00140025002257092,516.773036722485,518237.787215289,5633510.46939679
0.00215750987064965,516.773036722485,518737.787215289,5633510.46939679
0.00569381674328284,516.773036722485,519237.787215289,5633510.46939679
0.00524952917682797,516.773036722485,519737.787215289,5633510.46939679
0.00914923487748468,516.773036722485,520237.787215289,5633510.46939679
0.0102884371494671,516.773036722485,520737.787215289,5633510.46939679
0.00387240695248564,516.773036722485,521237.787215289,5633510.46939679
0.00660137487800097,516.773036722485,521737.787215289,5633510.46939679
0.00794019662968843,516.773036722485,522237.787215289,5633510.46939679
0.00219171689918551,516.773036722485,522737.787215289,5633510.46939679
0.00172536598682684,516.773036722485,523237.787215289,5633510.46939679
0.00801915651497893,516.773036722485,523737.787215289,5633510.46939679
0.00769638772025477,516.773036722485,524237.787215289,5633510.46939679
0.00127970066168553,516.773036722485,486737.787215289,5634010.46939679
0.00346122274740012,516.773036722485,487237.787215289,5634010.46939679
0.00124047472931324,516.773036722485,487737.787215289,5634010.46939679
0.00116559311920811,516.773036722485,488237.787215289,5634010.46939679
0.00342764044367951,516.773036722485,488737.787215289,5634010.46939679
0.00112986486006394,516.773036722485,489237.787215289,5634010.46939679
0.000847001542741556,516.773036722485,489737.787215289,5634010.46939679
0.0011770130165944,516.773036722485,490237.787215289,5634010.46939679
0.00103924733736811,516.773036722485,490737.787215289,5634010.46939679
0.000962262580952331,516.773036722485,491237.787215289,5634010.46939679
0.00100717234414946,516.773036722485,491737.787215289,5634010.46939679
0.000869483518224072,516.773036722485,492237.787215289,5634010.46939679
0.000869483518224072,516.773036722485,492737.787215289,5634010.46939679
0.000917365435015923,516.773036722485,493237.787215289,5634010.46939679
0.00092429242648389,516.773036722485,493737.787215289,5634010.46939679
0.00118681123446907,516.773036722485,494237.787215289,5634010.46939679
0.00131525032814917,516.773036722485,494737.787215289,5634010.46939679
0.00204101512777231,516.773036722485,495237.787215289,5634010.46939679
0.00309365238713064,516.773036722485,495737.787215289,5634010.46939679
0.00135242408087823,516.773036722485,496237.787215289,5634010.46939679
0.00391822528612562,516.773036722485,496737.787215289,5634010.46939679
0.00343759166299318,516.773036722485,497237.787215289,5634010.46939679
0.00331325581451381,516.773036722485,497737.787215289,5634010.46939679
0.00190525049075814,516.773036722485,498237.787215289,5634010.46939679
0.0014852114779582,516.773036722485,498737.787215289,5634010.46939679
0.00126673781612336,516.773036722485,499237.787215289,5634010.46939679
0.00134067714523754,516.773036722485,499737.787215289,5634010.46939679
0.00290558713033974,516.773036722485,500237.787215289,5634010.46939679
0.00113984170552442,516.773036722485,500737.787215289,5634010.46939679
0.00179919225922147,516.773036722485,501237.787215289,5634010.46939679
0.00157887706818962,516.773036722485,501737.787215289,5634010.46939679
0.00114479779055824,516.773036722485,502237.787215289,5634010.46939679
0.00382733752041757,516.773036722485,502737.787215289,5634010.46939679
0.0023721650242967,516.773036722485,503237.787215289,5634010.46939679
0.00242858065598045,516.773036722485,503737.787215289,5634010.46939679
0.00505294818971082,516.773036722485,504237.787215289,5634010.46939679
0.00170652257063516,516.773036722485,504737.787215289,5634010.46939679
0.00395516687717576,516.773036722485,505237.787215289,5634010.46939679
0.00119447488513769,516.773036722485,505737.787215289,5634010.46939679
0.00108796670101708,516.773036722485,506237.787215289,5634010.46939679
0.000518405288906216,516.773036722485,506737.787215289,5634010.46939679
0.000847001542741556,516.773036722485,507237.787215289,5634010.46939679
0.000147940990258252,516.773036722485,507737.787215289,5634010.46939679
0.00103939612854626,516.773036722485,508237.787215289,5634010.46939679
0.00268095611719146,516.773036722485,508737.787215289,5634010.46939679
0.00255001253528412,516.773036722485,509237.787215289,5634010.46939679
0.00118395138339369,516.773036722485,509737.787215289,5634010.46939679
0.000810246772143828,516.773036722485,510237.787215289,5634010.46939679
8.18840908161702e-05,516.773036722485,510737.787215289,5634010.46939679
0.000436485829946152,516.773036722485,511237.787215289,5634010.46939679
0.000628334767243085,516.773036722485,511737.787215289,5634010.46939679
0.00129397473654201,516.773036722485,512237.787215289,5634010.46939679
0.0026300596685954,516.773036722485,512737.787215289,5634010.46939679
0.00127891933409338,516.773036722485,513237.787215289,5634010.46939679
0.00250639351910528,516.773036722485,513737.787215289,5634010.46939679
0.00151162371607094,516.773036722485,514237.787215289,5634010.46939679
0.00537541058025831,516.773036722485,514737.787215289,5634010.46939679
0.00485560530735995,516.773036722485,515237.787215289,5634010.46939679
0.00414810679453265,516.773036722485,515737.787215289,5634010.46939679
0.0053850594598639,516.773036722485,516237.787215289,5634010.46939679
0.00560109467841785,516.773036722485,516737.787215289,5634010.46939679
0.00123371533175747,516.773036722485,517237.787215289,5634010.46939679
0.00347251468774123,516.773036722485,517737.787215289,5634010.46939679
0.0027274634108845,516.773036722485,518237.787215289,5634010.46939679
0.00381026904661082,516.773036722485,518737.787215289,5634010.46939679
0.00134693964071879,516.773036722485,519237.787215289,5634010.46939679
0.00152770370182747,516.773036722485,519737.787215289,5634010.46939679
0.0032189459873054,516.773036722485,520237.787215289,5634010.46939679
0.00383710083221341,516.773036722485,520737.787215289,5634010.46939679
0.00144711373655361,516.773036722485,521237.787215289,5634010.46939679
0.00763752802174786,516.773036722485,521737.787215289,5634010.46939679
0.00685093298970467,516.773036722485,522237.787215289,5634010.46939679
0.00664093525962045,516.773036722485,522737.787215289,5634010.46939679
0.00652269147946069,516.773036722485,523237.787215289,5634010.46939679
0.00695481430109666,516.773036722485,523737.787215289,5634010.46939679
0.00648079161821595,516.773036722485,524237.787215289,5634010.46939679
0.00148624549157196,516.773036722485,486737.787215289,5634510.46939679
0.00202906183327352,516.773036722485,487237.787215289,5634510.46939679
0.00153324311575839,516.773036722485,487737.787215289,5634510.46939679
0.00135372088981232,516.773036722485,488237.787215289,5634510.46939679
0.00410674642196761,516.773036722485,488737.787215289,5634510.46939679
0.00135372088981232,516.773036722485,489237.787215289,5634510.46939679
0.00135372088981232,516.773036722485,489737.787215289,5634510.46939679
0.00135372088981232,516.773036722485,490237.787215289,5634510.46939679
0.00137304003286583,516.773036722485,490737.787215289,5634510.46939679
0.00112986486006394,516.773036722485,491237.787215289,5634510.46939679
0.00318105223968499,516.773036722485,491737.787215289,5634510.46939679
0.00315273651784125,516.773036722485,492237.787215289,5634510.46939679
0.00315273651784125,516.773036722485,492737.787215289,5634510.46939679
0.00104858114574862,516.773036722485,493237.787215289,5634510.46939679
0.00333074894933665,516.773036722485,493737.787215289,5634510.46939679
0.00120245116700807,516.773036722485,494237.787215289,5634510.46939679
0.00101780335010411,516.773036722485,494737.787215289,5634510.46939679
0.00224443792718543,516.773036722485,495237.787215289,5634510.46939679
0.00163550445315432,516.773036722485,495737.787215289,5634510.46939679
0.00494478164562939,516.773036722485,496237.787215289,5634510.46939679
0.00388233140321347,516.773036722485,496737.787215289,5634510.46939679
0.00373030303570053,516.773036722485,497237.787215289,5634510.46939679
0.00109591251626132,516.773036722485,497737.787215289,5634510.46939679
0.00170848312828624,516.773036722485,498237.787215289,5634510.46939679
0.00107103483654298,516.773036722485,498737.787215289,5634510.46939679
0.00158021165589603,516.773036722485,499237.787215289,5634510.46939679
0.00419587323956805,516.773036722485,499737.787215289,5634510.46939679
0.00244137751999908,516.773036722485,500237.787215289,5634510.46939679
0.00194346545883875,516.773036722485,500737.787215289,5634510.46939679
0.00132484325571564,516.773036722485,501237.787215289,5634510.46939679
0.00114073741099134,516.773036722485,501737.787215289,5634510.46939679
0.00220995099301745,516.773036722485,502237.787215289,5634510.46939679
0.00167490988854239,516.773036722485,502737.787215289,5634510.46939679
0.00114098606397783,516.773036722485,503237.787215289,5634510.46939679
0.00647500507478661,516.773036722485,503737.787215289,5634510.46939679
0.0013429352466338,516.773036722485,504237.787215289,5634510.46939679
0.00351128285906954,516.773036722485,504737.787215289,5634510.46939679
0.00136887150550207,516.773036722485,505237.787215289,5634510.46939679
0.00155126636134526,516.773036722485,505737.787215289,5634510.46939679
0.000354714195784085,516.773036722485,506237.787215289,5634510.46939679
0.00153228943815832,516.773036722485,506737.787215289,5634510.46939679
0.000847001542741556,516.773036722485,507237.787215289,5634510.46939679
0.000847001542741556,516.773036722485,507737.787215289,5634510.46939679
0.000847001542741556,516.773036722485,508237.787215289,5634510.46939679
0.000323604878082933,516.773036722485,508737.787215289,5634510.46939679
0.00285318972716068,516.773036722485,509237.787215289,5634510.46939679
0.0025987783028833,516.773036722485,509737.787215289,5634510.46939679
0.000395955542800114,516.773036722485,510237.787215289,5634510.46939679
0.000281139081769981,516.773036722485,510737.787215289,5634510.46939679
0.000374129097546061,516.773036722485,511237.787215289,5634510.46939679
0.000341121371881652,516.773036722485,511737.787215289,5634510.46939679
0.000840988925117739,516.773036722485,512237.787215289,5634510.46939679
0.00262253874523058,516.773036722485,512737.787215289,5634510.46939679
0.00211673784304733,516.773036722485,513237.787215289,5634510.46939679
0.000617439948615054,516.773036722485,513737.787215289,5634510.46939679
0.00506365787803612,516.773036722485,514237.787215289,5634510.46939679
0.00324990272490873,516.773036722485,514737.787215289,5634510.46939679
0.00447967703811239,516.773036722485,515237.787215289,5634510.46939679
0.00437841676762767,516.773036722485,515737.787215289,5634510.46939679
0.00310882450087651,516.773036722485,516237.787215289,5634510.46939679
0.00149993431929266,516.773036722485,516737.787215289,5634510.46939679
0.00496433612694952,516.773036722485,517237.787215289,5634510.46939679
0.00365932592436307,516.773036722485,517737.787215289,5634510.46939679
0.00455034582904136,516.773036722485,518237.787215289,5634510.46939679
0.00549091880365115,516.773036722485,518737.787215289,5634510.46939679
0.00125674249212362,516.773036722485,519237.787215289,5634510.46939679
0.00154769825170633,516.773036722485,519737.787215289,5634510.46939679
0.00204819145749638,516.773036722485,520237.787215289,5634510.46939679
0.00286760353107461,516.773036722485,520737.787215289,5634510.46939679
0.00740161489065585,516.773036722485,521237.787215289,5634510.46939679
0.00153312056516026,516.773036722485,521737.787215289,5634510.46939679
0.005083565181507,516.773036722485,522237.787215289,5634510.46939679
0.00612761168160048,516.773036722485,522737.787215289,5634510.46939679
0.00647222422431994,516.773036722485,523237.787215289,5634510.46939679
0.00606233303111922,516.773036722485,523737.787215289,5634510.46939679
0.00579505113206371,516.773036722485,524237.787215289,5634510.46939679
0.000901415761766036,516.773036722485,486737.787215289,5635010.46939679
0.000873785180045637,516.773036722485,487237.787215289,5635010.46939679
0.00161886620859262,516.773036722485,487737.787215289,5635010.46939679
0.00147451616627965,516.773036722485,488237.787215289,5635010.46939679
0.00147451616627965,516.773036722485,488737.787215289,5635010.46939679
0.00447319978259467,516.773036722485,489237.787215289,5635010.46939679
0.00447319978259467,516.773036722485,489737.787215289,5635010.46939679
0.00147451616627965,516.773036722485,490237.787215289,5635010.46939679
0.00396769744999495,516.773036722485,490737.787215289,5635010.46939679
0.00371641996243097,516.773036722485,491237.787215289,5635010.46939679
0.00346122274740012,516.773036722485,491737.787215289,5635010.46939679
0.00342764044367951,516.773036722485,492237.787215289,5635010.46939679
0.00342764044367951,516.773036722485,492737.787215289,5635010.46939679
0.00256952565424116,516.773036722485,493237.787215289,5635010.46939679
0.00118750901097212,516.773036722485,493737.787215289,5635010.46939679
0.00122505624197948,516.773036722485,494237.787215289,5635010.46939679
0.00110153335291699,516.773036722485,494737.787215289,5635010.46939679
0.00130565267038402,516.773036722485,495237.787215289,5635010.46939679
0.00341719110585275,516.773036722485,495737.787215289,5635010.46939679
0.0018049463054336,516.773036722485,496237.787215289,5635010.46939679
0.00268456214065865,516.773036722485,496737.787215289,5635010.46939679
0.00401635107384116,516.773036722485,497237.787215289,5635010.46939679
0.00377504006818662,516.773036722485,497737.787215289,5635010.46939679
0.00232238046265724,516.773036722485,498237.787215289,5635010.46939679
0.00117080066303091,516.773036722485,498737.787215289,5635010.46939679
0.00241244538061771,516.773036722485,499237.787215289,5635010.46939679
0.000993065564242541,516.773036722485,499737.787215289,5635010.46939679
0.00118444020554077,516.773036722485,500237.787215289,5635010.46939679
0.00116972186116885,516.773036722485,500737.787215289,5635010.46939679
0.0023519256545726,516.773036722485,501237.787215289,5635010.46939679
0.00603950735507962,516.773036722485,501737.787215289,5635010.46939679
0.0011017838416091,516.773036722485,502237.787215289,5635010.46939679
0.00113636572135328,516.773036722485,502737.787215289,5635010.46939679
0.00127970066168553,516.773036722485,503237.787215289,5635010.46939679
0.00149523949643087,516.773036722485,503737.787215289,5635010.46939679
0.00264477189637326,516.773036722485,504237.787215289,5635010.46939679
0.00347338911849447,516.773036722485,504737.787215289,5635010.46939679
0.00398804445958005,516.773036722485,505237.787215289,5635010.46939679
0.00110515230744862,516.773036722485,505737.787215289,5635010.46939679
0.000323085263820054,516.773036722485,506237.787215289,5635010.46939679
0.00119447488513769,516.773036722485,506737.787215289,5635010.46939679
0.000908893349644113,516.773036722485,507237.787215289,5635010.46939679
0.000847001542741556,516.773036722485,507737.787215289,5635010.46939679
0.000847001542741556,516.773036722485,508237.787215289,5635010.46939679
0.000495825607148384,516.773036722485,508737.787215289,5635010.46939679
0.000299200399016532,516.773036722485,509237.787215289,5635010.46939679
0.000349594453884349,516.773036722485,509737.787215289,5635010.46939679
0.000785410741312119,516.773036722485,510237.787215289,5635010.46939679
0.00106337849028967,516.773036722485,510737.787215289,5635010.46939679
0.000389439490997114,516.773036722485,511237.787215289,5635010.46939679
6.69921623176939e-05,516.773036722485,511737.787215289,5635010.46939679
0.000945342368142619,516.773036722485,512237.787215289,5635010.46939679
0.00210265153344322,516.773036722485,512737.787215289,5635010.46939679
0.00286878733344706,516.773036722485,513237.787215289,5635010.46939679
0.00116081018500196,516.773036722485,513737.787215289,5635010.46939679
0.00331483998426664,516.773036722485,514237.787215289,5635010.46939679
0.00421504757425871,516.773036722485,514737.787215289,5635010.46939679
0.00425238490845228,516.773036722485,515237.787215289,5635010.46939679
0.00471360940591689,516.773036722485,515737.787215289,5635010.46939679
0.00468924196249617,516.773036722485,516237.787215289,5635010.46939679
0.00351932094329545,516.773036722485,516737.787215289,5635010.46939679
0.00467974888287381,516.773036722485,517237.787215289,5635010.46939679
0.00426246798240694,516.773036722485,517737.787215289,5635010.46939679
0.00503824255642536,516.773036722485,518237.787215289,5635010.46939679
0.00305659405224691,516.773036722485,518737.787215289,5635010.46939679
0.00102895365478478,516.773036722485,519237.787215289,5635010.46939679
0.00240811398894612,516.773036722485,519737.787215289,5635010.46939679
0.00384135228914139,516.773036722485,520237.787215289,5635010.46939679
0.0055360667849642,516.773036722485,520737.787215289,5635010.46939679
0.00657107650581967,516.773036722485,521237.787215289,5635010.46939679
0.00648199408710262,516.773036722485,521737.787215289,5635010.46939679
0.00462823264715022,516.773036722485,522237.787215289,5635010.46939679
0.00597830055942297,516.773036722485,522737.787215289,5635010.46939679
0.00636236663205571,516.773036722485,523237.787215289,5635010.46939679
0.00490488787016532,516.773036722485,523737.787215289,5635010.46939679
0.00515378500044039,516.773036722485,524237.787215289,5635010.46939679
0.00174201444184446,516.773036722485,486737.787215289,5635510.46939679
0.00185392729040376,516.773036722485,487237.787215289,5635510.46939679
0.00179709991764869,516.773036722485,487737.787215289,5635510.46939679
0.00528470206074197,516.773036722485,488237.787215289,5635510.46939679
0.00528470206074197,516.773036722485,488737.787215289,5635510.46939679
0.00528470206074197,516.773036722485,489237.787215289,5635510.46939679
0.00166629406061949,516.773036722485,489737.787215289,5635510.46939679
0.00151316073829433,516.773036722485,490237.787215289,5635510.46939679
0.00256952565424116,516.773036722485,490737.787215289,5635510.46939679
0.0043618876052621,516.773036722485,491237.787215289,5635510.46939679
0.00135372088981232,516.773036722485,491737.787215289,5635510.46939679
0.00222769998196718,516.773036722485,492237.787215289,5635510.46939679
0.00179148587865311,516.773036722485,492737.787215289,5635510.46939679
0.00135372088981232,516.773036722485,493237.787215289,5635510.46939679
0.00158898946973834,516.773036722485,493737.787215289,5635510.46939679
0.00146507292758475,516.773036722485,494237.787215289,5635510.46939679
0.00123811381645887,516.773036722485,494737.787215289,5635510.46939679
0.00135975830396178,516.773036722485,495237.787215289,5635510.46939679
0.00140843538691175,516.773036722485,495737.787215289,5635510.46939679
0.00389799952071802,516.773036722485,496237.787215289,5635510.46939679
0.00361025474101305,516.773036722485,496737.787215289,5635510.46939679
0.0015835113060362,516.773036722485,497237.787215289,5635510.46939679
0.00212615610556529,516.773036722485,497737.787215289,5635510.46939679
0.00162058127764387,516.773036722485,498237.787215289,5635510.46939679
0.00214464332785106,516.773036722485,498737.787215289,5635510.46939679
0.000991330161729002,516.773036722485,499237.787215289,5635510.46939679
0.00162026622978309,516.773036722485,499737.787215289,5635510.46939679
0.00115988901908062,516.773036722485,500237.787215289,5635510.46939679
0.00128735630591405,516.773036722485,500737.787215289,5635510.46939679
0.00279374869588076,516.773036722485,501237.787215289,5635510.46939679
0.00339216800262279,516.773036722485,501737.787215289,5635510.46939679
0.00134498922907696,516.773036722485,502237.787215289,5635510.46939679
0.00126509558693174,516.773036722485,502737.787215289,5635510.46939679
0.00136463921920154,516.773036722485,503237.787215289,5635510.46939679
0.00130376204359458,516.773036722485,503737.787215289,5635510.46939679
0.00122012106922881,516.773036722485,504237.787215289,5635510.46939679
0.00258510337516926,516.773036722485,504737.787215289,5635510.46939679
0.0050909529570598,516.773036722485,505237.787215289,5635510.46939679
0.00403304988997546,516.773036722485,505737.787215289,5635510.46939679
0.00143979235009599,516.773036722485,506237.787215289,5635510.46939679
0.000455032435196093,516.773036722485,506737.787215289,5635510.46939679
0.00135157234141261,516.773036722485,507237.787215289,5635510.46939679
0.000847001542741556,516.773036722485,507737.787215289,5635510.46939679
0.000847001542741556,516.773036722485,508237.787215289,5635510.46939679
0.000847001542741556,516.773036722485,508737.787215289,5635510.46939679
0.00022124574579669,516.773036722485,509237.787215289,5635510.46939679
0.0011061704208443,516.773036722485,509737.787215289,5635510.46939679
0.000540569027206304,516.773036722485,510237.787215289,5635510.46939679
0.00153228943815832,516.773036722485,510737.787215289,5635510.46939679
0.000499578539726135,516.773036722485,511237.787215289,5635510.46939679
0.000227349454116123,516.773036722485,511737.787215289,5635510.46939679
0.000118156584489175,516.773036722485,512237.787215289,5635510.46939679
0.00188262860732695,516.773036722485,512737.787215289,5635510.46939679
0.00266739779973847,516.773036722485,513237.787215289,5635510.46939679
0.000813410219893246,516.773036722485,513737.787215289,5635510.46939679
0.00127692694840318,516.773036722485,514237.787215289,5635510.46939679
0.00377520254154092,516.773036722485,514737.787215289,5635510.46939679
0.00357357749228854,516.773036722485,515237.787215289,5635510.46939679
0.00388830477077706,516.773036722485,515737.787215289,5635510.46939679
0.00373150031837785,516.773036722485,516237.787215289,5635510.46939679
0.00292675851291333,516.773036722485,516737.787215289,5635510.46939679
0.00432150781934856,516.773036722485,517237.787215289,5635510.46939679
0.0034752975245865,516.773036722485,517737.787215289,5635510.46939679
0.00397434886235913,516.773036722485,518237.787215289,5635510.46939679
0.00178407020614418,516.773036722485,518737.787215289,5635510.46939679
0.00150844264479805,516.773036722485,519237.787215289,5635510.46939679
0.00414460345856356,516.773036722485,519737.787215289,5635510.46939679
0.00401756129953128,516.773036722485,520237.787215289,5635510.46939679
0.00469940263286697,516.773036722485,520737.787215289,5635510.46939679
0.00475454114795971,516.773036722485,521237.787215289,5635510.46939679
0.00356884744202589,516.773036722485,521737.787215289,5635510.46939679
0.00536191615101697,516.773036722485,522237.787215289,5635510.46939679
0.00456249531095443,516.773036722485,522737.787215289,5635510.46939679
0.00533095230429451,516.773036722485,523237.787215289,5635510.46939679
0.00498582827627004,516.773036722485,523737.787215289,5635510.46939679
0.00419924372704079,516.773036722485,524237.787215289,5635510.46939679
0.00191657395034684,516.773036722485,486737.787215289,5636010.46939679
0.00217073832377555,516.773036722485,487237.787215289,5636010.46939679
0.00197717929633758,516.773036722485,487737.787215289,5636010.46939679
0.00581425851684567,516.773036722485,488237.787215289,5636010.46939679
0.00581425851684567,516.773036722485,488737.787215289,5636010.46939679
0.0054500010176769,516.773036722485,489237.787215289,5636010.46939679
0.00165374867904858,516.773036722485,489737.787215289,5636010.46939679
0.001386134512297,516.773036722485,490237.787215289,5636010.46939679
0.000873785180045637,516.773036722485,490737.787215289,5636010.46939679
0.00164490449560256,516.773036722485,491237.787215289,5636010.46939679
0.00148624549157196,516.773036722485,491737.787215289,5636010.46939679
0.00170115753777993,516.773036722485,492237.787215289,5636010.46939679
0.00447319978259467,516.773036722485,492737.787215289,5636010.46939679
0.00149358462443851,516.773036722485,493237.787215289,5636010.46939679
0.00153326505444694,516.773036722485,493737.787215289,5636010.46939679
0.00188160464426661,516.773036722485,494237.787215289,5636010.46939679
0.00138039663882688,516.773036722485,494737.787215289,5636010.46939679
0.00126509558693174,516.773036722485,495237.787215289,5636010.46939679
0.0011997622801752,516.773036722485,495737.787215289,5636010.46939679
0.00130376204359458,516.773036722485,496237.787215289,5636010.46939679
0.00115439615754175,516.773036722485,496737.787215289,5636010.46939679
0.00107211011547263,516.773036722485,497237.787215289,5636010.46939679
0.000962262580952331,516.773036722485,497737.787215289,5636010.46939679
0.0010478515402106,516.773036722485,498237.787215289,5636010.46939679
0.000954417374147795,516.773036722485,498737.787215289,5636010.46939679
0.00189702624481129,516.773036722485,499237.787215289,5636010.46939679
0.00150995706481242,516.773036722485,499737.787215289,5636010.46939679
0.00126393541705125,516.773036722485,500237.787215289,5636010.46939679
0.0012054093681143,516.773036722485,500737.787215289,5636010.46939679
0.00126379857144615,516.773036722485,501237.787215289,5636010.46939679
0.00141741763563423,516.773036722485,501737.787215289,5636010.46939679
0.00133419569416046,516.773036722485,502237.787215289,5636010.46939679
0.001386134512297,516.773036722485,502737.787215289,5636010.46939679
0.000847001542741556,516.773036722485,503237.787215289,5636010.46939679
0.00138751574535597,516.773036722485,503737.787215289,5636010.46939679
0.00131572353141225,516.773036722485,504237.787215289,5636010.46939679
0.00181906569806393,516.773036722485,504737.787215289,5636010.46939679
0.00521999431258551,516.773036722485,505237.787215289,5636010.46939679
0.00288970852512376,516.773036722485,505737.787215289,5636010.46939679
0.00124750720603119,516.773036722485,506237.787215289,5636010.46939679
0.000548485554106365,516.773036722485,506737.787215289,5636010.46939679
0.000874927951292512,516.773036722485,507237.787215289,5636010.46939679
0.00333261404672569,516.773036722485,507737.787215289,5636010.46939679
0.000847001542741556,516.773036722485,508237.787215289,5636010.46939679
0.000847001542741556,516.773036722485,508737.787215289,5636010.46939679
0.000847001542741556,516.773036722485,509237.787215289,5636010.46939679
5.63796834956426e-05,516.773036722485,509737.787215289,5636010.46939679
0.000498180787366755,516.773036722485,510237.787215289,5636010.46939679
0.000284458200134804,516.773036722485,510737.787215289,5636010.46939679
0.0015807430506791,516.773036722485,511237.787215289,5636010.46939679
0.000249606180811969,516.773036722485,511737.787215289,5636010.46939679
7.28785247509839e-05,516.773036722485,512237.787215289,5636010.46939679
0.00048116133586778,516.773036722485,512737.787215289,5636010.46939679
0.00174669202343847,516.773036722485,513237.787215289,5636010.46939679
0.00208039184779033,516.773036722485,513737.787215289,5636010.46939679
0.000731809996248096,516.773036722485,514237.787215289,5636010.46939679
0.00295950329506489,516.773036722485,514737.787215289,5636010.46939679
0.00263956978458391,516.773036722485,515237.787215289,5636010.46939679
0.00299199786199419,516.773036722485,515737.787215289,5636010.46939679
0.00377037218310049,516.773036722485,516237.787215289,5636010.46939679
0.0036560616538199,516.773036722485,516737.787215289,5636010.46939679
0.00396060502773061,516.773036722485,517237.787215289,5636010.46939679
0.00396060502773061,516.773036722485,517737.787215289,5636010.46939679
0.00331488741525867,516.773036722485,518237.787215289,5636010.46939679
0.0039286353895273,516.773036722485,518737.787215289,5636010.46939679
0.00475612187440612,516.773036722485,519237.787215289,5636010.46939679
0.000683051686884737,516.773036722485,519737.787215289,5636010.46939679
0.00516754567270559,516.773036722485,520237.787215289,5636010.46939679
0.00487578852723375,516.773036722485,520737.787215289,5636010.46939679
0.00464294670479693,516.773036722485,521237.787215289,5636010.46939679
0.00493952153882954,516.773036722485,521737.787215289,5636010.46939679
0.00419924372704079,516.773036722485,522237.787215289,5636010.46939679
0.00255178165853764,516.773036722485,522737.787215289,5636010.46939679
0.00475612187440612,516.773036722485,523237.787215289,5636010.46939679
0.000824307901997338,516.773036722485,523737.787215289,5636010.46939679
0.00430085321315934,516.773036722485,524237.787215289,5636010.46939679
0.00230279396930839,516.773036722485,486737.787215289,5636510.46939679
0.00260907604529293,516.773036722485,487237.787215289,5636510.46939679
0.0025540348889868,516.773036722485,487737.787215289,5636510.46939679
0.00197717929633758,516.773036722485,488237.787215289,5636510.46939679
0.00512927600210732,516.773036722485,488737.787215289,5636510.46939679
0.00256952565424116,516.773036722485,489237.787215289,5636510.46939679
0.00379651129279354,516.773036722485,489737.787215289,5636510.46939679
0.000847001542741556,516.773036722485,490237.787215289,5636510.46939679
0.00309761402119347,516.773036722485,490737.787215289,5636510.46939679
0.00122012106922881,516.773036722485,491237.787215289,5636510.46939679
0.0021078623070233,516.773036722485,491737.787215289,5636510.46939679
0.00238516186891261,516.773036722485,492237.787215289,5636510.46939679
0.00118750901097212,516.773036722485,492737.787215289,5636510.46939679
0.00266788961526939,516.773036722485,493237.787215289,5636510.46939679
0.00174617880045024,516.773036722485,493737.787215289,5636510.46939679
0.0037743344585141,516.773036722485,494237.787215289,5636510.46939679
0.00194110420099539,516.773036722485,494737.787215289,5636510.46939679
0.00161941948260027,516.773036722485,495237.787215289,5636510.46939679
0.00165374867904858,516.773036722485,495737.787215289,5636510.46939679
0.00158174951762325,516.773036722485,496237.787215289,5636510.46939679
0.00165936198311509,516.773036722485,496737.787215289,5636510.46939679
0.00149823268771582,516.773036722485,497237.787215289,5636510.46939679
0.00318441846998132,516.773036722485,497737.787215289,5636510.46939679
0.00375603237269688,516.773036722485,498237.787215289,5636510.46939679
0.00123811381645887,516.773036722485,498737.787215289,5636510.46939679
0.000873785180045637,516.773036722485,499237.787215289,5636510.46939679
0.000901415761766036,516.773036722485,499737.787215289,5636510.46939679
0.00135372088981232,516.773036722485,500237.787215289,5636510.46939679
0.0014029400926497,516.773036722485,500737.787215289,5636510.46939679
0.00153326505444694,516.773036722485,501237.787215289,5636510.46939679
0.000847001542741556,516.773036722485,501737.787215289,5636510.46939679
0.00166629406061949,516.773036722485,502237.787215289,5636510.46939679
0.00155391966933957,516.773036722485,502737.787215289,5636510.46939679
0.000901415761766036,516.773036722485,503237.787215289,5636510.46939679
0.0015882700823627,516.773036722485,503737.787215289,5636510.46939679
0.00166130599283187,516.773036722485,504237.787215289,5636510.46939679
0.00194630108201933,516.773036722485,504737.787215289,5636510.46939679
0.00186356255781295,516.773036722485,505237.787215289,5636510.46939679
0.00386580121398922,516.773036722485,505737.787215289,5636510.46939679
0.00318506443216662,516.773036722485,506237.787215289,5636510.46939679
0.00359533324413407,516.773036722485,506737.787215289,5636510.46939679
0.00163072884929205,516.773036722485,507237.787215289,5636510.46939679
0.00108796670101708,516.773036722485,507737.787215289,5636510.46939679
0.000734948085749876,516.773036722485,508237.787215289,5636510.46939679
0.000847001542741556,516.773036722485,508737.787215289,5636510.46939679
0.000847001542741556,516.773036722485,509237.787215289,5636510.46939679
0.000847001542741556,516.773036722485,509737.787215289,5636510.46939679
0.000847001542741556,516.773036722485,510237.787215289,5636510.46939679
0.000847001542741556,516.773036722485,510737.787215289,5636510.46939679
0.000383818544039909,516.773036722485,511237.787215289,5636510.46939679
0.000651589380199274,516.773036722485,511737.787215289,5636510.46939679
0.000672193750734375,516.773036722485,512237.787215289,5636510.46939679
4.77244036658299e-05,516.773036722485,512737.787215289,5636510.46939679
0.000124793427404488,516.773036722485,513237.787215289,5636510.46939679
0.000256548108923798,516.773036722485,513737.787215289,5636510.46939679
0.000599074979991701,516.773036722485,514237.787215289,5636510.46939679
0.00208825900685475,516.773036722485,514737.787215289,5636510.46939679
0.00206886592129324,516.773036722485,515237.787215289,5636510.46939679
0.00211717449929074,516.773036722485,515737.787215289,5636510.46939679
0.00304934341341535,516.773036722485,516237.787215289,5636510.46939679
0.0026551410967654,516.773036722485,516737.787215289,5636510.46939679
0.00287844986557925,516.773036722485,517237.787215289,5636510.46939679
0.00306337113612339,516.773036722485,517737.787215289,5636510.46939679
0.00318167625847599,516.773036722485,518237.787215289,5636510.46939679
0.00308660995123651,516.773036722485,518737.787215289,5636510.46939679
0.00429182900967068,516.773036722485,519237.787215289,5636510.46939679
0.00349687124450753,516.773036722485,519737.787215289,5636510.46939679
0.00299279711116987,516.773036722485,520237.787215289,5636510.46939679
0.00403414241670139,516.773036722485,520737.787215289,5636510.46939679
0.00377102429653978,516.773036722485,521237.787215289,5636510.46939679
0.00391048615679973,516.773036722485,521737.787215289,5636510.46939679
0.0038732109296466,516.773036722485,522237.787215289,5636510.46939679
0.00408584613204325,516.773036722485,522737.787215289,5636510.46939679
0.00338968365051895,516.773036722485,523237.787215289,5636510.46939679
0.00339877224857832,516.773036722485,523737.787215289,5636510.46939679
0.0031161535941288,516.773036722485,524237.787215289,5636510.46939679
0.00252910152971206,516.773036722485,486737.787215289,5637010.46939679
0.00276812844988448,516.773036722485,487237.787215289,5637010.46939679
0.00698592373446856,516.773036722485,487737.787215289,5637010.46939679
0.000929920069733621,516.773036722485,488237.787215289,5637010.46939679
0.00484469087763344,516.773036722485,488737.787215289,5637010.46939679
0.0014029400926497,516.773036722485,489237.787215289,5637010.46939679
0.0012776761069219,516.773036722485,489737.787215289,5637010.46939679
0.00101223205827145,516.773036722485,490237.787215289,5637010.46939679
0.000931641312770316,516.773036722485,490737.787215289,5637010.46939679
0.00173643368426225,516.773036722485,491237.787215289,5637010.46939679
0.00264477189637326,516.773036722485,491737.787215289,5637010.46939679
0.00186105987272216,516.773036722485,492237.787215289,5637010.46939679
0.00119416352342015,516.773036722485,492737.787215289,5637010.46939679
0.00116559311920811,516.773036722485,493237.787215289,5637010.46939679
0.00189427929018846,516.773036722485,493737.787215289,5637010.46939679
0.00246551039917091,516.773036722485,494237.787215289,5637010.46939679
0.00142996645611126,516.773036722485,494737.787215289,5637010.46939679
0.00197657861630986,516.773036722485,495237.787215289,5637010.46939679
0.00169445669149466,516.773036722485,495737.787215289,5637010.46939679
0.00177334237800539,516.773036722485,496237.787215289,5637010.46939679
0.00153326505444694,516.773036722485,496737.787215289,5637010.46939679
0.00148329040428607,516.773036722485,497237.787215289,5637010.46939679
0.00410674642196761,516.773036722485,497737.787215289,5637010.46939679
0.00410674642196761,516.773036722485,498237.787215289,5637010.46939679
0.00139652785945058,516.773036722485,498737.787215289,5637010.46939679
0.00420507875115286,516.773036722485,499237.787215289,5637010.46939679
0.0043618876052621,516.773036722485,499737.787215289,5637010.46939679
0.00453104724798112,516.773036722485,500237.787215289,5637010.46939679
0.00153326505444694,516.773036722485,500737.787215289,5637010.46939679
0.00166629406061949,516.773036722485,501237.787215289,5637010.46939679
0.000873785180045637,516.773036722485,501737.787215289,5637010.46939679
0.00210247395311055,516.773036722485,502237.787215289,5637010.46939679
0.00143782395199061,516.773036722485,502737.787215289,5637010.46939679
0.000929920069733621,516.773036722485,503237.787215289,5637010.46939679
0.00116374908866831,516.773036722485,503737.787215289,5637010.46939679
0.00174871646380109,516.773036722485,504237.787215289,5637010.46939679
0.0014405733058799,516.773036722485,504737.787215289,5637010.46939679
0.0054294075271609,516.773036722485,505237.787215289,5637010.46939679
0.00406985788100298,516.773036722485,505737.787215289,5637010.46939679
0.00160032005663112,516.773036722485,506237.787215289,5637010.46939679
0.00148532104650585,516.773036722485,506737.787215289,5637010.46939679
0.000725854297013179,516.773036722485,507237.787215289,5637010.46939679
0.00179037157399016,516.773036722485,507737.787215289,5637010.46939679
0.00179037157399016,516.773036722485,508237.787215289,5637010.46939679
0.000737999198365269,516.773036722485,508737.787215289,5637010.46939679
0.00401705575395583,516.773036722485,509237.787215289,5637010.46939679
0.00313143985124977,516.773036722485,509737.787215289,5637010.46939679
0.000847001542741556,516.773036722485,510237.787215289,5637010.46939679
0.000847001542741556,516.773036722485,510737.787215289,5637010.46939679
0.000794615537252238,516.773036722485,511237.787215289,5637010.46939679
0.0011061704208443,516.773036722485,511737.787215289,5637010.46939679
0.000887111836236035,516.773036722485,512237.787215289,5637010.46939679
0.00076558315488668,516.773036722485,512737.787215289,5637010.46939679
0.00010223175895064,516.773036722485,513237.787215289,5637010.46939679
0.000119075451510992,516.773036722485,513737.787215289,5637010.46939679
0.000124171932217772,516.773036722485,514237.787215289,5637010.46939679
0.000244712697761392,516.773036722485,514737.787215289,5637010.46939679
0.000847001542741556,516.773036722485,515237.787215289,5637010.46939679
0.00203967874435162,516.773036722485,515737.787215289,5637010.46939679
0.00241505529909581,516.773036722485,516237.787215289,5637010.46939679
0.00242955295300928,516.773036722485,516737.787215289,5637010.46939679
0.00262263430203124,516.773036722485,517237.787215289,5637010.46939679
0.00232266717962282,516.773036722485,517737.787215289,5637010.46939679
0.00133855800396145,516.773036722485,518237.787215289,5637010.46939679
0.00186153859756122,516.773036722485,518737.787215289,5637010.46939679
0.00352972785475522,516.773036722485,519237.787215289,5637010.46939679
0.00331665482815408,516.773036722485,519737.787215289,5637010.46939679
0.0037564894069996,516.773036722485,520237.787215289,5637010.46939679
0.00349995534450297,516.773036722485,520737.787215289,5637010.46939679
0.00464009417602029,516.773036722485,521237.787215289,5637010.46939679
0.0031269215536804,516.773036722485,521737.787215289,5637010.46939679
0.00231108851775414,516.773036722485,522237.787215289,5637010.46939679
0.00323100694031873,516.773036722485,522737.787215289,5637010.46939679
0.00343857765943579,516.773036722485,523237.787215289,5637010.46939679
0.00306235277196941,516.773036722485,523737.787215289,5637010.46939679
0.00286343341531901,516.773036722485,524237.787215289,5637010.46939679
0.0027483306311002,516.773036722485,486737.787215289,5637510.46939679
0.00268327859192632,516.773036722485,487237.787215289,5637510.46939679
0.00949543894696877,516.773036722485,487737.787215289,5637510.46939679
0.00505499118975972,516.773036722485,488237.787215289,5637510.46939679
0.0043618876052621,516.773036722485,488737.787215289,5637510.46939679
0.00146223880530809,516.773036722485,489237.787215289,5637510.46939679
0.00312492869337485,516.773036722485,489737.787215289,5637510.46939679
0.00263772861473798,516.773036722485,490237.787215289,5637510.46939679
0.000787921778299271,516.773036722485,490737.787215289,5637510.46939679
0.00155252211538565,516.773036722485,491237.787215289,5637510.46939679
0.00306670179035959,516.773036722485,491737.787215289,5637510.46939679
0.00196798624797217,516.773036722485,492237.787215289,5637510.46939679
0.00108855682353566,516.773036722485,492737.787215289,5637510.46939679
0.00097663679005946,516.773036722485,493237.787215289,5637510.46939679
0.00151721189449861,516.773036722485,493737.787215289,5637510.46939679
0.00559433005093007,516.773036722485,494237.787215289,5637510.46939679
0.0012250600767497,516.773036722485,494737.787215289,5637510.46939679
0.00388018771586446,516.773036722485,495237.787215289,5637510.46939679
0.00142996645611126,516.773036722485,495737.787215289,5637510.46939679
0.00163980140297657,516.773036722485,496237.787215289,5637510.46939679
0.00209978384504523,516.773036722485,496737.787215289,5637510.46939679
0.0016907808177596,516.773036722485,497237.787215289,5637510.46939679
0.000847001542741556,516.773036722485,497737.787215289,5637510.46939679
0.00159697204839674,516.773036722485,498237.787215289,5637510.46939679
0.00484469087763344,516.773036722485,498737.787215289,5637510.46939679
0.0049828608200573,516.773036722485,499237.787215289,5637510.46939679
0.00238129125355744,516.773036722485,499737.787215289,5637510.46939679
0.00176883267531567,516.773036722485,500237.787215289,5637510.46939679
0.00182506606696882,516.773036722485,500737.787215289,5637510.46939679
0.00197717929633758,516.773036722485,501237.787215289,5637510.46939679
0.00191500188007415,516.773036722485,501737.787215289,5637510.46939679
0.00287183689439377,516.773036722485,502237.787215289,5637510.46939679
0.00137397034363593,516.773036722485,502737.787215289,5637510.46939679
0.00114093470986802,516.773036722485,503237.787215289,5637510.46939679
0.00101223205827145,516.773036722485,503737.787215289,5637510.46939679
0.000946059493411905,516.773036722485,504237.787215289,5637510.46939679
0.000975869002675081,516.773036722485,504737.787215289,5637510.46939679
0.00208932021326093,516.773036722485,505237.787215289,5637510.46939679
0.00218358338323595,516.773036722485,505737.787215289,5637510.46939679
0.00192898871622324,516.773036722485,506237.787215289,5637510.46939679
0.000583722105124094,516.773036722485,506737.787215289,5637510.46939679
0.00190539104685555,516.773036722485,507237.787215289,5637510.46939679
0.000583722105124094,516.773036722485,507737.787215289,5637510.46939679
0.00148532104650585,516.773036722485,508237.787215289,5637510.46939679
0.000748807051224092,516.773036722485,508737.787215289,5637510.46939679
0.00115786132974334,516.773036722485,509237.787215289,5637510.46939679
0.000565829605334612,516.773036722485,509737.787215289,5637510.46939679
0.000383288045244372,516.773036722485,510237.787215289,5637510.46939679
0.000267286799919747,516.773036722485,510737.787215289,5637510.46939679
0.000971938953271313,516.773036722485,511237.787215289,5637510.46939679
0.00114114942129866,516.773036722485,511737.787215289,5637510.46939679
0.00165810383034325,516.773036722485,512237.787215289,5637510.46939679
0.000901483255525968,516.773036722485,512737.787215289,5637510.46939679
0.000279976767500577,516.773036722485,513237.787215289,5637510.46939679
0.000281797269069345,516.773036722485,513737.787215289,5637510.46939679
0.000154690148869716,516.773036722485,514237.787215289,5637510.46939679
9.67753652416562e-05,516.773036722485,514737.787215289,5637510.46939679
0.000847001542741556,516.773036722485,515237.787215289,5637510.46939679
0.000124419743616057,516.773036722485,515737.787215289,5637510.46939679
0.000139480176811117,516.773036722485,516237.787215289,5637510.46939679
0.00640788865763781,516.773036722485,516737.787215289,5637510.46939679
0.00219160519158063,516.773036722485,517237.787215289,5637510.46939679
0.00221989957595709,516.773036722485,517737.787215289,5637510.46939679
0.00229227191885182,516.773036722485,518237.787215289,5637510.46939679
0.00276927581323851,516.773036722485,518737.787215289,5637510.46939679
0.00295950329506489,516.773036722485,519237.787215289,5637510.46939679
0.00278085203630963,516.773036722485,519737.787215289,5637510.46939679
0.00285417378575932,516.773036722485,520237.787215289,5637510.46939679
0.00288982674311116,516.773036722485,520737.787215289,5637510.46939679
0.00223533779930454,516.773036722485,521237.787215289,5637510.46939679
0.00299199786199419,516.773036722485,521737.787215289,5637510.46939679
0.00360361080086202,516.773036722485,522237.787215289,5637510.46939679
0.00306337113612339,516.773036722485,522737.787215289,5637510.46939679
0.00305308785052944,516.773036722485,523237.787215289,5637510.46939679
0.00274010898873771,516.773036722485,523737.787215289,5637510.46939679
0.00209763895638506,516.773036722485,524237.787215289,5637510.46939679
0.0029642512823464,516.773036722485,486737.787215289,5638010.46939679
0.00336261353385292,516.773036722485,487237.787215289,5638010.46939679
0.00338033285760339,516.773036722485,487737.787215289,5638010.46939679
0.00161941948260027,516.773036722485,488237.787215289,5638010.46939679
0.0014751844409493,516.773036722485,488737.787215289,5638010.46939679
0.00467237544546782,516.773036722485,489237.787215289,5638010.46939679
0.00393822465642448,516.773036722485,489737.787215289,5638010.46939679
0.00206007427658442,516.773036722485,490237.787215289,5638010.46939679
0.00126963075867194,516.773036722485,490737.787215289,5638010.46939679
0.00165982403896176,516.773036722485,491237.787215289,5638010.46939679
0.00438307888033626,516.773036722485,491737.787215289,5638010.46939679
0.00136502072257867,516.773036722485,492237.787215289,5638010.46939679
0.000933863097201773,516.773036722485,492737.787215289,5638010.46939679
0.00135449180367007,516.773036722485,493237.787215289,5638010.46939679
0.00196670895189862,516.773036722485,493737.787215289,5638010.46939679
0.00196330820311321,516.773036722485,494237.787215289,5638010.46939679
0.00108768310260504,516.773036722485,494737.787215289,5638010.46939679
0.0012250600767497,516.773036722485,495237.787215289,5638010.46939679
0.00164077022015489,516.773036722485,495737.787215289,5638010.46939679
0.00152183229579869,516.773036722485,496237.787215289,5638010.46939679
0.00301834461395436,516.773036722485,496737.787215289,5638010.46939679
0.00171600918799181,516.773036722485,497237.787215289,5638010.46939679
0.000989661252950316,516.773036722485,497737.787215289,5638010.46939679
0.00216618260122769,516.773036722485,498237.787215289,5638010.46939679
0.00174201444184446,516.773036722485,498737.787215289,5638010.46939679
0.0054500010176769,516.773036722485,499237.787215289,5638010.46939679
0.0054500010176769,516.773036722485,499737.787215289,5638010.46939679
0.00171600918799181,516.773036722485,500237.787215289,5638010.46939679
0.00171600918799181,516.773036722485,500737.787215289,5638010.46939679
0.00179650250321344,516.773036722485,501237.787215289,5638010.46939679
0.00178403325355841,516.773036722485,501737.787215289,5638010.46939679
0.00197589713391627,516.773036722485,502237.787215289,5638010.46939679
0.00296123960199104,516.773036722485,502737.787215289,5638010.46939679
0.00116166993439224,516.773036722485,503237.787215289,5638010.46939679
0.00123291460474489,516.773036722485,503737.787215289,5638010.46939679
0.00109911126808729,516.773036722485,504237.787215289,5638010.46939679
0.000885121845410206,516.773036722485,504737.787215289,5638010.46939679
0.000878580786416582,516.773036722485,505237.787215289,5638010.46939679
0.00411415324565405,516.773036722485,505737.787215289,5638010.46939679
0.00318506443216662,516.773036722485,506237.787215289,5638010.46939679
0.00190539104685555,516.773036722485,506737.787215289,5638010.46939679
0.00135287887508152,516.773036722485,507237.787215289,5638010.46939679
0.00192898871622324,516.773036722485,507737.787215289,5638010.46939679
0.00119447488513769,516.773036722485,508237.787215289,5638010.46939679
0.00041445838965379,516.773036722485,508737.787215289,5638010.46939679
0.00131140985279318,516.773036722485,509237.787215289,5638010.46939679
0.000548485554106365,516.773036722485,509737.787215289,5638010.46939679
0.000848109285275083,516.773036722485,510237.787215289,5638010.46939679
0.000462645979760337,516.773036722485,510737.787215289,5638010.46939679
0.000275738865640959,516.773036722485,511237.787215289,5638010.46939679
0.00278565570930947,516.773036722485,511737.787215289,5638010.46939679
0.00211556105567142,516.773036722485,512237.787215289,5638010.46939679
0.00565761075088543,516.773036722485,512737.787215289,5638010.46939679
0.00143147787661582,516.773036722485,513237.787215289,5638010.46939679
0.000232593743133173,516.773036722485,513737.787215289,5638010.46939679
0.000209123723634317,516.773036722485,514237.787215289,5638010.46939679
0.000256760078295496,516.773036722485,514737.787215289,5638010.46939679
0.000102775585426753,516.773036722485,515237.787215289,5638010.46939679
0.000154950213189713,516.773036722485,515737.787215289,5638010.46939679
0.000158513409545385,516.773036722485,516237.787215289,5638010.46939679
0.000286097089274097,516.773036722485,516737.787215289,5638010.46939679
0.000253349885136899,516.773036722485,517237.787215289,5638010.46939679
0.000286097089274097,516.773036722485,517737.787215289,5638010.46939679
0.000816085901348533,516.773036722485,518237.787215289,5638010.46939679
0.0019733752016395,516.773036722485,518737.787215289,5638010.46939679
0.00172857654900341,516.773036722485,519237.787215289,5638010.46939679
0.00244503071920117,516.773036722485,519737.787215289,5638010.46939679
0.00217238344794553,516.773036722485,520237.787215289,5638010.46939679
0.00277154917715954,516.773036722485,520737.787215289,5638010.46939679
0.00110735258148009,516.773036722485,521237.787215289,5638010.46939679
0.00215207565195399,516.773036722485,521737.787215289,5638010.46939679
0.00102372982091243,516.773036722485,522237.787215289,5638010.46939679
0.000420310534219419,516.773036722485,522737.787215289,5638010.46939679
0.00213965809983614,516.773036722485,523237.787215289,5638010.46939679
0.000847001542741556,516.773036722485,523737.787215289,5638010.46939679
0.000847001542741556,516.773036722485,524237.787215289,5638010.46939679
0.00321765777845384,516.773036722485,486737.787215289,5638510.46939679
0.00438815892975474,516.773036722485,487237.787215289,5638510.46939679
0.011142929115812,516.773036722485,487737.787215289,5638510.46939679
0.00171382690662867,516.773036722485,488237.787215289,5638510.46939679
0.00315484263587329,516.773036722485,488737.787215289,5638510.46939679
0.00515853094158209,516.773036722485,489237.787215289,5638510.46939679
0.00599143276478272,516.773036722485,489737.787215289,5638510.46939679
0.00478363613279433,516.773036722485,490237.787215289,5638510.46939679
0.00288970852512376,516.773036722485,490737.787215289,5638510.46939679
0.00323967127924038,516.773036722485,491237.787215289,5638510.46939679
0.00330854581041724,516.773036722485,491737.787215289,5638510.46939679
0.000849369927325239,516.773036722485,492237.787215289,5638510.46939679
0.00089053826854497,516.773036722485,492737.787215289,5638510.46939679
0.00214194543794022,516.773036722485,493237.787215289,5638510.46939679
0.000969201415464189,516.773036722485,493737.787215289,5638510.46939679
0.00124486871550084,516.773036722485,494237.787215289,5638510.46939679
0.000961101404351699,516.773036722485,494737.787215289,5638510.46939679
0.00101223205827145,516.773036722485,495237.787215289,5638510.46939679
0.0018465047342943,516.773036722485,495737.787215289,5638510.46939679
0.00258612041622853,516.773036722485,496237.787215289,5638510.46939679
0.00321261107510976,516.773036722485,496737.787215289,5638510.46939679
0.00143782395199061,516.773036722485,497237.787215289,5638510.46939679
0.00143782395199061,516.773036722485,497737.787215289,5638510.46939679
0.00147451616627965,516.773036722485,498237.787215289,5638510.46939679
0.00225774163522265,516.773036722485,498737.787215289,5638510.46939679
0.00157514686264695,516.773036722485,499237.787215289,5638510.46939679
0.00151316073829433,516.773036722485,499737.787215289,5638510.46939679
0.00143782395199061,516.773036722485,500237.787215289,5638510.46939679
0.000847001542741556,516.773036722485,500737.787215289,5638510.46939679
0.00155391966933957,516.773036722485,501237.787215289,5638510.46939679
0.00144730345765523,516.773036722485,501737.787215289,5638510.46939679
0.00203745554002725,516.773036722485,502237.787215289,5638510.46939679
0.00709807675303837,516.773036722485,502737.787215289,5638510.46939679
0.00524257282514621,516.773036722485,503237.787215289,5638510.46939679
0.00410268508192085,516.773036722485,503737.787215289,5638510.46939679
0.00177699237725792,516.773036722485,504237.787215289,5638510.46939679
0.00408492364291329,516.773036722485,504737.787215289,5638510.46939679
0.00208186857814581,516.773036722485,505237.787215289,5638510.46939679
0.00369148219605058,516.773036722485,505737.787215289,5638510.46939679
0.00307706580951133,516.773036722485,506237.787215289,5638510.46939679
0.00168229528434171,516.773036722485,506737.787215289,5638510.46939679
0.000313181916038397,516.773036722485,507237.787215289,5638510.46939679
0.00143979235009599,516.773036722485,507737.787215289,5638510.46939679
0.00173549233825537,516.773036722485,508237.787215289,5638510.46939679
0.000837337943021681,516.773036722485,508737.787215289,5638510.46939679
0.000822112676486358,516.773036722485,509237.787215289,5638510.46939679
0.00127121195672406,516.773036722485,509737.787215289,5638510.46939679
0.0010546178800661,516.773036722485,510237.787215289,5638510.46939679
0.00112237006871892,516.773036722485,510737.787215289,5638510.46939679
0.000822112676486358,516.773036722485,511237.787215289,5638510.46939679
0.00153228943815832,516.773036722485,511737.787215289,5638510.46939679
0.001395659218774,516.773036722485,512237.787215289,5638510.46939679
0.000484265244515258,516.773036722485,512737.787215289,5638510.46939679
0.000385705758798386,516.773036722485,513237.787215289,5638510.46939679
0.000784759342823783,516.773036722485,513737.787215289,5638510.46939679
0.00167580599298746,516.773036722485,514237.787215289,5638510.46939679
0.00172356058226267,516.773036722485,514737.787215289,5638510.46939679
0.00173244948495146,516.773036722485,515237.787215289,5638510.46939679
0.000678099281993182,516.773036722485,515737.787215289,5638510.46939679
0.000227915935244065,516.773036722485,516237.787215289,5638510.46939679
0.000210471342074714,516.773036722485,516737.787215289,5638510.46939679
0.000107875857559071,516.773036722485,517237.787215289,5638510.46939679
8.40700223732624e-05,516.773036722485,517737.787215289,5638510.46939679
0.000847001542741556,516.773036722485,518237.787215289,5638510.46939679
0.000312633491120453,516.773036722485,518737.787215289,5638510.46939679
0.000312633491120453,516.773036722485,519237.787215289,5638510.46939679
0.000847001542741556,516.773036722485,519737.787215289,5638510.46939679
0.000847001542741556,516.773036722485,520237.787215289,5638510.46939679
0.000847001542741556,516.773036722485,520737.787215289,5638510.46939679
0.000847001542741556,516.773036722485,521237.787215289,5638510.46939679
0.000847001542741556,516.773036722485,521737.787215289,5638510.46939679
0.000847001542741556,516.773036722485,522237.787215289,5638510.46939679
0.000847001542741556,516.773036722485,522737.787215289,5638510.46939679
0.000847001542741556,516.773036722485,523237.787215289,5638510.46939679
0.000847001542741556,516.773036722485,523737.787215289,5638510.46939679
0.000847001542741556,516.773036722485,524237.787215289,5638510.46939679
0.00440607891087362,516.773036722485,486737.787215289,5639010.46939679
0.00486290964961245,516.773036722485,487237.787215289,5639010.46939679
0.0101257919629433,516.773036722485,487737.787215289,5639010.46939679
0.00858636089200731,516.773036722485,488237.787215289,5639010.46939679
0.00793203126276465,516.773036722485,488737.787215289,5639010.46939679
0.0060748886979243,516.773036722485,489237.787215289,5639010.46939679
0.00489191209244513,516.773036722485,489737.787215289,5639010.46939679
0.00411415324565405,516.773036722485,490237.787215289,5639010.46939679
0.00338968365051895,516.773036722485,490737.787215289,5639010.46939679
0.00263350664684882,516.773036722485,491237.787215289,5639010.46939679
0.0039286353895273,516.773036722485,491737.787215289,5639010.46939679
0.00361423964611262,516.773036722485,492237.787215289,5639010.46939679
0.00442288530551332,516.773036722485,492737.787215289,5639010.46939679
0.0043784602445347,516.773036722485,493237.787215289,5639010.46939679
0.000683051686884737,516.773036722485,493737.787215289,5639010.46939679
0.00072495144254073,516.773036722485,494237.787215289,5639010.46939679
0.000910695296160726,516.773036722485,494737.787215289,5639010.46939679
0.000940674333706891,516.773036722485,495237.787215289,5639010.46939679
0.00148612669744722,516.773036722485,495737.787215289,5639010.46939679
0.00111132608232051,516.773036722485,496237.787215289,5639010.46939679
0.00221333105214635,516.773036722485,496737.787215289,5639010.46939679
0.00367764719387047,516.773036722485,497237.787215289,5639010.46939679
0.00367764719387047,516.773036722485,497737.787215289,5639010.46939679
0.00137397034363593,516.773036722485,498237.787215289,5639010.46939679
0.00159448417901196,516.773036722485,498737.787215289,5639010.46939679
0.00175057867561451,516.773036722485,499237.787215289,5639010.46939679
0.00388018771586446,516.773036722485,499737.787215289,5639010.46939679
0.00121227544147146,516.773036722485,500237.787215289,5639010.46939679
0.00367764719387047,516.773036722485,500737.787215289,5639010.46939679
0.001322809713812,516.773036722485,501237.787215289,5639010.46939679
0.00140230493589715,516.773036722485,501737.787215289,5639010.46939679
0.00217782787606146,516.773036722485,502237.787215289,5639010.46939679
0.00508187523917706,516.773036722485,502737.787215289,5639010.46939679
0.00593716292473602,516.773036722485,503237.787215289,5639010.46939679
0.00403910261238973,516.773036722485,503737.787215289,5639010.46939679
0.00579436260263031,516.773036722485,504237.787215289,5639010.46939679
0.00415589657518221,516.773036722485,504737.787215289,5639010.46939679
0.00337829992953014,516.773036722485,505237.787215289,5639010.46939679
0.000772485610776426,516.773036722485,505737.787215289,5639010.46939679
0.0015807430506791,516.773036722485,506237.787215289,5639010.46939679
0.000990955571565284,516.773036722485,506737.787215289,5639010.46939679
0.00115786132974334,516.773036722485,507237.787215289,5639010.46939679
0.00173549233825537,516.773036722485,507737.787215289,5639010.46939679
0.00115786132974334,516.773036722485,508237.787215289,5639010.46939679
0.0015807430506791,516.773036722485,508737.787215289,5639010.46939679
0.000874927951292512,516.773036722485,509237.787215289,5639010.46939679
0.00168229528434171,516.773036722485,509737.787215289,5639010.46939679
0.00241321968207165,516.773036722485,510237.787215289,5639010.46939679
0.00325151827069299,516.773036722485,510737.787215289,5639010.46939679
0.00272520928138959,516.773036722485,511237.787215289,5639010.46939679
0.00112237006871892,516.773036722485,511737.787215289,5639010.46939679
0.0022582235446005,516.773036722485,512237.787215289,5639010.46939679
0.000608201409060875,516.773036722485,512737.787215289,5639010.46939679
0.00134766027566611,516.773036722485,513237.787215289,5639010.46939679
0.00161924515947607,516.773036722485,513737.787215289,5639010.46939679
0.00163072884929205,516.773036722485,514237.787215289,5639010.46939679
0.000459225858337033,516.773036722485,514737.787215289,5639010.46939679
0.000763518094624396,516.773036722485,515237.787215289,5639010.46939679
0.000871553001340051,516.773036722485,515737.787215289,5639010.46939679
0.00115339499164772,516.773036722485,516237.787215289,5639010.46939679
0.00138759960409339,516.773036722485,516737.787215289,5639010.46939679
0.000598702941475043,516.773036722485,517237.787215289,5639010.46939679
0.000679250631929933,516.773036722485,517737.787215289,5639010.46939679
0.000847001542741556,516.773036722485,518237.787215289,5639010.46939679
0.000847001542741556,516.773036722485,518737.787215289,5639010.46939679
0.000133920133014494,516.773036722485,519237.787215289,5639010.46939679
0.000133920133014494,516.773036722485,519737.787215289,5639010.46939679
0.000847001542741556,516.773036722485,520237.787215289,5639010.46939679
0.000847001542741556,516.773036722485,520737.787215289,5639010.46939679
0.000847001542741556,516.773036722485,521237.787215289,5639010.46939679
0.000847001542741556,516.773036722485,521737.787215289,5639010.46939679
0.000847001542741556,516.773036722485,522237.787215289,5639010.46939679
0.000847001542741556,516.773036722485,522737.787215289,5639010.46939679
0.000847001542741556,516.773036722485,523237.787215289,5639010.46939679
0.000847001542741556,516.773036722485,523737.787215289,5639010.46939679
7.53516103321337e-05,516.773036722485,524237.787215289,5639010.46939679
0.00601529599459992,516.773036722485,486737.787215289,5639510.46939679
0.017599331092013,516.773036722485,487237.787215289,5639510.46939679
0.0116399301824061,516.773036722485,487737.787215289,5639510.46939679
0.00847954763607922,516.773036722485,488237.787215289,5639510.46939679
0.00737545386311317,516.773036722485,488737.787215289,5639510.46939679
0.00531671795734497,516.773036722485,489237.787215289,5639510.46939679
0.00423241900052903,516.773036722485,489737.787215289,5639510.46939679
0.00225263202412805,516.773036722485,490237.787215289,5639510.46939679
0.00289131785611028,516.773036722485,490737.787215289,5639510.46939679
0.00168229528434171,516.773036722485,491237.787215289,5639510.46939679
0.00359533324413407,516.773036722485,491737.787215289,5639510.46939679
0.00306251298794675,516.773036722485,492237.787215289,5639510.46939679
0.0039286353895273,516.773036722485,492737.787215289,5639510.46939679
0.00409353811247714,516.773036722485,493237.787215289,5639510.46939679
0.000815109322034331,516.773036722485,493737.787215289,5639510.46939679
0.0012765192825202,516.773036722485,494237.787215289,5639510.46939679
0.00225466006696849,516.773036722485,494737.787215289,5639510.46939679
0.000838540515166929,516.773036722485,495237.787215289,5639510.46939679
0.0011153858722395,516.773036722485,495737.787215289,5639510.46939679
0.00102284578105242,516.773036722485,496237.787215289,5639510.46939679
0.00123063674775297,516.773036722485,496737.787215289,5639510.46939679
0.000847001542741556,516.773036722485,497237.787215289,5639510.46939679
0.00114341518036388,516.773036722485,497737.787215289,5639510.46939679
0.00115222707245682,516.773036722485,498237.787215289,5639510.46939679
0.00193378596841433,516.773036722485,498737.787215289,5639510.46939679
0.00133095302214045,516.773036722485,499237.787215289,5639510.46939679
0.00195417964089718,516.773036722485,499737.787215289,5639510.46939679
0.00717648646888353,516.773036722485,500237.787215289,5639510.46939679
0.00695650973422411,516.773036722485,500737.787215289,5639510.46939679
0.00165503064174337,516.773036722485,501237.787215289,5639510.46939679
0.00587386496614012,516.773036722485,501737.787215289,5639510.46939679
0.00732253007893737,516.773036722485,502237.787215289,5639510.46939679
0.00159693536330466,516.773036722485,502737.787215289,5639510.46939679
0.0034826022695662,516.773036722485,503237.787215289,5639510.46939679
0.00460957766488183,516.773036722485,503737.787215289,5639510.46939679
0.00409353811247714,516.773036722485,504237.787215289,5639510.46939679
0.00296863952913629,516.773036722485,504737.787215289,5639510.46939679
0.000772485610776426,516.773036722485,505237.787215289,5639510.46939679
0.00112237006871892,516.773036722485,505737.787215289,5639510.46939679
0.00173549233825537,516.773036722485,506237.787215289,5639510.46939679
0.0018469861850121,516.773036722485,506737.787215289,5639510.46939679
0.00196564277031315,516.773036722485,507237.787215289,5639510.46939679
0.00163072884929205,516.773036722485,507737.787215289,5639510.46939679
0.000703605100447731,516.773036722485,508237.787215289,5639510.46939679
0.000972476863394388,516.773036722485,508737.787215289,5639510.46939679
0.00143979235009599,516.773036722485,509237.787215289,5639510.46939679
0.00348512755079287,516.773036722485,509737.787215289,5639510.46939679
0.00278713028491082,516.773036722485,510237.787215289,5639510.46939679
0.00219803922962378,516.773036722485,510737.787215289,5639510.46939679
0.00270795906974964,516.773036722485,511237.787215289,5639510.46939679
0.00112237006871892,516.773036722485,511737.787215289,5639510.46939679
0.00263350664684882,516.773036722485,512237.787215289,5639510.46939679
0.00324108832794386,516.773036722485,512737.787215289,5639510.46939679
0.00260487868047979,516.773036722485,513237.787215289,5639510.46939679
0.00186741308127726,516.773036722485,513737.787215289,5639510.46939679
0.00164913303353334,516.773036722485,514237.787215289,5639510.46939679
0.00189806992073009,516.773036722485,514737.787215289,5639510.46939679
0.000267518710744935,516.773036722485,515237.787215289,5639510.46939679
0.000425914984902167,516.773036722485,515737.787215289,5639510.46939679
0.000467610591568508,516.773036722485,516237.787215289,5639510.46939679
0.000678099281993182,516.773036722485,516737.787215289,5639510.46939679
0.00117402070688083,516.773036722485,517237.787215289,5639510.46939679
0.000474648344651474,516.773036722485,517737.787215289,5639510.46939679
0.00112090410544618,516.773036722485,518237.787215289,5639510.46939679
0.00115634901020486,516.773036722485,518737.787215289,5639510.46939679
0.00143791179147773,516.773036722485,519237.787215289,5639510.46939679
0.00105324041008358,516.773036722485,519737.787215289,5639510.46939679
0.000847001542741556,516.773036722485,520237.787215289,5639510.46939679
0.000847001542741556,516.773036722485,520737.787215289,5639510.46939679
0.000847001542741556,516.773036722485,521237.787215289,5639510.46939679
0.00135111183691951,516.773036722485,521737.787215289,5639510.46939679
0.00126955158632364,516.773036722485,522237.787215289,5639510.46939679
6.61137354589981e-05,516.773036722485,522737.787215289,5639510.46939679
0.000258996532417837,516.773036722485,523237.787215289,5639510.46939679
0.000173309841236142,516.773036722485,523737.787215289,5639510.46939679
0.000362739584143611,516.773036722485,524237.787215289,5639510.46939679
0.0178843665835596,516.773036722485,486737.787215289,5640010.46939679
0.0124959982829996,516.773036722485,487237.787215289,5640010.46939679
0.00852600619267648,516.773036722485,487737.787215289,5640010.46939679
0.00531576271723351,516.773036722485,488237.787215289,5640010.46939679
0.00462361488499652,516.773036722485,488737.787215289,5640010.46939679
0.00548484167168521,516.773036722485,489237.787215289,5640010.46939679
0.00171591169281551,516.773036722485,489737.787215289,5640010.46939679
0.00155040291389745,516.773036722485,490237.787215289,5640010.46939679
0.00327474683423478,516.773036722485,490737.787215289,5640010.46939679
0.00131140985279318,516.773036722485,491237.787215289,5640010.46939679
0.000515376067520025,516.773036722485,491737.787215289,5640010.46939679
0.001395659218774,516.773036722485,492237.787215289,5640010.46939679
0.001395659218774,516.773036722485,492737.787215289,5640010.46939679
0.00337829992953014,516.773036722485,493237.787215289,5640010.46939679
0.0039286353895273,516.773036722485,493737.787215289,5640010.46939679
0.000618236806494281,516.773036722485,494237.787215289,5640010.46939679
0.00074242816747021,516.773036722485,494737.787215289,5640010.46939679
0.000751933330015188,516.773036722485,495237.787215289,5640010.46939679
0.00201264629192771,516.773036722485,495737.787215289,5640010.46939679
0.00129144460343674,516.773036722485,496237.787215289,5640010.46939679
0.000991493074410858,516.773036722485,496737.787215289,5640010.46939679
0.000931641312770316,516.773036722485,497237.787215289,5640010.46939679
0.00148612669744722,516.773036722485,497737.787215289,5640010.46939679
0.00248948735183395,516.773036722485,498237.787215289,5640010.46939679
0.0012985057376705,516.773036722485,498737.787215289,5640010.46939679
0.00101223205827145,516.773036722485,499237.787215289,5640010.46939679
0.00207133798929791,516.773036722485,499737.787215289,5640010.46939679
0.00390113073031449,516.773036722485,500237.787215289,5640010.46939679
0.00516267471879452,516.773036722485,500737.787215289,5640010.46939679
0.00107726123961639,516.773036722485,501237.787215289,5640010.46939679
0.00234602622771089,516.773036722485,501737.787215289,5640010.46939679
0.00448685573735069,516.773036722485,502237.787215289,5640010.46939679
0.00475454114795971,516.773036722485,502737.787215289,5640010.46939679
0.00462664135644964,516.773036722485,503237.787215289,5640010.46939679
0.00100660878266829,516.773036722485,503737.787215289,5640010.46939679
0.00370902382996997,516.773036722485,504237.787215289,5640010.46939679
0.00196564277031315,516.773036722485,504737.787215289,5640010.46939679
0.00179037157399016,516.773036722485,505237.787215289,5640010.46939679
0.00196564277031315,516.773036722485,505737.787215289,5640010.46939679
0.0015807430506791,516.773036722485,506237.787215289,5640010.46939679
0.00153228943815832,516.773036722485,506737.787215289,5640010.46939679
0.00232515830311456,516.773036722485,507237.787215289,5640010.46939679
0.0013696338548225,516.773036722485,507737.787215289,5640010.46939679
0.00180397242781574,516.773036722485,508237.787215289,5640010.46939679
0.00157314607815871,516.773036722485,508737.787215289,5640010.46939679
0.00315935488606504,516.773036722485,509237.787215289,5640010.46939679
0.00170652257063516,516.773036722485,509737.787215289,5640010.46939679
0.00193283120841506,516.773036722485,510237.787215289,5640010.46939679
0.00137236212759494,516.773036722485,510737.787215289,5640010.46939679
0.00193548875168312,516.773036722485,511237.787215289,5640010.46939679
0.001395659218774,516.773036722485,511737.787215289,5640010.46939679
0.000531673140159328,516.773036722485,512237.787215289,5640010.46939679
0.00127121195672406,516.773036722485,512737.787215289,5640010.46939679
0.000874927951292512,516.773036722485,513237.787215289,5640010.46939679
0.00119447488513769,516.773036722485,513737.787215289,5640010.46939679
0.00119447488513769,516.773036722485,514237.787215289,5640010.46939679
0.00135026424349752,516.773036722485,514737.787215289,5640010.46939679
0.00178803311268834,516.773036722485,515237.787215289,5640010.46939679
0.000466710537474911,516.773036722485,515737.787215289,5640010.46939679
0.000426737943729125,516.773036722485,516237.787215289,5640010.46939679
0.00122733582744987,516.773036722485,516737.787215289,5640010.46939679
0.00236624557990637,516.773036722485,517237.787215289,5640010.46939679
0.000266981121240001,516.773036722485,517737.787215289,5640010.46939679
0.000543226975504948,516.773036722485,518237.787215289,5640010.46939679
0.000436019894258826,516.773036722485,518737.787215289,5640010.46939679
0.000560404741484718,516.773036722485,519237.787215289,5640010.46939679
0.00114776362722781,516.773036722485,519737.787215289,5640010.46939679
0.000408118827844734,516.773036722485,520237.787215289,5640010.46939679
0.000455903340175328,516.773036722485,520737.787215289,5640010.46939679
0.000263936836110755,516.773036722485,521237.787215289,5640010.46939679
0.000465327517975504,516.773036722485,521737.787215289,5640010.46939679
0.000636758836365817,516.773036722485,522237.787215289,5640010.46939679
0.000498612255843119,516.773036722485,522737.787215289,5640010.46939679
0.000741755220557726,516.773036722485,523237.787215289,5640010.46939679
0.000578224948767432,516.773036722485,523737.787215289,5640010.46939679
0.00049956318671928,516.773036722485,524237.787215289,5640010.46939679
0.0130999256742969,516.773036722485,486737.787215289,5640510.46939679
0.00906370295452189,516.773036722485,487237.787215289,5640510.46939679
0.011831270021923,516.773036722485,487737.787215289,5640510.46939679
0.00669337801646551,516.773036722485,488237.787215289,5640510.46939679
0.00250684169929554,516.773036722485,488737.787215289,5640510.46939679
0.00136318755792493,516.773036722485,489237.787215289,5640510.46939679
0.00145271423058685,516.773036722485,489737.787215289,5640510.46939679
0.000894905710718373,516.773036722485,490237.787215289,5640510.46939679
0.00061169248462412,516.773036722485,490737.787215289,5640510.46939679
0.000858612852264452,516.773036722485,491237.787215289,5640510.46939679
0.000484265244515258,516.773036722485,491737.787215289,5640510.46939679
0.000748807051224092,516.773036722485,492237.787215289,5640510.46939679
0.000902594669394078,516.773036722485,492737.787215289,5640510.46939679
0.00143979235009599,516.773036722485,493237.787215289,5640510.46939679
0.00370902382996997,516.773036722485,493737.787215289,5640510.46939679
0.00383920286734844,516.773036722485,494237.787215289,5640510.46939679
0.00097759072551667,516.773036722485,494737.787215289,5640510.46939679
0.000942143389665742,516.773036722485,495237.787215289,5640510.46939679
0.00190822324798501,516.773036722485,495737.787215289,5640510.46939679
0.00263159843981804,516.773036722485,496237.787215289,5640510.46939679
0.000869483518224072,516.773036722485,496737.787215289,5640510.46939679
0.000940674333706891,516.773036722485,497237.787215289,5640510.46939679
0.00103276310355464,516.773036722485,497737.787215289,5640510.46939679
0.00112279433475047,516.773036722485,498237.787215289,5640510.46939679
0.000931641312770316,516.773036722485,498737.787215289,5640510.46939679
0.000931641312770316,516.773036722485,499237.787215289,5640510.46939679
0.00123291460474489,516.773036722485,499737.787215289,5640510.46939679
0.00224911956250656,516.773036722485,500237.787215289,5640510.46939679
0.00590401172155609,516.773036722485,500737.787215289,5640510.46939679
0.00229795997681965,516.773036722485,501237.787215289,5640510.46939679
0.00584731722104768,516.773036722485,501737.787215289,5640510.46939679
0.00406351187355087,516.773036722485,502237.787215289,5640510.46939679
0.0050909529570598,516.773036722485,502737.787215289,5640510.46939679
0.00480709638703216,516.773036722485,503237.787215289,5640510.46939679
0.00348512755079287,516.773036722485,503737.787215289,5640510.46939679
0.00119447488513769,516.773036722485,504237.787215289,5640510.46939679
0.00190539104685555,516.773036722485,504737.787215289,5640510.46939679
0.000990955571565284,516.773036722485,505237.787215289,5640510.46939679
0.00132765125172429,516.773036722485,505737.787215289,5640510.46939679
0.00255278327401318,516.773036722485,506237.787215289,5640510.46939679
0.00407212445852859,516.773036722485,506737.787215289,5640510.46939679
0.0018610171210955,516.773036722485,507237.787215289,5640510.46939679
0.00270393374964181,516.773036722485,507737.787215289,5640510.46939679
0.00435652072608184,516.773036722485,508237.787215289,5640510.46939679
0.00280113194266514,516.773036722485,508737.787215289,5640510.46939679
0.00360249504855594,516.773036722485,509237.787215289,5640510.46939679
0.00308319523953201,516.773036722485,509737.787215289,5640510.46939679
0.00349206982852047,516.773036722485,510237.787215289,5640510.46939679
0.00160350784993975,516.773036722485,510737.787215289,5640510.46939679
0.00221561479592097,516.773036722485,511237.787215289,5640510.46939679
0.00160032005663112,516.773036722485,511737.787215289,5640510.46939679
0.000661131778295592,516.773036722485,512237.787215289,5640510.46939679
0.000748807051224092,516.773036722485,512737.787215289,5640510.46939679
0.000441084586246252,516.773036722485,513237.787215289,5640510.46939679
0.000177757928038397,516.773036722485,513737.787215289,5640510.46939679
0.00131140985279318,516.773036722485,514237.787215289,5640510.46939679
0.00065985404674064,516.773036722485,514737.787215289,5640510.46939679
0.00202515118249932,516.773036722485,515237.787215289,5640510.46939679
0.000247195239249575,516.773036722485,515737.787215289,5640510.46939679
0.000383288045244372,516.773036722485,516237.787215289,5640510.46939679
0.000328037057799894,516.773036722485,516737.787215289,5640510.46939679
0.000381181306917724,516.773036722485,517237.787215289,5640510.46939679
0.000278442128854912,516.773036722485,517737.787215289,5640510.46939679
0.000436855709206039,516.773036722485,518237.787215289,5640510.46939679
0.000319375482526515,516.773036722485,518737.787215289,5640510.46939679
0.000437694948562614,516.773036722485,519237.787215289,5640510.46939679
0.000720276266960202,516.773036722485,519737.787215289,5640510.46939679
0.000527036421523932,516.773036722485,520237.787215289,5640510.46939679
0.000596928784313535,516.773036722485,520737.787215289,5640510.46939679
0.000578631467741302,516.773036722485,521237.787215289,5640510.46939679
0.000763257238977873,516.773036722485,521737.787215289,5640510.46939679
0.000763257238977873,516.773036722485,522237.787215289,5640510.46939679
0.00128557362990871,516.773036722485,522737.787215289,5640510.46939679
0.000835913449650168,516.773036722485,523237.787215289,5640510.46939679
0.000835913449650168,516.773036722485,523737.787215289,5640510.46939679
0.00085339375215,516.773036722485,524237.787215289,5640510.46939679
0.0183545266025358,516.773036722485,486737.787215289,5641010.46939679
0.0193834151965735,516.773036722485,487237.787215289,5641010.46939679
0.00405770828930921,516.773036722485,487737.787215289,5641010.46939679
0.00218853637234445,516.773036722485,488237.787215289,5641010.46939679
0.00145230821815363,516.773036722485,488737.787215289,5641010.46939679
0.00121423218107975,516.773036722485,489237.787215289,5641010.46939679
0.000946059493411905,516.773036722485,489737.787215289,5641010.46939679
0.000806197858264798,516.773036722485,490237.787215289,5641010.46939679
0.000706542660529786,516.773036722485,490737.787215289,5641010.46939679
0.000690100391394175,516.773036722485,491237.787215289,5641010.46939679
0.00187969336803489,516.773036722485,491737.787215289,5641010.46939679
0.00217446656574431,516.773036722485,492237.787215289,5641010.46939679
0.00211783005223289,516.773036722485,492737.787215289,5641010.46939679
0.00148532104650585,516.773036722485,493237.787215289,5641010.46939679
0.000703605100447731,516.773036722485,493737.787215289,5641010.46939679
0.00148532104650585,516.773036722485,494237.787215289,5641010.46939679
0.000236653220158996,516.773036722485,494737.787215289,5641010.46939679
0.00289131785611028,516.773036722485,495237.787215289,5641010.46939679
0.00364604334472792,516.773036722485,495737.787215289,5641010.46939679
0.00105624316566515,516.773036722485,496237.787215289,5641010.46939679
0.00123407785258504,516.773036722485,496737.787215289,5641010.46939679
0.000706542660529786,516.773036722485,497237.787215289,5641010.46939679
0.000964590812345687,516.773036722485,497737.787215289,5641010.46939679
0.0017123105136667,516.773036722485,498237.787215289,5641010.46939679
0.000716158704229861,516.773036722485,498737.787215289,5641010.46939679
0.000811131313193457,516.773036722485,499237.787215289,5641010.46939679
0.00133480780667025,516.773036722485,499737.787215289,5641010.46939679
0.00174273804044304,516.773036722485,500237.787215289,5641010.46939679
0.0012765192825202,516.773036722485,500737.787215289,5641010.46939679
0.00339651027583774,516.773036722485,501237.787215289,5641010.46939679
0.00125423175350091,516.773036722485,501737.787215289,5641010.46939679
0.00314019597918364,516.773036722485,502237.787215289,5641010.46939679
0.00463639822454118,516.773036722485,502737.787215289,5641010.46939679
0.00372152197794438,516.773036722485,503237.787215289,5641010.46939679
0.00168229528434171,516.773036722485,503737.787215289,5641010.46939679
0.00370902382996997,516.773036722485,504237.787215289,5641010.46939679
0.00289131785611028,516.773036722485,504737.787215289,5641010.46939679
0.00306251298794675,516.773036722485,505237.787215289,5641010.46939679
0.00159942930549836,516.773036722485,505737.787215289,5641010.46939679
0.00235284998565985,516.773036722485,506237.787215289,5641010.46939679
0.00341853409727091,516.773036722485,506737.787215289,5641010.46939679
0.0029506371551219,516.773036722485,507237.787215289,5641010.46939679
0.00187993980166859,516.773036722485,507737.787215289,5641010.46939679
0.0036362727179305,516.773036722485,508237.787215289,5641010.46939679
0.0029886878194943,516.773036722485,508737.787215289,5641010.46939679
0.0024034618968747,516.773036722485,509237.787215289,5641010.46939679
0.00318069114581573,516.773036722485,509737.787215289,5641010.46939679
0.00280827482861521,516.773036722485,510237.787215289,5641010.46939679
0.00383393140931183,516.773036722485,510737.787215289,5641010.46939679
0.00247453426854993,516.773036722485,511237.787215289,5641010.46939679
0.00196564277031315,516.773036722485,511737.787215289,5641010.46939679
0.00168229528434171,516.773036722485,512237.787215289,5641010.46939679
0.00281213606172918,516.773036722485,512737.787215289,5641010.46939679
0.0013696338548225,516.773036722485,513237.787215289,5641010.46939679
0.0020592809451008,516.773036722485,513737.787215289,5641010.46939679
0.00276573253452666,516.773036722485,514237.787215289,5641010.46939679
0.00125286401013596,516.773036722485,514737.787215289,5641010.46939679
0.000407911754400657,516.773036722485,515237.787215289,5641010.46939679
0.00108586405003242,516.773036722485,515737.787215289,5641010.46939679
0.000400977786295623,516.773036722485,516237.787215289,5641010.46939679
0.000745823118859484,516.773036722485,516737.787215289,5641010.46939679
0.000919886995512726,516.773036722485,517237.787215289,5641010.46939679
0.000467610591568508,516.773036722485,517737.787215289,5641010.46939679
0.000376046046722978,516.773036722485,518237.787215289,5641010.46939679
0.000563646972356886,516.773036722485,518737.787215289,5641010.46939679
0.000454153020047609,516.773036722485,519237.787215289,5641010.46939679
0.00111446627175506,516.773036722485,519737.787215289,5641010.46939679
0.000759600613564661,516.773036722485,520237.787215289,5641010.46939679
0.000608985058358864,516.773036722485,520737.787215289,5641010.46939679
0.00103702693953004,516.773036722485,521237.787215289,5641010.46939679
0.000656476048881881,516.773036722485,521737.787215289,5641010.46939679
0.000573985667846757,516.773036722485,522237.787215289,5641010.46939679
0.00079092875749603,516.773036722485,522737.787215289,5641010.46939679
0.000909706216897923,516.773036722485,523237.787215289,5641010.46939679
0.00136353821388922,516.773036722485,523737.787215289,5641010.46939679
0.00116659618096375,516.773036722485,524237.787215289,5641010.46939679
0.0108117288145067,516.773036722485,486737.787215289,5641510.46939679
0.0030627781284825,516.773036722485,487237.787215289,5641510.46939679
0.0024001272186844,516.773036722485,487737.787215289,5641510.46939679
0.00183417703893608,516.773036722485,488237.787215289,5641510.46939679
0.00420507875115286,516.773036722485,488737.787215289,5641510.46939679
0.00360251394402294,516.773036722485,489237.787215289,5641510.46939679
0.00294339095707331,516.773036722485,489737.787215289,5641510.46939679
0.00245605134148468,516.773036722485,490237.787215289,5641510.46939679
0.000762167140604272,516.773036722485,490737.787215289,5641510.46939679
0.000775710747849387,516.773036722485,491237.787215289,5641510.46939679
0.000697611279827242,516.773036722485,491737.787215289,5641510.46939679
0.0014203741202044,516.773036722485,492237.787215289,5641510.46939679
0.00109623162003311,516.773036722485,492737.787215289,5641510.46939679
0.00128695551734409,516.773036722485,493237.787215289,5641510.46939679
0.00382630950656103,516.773036722485,493737.787215289,5641510.46939679
0.0020277997563076,516.773036722485,494237.787215289,5641510.46939679
0.00112237006871892,516.773036722485,494737.787215289,5641510.46939679
0.00135287887508152,516.773036722485,495237.787215289,5641510.46939679
0.00160571259056756,516.773036722485,495737.787215289,5641510.46939679
0.00124160718604664,516.773036722485,496237.787215289,5641510.46939679
0.000655499776362851,516.773036722485,496737.787215289,5641510.46939679
0.00128623918745737,516.773036722485,497237.787215289,5641510.46939679
0.00136887150550207,516.773036722485,497737.787215289,5641510.46939679
0.00108039461036055,516.773036722485,498237.787215289,5641510.46939679
0.00076710922281327,516.773036722485,498737.787215289,5641510.46939679
0.000677291010810356,516.773036722485,499237.787215289,5641510.46939679
0.00183413142868436,516.773036722485,499737.787215289,5641510.46939679
0.00124681283339474,516.773036722485,500237.787215289,5641510.46939679
0.00433131919714013,516.773036722485,500737.787215289,5641510.46939679
0.00122366996853202,516.773036722485,501237.787215289,5641510.46939679
0.00425092290014038,516.773036722485,501737.787215289,5641510.46939679
0.0043784602445347,516.773036722485,502237.787215289,5641510.46939679
0.00412955942405218,516.773036722485,502737.787215289,5641510.46939679
0.00317436789273539,516.773036722485,503237.787215289,5641510.46939679
0.00153228943815832,516.773036722485,503737.787215289,5641510.46939679
0.00360744829352778,516.773036722485,504237.787215289,5641510.46939679
0.000828357991427392,516.773036722485,504737.787215289,5641510.46939679
0.00277267253144634,516.773036722485,505237.787215289,5641510.46939679
0.00105902092288704,516.773036722485,505737.787215289,5641510.46939679
0.00525193759599291,516.773036722485,506237.787215289,5641510.46939679
0.00165982403896176,516.773036722485,506737.787215289,5641510.46939679
0.00152083885318385,516.773036722485,507237.787215289,5641510.46939679
0.0044743904858533,516.773036722485,507737.787215289,5641510.46939679
0.00489191209244513,516.773036722485,508237.787215289,5641510.46939679
0.0015067116421797,516.773036722485,508737.787215289,5641510.46939679
0.00113853368828984,516.773036722485,509237.787215289,5641510.46939679
0.00349206982852047,516.773036722485,509737.787215289,5641510.46939679
0.0024034618968747,516.773036722485,510237.787215289,5641510.46939679
0.00350345442564635,516.773036722485,510737.787215289,5641510.46939679
0.00337829992953014,516.773036722485,511237.787215289,5641510.46939679
0.0015807430506791,516.773036722485,511737.787215289,5641510.46939679
0.000990955571565284,516.773036722485,512237.787215289,5641510.46939679
0.00298274627138591,516.773036722485,512737.787215289,5641510.46939679
0.00168229528434171,516.773036722485,513237.787215289,5641510.46939679
0.0020592809451008,516.773036722485,513737.787215289,5641510.46939679
0.0010546178800661,516.773036722485,514237.787215289,5641510.46939679
0.000272521486312781,516.773036722485,514737.787215289,5641510.46939679
0.00119447488513769,516.773036722485,515237.787215289,5641510.46939679
0.00173549233825537,516.773036722485,515737.787215289,5641510.46939679
0.00157768803904234,516.773036722485,516237.787215289,5641510.46939679
0.000454153020047609,516.773036722485,516737.787215289,5641510.46939679
0.00113568427102074,516.773036722485,517237.787215289,5641510.46939679
0.000388686843578358,516.773036722485,517737.787215289,5641510.46939679
0.000342515009712033,516.773036722485,518237.787215289,5641510.46939679
0.000454153020047609,516.773036722485,518737.787215289,5641510.46939679
0.000901568005512977,516.773036722485,519237.787215289,5641510.46939679
0.000802924800382324,516.773036722485,519737.787215289,5641510.46939679
0.001246153187237,516.773036722485,520237.787215289,5641510.46939679
0.00128122784151071,516.773036722485,520737.787215289,5641510.46939679
0.000687411675459438,516.773036722485,521237.787215289,5641510.46939679
0.000645701150580917,516.773036722485,521737.787215289,5641510.46939679
0.0023025635188173,516.773036722485,522237.787215289,5641510.46939679
0.00154187948015453,516.773036722485,522737.787215289,5641510.46939679
0.00162291051757389,516.773036722485,523237.787215289,5641510.46939679
0.000869600798512863,516.773036722485,523737.787215289,5641510.46939679
0.000786791799763853,516.773036722485,524237.787215289,5641510.46939679
0.0056139013387276,516.773036722485,486737.787215289,5642010.46939679
0.0030173827120213,516.773036722485,487237.787215289,5642010.46939679
0.00671467675142876,516.773036722485,487737.787215289,5642010.46939679
0.00528470206074197,516.773036722485,488237.787215289,5642010.46939679
0.00459043477471463,516.773036722485,488737.787215289,5642010.46939679
0.00401297202401491,516.773036722485,489237.787215289,5642010.46939679
0.000847001542741556,516.773036722485,489737.787215289,5642010.46939679
0.000931641312770316,516.773036722485,490237.787215289,5642010.46939679
0.00085884353561822,516.773036722485,490737.787215289,5642010.46939679
0.000787921778299271,516.773036722485,491237.787215289,5642010.46939679
0.000815969143269806,516.773036722485,491737.787215289,5642010.46939679
0.000773633844690372,516.773036722485,492237.787215289,5642010.46939679
0.000698708110859717,516.773036722485,492737.787215289,5642010.46939679
0.00179313073936289,516.773036722485,493237.787215289,5642010.46939679
0.00206370885963567,516.773036722485,493737.787215289,5642010.46939679
0.00338968365051895,516.773036722485,494237.787215289,5642010.46939679
0.00181254476332999,516.773036722485,494737.787215289,5642010.46939679
0.0015807430506791,516.773036722485,495237.787215289,5642010.46939679
0.001395659218774,516.773036722485,495737.787215289,5642010.46939679
0.000236653220158996,516.773036722485,496237.787215289,5642010.46939679
0.00180397242781574,516.773036722485,496737.787215289,5642010.46939679
0.000975753779450355,516.773036722485,497237.787215289,5642010.46939679
0.00360744829352778,516.773036722485,497737.787215289,5642010.46939679
0.001203548911193,516.773036722485,498237.787215289,5642010.46939679
0.000754495487856583,516.773036722485,498737.787215289,5642010.46939679
0.00124160718604664,516.773036722485,499237.787215289,5642010.46939679
0.00169507511875496,516.773036722485,499737.787215289,5642010.46939679
0.00256138528482999,516.773036722485,500237.787215289,5642010.46939679
0.00360744829352778,516.773036722485,500737.787215289,5642010.46939679
0.00306251298794675,516.773036722485,501237.787215289,5642010.46939679
0.00418102409930595,516.773036722485,501737.787215289,5642010.46939679
0.0035783293038851,516.773036722485,502237.787215289,5642010.46939679
0.0028026919437495,516.773036722485,502737.787215289,5642010.46939679
0.00143979235009599,516.773036722485,503237.787215289,5642010.46939679
0.00299279711116987,516.773036722485,503737.787215289,5642010.46939679
0.00435652072608184,516.773036722485,504237.787215289,5642010.46939679
0.00412062179208195,516.773036722485,504737.787215289,5642010.46939679
0.000977718890694491,516.773036722485,505237.787215289,5642010.46939679
0.00355106316469206,516.773036722485,505737.787215289,5642010.46939679
0.0021643923458302,516.773036722485,506237.787215289,5642010.46939679
0.00245142088669725,516.773036722485,506737.787215289,5642010.46939679
0.00304304716451147,516.773036722485,507237.787215289,5642010.46939679
0.00470233259160047,516.773036722485,507737.787215289,5642010.46939679
0.000915593231338514,516.773036722485,508237.787215289,5642010.46939679
0.00244135982358932,516.773036722485,508737.787215289,5642010.46939679
0.00320285733783592,516.773036722485,509237.787215289,5642010.46939679
0.00186590575433106,516.773036722485,509737.787215289,5642010.46939679
0.00288970852512376,516.773036722485,510237.787215289,5642010.46939679
0.00193548875168312,516.773036722485,510737.787215289,5642010.46939679
0.000931136256437002,516.773036722485,511237.787215289,5642010.46939679
0.001395659218774,516.773036722485,511737.787215289,5642010.46939679
0.00096058037727339,516.773036722485,512237.787215289,5642010.46939679
0.00153228943815832,516.773036722485,512737.787215289,5642010.46939679
0.000848109285275083,516.773036722485,513237.787215289,5642010.46939679
0.000848109285275083,516.773036722485,513737.787215289,5642010.46939679
0.00143979235009599,516.773036722485,514237.787215289,5642010.46939679
0.000511309814283907,516.773036722485,514737.787215289,5642010.46939679
0.00114520955469077,516.773036722485,515237.787215289,5642010.46939679
0.00144876352293059,516.773036722485,515737.787215289,5642010.46939679
0.00125463158609204,516.773036722485,516237.787215289,5642010.46939679
0.00143979235009599,516.773036722485,516737.787215289,5642010.46939679
0.00112043145318292,516.773036722485,517237.787215289,5642010.46939679
0.00105700421962785,516.773036722485,517737.787215289,5642010.46939679
0.00125171088073777,516.773036722485,518237.787215289,5642010.46939679
0.000975753779450355,516.773036722485,518737.787215289,5642010.46939679
0.00101104722084535,516.773036722485,519237.787215289,5642010.46939679
0.0013001217113715,516.773036722485,519737.787215289,5642010.46939679
0.00173189737883979,516.773036722485,520237.787215289,5642010.46939679
0.00084635248209403,516.773036722485,520737.787215289,5642010.46939679
0.000744247807736149,516.773036722485,521237.787215289,5642010.46939679
0.0011968389807994,516.773036722485,521737.787215289,5642010.46939679
0.00202268315167583,516.773036722485,522237.787215289,5642010.46939679
0.00196068300203638,516.773036722485,522737.787215289,5642010.46939679
0.000570287779367615,516.773036722485,523237.787215289,5642010.46939679
0.000785735863529376,516.773036722485,523737.787215289,5642010.46939679
0.000850028346935608,516.773036722485,524237.787215289,5642010.46939679
0.00424497049866881,516.773036722485,486737.787215289,5642510.46939679
0.00876290587598548,516.773036722485,487237.787215289,5642510.46939679
0.00698592373446856,516.773036722485,487737.787215289,5642510.46939679
0.00553665352790544,516.773036722485,488237.787215289,5642510.46939679
0.00484469087763344,516.773036722485,488737.787215289,5642510.46939679
0.00425606138538856,516.773036722485,489237.787215289,5642510.46939679
0.00353043411084485,516.773036722485,489737.787215289,5642510.46939679
0.000847001542741556,516.773036722485,490237.787215289,5642510.46939679
0.00273921207348001,516.773036722485,490737.787215289,5642510.46939679
0.000883890259813228,516.773036722485,491237.787215289,5642510.46939679
0.000804065078783543,516.773036722485,491737.787215289,5642510.46939679
0.000815969143269806,516.773036722485,492237.787215289,5642510.46939679
0.000762167140604272,516.773036722485,492737.787215289,5642510.46939679
0.000743595462605785,516.773036722485,493237.787215289,5642510.46939679
0.00161683711343469,516.773036722485,493737.787215289,5642510.46939679
0.00134637700646158,516.773036722485,494237.787215289,5642510.46939679
0.00256138528482999,516.773036722485,494737.787215289,5642510.46939679
0.00128695551734409,516.773036722485,495237.787215289,5642510.46939679
0.0010546178800661,516.773036722485,495737.787215289,5642510.46939679
0.0015807430506791,516.773036722485,496237.787215289,5642510.46939679
0.00348512755079287,516.773036722485,496737.787215289,5642510.46939679
0.00298274627138591,516.773036722485,497237.787215289,5642510.46939679
0.00348512755079287,516.773036722485,497737.787215289,5642510.46939679
0.00348512755079287,516.773036722485,498237.787215289,5642510.46939679
0.00348512755079287,516.773036722485,498737.787215289,5642510.46939679
0.00263350664684882,516.773036722485,499237.787215289,5642510.46939679
0.00289131785611028,516.773036722485,499737.787215289,5642510.46939679
0.00337829992953014,516.773036722485,500237.787215289,5642510.46939679
0.00211783005223289,516.773036722485,500737.787215289,5642510.46939679
0.00382630950656103,516.773036722485,501237.787215289,5642510.46939679
0.00359533324413407,516.773036722485,501737.787215289,5642510.46939679
0.00370902382996997,516.773036722485,502237.787215289,5642510.46939679
0.000455032435196093,516.773036722485,502737.787215289,5642510.46939679
0.000469421338983018,516.773036722485,503237.787215289,5642510.46939679
0.00140626157489974,516.773036722485,503737.787215289,5642510.46939679
0.00188915953838657,516.773036722485,504237.787215289,5642510.46939679
0.00219657637643548,516.773036722485,504737.787215289,5642510.46939679
0.00222613398586195,516.773036722485,505237.787215289,5642510.46939679
0.000972738138570643,516.773036722485,505737.787215289,5642510.46939679
0.00455819468048367,516.773036722485,506237.787215289,5642510.46939679
0.00683217561640941,516.773036722485,506737.787215289,5642510.46939679
0.0014638589465478,516.773036722485,507237.787215289,5642510.46939679
0.00207133798929791,516.773036722485,507737.787215289,5642510.46939679
0.00170652257063516,516.773036722485,508237.787215289,5642510.46939679
0.00493930895669011,516.773036722485,508737.787215289,5642510.46939679
0.00697508370472426,516.773036722485,509237.787215289,5642510.46939679
0.00442901215489999,516.773036722485,509737.787215289,5642510.46939679
0.00187358523899556,516.773036722485,510237.787215289,5642510.46939679
0.00327474683423478,516.773036722485,510737.787215289,5642510.46939679
0.00163072884929205,516.773036722485,511237.787215289,5642510.46939679
0.00163072884929205,516.773036722485,511737.787215289,5642510.46939679
0.0020529134190763,516.773036722485,512237.787215289,5642510.46939679
0.00127121195672406,516.773036722485,512737.787215289,5642510.46939679
0.000621222370324137,516.773036722485,513237.787215289,5642510.46939679
0.000874927951292512,516.773036722485,513737.787215289,5642510.46939679
0.000515376067520025,516.773036722485,514237.787215289,5642510.46939679
0.00112865597460067,516.773036722485,514737.787215289,5642510.46939679
0.000847001542741556,516.773036722485,515237.787215289,5642510.46939679
0.00159976137406656,516.773036722485,515737.787215289,5642510.46939679
0.00179037157399016,516.773036722485,516237.787215289,5642510.46939679
0.000900850276327101,516.773036722485,516737.787215289,5642510.46939679
0.00140698402177814,516.773036722485,517237.787215289,5642510.46939679
0.00171479895736714,516.773036722485,517737.787215289,5642510.46939679
0.00133029589631205,516.773036722485,518237.787215289,5642510.46939679
0.00117453607060774,516.773036722485,518737.787215289,5642510.46939679
0.001064667533907,516.773036722485,519237.787215289,5642510.46939679
0.00120797964834829,516.773036722485,519737.787215289,5642510.46939679
0.0012969858113024,516.773036722485,520237.787215289,5642510.46939679
0.00200549622720289,516.773036722485,520737.787215289,5642510.46939679
0.00146898417641425,516.773036722485,521237.787215289,5642510.46939679
0.000798012182051469,516.773036722485,521737.787215289,5642510.46939679
0.000687411675459438,516.773036722485,522237.787215289,5642510.46939679
0.000722961829420484,516.773036722485,522737.787215289,5642510.46939679
0.00147940216855824,516.773036722485,523237.787215289,5642510.46939679
0.00164913303353334,516.773036722485,523737.787215289,5642510.46939679
0.000685586947310167,516.773036722485,524237.787215289,5642510.46939679
0.00388454083104785,516.773036722485,486737.787215289,5643010.46939679
0.0094906470542706,516.773036722485,487237.787215289,5643010.46939679
0.00266658098447342,516.773036722485,487737.787215289,5643010.46939679
0.00205414878165767,516.773036722485,488237.787215289,5643010.46939679
0.0054500010176769,516.773036722485,488737.787215289,5643010.46939679
0.00157514686264695,516.773036722485,489237.787215289,5643010.46939679
0.00171651342835823,516.773036722485,489737.787215289,5643010.46939679
0.0012250600767497,516.773036722485,490237.787215289,5643010.46939679
0.00105808688145483,516.773036722485,490737.787215289,5643010.46939679
0.00114646811360783,516.773036722485,491237.787215289,5643010.46939679
0.00107224616023354,516.773036722485,491737.787215289,5643010.46939679
0.000875971057465247,516.773036722485,492237.787215289,5643010.46939679
0.000832517895993899,516.773036722485,492737.787215289,5643010.46939679
0.000943431178572473,516.773036722485,493237.787215289,5643010.46939679
0.000790957707869266,516.773036722485,493737.787215289,5643010.46939679
0.001092508975582,516.773036722485,494237.787215289,5643010.46939679
0.00145681240071658,516.773036722485,494737.787215289,5643010.46939679
0.0010827379871365,516.773036722485,495237.787215289,5643010.46939679
0.000806782443054812,516.773036722485,495737.787215289,5643010.46939679
0.00186986052851893,516.773036722485,496237.787215289,5643010.46939679
0.001395659218774,516.773036722485,496737.787215289,5643010.46939679
0.000531673140159328,516.773036722485,497237.787215289,5643010.46939679
0.00096058037727339,516.773036722485,497737.787215289,5643010.46939679
0.00135287887508152,516.773036722485,498237.787215289,5643010.46939679
0.00108796670101708,516.773036722485,498737.787215289,5643010.46939679
0.000874927951292512,516.773036722485,499237.787215289,5643010.46939679
0.000583722105124094,516.773036722485,499737.787215289,5643010.46939679
0.00102229128144765,516.773036722485,500237.787215289,5643010.46939679
0.000931136256437002,516.773036722485,500737.787215289,5643010.46939679
0.00179037157399016,516.773036722485,501237.787215289,5643010.46939679
0.00173549233825537,516.773036722485,501737.787215289,5643010.46939679
0.000725854297013179,516.773036722485,502237.787215289,5643010.46939679
0.000748807051224092,516.773036722485,502737.787215289,5643010.46939679
0.00160032005663112,516.773036722485,503237.787215289,5643010.46939679
0.00289707728134317,516.773036722485,503737.787215289,5643010.46939679
0.00230012808884418,516.773036722485,504237.787215289,5643010.46939679
0.00520618492739797,516.773036722485,504737.787215289,5643010.46939679
0.00402382988964343,516.773036722485,505237.787215289,5643010.46939679
0.00449778730391639,516.773036722485,505737.787215289,5643010.46939679
0.0020272711732266,516.773036722485,506237.787215289,5643010.46939679
0.00233977898770766,516.773036722485,506737.787215289,5643010.46939679
0.000218364796134124,516.773036722485,507237.787215289,5643010.46939679
0.000808389531376202,516.773036722485,507737.787215289,5643010.46939679
0.00272219438667422,516.773036722485,508237.787215289,5643010.46939679
0.00986342460835298,516.773036722485,508737.787215289,5643010.46939679
0.00280827482861521,516.773036722485,509237.787215289,5643010.46939679
0.00176048573277437,516.773036722485,509737.787215289,5643010.46939679
0.00383393140931183,516.773036722485,510237.787215289,5643010.46939679
0.00364604334472792,516.773036722485,510737.787215289,5643010.46939679
0.00327474683423478,516.773036722485,511237.787215289,5643010.46939679
0.0025407100192375,516.773036722485,511737.787215289,5643010.46939679
0.00371641210289561,516.773036722485,512237.787215289,5643010.46939679
0.00204320427259558,516.773036722485,512737.787215289,5643010.46939679
0.00128086892863754,516.773036722485,513237.787215289,5643010.46939679
0.00102196673612724,516.773036722485,513737.787215289,5643010.46939679
0.000837047427170355,516.773036722485,514237.787215289,5643010.46939679
0.00228129882445254,516.773036722485,514737.787215289,5643010.46939679
0.00119291474346907,516.773036722485,515237.787215289,5643010.46939679
0.000847001542741556,516.773036722485,515737.787215289,5643010.46939679
0.00105134258682629,516.773036722485,516237.787215289,5643010.46939679
0.000682037895777689,516.773036722485,516737.787215289,5643010.46939679
0.00137424905477081,516.773036722485,517237.787215289,5643010.46939679
0.000971935574878969,516.773036722485,517737.787215289,5643010.46939679
0.00127310150477539,516.773036722485,518237.787215289,5643010.46939679
0.00190822324798501,516.773036722485,518737.787215289,5643010.46939679
0.00240622314111026,516.773036722485,519237.787215289,5643010.46939679
0.000987808392976862,516.773036722485,519737.787215289,5643010.46939679
0.00263247335857901,516.773036722485,520237.787215289,5643010.46939679
0.00227599995799533,516.773036722485,520737.787215289,5643010.46939679
0.00224322691727595,516.773036722485,521237.787215289,5643010.46939679
0.000711951670718127,516.773036722485,521737.787215289,5643010.46939679
0.000818836627444469,516.773036722485,522237.787215289,5643010.46939679
0.000349594453884349,516.773036722485,522737.787215289,5643010.46939679
0.000383818544039909,516.773036722485,523237.787215289,5643010.46939679
0.00168067061899248,516.773036722485,523737.787215289,5643010.46939679
0.00220670019080673,516.773036722485,524237.787215289,5643010.46939679
0.00417409362137617,516.773036722485,486737.787215289,5643510.46939679
0.00374664911812835,516.773036722485,487237.787215289,5643510.46939679
0.0027483306311002,516.773036722485,487737.787215289,5643510.46939679
0.00230279396930839,516.773036722485,488237.787215289,5643510.46939679
0.00612167069214297,516.773036722485,488737.787215289,5643510.46939679
0.00223393811902187,516.773036722485,489237.787215289,5643510.46939679
0.00574497888452555,516.773036722485,489737.787215289,5643510.46939679
0.0016195999050454,516.773036722485,490237.787215289,5643510.46939679
0.00379651129279354,516.773036722485,490737.787215289,5643510.46939679
0.00147665903139429,516.773036722485,491237.787215289,5643510.46939679
0.00116559311920811,516.773036722485,491737.787215289,5643510.46939679
0.00103008094893978,516.773036722485,492237.787215289,5643510.46939679
0.000978353333853873,516.773036722485,492737.787215289,5643510.46939679
0.00282629503361445,516.773036722485,493237.787215289,5643510.46939679
0.0022124606175975,516.773036722485,493737.787215289,5643510.46939679
0.000892411169410964,516.773036722485,494237.787215289,5643510.46939679
0.00212924597724733,516.773036722485,494737.787215289,5643510.46939679
0.000867474677868879,516.773036722485,495237.787215289,5643510.46939679
0.000726972920695024,516.773036722485,495737.787215289,5643510.46939679
0.000818161643831654,516.773036722485,496237.787215289,5643510.46939679
0.00225388655567894,516.773036722485,496737.787215289,5643510.46939679
0.00218479946034883,516.773036722485,497237.787215289,5643510.46939679
0.000734843774390173,516.773036722485,497737.787215289,5643510.46939679
0.000806782443054812,516.773036722485,498237.787215289,5643510.46939679
0.000832294283645019,516.773036722485,498737.787215289,5643510.46939679
0.000572837227191118,516.773036722485,499237.787215289,5643510.46939679
0.00298274627138591,516.773036722485,499737.787215289,5643510.46939679
0.000441084586246252,516.773036722485,500237.787215289,5643510.46939679
0.000602180396356262,516.773036722485,500737.787215289,5643510.46939679
0.000822112676486358,516.773036722485,501237.787215289,5643510.46939679
0.00131140985279318,516.773036722485,501737.787215289,5643510.46939679
0.00155126636134526,516.773036722485,502237.787215289,5643510.46939679
0.0023873393357766,516.773036722485,502737.787215289,5643510.46939679
0.00181615530238698,516.773036722485,503237.787215289,5643510.46939679
0.00372068174474407,516.773036722485,503737.787215289,5643510.46939679
0.00175571277482059,516.773036722485,504237.787215289,5643510.46939679
0.00162058127764387,516.773036722485,504737.787215289,5643510.46939679
0.00706757120714746,516.773036722485,505237.787215289,5643510.46939679
0.00701012106821214,516.773036722485,505737.787215289,5643510.46939679
0.00754311884008873,516.773036722485,506237.787215289,5643510.46939679
0.0018630417192663,516.773036722485,506737.787215289,5643510.46939679
0.00142404714126923,516.773036722485,507237.787215289,5643510.46939679
0.000860323185328028,516.773036722485,507737.787215289,5643510.46939679
0.000195404227826726,516.773036722485,508237.787215289,5643510.46939679
0.00258877450866321,516.773036722485,508737.787215289,5643510.46939679
0.0042092600586786,516.773036722485,509237.787215289,5643510.46939679
0.0032812700393914,516.773036722485,509737.787215289,5643510.46939679
0.00089053826854497,516.773036722485,510237.787215289,5643510.46939679
0.00292115942503188,516.773036722485,510737.787215289,5643510.46939679
0.00428731313220839,516.773036722485,511237.787215289,5643510.46939679
0.00111280890314831,516.773036722485,511737.787215289,5643510.46939679
0.00395516687717576,516.773036722485,512237.787215289,5643510.46939679
0.0032812700393914,516.773036722485,512737.787215289,5643510.46939679
0.000927550591212992,516.773036722485,513237.787215289,5643510.46939679
0.000791638700861589,516.773036722485,513737.787215289,5643510.46939679
0.00126814134485502,516.773036722485,514237.787215289,5643510.46939679
0.000966565637985103,516.773036722485,514737.787215289,5643510.46939679
0.0022641641455778,516.773036722485,515237.787215289,5643510.46939679
0.00055757000763351,516.773036722485,515737.787215289,5643510.46939679
0.0049951803345369,516.773036722485,516237.787215289,5643510.46939679
0.000469421338983018,516.773036722485,516737.787215289,5643510.46939679
0.00186578993050965,516.773036722485,517237.787215289,5643510.46939679
0.00305998071799474,516.773036722485,517737.787215289,5643510.46939679
0.00162444915855477,516.773036722485,518237.787215289,5643510.46939679
0.00342097730836253,516.773036722485,518737.787215289,5643510.46939679
0.00235284998565985,516.773036722485,519237.787215289,5643510.46939679
0.00157719750727112,516.773036722485,519737.787215289,5643510.46939679
0.00144305024426854,516.773036722485,520237.787215289,5643510.46939679
0.000795536457720625,516.773036722485,520737.787215289,5643510.46939679
0.00072435073708274,516.773036722485,521237.787215289,5643510.46939679
0.000909706216897923,516.773036722485,521737.787215289,5643510.46939679
0.00119332132905602,516.773036722485,522237.787215289,5643510.46939679
0.000761335995126866,516.773036722485,522737.787215289,5643510.46939679
0.000959652703238616,516.773036722485,523237.787215289,5643510.46939679
0.000408476334217534,516.773036722485,523737.787215289,5643510.46939679
0.00114114942129866,516.773036722485,524237.787215289,5643510.46939679
0.0065543648550054,516.773036722485,486737.787215289,5644010.46939679
0.00511678908147321,516.773036722485,487237.787215289,5644010.46939679
0.00937934527292618,516.773036722485,487737.787215289,5644010.46939679
0.00356197993779129,516.773036722485,488237.787215289,5644010.46939679
0.00217126750277384,516.773036722485,488737.787215289,5644010.46939679
0.00203970108701441,516.773036722485,489237.787215289,5644010.46939679
0.00282878336924724,516.773036722485,489737.787215289,5644010.46939679
0.0016916547276894,516.773036722485,490237.787215289,5644010.46939679
0.00153324311575839,516.773036722485,490737.787215289,5644010.46939679
0.00164077022015489,516.773036722485,491237.787215289,5644010.46939679
0.00126379461541394,516.773036722485,491737.787215289,5644010.46939679
0.00116559311920811,516.773036722485,492237.787215289,5644010.46939679
0.00127539341061991,516.773036722485,492737.787215289,5644010.46939679
0.00101223205827145,516.773036722485,493237.787215289,5644010.46939679
0.000991493074410858,516.773036722485,493737.787215289,5644010.46939679
0.00109911126808729,516.773036722485,494237.787215289,5644010.46939679
0.000806197858264798,516.773036722485,494737.787215289,5644010.46939679
0.000749920088980682,516.773036722485,495237.787215289,5644010.46939679
0.00084220656749085,516.773036722485,495737.787215289,5644010.46939679
0.00061284405188124,516.773036722485,496237.787215289,5644010.46939679
0.000645734932332601,516.773036722485,496737.787215289,5644010.46939679
0.00063103524709038,516.773036722485,497237.787215289,5644010.46939679
0.000650989660785371,516.773036722485,497737.787215289,5644010.46939679
0.000881574486205327,516.773036722485,498237.787215289,5644010.46939679
0.000778353925503471,516.773036722485,498737.787215289,5644010.46939679
0.000625941588823079,516.773036722485,499237.787215289,5644010.46939679
0.00145072997085434,516.773036722485,499737.787215289,5644010.46939679
0.00239868378509139,516.773036722485,500237.787215289,5644010.46939679
0.00128695551734409,516.773036722485,500737.787215289,5644010.46939679
0.00181254476332999,516.773036722485,501237.787215289,5644010.46939679
0.00218479946034883,516.773036722485,501737.787215289,5644010.46939679
0.00306251298794675,516.773036722485,502237.787215289,5644010.46939679
0.00199395063670871,516.773036722485,502737.787215289,5644010.46939679
0.00280827482861521,516.773036722485,503237.787215289,5644010.46939679
0.00613651673507419,516.773036722485,503737.787215289,5644010.46939679
0.00206007427658442,516.773036722485,504237.787215289,5644010.46939679
0.0017092572794487,516.773036722485,504737.787215289,5644010.46939679
0.00226313886132045,516.773036722485,505237.787215289,5644010.46939679
0.00715422239502526,516.773036722485,505737.787215289,5644010.46939679
0.00843320815862303,516.773036722485,506237.787215289,5644010.46939679
0.00190278611002116,516.773036722485,506737.787215289,5644010.46939679
0.002887969335708,516.773036722485,507237.787215289,5644010.46939679
0.00137236212759494,516.773036722485,507737.787215289,5644010.46939679
0.00169691918883142,516.773036722485,508237.787215289,5644010.46939679
0.000713737948328088,516.773036722485,508737.787215289,5644010.46939679
0.0032812700393914,516.773036722485,509237.787215289,5644010.46939679
0.00434932271499082,516.773036722485,509737.787215289,5644010.46939679
0.00433059121791367,516.773036722485,510237.787215289,5644010.46939679
0.004422643752012,516.773036722485,510737.787215289,5644010.46939679
0.00466707357690961,516.773036722485,511237.787215289,5644010.46939679
0.00349206982852047,516.773036722485,511737.787215289,5644010.46939679
0.00338502940958966,516.773036722485,512237.787215289,5644010.46939679
0.00435709187946839,516.773036722485,512737.787215289,5644010.46939679
0.0012740414811304,516.773036722485,513237.787215289,5644010.46939679
0.00304836500641158,516.773036722485,513737.787215289,5644010.46939679
0.00195367460844085,516.773036722485,514237.787215289,5644010.46939679
0.00122751153687299,516.773036722485,514737.787215289,5644010.46939679
0.00102229128144765,516.773036722485,515237.787215289,5644010.46939679
0.000167002226038962,516.773036722485,515737.787215289,5644010.46939679
0.00206893910192595,516.773036722485,516237.787215289,5644010.46939679
0.00286526893034512,516.773036722485,516737.787215289,5644010.46939679
0.00356983068441183,516.773036722485,517237.787215289,5644010.46939679
0.00256825300575298,516.773036722485,517737.787215289,5644010.46939679
0.00153638099514443,516.773036722485,518237.787215289,5644010.46939679
0.0025179642272145,516.773036722485,518737.787215289,5644010.46939679
0.00114741847975688,516.773036722485,519237.787215289,5644010.46939679
0.000925327289313862,516.773036722485,519737.787215289,5644010.46939679
0.000808334875455999,516.773036722485,520237.787215289,5644010.46939679
0.00109786356947845,516.773036722485,520737.787215289,5644010.46939679
0.00131823390344575,516.773036722485,521237.787215289,5644010.46939679
0.00090142323262856,516.773036722485,521737.787215289,5644010.46939679
0.000540569027206304,516.773036722485,522237.787215289,5644010.46939679
0.000835868160744445,516.773036722485,522737.787215289,5644010.46939679
0.00139822365267039,516.773036722485,523237.787215289,5644010.46939679
0.000421393054472341,516.773036722485,523737.787215289,5644010.46939679
0.000272521486312781,516.773036722485,524237.787215289,5644010.46939679
0.00859631260377137,516.773036722485,486737.787215289,5644510.46939679
0.0115973252052745,516.773036722485,487237.787215289,5644510.46939679
0.016205457457527,516.773036722485,487737.787215289,5644510.46939679
0.0029248926057435,516.773036722485,488237.787215289,5644510.46939679
0.00684890915122071,516.773036722485,488737.787215289,5644510.46939679
0.00302176777357504,516.773036722485,489237.787215289,5644510.46939679
0.00220767308720466,516.773036722485,489737.787215289,5644510.46939679
0.00269363269852877,516.773036722485,490237.787215289,5644510.46939679
0.00274920676276762,516.773036722485,490737.787215289,5644510.46939679
0.00161037125761203,516.773036722485,491237.787215289,5644510.46939679
0.0015019747827893,516.773036722485,491737.787215289,5644510.46939679
0.00316279194424721,516.773036722485,492237.787215289,5644510.46939679
0.00129103023277601,516.773036722485,492737.787215289,5644510.46939679
0.0012250600767497,516.773036722485,493237.787215289,5644510.46939679
0.00115755951201842,516.773036722485,493737.787215289,5644510.46939679
0.00719564778009567,516.773036722485,494237.787215289,5644510.46939679
0.000984789130916984,516.773036722485,494737.787215289,5644510.46939679
0.000804065078783543,516.773036722485,495237.787215289,5644510.46939679
0.0008316912132842,516.773036722485,495737.787215289,5644510.46939679
0.000704650949363347,516.773036722485,496237.787215289,5644510.46939679
0.000816390891333911,516.773036722485,496737.787215289,5644510.46939679
0.000942143389665742,516.773036722485,497237.787215289,5644510.46939679
0.000781617305494917,516.773036722485,497737.787215289,5644510.46939679
0.000868838579477249,516.773036722485,498237.787215289,5644510.46939679
0.00266487063180752,516.773036722485,498737.787215289,5644510.46939679
0.00425092290014038,516.773036722485,499237.787215289,5644510.46939679
0.00425092290014038,516.773036722485,499737.787215289,5644510.46939679
0.00314036748866442,516.773036722485,500237.787215289,5644510.46939679
0.00314036748866442,516.773036722485,500737.787215289,5644510.46939679
0.00158317915475492,516.773036722485,501237.787215289,5644510.46939679
0.00272219438667422,516.773036722485,501737.787215289,5644510.46939679
0.00232978995417053,516.773036722485,502237.787215289,5644510.46939679
0.00395516687717576,516.773036722485,502737.787215289,5644510.46939679
0.00375125787994159,516.773036722485,503237.787215289,5644510.46939679
0.00461338396620817,516.773036722485,503737.787215289,5644510.46939679
0.00165686439378574,516.773036722485,504237.787215289,5644510.46939679
0.00159278801572846,516.773036722485,504737.787215289,5644510.46939679
0.00383842423949749,516.773036722485,505237.787215289,5644510.46939679
0.00580163440076174,516.773036722485,505737.787215289,5644510.46939679
0.01016406131728,516.773036722485,506237.787215289,5644510.46939679
0.0111108682686671,516.773036722485,506737.787215289,5644510.46939679
0.00254744263019223,516.773036722485,507237.787215289,5644510.46939679
0.00264696521078844,516.773036722485,507737.787215289,5644510.46939679
0.00204542707193792,516.773036722485,508237.787215289,5644510.46939679
0.000808389531376202,516.773036722485,508737.787215289,5644510.46939679
0.000691860147268129,516.773036722485,509237.787215289,5644510.46939679
0.0014966389138117,516.773036722485,509737.787215289,5644510.46939679
0.00364085278953503,516.773036722485,510237.787215289,5644510.46939679
0.00459661042662412,516.773036722485,510737.787215289,5644510.46939679
0.00280496072996188,516.773036722485,511237.787215289,5644510.46939679
0.00371641210289561,516.773036722485,511737.787215289,5644510.46939679
0.00622701004534626,516.773036722485,512237.787215289,5644510.46939679
0.00131525032814917,516.773036722485,512737.787215289,5644510.46939679
0.00455419212950752,516.773036722485,513237.787215289,5644510.46939679
0.00386385031414622,516.773036722485,513737.787215289,5644510.46939679
0.00387469155184499,516.773036722485,514237.787215289,5644510.46939679
0.000851546746574059,516.773036722485,514737.787215289,5644510.46939679
0.00151057313856614,516.773036722485,515237.787215289,5644510.46939679
0.000251522550839634,516.773036722485,515737.787215289,5644510.46939679
0.000567840068134545,516.773036722485,516237.787215289,5644510.46939679
0.000847001542741556,516.773036722485,516737.787215289,5644510.46939679
0.00153228943815832,516.773036722485,517237.787215289,5644510.46939679
0.00158237775625577,516.773036722485,517737.787215289,5644510.46939679
0.00139928241754546,516.773036722485,518237.787215289,5644510.46939679
0.000987467817589419,516.773036722485,518737.787215289,5644510.46939679
0.00135061987333419,516.773036722485,519237.787215289,5644510.46939679
0.000619935548619346,516.773036722485,519737.787215289,5644510.46939679
0.000988455163005921,516.773036722485,520237.787215289,5644510.46939679
0.00194832516457791,516.773036722485,520737.787215289,5644510.46939679
0.00101509224527261,516.773036722485,521237.787215289,5644510.46939679
0.000448464757184044,516.773036722485,521737.787215289,5644510.46939679
0.000338878535063355,516.773036722485,522237.787215289,5644510.46939679
0.000462645979760337,516.773036722485,522737.787215289,5644510.46939679
0.00108691600449745,516.773036722485,523237.787215289,5644510.46939679
0.00122138995090307,516.773036722485,523737.787215289,5644510.46939679
0.000874082995511699,516.773036722485,524237.787215289,5644510.46939679
0.0184027371356714,516.773036722485,486737.787215289,5645010.46939679
0.0132074718191286,516.773036722485,487237.787215289,5645010.46939679
0.00868063309297255,516.773036722485,487737.787215289,5645010.46939679
0.0136275630919932,516.773036722485,488237.787215289,5645010.46939679
0.0140805209164432,516.773036722485,488737.787215289,5645010.46939679
0.0073607643295833,516.773036722485,489237.787215289,5645010.46939679
0.00213074919939955,516.773036722485,489737.787215289,5645010.46939679
0.00213503668841219,516.773036722485,490237.787215289,5645010.46939679
0.00216618260122769,516.773036722485,490737.787215289,5645010.46939679
0.00197985251236589,516.773036722485,491237.787215289,5645010.46939679
0.00162495570022385,516.773036722485,491737.787215289,5645010.46939679
0.00153019458355879,516.773036722485,492237.787215289,5645010.46939679
0.00158172688519585,516.773036722485,492737.787215289,5645010.46939679
0.000847001542741556,516.773036722485,493237.787215289,5645010.46939679
0.00360251394402294,516.773036722485,493737.787215289,5645010.46939679
0.000901415761766036,516.773036722485,494237.787215289,5645010.46939679
0.00102284578105242,516.773036722485,494737.787215289,5645010.46939679
0.00105587521607754,516.773036722485,495237.787215289,5645010.46939679
0.000861607817484405,516.773036722485,495737.787215289,5645010.46939679
0.000841771483031695,516.773036722485,496237.787215289,5645010.46939679
0.000786268169030926,516.773036722485,496737.787215289,5645010.46939679
0.00066389201172719,516.773036722485,497237.787215289,5645010.46939679
0.00253208213450754,516.773036722485,497737.787215289,5645010.46939679
0.00463700607073631,516.773036722485,498237.787215289,5645010.46939679
0.00576608415575527,516.773036722485,498737.787215289,5645010.46939679
0.00435709187946839,516.773036722485,499237.787215289,5645010.46939679
0.00422353643441707,516.773036722485,499737.787215289,5645010.46939679
0.000868838579477249,516.773036722485,500237.787215289,5645010.46939679
0.00311371240232776,516.773036722485,500737.787215289,5645010.46939679
0.00199395063670871,516.773036722485,501237.787215289,5645010.46939679
0.00247946347239924,516.773036722485,501737.787215289,5645010.46939679
0.00127310150477539,516.773036722485,502237.787215289,5645010.46939679
0.00111398275394364,516.773036722485,502737.787215289,5645010.46939679
0.00109773100882692,516.773036722485,503237.787215289,5645010.46939679
0.00276945258662282,516.773036722485,503737.787215289,5645010.46939679
0.0033987142761192,516.773036722485,504237.787215289,5645010.46939679
0.00136526342264553,516.773036722485,504737.787215289,5645010.46939679
0.00288077410450484,516.773036722485,505237.787215289,5645010.46939679
0.01016406131728,516.773036722485,505737.787215289,5645010.46939679
0.0120038645757306,516.773036722485,506237.787215289,5645010.46939679
0.0107077420394784,516.773036722485,506737.787215289,5645010.46939679
0.00350293833248814,516.773036722485,507237.787215289,5645010.46939679
0.00694836943823016,516.773036722485,507737.787215289,5645010.46939679
0.00412953661270674,516.773036722485,508237.787215289,5645010.46939679
0.00318069114581573,516.773036722485,508737.787215289,5645010.46939679
0.000650095812557584,516.773036722485,509237.787215289,5645010.46939679
0.00169769538138616,516.773036722485,509737.787215289,5645010.46939679
0.00135361268824726,516.773036722485,510237.787215289,5645010.46939679
0.00470538656201636,516.773036722485,510737.787215289,5645010.46939679
0.00517498669998049,516.773036722485,511237.787215289,5645010.46939679
0.00383393140931183,516.773036722485,511737.787215289,5645010.46939679
0.0029886878194943,516.773036722485,512237.787215289,5645010.46939679
0.00524257282514621,516.773036722485,512737.787215289,5645010.46939679
0.0036362727179305,516.773036722485,513237.787215289,5645010.46939679
0.00235284998565985,516.773036722485,513737.787215289,5645010.46939679
0.00114963209899232,516.773036722485,514237.787215289,5645010.46939679
0.00241238241131829,516.773036722485,514737.787215289,5645010.46939679
0.000707989179140057,516.773036722485,515237.787215289,5645010.46939679
0.000537960016209926,516.773036722485,515737.787215289,5645010.46939679
0.000571827977050624,516.773036722485,516237.787215289,5645010.46939679
0.00111342472104852,516.773036722485,516737.787215289,5645010.46939679
0.000640866484074023,516.773036722485,517237.787215289,5645010.46939679
0.00218242812372123,516.773036722485,517737.787215289,5645010.46939679
0.00309571266571078,516.773036722485,518237.787215289,5645010.46939679
0.00122348831964295,516.773036722485,518737.787215289,5645010.46939679
0.000236110381749552,516.773036722485,519237.787215289,5645010.46939679
0.000605313901505678,516.773036722485,519737.787215289,5645010.46939679
0.00062823340159596,516.773036722485,520237.787215289,5645010.46939679
0.00173381629820933,516.773036722485,520737.787215289,5645010.46939679
0.000848375723209413,516.773036722485,521237.787215289,5645010.46939679
0.000408476334217534,516.773036722485,521737.787215289,5645010.46939679
0.000360649228384582,516.773036722485,522237.787215289,5645010.46939679
0.000272521486312781,516.773036722485,522737.787215289,5645010.46939679
0.000959652703238616,516.773036722485,523237.787215289,5645010.46939679
0.00127252656460665,516.773036722485,523737.787215289,5645010.46939679
0.00220670019080673,516.773036722485,524237.787215289,5645010.46939679
0.00596332209647249,516.773036722485,486737.787215289,5645510.46939679
0.00701048000029977,516.773036722485,487237.787215289,5645510.46939679
0.00998011243973862,516.773036722485,487737.787215289,5645510.46939679
0.0250346570645029,516.773036722485,488237.787215289,5645510.46939679
0.0143391221248176,516.773036722485,488737.787215289,5645510.46939679
0.0224256878081409,516.773036722485,489237.787215289,5645510.46939679
0.0163250007214617,516.773036722485,489737.787215289,5645510.46939679
0.00280406608750819,516.773036722485,490237.787215289,5645510.46939679
0.00745340648566838,516.773036722485,490737.787215289,5645510.46939679
0.00226763567217631,516.773036722485,491237.787215289,5645510.46939679
0.00205414878165767,516.773036722485,491737.787215289,5645510.46939679
0.00182506606696882,516.773036722485,492237.787215289,5645510.46939679
0.00286668069458652,516.773036722485,492737.787215289,5645510.46939679
0.0018921768536747,516.773036722485,493237.787215289,5645510.46939679
0.00241374930446278,516.773036722485,493737.787215289,5645510.46939679
0.00151140103908906,516.773036722485,494237.787215289,5645510.46939679
0.00243000852122833,516.773036722485,494737.787215289,5645510.46939679
0.00626112718355214,516.773036722485,495237.787215289,5645510.46939679
0.00125870338406087,516.773036722485,495737.787215289,5645510.46939679
0.00219414529249667,516.773036722485,496237.787215289,5645510.46939679
0.00222715591897294,516.773036722485,496737.787215289,5645510.46939679
0.00136673706517789,516.773036722485,497237.787215289,5645510.46939679
0.00106542083909679,516.773036722485,497737.787215289,5645510.46939679
0.00603122823478967,516.773036722485,498237.787215289,5645510.46939679
0.00485102838996812,516.773036722485,498737.787215289,5645510.46939679
0.00455819468048367,516.773036722485,499237.787215289,5645510.46939679
0.00135339027552555,516.773036722485,499737.787215289,5645510.46939679
0.00286431150808144,516.773036722485,500237.787215289,5645510.46939679
0.00379056987109278,516.773036722485,500737.787215289,5645510.46939679
0.00360249504855594,516.773036722485,501237.787215289,5645510.46939679
0.00113853368828984,516.773036722485,501737.787215289,5645510.46939679
0.00135449180367007,516.773036722485,502237.787215289,5645510.46939679
0.00125284361935534,516.773036722485,502737.787215289,5645510.46939679
0.00104424056705003,516.773036722485,503237.787215289,5645510.46939679
0.00130502841459423,516.773036722485,503737.787215289,5645510.46939679
0.00147665440905112,516.773036722485,504237.787215289,5645510.46939679
0.00142404714126923,516.773036722485,504737.787215289,5645510.46939679
0.00228858333127336,516.773036722485,505237.787215289,5645510.46939679
0.00203474373205292,516.773036722485,505737.787215289,5645510.46939679
0.00758101307451721,516.773036722485,506237.787215289,5645510.46939679
0.00723219017839232,516.773036722485,506737.787215289,5645510.46939679
0.00360249504855594,516.773036722485,507237.787215289,5645510.46939679
0.00408023601786765,516.773036722485,507737.787215289,5645510.46939679
0.00232978995417053,516.773036722485,508237.787215289,5645510.46939679
0.00155435644104908,516.773036722485,508737.787215289,5645510.46939679
0.000630168797481022,516.773036722485,509237.787215289,5645510.46939679
0.000736307562872477,516.773036722485,509737.787215289,5645510.46939679
0.00155435644104908,516.773036722485,510237.787215289,5645510.46939679
0.00263875251928059,516.773036722485,510737.787215289,5645510.46939679
0.00146052727207643,516.773036722485,511237.787215289,5645510.46939679
0.000944545855139964,516.773036722485,511737.787215289,5645510.46939679
0.00121167690982498,516.773036722485,512237.787215289,5645510.46939679
0.000808389531376202,516.773036722485,512737.787215289,5645510.46939679
0.00117453607060774,516.773036722485,513237.787215289,5645510.46939679
0.00181615530238698,516.773036722485,513737.787215289,5645510.46939679
0.00289707728134317,516.773036722485,514237.787215289,5645510.46939679
0.000897099062933162,516.773036722485,514737.787215289,5645510.46939679
0.00283865484302522,516.773036722485,515237.787215289,5645510.46939679
0.0015987069937649,516.773036722485,515737.787215289,5645510.46939679
0.00131014336755346,516.773036722485,516237.787215289,5645510.46939679
0.00126998429233194,516.773036722485,516737.787215289,5645510.46939679
0.000715377731085765,516.773036722485,517237.787215289,5645510.46939679
0.00190355092827508,516.773036722485,517737.787215289,5645510.46939679
0.00393448391116061,516.773036722485,518237.787215289,5645510.46939679
0.00127782683365545,516.773036722485,518737.787215289,5645510.46939679
0.00172020239212459,516.773036722485,519237.787215289,5645510.46939679
0.00168538639354149,516.773036722485,519737.787215289,5645510.46939679
0.000318422035840947,516.773036722485,520237.787215289,5645510.46939679
0.000917696768073966,516.773036722485,520737.787215289,5645510.46939679
0.000612256001804908,516.773036722485,521237.787215289,5645510.46939679
0.000962345381829339,516.773036722485,521737.787215289,5645510.46939679
0.000578579426389098,516.773036722485,522237.787215289,5645510.46939679
0.000814869741291643,516.773036722485,522737.787215289,5645510.46939679
0.000941644933722404,516.773036722485,523237.787215289,5645510.46939679
0.00133569674815059,516.773036722485,523737.787215289,5645510.46939679
0.00288192743992964,516.773036722485,524237.787215289,5645510.46939679
0.0408129599778141,516.773036722485,486737.787215289,5646010.46939679
0.00555417172433667,516.773036722485,487237.787215289,5646010.46939679
0.00578693654807885,516.773036722485,487737.787215289,5646010.46939679
0.0119145247727661,516.773036722485,488237.787215289,5646010.46939679
0.0118510309349852,516.773036722485,488737.787215289,5646010.46939679
0.0162406892361271,516.773036722485,489237.787215289,5646010.46939679
0.0192942656210272,516.773036722485,489737.787215289,5646010.46939679
0.00315962841079796,516.773036722485,490237.787215289,5646010.46939679
0.0031759242670766,516.773036722485,490737.787215289,5646010.46939679
0.00304746931846155,516.773036722485,491237.787215289,5646010.46939679
0.00235557697153616,516.773036722485,491737.787215289,5646010.46939679
0.00254374588921971,516.773036722485,492237.787215289,5646010.46939679
0.00238324611178984,516.773036722485,492737.787215289,5646010.46939679
0.00486661920331976,516.773036722485,493237.787215289,5646010.46939679
0.00296755645760128,516.773036722485,493737.787215289,5646010.46939679
0.000959325732666554,516.773036722485,494237.787215289,5646010.46939679
0.00253708132930398,516.773036722485,494737.787215289,5646010.46939679
0.00311723987046654,516.773036722485,495237.787215289,5646010.46939679
0.00602737768163292,516.773036722485,495737.787215289,5646010.46939679
0.00732253007893737,516.773036722485,496237.787215289,5646010.46939679
0.00542152860065466,516.773036722485,496737.787215289,5646010.46939679
0.00603221939152488,516.773036722485,497237.787215289,5646010.46939679
0.00662275284535927,516.773036722485,497737.787215289,5646010.46939679
0.00695481430109666,516.773036722485,498237.787215289,5646010.46939679
0.00227411482771943,516.773036722485,498737.787215289,5646010.46939679
0.00177275453317419,516.773036722485,499237.787215289,5646010.46939679
0.00110809659893679,516.773036722485,499737.787215289,5646010.46939679
0.00662275284535927,516.773036722485,500237.787215289,5646010.46939679
0.00727109748566798,516.773036722485,500737.787215289,5646010.46939679
0.0032812700393914,516.773036722485,501237.787215289,5646010.46939679
0.00383393140931183,516.773036722485,501737.787215289,5646010.46939679
0.00463187401564201,516.773036722485,502237.787215289,5646010.46939679
0.00231421475005988,516.773036722485,502737.787215289,5646010.46939679
0.00143941704189603,516.773036722485,503237.787215289,5646010.46939679
0.00141741763563423,516.773036722485,503737.787215289,5646010.46939679
0.00336598030329798,516.773036722485,504237.787215289,5646010.46939679
0.00222327066801411,516.773036722485,504737.787215289,5646010.46939679
0.00164747103567198,516.773036722485,505237.787215289,5646010.46939679
0.00307062832119436,516.773036722485,505737.787215289,5646010.46939679
0.00919532661565112,516.773036722485,506237.787215289,5646010.46939679
0.00360249504855594,516.773036722485,506737.787215289,5646010.46939679
0.00199395063670871,516.773036722485,507237.787215289,5646010.46939679
0.00272219438667422,516.773036722485,507737.787215289,5646010.46939679
0.00395516687717576,516.773036722485,508237.787215289,5646010.46939679
0.00110363486640316,516.773036722485,508737.787215289,5646010.46939679
0.000887528075753062,516.773036722485,509237.787215289,5646010.46939679
0.00100522664785008,516.773036722485,509737.787215289,5646010.46939679
0.000177227099742897,516.773036722485,510237.787215289,5646010.46939679
0.00103701363357064,516.773036722485,510737.787215289,5646010.46939679
0.00218915152047053,516.773036722485,511237.787215289,5646010.46939679
0.000887528075753062,516.773036722485,511737.787215289,5646010.46939679
0.000736307562872477,516.773036722485,512237.787215289,5646010.46939679
0.000736307562872477,516.773036722485,512737.787215289,5646010.46939679
0.000860323185328028,516.773036722485,513237.787215289,5646010.46939679
0.000670652953929589,516.773036722485,513737.787215289,5646010.46939679
0.00103701363357064,516.773036722485,514237.787215289,5646010.46939679
0.000564852275223801,516.773036722485,514737.787215289,5646010.46939679
0.00157692476660174,516.773036722485,515237.787215289,5646010.46939679
0.00116255424323889,516.773036722485,515737.787215289,5646010.46939679
0.00234846600992822,516.773036722485,516237.787215289,5646010.46939679
0.00265990527989431,516.773036722485,516737.787215289,5646010.46939679
0.000575296993992581,516.773036722485,517237.787215289,5646010.46939679
0.00123105619027152,516.773036722485,517737.787215289,5646010.46939679
0.00124345555469572,516.773036722485,518237.787215289,5646010.46939679
0.000903528076337664,516.773036722485,518737.787215289,5646010.46939679
0.00268095611719146,516.773036722485,519237.787215289,5646010.46939679
0.00285318972716068,516.773036722485,519737.787215289,5646010.46939679
0.000318422035840947,516.773036722485,520237.787215289,5646010.46939679
0.00244190231095243,516.773036722485,520737.787215289,5646010.46939679
0.00208990199266164,516.773036722485,521237.787215289,5646010.46939679
0.00100213936151414,516.773036722485,521737.787215289,5646010.46939679
0.000737123040926158,516.773036722485,522237.787215289,5646010.46939679
0.000507334397412394,516.773036722485,522737.787215289,5646010.46939679
0.00112821043219,516.773036722485,523237.787215289,5646010.46939679
0.000747556712802604,516.773036722485,523737.787215289,5646010.46939679
0.00307706580951133,516.773036722485,524237.787215289,5646010.46939679
0.00711708515798061,516.773036722485,486737.787215289,5646510.46939679
0.00596332209647249,516.773036722485,487237.787215289,5646510.46939679
0.00513503044773718,516.773036722485,487737.787215289,5646510.46939679
0.00480093561276718,516.773036722485,488237.787215289,5646510.46939679
0.00603153565058845,516.773036722485,488737.787215289,5646510.46939679
0.0108206044180466,516.773036722485,489237.787215289,5646510.46939679
0.0227945207555208,516.773036722485,489737.787215289,5646510.46939679
0.0191058486158099,516.773036722485,490237.787215289,5646510.46939679
0.0156085187407269,516.773036722485,490737.787215289,5646510.46939679
0.0027483306311002,516.773036722485,491237.787215289,5646510.46939679
0.00346894512445782,516.773036722485,491737.787215289,5646510.46939679
0.0118628697082436,516.773036722485,492237.787215289,5646510.46939679
0.00225718953092477,516.773036722485,492737.787215289,5646510.46939679
0.00433633925636548,516.773036722485,493237.787215289,5646510.46939679
0.00238324611178984,516.773036722485,493737.787215289,5646510.46939679
0.00230534543454285,516.773036722485,494237.787215289,5646510.46939679
0.00166129395079767,516.773036722485,494737.787215289,5646510.46939679
0.00930966607632069,516.773036722485,495237.787215289,5646510.46939679
0.00854344135482527,516.773036722485,495737.787215289,5646510.46939679
0.00793203126276465,516.773036722485,496237.787215289,5646510.46939679
0.00769638772025477,516.773036722485,496737.787215289,5646510.46939679
0.00509549835299344,516.773036722485,497237.787215289,5646510.46939679
0.0081281884297984,516.773036722485,497737.787215289,5646510.46939679
0.00250928450115296,516.773036722485,498237.787215289,5646510.46939679
0.002480688252159,516.773036722485,498737.787215289,5646510.46939679
0.00150745591203633,516.773036722485,499237.787215289,5646510.46939679
0.00400273650120247,516.773036722485,499737.787215289,5646510.46939679
0.0059537285706792,516.773036722485,500237.787215289,5646510.46939679
0.00542285025193003,516.773036722485,500737.787215289,5646510.46939679
0.00434236406031393,516.773036722485,501237.787215289,5646510.46939679
0.00146052727207643,516.773036722485,501737.787215289,5646510.46939679
0.00368811523432861,516.773036722485,502237.787215289,5646510.46939679
0.00529198087656379,516.773036722485,502737.787215289,5646510.46939679
0.00909230067283731,516.773036722485,503237.787215289,5646510.46939679
0.0104818839631732,516.773036722485,503737.787215289,5646510.46939679
0.00371536779695359,516.773036722485,504237.787215289,5646510.46939679
0.00155391966933957,516.773036722485,504737.787215289,5646510.46939679
0.00267063598588988,516.773036722485,505237.787215289,5646510.46939679
0.00546494228073172,516.773036722485,505737.787215289,5646510.46939679
0.00723219017839232,516.773036722485,506237.787215289,5646510.46939679
0.00106980577814105,516.773036722485,506737.787215289,5646510.46939679
0.00218915152047053,516.773036722485,507237.787215289,5646510.46939679
0.00891346752878344,516.773036722485,507737.787215289,5646510.46939679
0.00212865324540968,516.773036722485,508237.787215289,5646510.46939679
0.0016084985094297,516.773036722485,508737.787215289,5646510.46939679
0.00175057867561451,516.773036722485,509237.787215289,5646510.46939679
0.000808389531376202,516.773036722485,509737.787215289,5646510.46939679
0.000713737948328088,516.773036722485,510237.787215289,5646510.46939679
0.000887528075753062,516.773036722485,510737.787215289,5646510.46939679
0.000670652953929589,516.773036722485,511237.787215289,5646510.46939679
0.00250942228447183,516.773036722485,511737.787215289,5646510.46939679
0.00250942228447183,516.773036722485,512237.787215289,5646510.46939679
0.000808389531376202,516.773036722485,512737.787215289,5646510.46939679
0.000974414010420127,516.773036722485,513237.787215289,5646510.46939679
0.00146052727207643,516.773036722485,513737.787215289,5646510.46939679
0.00349206982852047,516.773036722485,514237.787215289,5646510.46939679
0.00383393140931183,516.773036722485,514737.787215289,5646510.46939679
0.00341970982437351,516.773036722485,515237.787215289,5646510.46939679
0.00233924863955946,516.773036722485,515737.787215289,5646510.46939679
0.00148532104650585,516.773036722485,516237.787215289,5646510.46939679
0.000640866484074023,516.773036722485,516737.787215289,5646510.46939679
0.000400630180369134,516.773036722485,517237.787215289,5646510.46939679
0.00139431137027606,516.773036722485,517737.787215289,5646510.46939679
0.00285269931772993,516.773036722485,518237.787215289,5646510.46939679
0.00252618780665167,516.773036722485,518737.787215289,5646510.46939679
0.00155792750925035,516.773036722485,519237.787215289,5646510.46939679
0.000862299741469724,516.773036722485,519737.787215289,5646510.46939679
0.000448464757184044,516.773036722485,520237.787215289,5646510.46939679
0.00164913303353334,516.773036722485,520737.787215289,5646510.46939679
0.00100633996015547,516.773036722485,521237.787215289,5646510.46939679
0.00147035902104184,516.773036722485,521737.787215289,5646510.46939679
0.00058523747591498,516.773036722485,522237.787215289,5646510.46939679
0.00179501946510863,516.773036722485,522737.787215289,5646510.46939679
0.00106175081329195,516.773036722485,523237.787215289,5646510.46939679
0.000784687853426333,516.773036722485,523737.787215289,5646510.46939679
0.000602180396356262,516.773036722485,524237.787215289,5646510.46939679
0.00760973516236513,516.773036722485,486737.787215289,5647010.46939679
0.0191222265978032,516.773036722485,487237.787215289,5647010.46939679
0.0163330610997528,516.773036722485,487737.787215289,5647010.46939679
0.0142621331842432,516.773036722485,488237.787215289,5647010.46939679
0.00447308013433163,516.773036722485,488737.787215289,5647010.46939679
0.00455767801752813,516.773036722485,489237.787215289,5647010.46939679
0.00374794132882351,516.773036722485,489737.787215289,5647010.46939679
0.019533682932533,516.773036722485,490237.787215289,5647010.46939679
0.0174022303418112,516.773036722485,490737.787215289,5647010.46939679
0.0186047112050408,516.773036722485,491237.787215289,5647010.46939679
0.0171365388412806,516.773036722485,491737.787215289,5647010.46939679
0.0133408843877571,516.773036722485,492237.787215289,5647010.46939679
0.00456935872450786,516.773036722485,492737.787215289,5647010.46939679
0.0143312721517223,516.773036722485,493237.787215289,5647010.46939679
0.01330026475205,516.773036722485,493737.787215289,5647010.46939679
0.0129895105128291,516.773036722485,494237.787215289,5647010.46939679
0.010971319511518,516.773036722485,494737.787215289,5647010.46939679
0.0107077420394784,516.773036722485,495237.787215289,5647010.46939679
0.00955156890188705,516.773036722485,495737.787215289,5647010.46939679
0.00866386765748622,516.773036722485,496237.787215289,5647010.46939679
0.00862353390884013,516.773036722485,496737.787215289,5647010.46939679
0.00784927774850231,516.773036722485,497237.787215289,5647010.46939679
0.00784927774850231,516.773036722485,497737.787215289,5647010.46939679
0.00299219014267575,516.773036722485,498237.787215289,5647010.46939679
0.00145230821815363,516.773036722485,498737.787215289,5647010.46939679
0.00733032785650702,516.773036722485,499237.787215289,5647010.46939679
0.00810297182995953,516.773036722485,499737.787215289,5647010.46939679
0.00835354166897703,516.773036722485,500237.787215289,5647010.46939679
0.00714937829473115,516.773036722485,500737.787215289,5647010.46939679
0.00408023601786765,516.773036722485,501237.787215289,5647010.46939679
0.00383393140931183,516.773036722485,501737.787215289,5647010.46939679
0.00818285565647104,516.773036722485,502237.787215289,5647010.46939679
0.0078012526959284,516.773036722485,502737.787215289,5647010.46939679
0.00843320815862303,516.773036722485,503237.787215289,5647010.46939679
0.00744496301746365,516.773036722485,503737.787215289,5647010.46939679
0.0106119508196823,516.773036722485,504237.787215289,5647010.46939679
0.00782073767280797,516.773036722485,504737.787215289,5647010.46939679
0.000808389531376202,516.773036722485,505237.787215289,5647010.46939679
0.00113853368828984,516.773036722485,505737.787215289,5647010.46939679
0.00529742853103958,516.773036722485,506237.787215289,5647010.46939679
0.00383393140931183,516.773036722485,506737.787215289,5647010.46939679
0.00453380399098935,516.773036722485,507237.787215289,5647010.46939679
0.0018659486182603,516.773036722485,507737.787215289,5647010.46939679
0.00165374867904858,516.773036722485,508237.787215289,5647010.46939679
0.00187941647078751,516.773036722485,508737.787215289,5647010.46939679
0.00143286486456475,516.773036722485,509237.787215289,5647010.46939679
0.000915593231338514,516.773036722485,509737.787215289,5647010.46939679
0.000630168797481022,516.773036722485,510237.787215289,5647010.46939679
0.000610852593799015,516.773036722485,510737.787215289,5647010.46939679
0.000242983771177243,516.773036722485,511237.787215289,5647010.46939679
0.00262390305384469,516.773036722485,511737.787215289,5647010.46939679
0.00358222216380618,516.773036722485,512237.787215289,5647010.46939679
0.000650095812557584,516.773036722485,512737.787215289,5647010.46939679
0.00106980577814105,516.773036722485,513237.787215289,5647010.46939679
0.00165421351043716,516.773036722485,513737.787215289,5647010.46939679
0.0029886878194943,516.773036722485,514237.787215289,5647010.46939679
0.00366867768475491,516.773036722485,514737.787215289,5647010.46939679
0.0034752975245865,516.773036722485,515237.787215289,5647010.46939679
0.0036884298565241,516.773036722485,515737.787215289,5647010.46939679
0.00153228943815832,516.773036722485,516237.787215289,5647010.46939679
0.00153228943815832,516.773036722485,516737.787215289,5647010.46939679
0.00107226361168229,516.773036722485,517237.787215289,5647010.46939679
0.00215598826777201,516.773036722485,517737.787215289,5647010.46939679
0.00304256668616399,516.773036722485,518237.787215289,5647010.46939679
0.00184520247053389,516.773036722485,518737.787215289,5647010.46939679
0.0011061704208443,516.773036722485,519237.787215289,5647010.46939679
0.000318422035840947,516.773036722485,519737.787215289,5647010.46939679
0.00229449618292531,516.773036722485,520237.787215289,5647010.46939679
0.00153387403604002,516.773036722485,520737.787215289,5647010.46939679
0.00217770367315942,516.773036722485,521237.787215289,5647010.46939679
0.00356057035795142,516.773036722485,521737.787215289,5647010.46939679
0.00359501676246997,516.773036722485,522237.787215289,5647010.46939679
0.00294604045610567,516.773036722485,522737.787215289,5647010.46939679
0.00183810966122346,516.773036722485,523237.787215289,5647010.46939679
0.00135287887508152,516.773036722485,523737.787215289,5647010.46939679
0.00096058037727339,516.773036722485,524237.787215289,5647010.46939679
0.0136647412103983,516.773036722485,486737.787215289,5647510.46939679
0.00711708515798061,516.773036722485,487237.787215289,5647510.46939679
0.00630332505233389,516.773036722485,487737.787215289,5647510.46939679
0.00772527545231641,516.773036722485,488237.787215289,5647510.46939679
0.00513503044773718,516.773036722485,488737.787215289,5647510.46939679
0.00516151448550467,516.773036722485,489237.787215289,5647510.46939679
0.00539174715091195,516.773036722485,489737.787215289,5647510.46939679
0.00659458901026433,516.773036722485,490237.787215289,5647510.46939679
0.00983846741896543,516.773036722485,490737.787215289,5647510.46939679
0.0189044144171571,516.773036722485,491237.787215289,5647510.46939679
0.019533682932533,516.773036722485,491737.787215289,5647510.46939679
0.0191058486158099,516.773036722485,492237.787215289,5647510.46939679
0.0225439814754722,516.773036722485,492737.787215289,5647510.46939679
0.0186338665346184,516.773036722485,493237.787215289,5647510.46939679
0.0155386852229218,516.773036722485,493737.787215289,5647510.46939679
0.0147844514861724,516.773036722485,494237.787215289,5647510.46939679
0.011142929115812,516.773036722485,494737.787215289,5647510.46939679
0.00209908580863245,516.773036722485,495237.787215289,5647510.46939679
0.00325806999011934,516.773036722485,495737.787215289,5647510.46939679
0.00259208132482964,516.773036722485,496237.787215289,5647510.46939679
0.00266402642585285,516.773036722485,496737.787215289,5647510.46939679
0.00267987894917567,516.773036722485,497237.787215289,5647510.46939679
0.00960405363883116,516.773036722485,497737.787215289,5647510.46939679
0.0104818839631732,516.773036722485,498237.787215289,5647510.46939679
0.0110463391549013,516.773036722485,498737.787215289,5647510.46939679
0.0117559930195778,516.773036722485,499237.787215289,5647510.46939679
0.00984914205432985,516.773036722485,499737.787215289,5647510.46939679
0.00725722049650677,516.773036722485,500237.787215289,5647510.46939679
0.00725722049650677,516.773036722485,500737.787215289,5647510.46939679
0.00383393140931183,516.773036722485,501237.787215289,5647510.46939679
0.000974414010420127,516.773036722485,501737.787215289,5647510.46939679
0.00948609856887449,516.773036722485,502237.787215289,5647510.46939679
0.0117559930195778,516.773036722485,502737.787215289,5647510.46939679
0.00999303580449466,516.773036722485,503237.787215289,5647510.46939679
0.00674743117323184,516.773036722485,503737.787215289,5647510.46939679
0.00348109132188649,516.773036722485,504237.787215289,5647510.46939679
0.00214768895922854,516.773036722485,504737.787215289,5647510.46939679
0.000610852593799015,516.773036722485,505237.787215289,5647510.46939679
0.000860323185328028,516.773036722485,505737.787215289,5647510.46939679
0.00232978995417053,516.773036722485,506237.787215289,5647510.46939679
0.0015067116421797,516.773036722485,506737.787215289,5647510.46939679
0.00769681032432495,516.773036722485,507237.787215289,5647510.46939679
0.00155919412470842,516.773036722485,507737.787215289,5647510.46939679
0.00175057867561451,516.773036722485,508237.787215289,5647510.46939679
0.000887528075753062,516.773036722485,508737.787215289,5647510.46939679
0.00100522664785008,516.773036722485,509237.787215289,5647510.46939679
0.000759590867226795,516.773036722485,509737.787215289,5647510.46939679
0.00172714210770856,516.773036722485,510237.787215289,5647510.46939679
0.00175057867561451,516.773036722485,510737.787215289,5647510.46939679
0.00164901292886516,516.773036722485,511237.787215289,5647510.46939679
0.00331383013164709,516.773036722485,511737.787215289,5647510.46939679
0.00768038548028069,516.773036722485,512237.787215289,5647510.46939679
0.00309279118730495,516.773036722485,512737.787215289,5647510.46939679
0.00256326256412127,516.773036722485,513237.787215289,5647510.46939679
0.00317535646642822,516.773036722485,513737.787215289,5647510.46939679
0.00226274750259391,516.773036722485,514237.787215289,5647510.46939679
0.00466529433411463,516.773036722485,514737.787215289,5647510.46939679
0.00299212140711397,516.773036722485,515237.787215289,5647510.46939679
0.00183810966122346,516.773036722485,515737.787215289,5647510.46939679
0.00327474683423478,516.773036722485,516237.787215289,5647510.46939679
0.0015807430506791,516.773036722485,516737.787215289,5647510.46939679
0.00100753611357005,516.773036722485,517237.787215289,5647510.46939679
0.000349594453884349,516.773036722485,517737.787215289,5647510.46939679
0.00183071396147608,516.773036722485,518237.787215289,5647510.46939679
0.00133335219488562,516.773036722485,518737.787215289,5647510.46939679
0.00236705207622411,516.773036722485,519237.787215289,5647510.46939679
0.00135536470285259,516.773036722485,519737.787215289,5647510.46939679
0.00255001253528412,516.773036722485,520237.787215289,5647510.46939679
0.00209606256920459,516.773036722485,520737.787215289,5647510.46939679
0.00354542092668691,516.773036722485,521237.787215289,5647510.46939679
0.00332522780878567,516.773036722485,521737.787215289,5647510.46939679
0.00447441656891901,516.773036722485,522237.787215289,5647510.46939679
0.00422298278826857,516.773036722485,522737.787215289,5647510.46939679
0.00370902382996997,516.773036722485,523237.787215289,5647510.46939679
0.000748807051224092,516.773036722485,523737.787215289,5647510.46939679
0.000902594669394078,516.773036722485,524237.787215289,5647510.46939679
0.0291703937709419,516.773036722485,486737.787215289,5648010.46939679
0.00870227861674823,516.773036722485,487237.787215289,5648010.46939679
0.00711708515798061,516.773036722485,487737.787215289,5648010.46939679
0.00630332505233389,516.773036722485,488237.787215289,5648010.46939679
0.00675414158138162,516.773036722485,488737.787215289,5648010.46939679
0.00565860321448819,516.773036722485,489237.787215289,5648010.46939679
0.00490844222233071,516.773036722485,489737.787215289,5648010.46939679
0.00484993819449104,516.773036722485,490237.787215289,5648010.46939679
0.00506627279952104,516.773036722485,490737.787215289,5648010.46939679
0.00552390809298078,516.773036722485,491237.787215289,5648010.46939679
0.00659458901026433,516.773036722485,491737.787215289,5648010.46939679
0.00815662420558994,516.773036722485,492237.787215289,5648010.46939679
0.00954582022952318,516.773036722485,492737.787215289,5648010.46939679
0.00913980430849206,516.773036722485,493237.787215289,5648010.46939679
0.0143104752158763,516.773036722485,493737.787215289,5648010.46939679
0.00448712388259064,516.773036722485,494237.787215289,5648010.46939679
0.00338325068493179,516.773036722485,494737.787215289,5648010.46939679
0.00309583646865496,516.773036722485,495237.787215289,5648010.46939679
0.00201082068404761,516.773036722485,495737.787215289,5648010.46939679
0.00194466108190671,516.773036722485,496237.787215289,5648010.46939679
0.00174201444184446,516.773036722485,496737.787215289,5648010.46939679
0.00340384690389203,516.773036722485,497237.787215289,5648010.46939679
0.0101201413659725,516.773036722485,497737.787215289,5648010.46939679
0.00995859907114265,516.773036722485,498237.787215289,5648010.46939679
0.0114622129248742,516.773036722485,498737.787215289,5648010.46939679
0.0106670953639925,516.773036722485,499237.787215289,5648010.46939679
0.00942693598126044,516.773036722485,499737.787215289,5648010.46939679
0.0107440872306763,516.773036722485,500237.787215289,5648010.46939679
0.00940344924160432,516.773036722485,500737.787215289,5648010.46939679
0.00160350784993975,516.773036722485,501237.787215289,5648010.46939679
0.00289707728134317,516.773036722485,501737.787215289,5648010.46939679
0.00409293509421115,516.773036722485,502237.787215289,5648010.46939679
0.00204861854630815,516.773036722485,502737.787215289,5648010.46939679
0.00337123223333062,516.773036722485,503237.787215289,5648010.46939679
0.00489817557842618,516.773036722485,503737.787215289,5648010.46939679
0.00211010697399502,516.773036722485,504237.787215289,5648010.46939679
0.000630168797481022,516.773036722485,504737.787215289,5648010.46939679
0.00228566369897418,516.773036722485,505237.787215289,5648010.46939679
0.00400295628908202,516.773036722485,505737.787215289,5648010.46939679
0.00176048573277437,516.773036722485,506237.787215289,5648010.46939679
0.000944545855139964,516.773036722485,506737.787215289,5648010.46939679
0.00193283120841506,516.773036722485,507237.787215289,5648010.46939679
0.000944545855139964,516.773036722485,507737.787215289,5648010.46939679
0.000915593231338514,516.773036722485,508237.787215289,5648010.46939679
0.00133029589631205,516.773036722485,508737.787215289,5648010.46939679
0.00106980577814105,516.773036722485,509237.787215289,5648010.46939679
0.000759590867226795,516.773036722485,509737.787215289,5648010.46939679
0.00275508606302407,516.773036722485,510237.787215289,5648010.46939679
0.00240278652787072,516.773036722485,510737.787215289,5648010.46939679
0.00254744263019223,516.773036722485,511237.787215289,5648010.46939679
0.0027968284693356,516.773036722485,511737.787215289,5648010.46939679
0.0120817006334645,516.773036722485,512237.787215289,5648010.46939679
0.00988619037110632,516.773036722485,512737.787215289,5648010.46939679
0.00281650736106514,516.773036722485,513237.787215289,5648010.46939679
0.00541108617857822,516.773036722485,513737.787215289,5648010.46939679
0.00101223205827145,516.773036722485,514237.787215289,5648010.46939679
0.00105010501371866,516.773036722485,514737.787215289,5648010.46939679
0.00428036925920122,516.773036722485,515237.787215289,5648010.46939679
0.00090398567000735,516.773036722485,515737.787215289,5648010.46939679
0.000865950510936401,516.773036722485,516237.787215289,5648010.46939679
0.00199615898423405,516.773036722485,516737.787215289,5648010.46939679
0.000281139081769981,516.773036722485,517237.787215289,5648010.46939679
0.00114114942129866,516.773036722485,517737.787215289,5648010.46939679
0.00119332132905602,516.773036722485,518237.787215289,5648010.46939679
0.000507937424019528,516.773036722485,518737.787215289,5648010.46939679
0.00283078651349403,516.773036722485,519237.787215289,5648010.46939679
0.00190322374381964,516.773036722485,519737.787215289,5648010.46939679
0.00310395021082628,516.773036722485,520237.787215289,5648010.46939679
0.00196236059144662,516.773036722485,520737.787215289,5648010.46939679
0.00370695935720137,516.773036722485,521237.787215289,5648010.46939679
0.00317260101380107,516.773036722485,521737.787215289,5648010.46939679
0.00341316768714173,516.773036722485,522237.787215289,5648010.46939679
0.00338968365051895,516.773036722485,522737.787215289,5648010.46939679
0.00179037157399016,516.773036722485,523237.787215289,5648010.46939679
0.00181254476332999,516.773036722485,523737.787215289,5648010.46939679
0.00278943675901091,516.773036722485,524237.787215289,5648010.46939679
0.0108805075572079,516.773036722485,486737.787215289,5648510.46939679
0.00911664954071506,516.773036722485,487237.787215289,5648510.46939679
0.0170962887673249,516.773036722485,487737.787215289,5648510.46939679
0.00711708515798061,516.773036722485,488237.787215289,5648510.46939679
0.00630332505233389,516.773036722485,488737.787215289,5648510.46939679
0.00596332209647249,516.773036722485,489237.787215289,5648510.46939679
0.00712497079412233,516.773036722485,489737.787215289,5648510.46939679
0.0212034202873172,516.773036722485,490237.787215289,5648510.46939679
0.00790047952903335,516.773036722485,490737.787215289,5648510.46939679
0.00606467962549412,516.773036722485,491237.787215289,5648510.46939679
0.00411485184616782,516.773036722485,491737.787215289,5648510.46939679
0.00331940562017302,516.773036722485,492237.787215289,5648510.46939679
0.0077459129251932,516.773036722485,492737.787215289,5648510.46939679
0.00570853936683447,516.773036722485,493237.787215289,5648510.46939679
0.00897952225480719,516.773036722485,493737.787215289,5648510.46939679
0.003310170476287,516.773036722485,494237.787215289,5648510.46939679
0.00235778159184195,516.773036722485,494737.787215289,5648510.46939679
0.00235778159184195,516.773036722485,495237.787215289,5648510.46939679
0.00228550986139804,516.773036722485,495737.787215289,5648510.46939679
0.00284201530008717,516.773036722485,496237.787215289,5648510.46939679
0.0134002610496075,516.773036722485,496737.787215289,5648510.46939679
0.0123793306418872,516.773036722485,497237.787215289,5648510.46939679
0.00935433468468967,516.773036722485,497737.787215289,5648510.46939679
0.0111590878315859,516.773036722485,498237.787215289,5648510.46939679
0.0107077420394784,516.773036722485,498737.787215289,5648510.46939679
0.0104147548705934,516.773036722485,499237.787215289,5648510.46939679
0.0103240144595078,516.773036722485,499737.787215289,5648510.46939679
0.00987357818420061,516.773036722485,500237.787215289,5648510.46939679
0.00794019662968843,516.773036722485,500737.787215289,5648510.46939679
0.00078361042948337,516.773036722485,501237.787215289,5648510.46939679
0.000944545855139964,516.773036722485,501737.787215289,5648510.46939679
0.00811867707105082,516.773036722485,502237.787215289,5648510.46939679
0.00948609856887449,516.773036722485,502737.787215289,5648510.46939679
0.00694836943823016,516.773036722485,503237.787215289,5648510.46939679
0.0104147548705934,516.773036722485,503737.787215289,5648510.46939679
0.00126509558693174,516.773036722485,504237.787215289,5648510.46939679
0.000610852593799015,516.773036722485,504737.787215289,5648510.46939679
0.000630168797481022,516.773036722485,505237.787215289,5648510.46939679
0.000691860147268129,516.773036722485,505737.787215289,5648510.46939679
0.000759590867226795,516.773036722485,506237.787215289,5648510.46939679
0.00121167690982498,516.773036722485,506737.787215289,5648510.46939679
0.00176048573277437,516.773036722485,507237.787215289,5648510.46939679
0.00395516687717576,516.773036722485,507737.787215289,5648510.46939679
0.000670652953929589,516.773036722485,508237.787215289,5648510.46939679
0.00126509558693174,516.773036722485,508737.787215289,5648510.46939679
0.000670652953929589,516.773036722485,509237.787215289,5648510.46939679
0.00349206982852047,516.773036722485,509737.787215289,5648510.46939679
0.00638539760782984,516.773036722485,510237.787215289,5648510.46939679
0.00142016488518191,516.773036722485,510737.787215289,5648510.46939679
0.00811867707105082,516.773036722485,511237.787215289,5648510.46939679
0.0104147548705934,516.773036722485,511737.787215289,5648510.46939679
0.0100955173469605,516.773036722485,512237.787215289,5648510.46939679
0.00673538504442457,516.773036722485,512737.787215289,5648510.46939679
0.00691354061286951,516.773036722485,513237.787215289,5648510.46939679
0.00737545386311317,516.773036722485,513737.787215289,5648510.46939679
0.00875737775352186,516.773036722485,514237.787215289,5648510.46939679
0.00164400399026322,516.773036722485,514737.787215289,5648510.46939679
0.00363950075172085,516.773036722485,515237.787215289,5648510.46939679
0.0039680612302882,516.773036722485,515737.787215289,5648510.46939679
0.0031345398398725,516.773036722485,516237.787215289,5648510.46939679
0.00329344856271967,516.773036722485,516737.787215289,5648510.46939679
0.000917696768073966,516.773036722485,517237.787215289,5648510.46939679
0.000976652685408431,516.773036722485,517737.787215289,5648510.46939679
0.000395955542800114,516.773036722485,518237.787215289,5648510.46939679
0.000383818544039909,516.773036722485,518737.787215289,5648510.46939679
0.00218242812372123,516.773036722485,519237.787215289,5648510.46939679
0.00200737320161685,516.773036722485,519737.787215289,5648510.46939679
0.00367316168187553,516.773036722485,520237.787215289,5648510.46939679
0.00403304988997546,516.773036722485,520737.787215289,5648510.46939679
0.00412955942405218,516.773036722485,521237.787215289,5648510.46939679
0.00376133747066784,516.773036722485,521737.787215289,5648510.46939679
0.00419855374737781,516.773036722485,522237.787215289,5648510.46939679
0.00298274627138591,516.773036722485,522737.787215289,5648510.46939679
0.000703605100447731,516.773036722485,523237.787215289,5648510.46939679
0.0027167826307848,516.773036722485,523737.787215289,5648510.46939679
0.0034477986245405,516.773036722485,524237.787215289,5648510.46939679
0.0116820246756924,516.773036722485,486737.787215289,5649010.46939679
0.0131151117038545,516.773036722485,487237.787215289,5649010.46939679
0.0268091808038787,516.773036722485,487737.787215289,5649010.46939679
0.0248062316020302,516.773036722485,488237.787215289,5649010.46939679
0.00711708515798061,516.773036722485,488737.787215289,5649010.46939679
0.00630332505233389,516.773036722485,489237.787215289,5649010.46939679
0.00490844222233071,516.773036722485,489737.787215289,5649010.46939679
0.00441797412032552,516.773036722485,490237.787215289,5649010.46939679
0.0235234328653145,516.773036722485,490737.787215289,5649010.46939679
0.00495658870890928,516.773036722485,491237.787215289,5649010.46939679
0.00366928338799951,516.773036722485,491737.787215289,5649010.46939679
0.00339065655354514,516.773036722485,492237.787215289,5649010.46939679
0.00416192102414393,516.773036722485,492737.787215289,5649010.46939679
0.00244404667966198,516.773036722485,493237.787215289,5649010.46939679
0.00235778159184195,516.773036722485,493737.787215289,5649010.46939679
0.0111170720395742,516.773036722485,494237.787215289,5649010.46939679
0.00239366553075478,516.773036722485,494737.787215289,5649010.46939679
0.00198582341385252,516.773036722485,495237.787215289,5649010.46939679
0.0100231731162229,516.773036722485,495737.787215289,5649010.46939679
0.0103401229915584,516.773036722485,496237.787215289,5649010.46939679
0.0107077420394784,516.773036722485,496737.787215289,5649010.46939679
0.00978606522853031,516.773036722485,497237.787215289,5649010.46939679
0.00919532661565112,516.773036722485,497737.787215289,5649010.46939679
0.00911521069093296,516.773036722485,498237.787215289,5649010.46939679
0.009277556826844,516.773036722485,498737.787215289,5649010.46939679
0.00408023601786765,516.773036722485,499237.787215289,5649010.46939679
0.0042092600586786,516.773036722485,499737.787215289,5649010.46939679
0.00113853368828984,516.773036722485,500237.787215289,5649010.46939679
0.000713737948328088,516.773036722485,500737.787215289,5649010.46939679
0.00272219438667422,516.773036722485,501237.787215289,5649010.46939679
0.0089931771843497,516.773036722485,501737.787215289,5649010.46939679
0.00218915152047053,516.773036722485,502237.787215289,5649010.46939679
0.00434236406031393,516.773036722485,502737.787215289,5649010.46939679
0.00395516687717576,516.773036722485,503237.787215289,5649010.46939679
0.00408023601786765,516.773036722485,503737.787215289,5649010.46939679
0.00360249504855594,516.773036722485,504237.787215289,5649010.46939679
0.000833952190847537,516.773036722485,504737.787215289,5649010.46939679
0.000670652953929589,516.773036722485,505237.787215289,5649010.46939679
0.000713737948328088,516.773036722485,505737.787215289,5649010.46939679
0.000974414010420127,516.773036722485,506237.787215289,5649010.46939679
0.00157313738822962,516.773036722485,506737.787215289,5649010.46939679
0.000736307562872477,516.773036722485,507237.787215289,5649010.46939679
0.00162288268278889,516.773036722485,507737.787215289,5649010.46939679
0.00138894407749411,516.773036722485,508237.787215289,5649010.46939679
0.00164901292886516,516.773036722485,508737.787215289,5649010.46939679
0.00212865324540968,516.773036722485,509237.787215289,5649010.46939679
0.0029886878194943,516.773036722485,509737.787215289,5649010.46939679
0.00272219438667422,516.773036722485,510237.787215289,5649010.46939679
0.00383393140931183,516.773036722485,510737.787215289,5649010.46939679
0.00280827482861521,516.773036722485,511237.787215289,5649010.46939679
0.00383393140931183,516.773036722485,511737.787215289,5649010.46939679
0.00408023601786765,516.773036722485,512237.787215289,5649010.46939679
0.00434236406031393,516.773036722485,512737.787215289,5649010.46939679
0.00434236406031393,516.773036722485,513237.787215289,5649010.46939679
0.00383393140931183,516.773036722485,513737.787215289,5649010.46939679
0.00408023601786765,516.773036722485,514237.787215289,5649010.46939679
0.00593781092802064,516.773036722485,514737.787215289,5649010.46939679
0.004968743124446,516.773036722485,515237.787215289,5649010.46939679
0.00187969336803489,516.773036722485,515737.787215289,5649010.46939679
0.00366248757388326,516.773036722485,516237.787215289,5649010.46939679
0.00241238241131829,516.773036722485,516737.787215289,5649010.46939679
0.00107226361168229,516.773036722485,517237.787215289,5649010.46939679
0.00103939612854626,516.773036722485,517737.787215289,5649010.46939679
0.000477275636846892,516.773036722485,518237.787215289,5649010.46939679
0.00236705207622411,516.773036722485,518737.787215289,5649010.46939679
0.00305523944481917,516.773036722485,519237.787215289,5649010.46939679
0.00223209397165867,516.773036722485,519737.787215289,5649010.46939679
0.00388529294638156,516.773036722485,520237.787215289,5649010.46939679
0.00349687124450753,516.773036722485,520737.787215289,5649010.46939679
0.00394730395682517,516.773036722485,521237.787215289,5649010.46939679
0.00348512755079287,516.773036722485,521737.787215289,5649010.46939679
0.0008350988321171,516.773036722485,522237.787215289,5649010.46939679
0.000484265244515258,516.773036722485,522737.787215289,5649010.46939679
0.00179037157399016,516.773036722485,523237.787215289,5649010.46939679
0.00384643051919411,516.773036722485,523737.787215289,5649010.46939679
0.0029506371551219,516.773036722485,524237.787215289,5649010.46939679
0.0145265148162629,516.773036722485,486737.787215289,5649510.46939679
0.0209208387132847,516.773036722485,487237.787215289,5649510.46939679
0.00940493359027723,516.773036722485,487737.787215289,5649510.46939679
0.0078503680021935,516.773036722485,488237.787215289,5649510.46939679
0.00668515459221924,516.773036722485,488737.787215289,5649510.46939679
0.000847001542741556,516.773036722485,489237.787215289,5649510.46939679
0.000847001542741556,516.773036722485,489737.787215289,5649510.46939679
0.00511678908147321,516.773036722485,490237.787215289,5649510.46939679
0.00331940562017302,516.773036722485,490737.787215289,5649510.46939679
0.00331940562017302,516.773036722485,491237.787215289,5649510.46939679
0.00375209399820199,516.773036722485,491737.787215289,5649510.46939679
0.00916197958234647,516.773036722485,492237.787215289,5649510.46939679
0.0134661608292451,516.773036722485,492737.787215289,5649510.46939679
0.0024946390030291,516.773036722485,493237.787215289,5649510.46939679
0.0131746203490863,516.773036722485,493737.787215289,5649510.46939679
0.0118246676999721,516.773036722485,494237.787215289,5649510.46939679
0.00891346752878344,516.773036722485,494737.787215289,5649510.46939679
0.00786981990681208,516.773036722485,495237.787215289,5649510.46939679
0.0100955173469605,516.773036722485,495737.787215289,5649510.46939679
0.0100955173469605,516.773036722485,496237.787215289,5649510.46939679
0.0107440872306763,516.773036722485,496737.787215289,5649510.46939679
0.00871751446836682,516.773036722485,497237.787215289,5649510.46939679
0.009277556826844,516.773036722485,497737.787215289,5649510.46939679
0.009277556826844,516.773036722485,498237.787215289,5649510.46939679
0.00121167690982498,516.773036722485,498737.787215289,5649510.46939679
0.000833952190847537,516.773036722485,499237.787215289,5649510.46939679
0.00383393140931183,516.773036722485,499737.787215289,5649510.46939679
0.00308319523953201,516.773036722485,500237.787215289,5649510.46939679
0.00170652257063516,516.773036722485,500737.787215289,5649510.46939679
0.00371641210289561,516.773036722485,501237.787215289,5649510.46939679
0.00408023601786765,516.773036722485,501737.787215289,5649510.46939679
0.00133029589631205,516.773036722485,502237.787215289,5649510.46939679
0.0029886878194943,516.773036722485,502737.787215289,5649510.46939679
0.00371641210289561,516.773036722485,503237.787215289,5649510.46939679
0.000974414010420127,516.773036722485,503737.787215289,5649510.46939679
0.00146052727207643,516.773036722485,504237.787215289,5649510.46939679
0.00160350784993975,516.773036722485,504737.787215289,5649510.46939679
0.00103701363357064,516.773036722485,505237.787215289,5649510.46939679
0.000713737948328088,516.773036722485,505737.787215289,5649510.46939679
0.00134636956918611,516.773036722485,506237.787215289,5649510.46939679
0.00140779144508736,516.773036722485,506737.787215289,5649510.46939679
0.00147817450203488,516.773036722485,507237.787215289,5649510.46939679
0.00154560936754455,516.773036722485,507737.787215289,5649510.46939679
0.00142016488518191,516.773036722485,508237.787215289,5649510.46939679
0.00155391966933957,516.773036722485,508737.787215289,5649510.46939679
0.00180875276261884,516.773036722485,509237.787215289,5649510.46939679
0.00214768895922854,516.773036722485,509737.787215289,5649510.46939679
0.0024034618968747,516.773036722485,510237.787215289,5649510.46939679
0.00272219438667422,516.773036722485,510737.787215289,5649510.46939679
0.0029886878194943,516.773036722485,511237.787215289,5649510.46939679
0.00408023601786765,516.773036722485,511737.787215289,5649510.46939679
0.00349206982852047,516.773036722485,512237.787215289,5649510.46939679
0.00117453607060774,516.773036722485,512737.787215289,5649510.46939679
0.00218915152047053,516.773036722485,513237.787215289,5649510.46939679
0.00383393140931183,516.773036722485,513737.787215289,5649510.46939679
0.00408023601786765,516.773036722485,514237.787215289,5649510.46939679
0.00699262357520151,516.773036722485,514737.787215289,5649510.46939679
0.0047304123414993,516.773036722485,515237.787215289,5649510.46939679
0.00119631570622173,516.773036722485,515737.787215289,5649510.46939679
0.00362605876622216,516.773036722485,516237.787215289,5649510.46939679
0.00219157605759488,516.773036722485,516737.787215289,5649510.46939679
0.00088956713398022,516.773036722485,517237.787215289,5649510.46939679
0.000672193750734375,516.773036722485,517737.787215289,5649510.46939679
0.00094671590930441,516.773036722485,518237.787215289,5649510.46939679
0.00215598826777201,516.773036722485,518737.787215289,5649510.46939679
0.00314174110138457,516.773036722485,519237.787215289,5649510.46939679
0.00303434835467158,516.773036722485,519737.787215289,5649510.46939679
0.00433131919714013,516.773036722485,520237.787215289,5649510.46939679
0.00317436789273539,516.773036722485,520737.787215289,5649510.46939679
0.00127121195672406,516.773036722485,521237.787215289,5649510.46939679
0.00163072884929205,516.773036722485,521737.787215289,5649510.46939679
0.00394730395682517,516.773036722485,522237.787215289,5649510.46939679
0.00143979235009599,516.773036722485,522737.787215289,5649510.46939679
0.00173549233825537,516.773036722485,523237.787215289,5649510.46939679
0.00314036748866442,516.773036722485,523737.787215289,5649510.46939679
0.00463700607073631,516.773036722485,524237.787215289,5649510.46939679
0.00911664954071506,516.773036722485,486737.787215289,5650010.46939679
0.0111634072664635,516.773036722485,487237.787215289,5650010.46939679
0.00912989846311414,516.773036722485,487737.787215289,5650010.46939679
0.00596332209647249,516.773036722485,488237.787215289,5650010.46939679
0.00555417172433667,516.773036722485,488737.787215289,5650010.46939679
0.0111270145744412,516.773036722485,489237.787215289,5650010.46939679
0.0048046572304674,516.773036722485,489737.787215289,5650010.46939679
0.0027483306311002,516.773036722485,490237.787215289,5650010.46939679
0.00235031004143619,516.773036722485,490737.787215289,5650010.46939679
0.0024781605936697,516.773036722485,491237.787215289,5650010.46939679
0.00217126750277384,516.773036722485,491737.787215289,5650010.46939679
0.0018921768536747,516.773036722485,492237.787215289,5650010.46939679
0.0106670953639925,516.773036722485,492737.787215289,5650010.46939679
0.00864024810727736,516.773036722485,493237.787215289,5650010.46939679
0.0101857976119518,516.773036722485,493737.787215289,5650010.46939679
0.00827007471101482,516.773036722485,494237.787215289,5650010.46939679
0.0046936448518893,516.773036722485,494737.787215289,5650010.46939679
0.000847001542741556,516.773036722485,495237.787215289,5650010.46939679
0.00395516687717576,516.773036722485,495737.787215289,5650010.46939679
0.00408023601786765,516.773036722485,496237.787215289,5650010.46939679
0.0014157585650517,516.773036722485,496737.787215289,5650010.46939679
0.00155435644104908,516.773036722485,497237.787215289,5650010.46939679
0.00155435644104908,516.773036722485,497737.787215289,5650010.46939679
0.000833952190847537,516.773036722485,498237.787215289,5650010.46939679
0.00383393140931183,516.773036722485,498737.787215289,5650010.46939679
0.00146052727207643,516.773036722485,499237.787215289,5650010.46939679
0.0089931771843497,516.773036722485,499737.787215289,5650010.46939679
0.00078361042948337,516.773036722485,500237.787215289,5650010.46939679
0.00723219017839232,516.773036722485,500737.787215289,5650010.46939679
0.00404123098481656,516.773036722485,501237.787215289,5650010.46939679
0.00426011962263925,516.773036722485,501737.787215289,5650010.46939679
0.00856496840315781,516.773036722485,502237.787215289,5650010.46939679
0.0104147548705934,516.773036722485,502737.787215289,5650010.46939679
0.0107440872306763,516.773036722485,503237.787215289,5650010.46939679
0.0016084985094297,516.773036722485,503737.787215289,5650010.46939679
0.00235794029402533,516.773036722485,504237.787215289,5650010.46939679
0.00214768895922854,516.773036722485,504737.787215289,5650010.46939679
0.00103701363357064,516.773036722485,505237.787215289,5650010.46939679
0.00147817450203488,516.773036722485,505737.787215289,5650010.46939679
0.00161941948260027,516.773036722485,506237.787215289,5650010.46939679
0.00813319719560161,516.773036722485,506737.787215289,5650010.46939679
0.00209908580863245,516.773036722485,507237.787215289,5650010.46939679
0.00226945670793233,516.773036722485,507737.787215289,5650010.46939679
0.00243233867799994,516.773036722485,508237.787215289,5650010.46939679
0.00236913071482621,516.773036722485,508737.787215289,5650010.46939679
0.00208171695779155,516.773036722485,509237.787215289,5650010.46939679
0.00201373663905083,516.773036722485,509737.787215289,5650010.46939679
0.00171183384682396,516.773036722485,510237.787215289,5650010.46939679
0.00290609396699755,516.773036722485,510737.787215289,5650010.46939679
0.00632880160915881,516.773036722485,511237.787215289,5650010.46939679
0.00319059053386802,516.773036722485,511737.787215289,5650010.46939679
0.00309279118730495,516.773036722485,512237.787215289,5650010.46939679
0.00171183384682396,516.773036722485,512737.787215289,5650010.46939679
0.00493352912765958,516.773036722485,513237.787215289,5650010.46939679
0.00493352912765958,516.773036722485,513737.787215289,5650010.46939679
0.010690232302388,516.773036722485,514237.787215289,5650010.46939679
0.00371641210289561,516.773036722485,514737.787215289,5650010.46939679
0.00395516687717576,516.773036722485,515237.787215289,5650010.46939679
0.00338502940958966,516.773036722485,515737.787215289,5650010.46939679
0.00371641210289561,516.773036722485,516237.787215289,5650010.46939679
0.00226754498910071,516.773036722485,516737.787215289,5650010.46939679
0.00268095611719146,516.773036722485,517237.787215289,5650010.46939679
0.00094671590930441,516.773036722485,517737.787215289,5650010.46939679
0.00303648820171788,516.773036722485,518237.787215289,5650010.46939679
0.00279964995926409,516.773036722485,518737.787215289,5650010.46939679
0.00337800255237177,516.773036722485,519237.787215289,5650010.46939679
0.00307957465406642,516.773036722485,519737.787215289,5650010.46939679
0.00352109788653017,516.773036722485,520237.787215289,5650010.46939679
0.00299279711116987,516.773036722485,520737.787215289,5650010.46939679
0.00131140985279318,516.773036722485,521237.787215289,5650010.46939679
0.000531673140159328,516.773036722485,521737.787215289,5650010.46939679
0.00119447488513769,516.773036722485,522237.787215289,5650010.46939679
0.0015807430506791,516.773036722485,522737.787215289,5650010.46939679
0.00290106061325159,516.773036722485,523237.787215289,5650010.46939679
0.00395971081513227,516.773036722485,523737.787215289,5650010.46939679
0.00528326172471009,516.773036722485,524237.787215289,5650010.46939679
0.0183706422449025,516.773036722485,486737.787215289,5650510.46939679
0.0110049680641294,516.773036722485,487237.787215289,5650510.46939679
0.00670827178816865,516.773036722485,487737.787215289,5650510.46939679
0.00591099033853825,516.773036722485,488237.787215289,5650510.46939679
0.00470127581326173,516.773036722485,488737.787215289,5650510.46939679
0.00430608560012317,516.773036722485,489237.787215289,5650510.46939679
0.00331940562017302,516.773036722485,489737.787215289,5650510.46939679
0.00272671965893485,516.773036722485,490237.787215289,5650510.46939679
0.00500127089814383,516.773036722485,490737.787215289,5650510.46939679
0.0119005813409301,516.773036722485,491237.787215289,5650510.46939679
0.00243233867799994,516.773036722485,491737.787215289,5650510.46939679
0.00505779350664613,516.773036722485,492237.787215289,5650510.46939679
0.0107440872306763,516.773036722485,492737.787215289,5650510.46939679
0.00701050598978879,516.773036722485,493237.787215289,5650510.46939679
0.00255786834771802,516.773036722485,493737.787215289,5650510.46939679
0.00432150781934856,516.773036722485,494237.787215289,5650510.46939679
0.00107763881963128,516.773036722485,494737.787215289,5650510.46939679
0.00296011744595016,516.773036722485,495237.787215289,5650510.46939679
0.00280827482861521,516.773036722485,495737.787215289,5650510.46939679
0.00232978995417053,516.773036722485,496237.787215289,5650510.46939679
0.00272219438667422,516.773036722485,496737.787215289,5650510.46939679
0.00137236212759494,516.773036722485,497237.787215289,5650510.46939679
0.0036460232042854,516.773036722485,497737.787215289,5650510.46939679
0.0018380995076574,516.773036722485,498237.787215289,5650510.46939679
0.00138894407749411,516.773036722485,498737.787215289,5650510.46939679
0.00618966966751213,516.773036722485,499237.787215289,5650510.46939679
0.00940344924160432,516.773036722485,499737.787215289,5650510.46939679
0.00289707728134317,516.773036722485,500237.787215289,5650510.46939679
0.00360249504855594,516.773036722485,500737.787215289,5650510.46939679
0.000847001542741556,516.773036722485,501237.787215289,5650510.46939679
0.00383393140931183,516.773036722485,501737.787215289,5650510.46939679
0.00733032785650702,516.773036722485,502237.787215289,5650510.46939679
0.0103401229915584,516.773036722485,502737.787215289,5650510.46939679
0.00505306426696345,516.773036722485,503237.787215289,5650510.46939679
0.00205642475131568,516.773036722485,503737.787215289,5650510.46939679
0.00350293833248814,516.773036722485,504237.787215289,5650510.46939679
0.00576447901398481,516.773036722485,504737.787215289,5650510.46939679
0.00162288268278889,516.773036722485,505237.787215289,5650510.46939679
0.00169691918883142,516.773036722485,505737.787215289,5650510.46939679
0.00206843771460313,516.773036722485,506237.787215289,5650510.46939679
0.00364577780712897,516.773036722485,506737.787215289,5650510.46939679
0.0111821993610817,516.773036722485,507237.787215289,5650510.46939679
0.0167607474379538,516.773036722485,507737.787215289,5650510.46939679
0.00338325068493179,516.773036722485,508237.787215289,5650510.46939679
0.00235031004143619,516.773036722485,508737.787215289,5650510.46939679
0.00223992669446339,516.773036722485,509237.787215289,5650510.46939679
0.00234122081020992,516.773036722485,509737.787215289,5650510.46939679
0.00204861854630815,516.773036722485,510237.787215289,5650510.46939679
0.00164747103567198,516.773036722485,510737.787215289,5650510.46939679
0.00192495310467218,516.773036722485,511237.787215289,5650510.46939679
0.00159697204839674,516.773036722485,511737.787215289,5650510.46939679
0.00175331009882336,516.773036722485,512237.787215289,5650510.46939679
0.00192495310467218,516.773036722485,512737.787215289,5650510.46939679
0.00460249581549119,516.773036722485,513237.787215289,5650510.46939679
0.00307062832119436,516.773036722485,513737.787215289,5650510.46939679
0.0107440872306763,516.773036722485,514237.787215289,5650510.46939679
0.00531671795734497,516.773036722485,514737.787215289,5650510.46939679
0.00408023601786765,516.773036722485,515237.787215289,5650510.46939679
0.00447967703811239,516.773036722485,515737.787215289,5650510.46939679
0.00269617155820089,516.773036722485,516237.787215289,5650510.46939679
0.00257508700563845,516.773036722485,516737.787215289,5650510.46939679
0.00285318972716068,516.773036722485,517237.787215289,5650510.46939679
0.000434718223511485,516.773036722485,517737.787215289,5650510.46939679
0.00173381629820933,516.773036722485,518237.787215289,5650510.46939679
0.00216030415516595,516.773036722485,518737.787215289,5650510.46939679
0.00375263963685604,516.773036722485,519237.787215289,5650510.46939679
0.00437215865845724,516.773036722485,519737.787215289,5650510.46939679
0.00074242816747021,516.773036722485,520237.787215289,5650510.46939679
0.00101737820036869,516.773036722485,520737.787215289,5650510.46939679
0.000806782443054812,516.773036722485,521237.787215289,5650510.46939679
0.00123224622376927,516.773036722485,521737.787215289,5650510.46939679
0.00198998663834244,516.773036722485,522237.787215289,5650510.46939679
0.0028026919437495,516.773036722485,522737.787215289,5650510.46939679
0.00364604334472792,516.773036722485,523237.787215289,5650510.46939679
0.00396858145542937,516.773036722485,523737.787215289,5650510.46939679
0.00575517446576139,516.773036722485,524237.787215289,5650510.46939679
0.0395619436613155,516.773036722485,486737.787215289,5651010.46939679
0.0386114985404459,516.773036722485,487237.787215289,5651010.46939679
0.00538392287555046,516.773036722485,487737.787215289,5651010.46939679
0.00476044579998998,516.773036722485,488237.787215289,5651010.46939679
0.0117844263754433,516.773036722485,488737.787215289,5651010.46939679
0.00742931947654039,516.773036722485,489237.787215289,5651010.46939679
0.0111555315947975,516.773036722485,489737.787215289,5651010.46939679
0.00645550011261916,516.773036722485,490237.787215289,5651010.46939679
0.00310033482735616,516.773036722485,490737.787215289,5651010.46939679
0.0106670953639925,516.773036722485,491237.787215289,5651010.46939679
0.0110044071620235,516.773036722485,491737.787215289,5651010.46939679
0.0089931771843497,516.773036722485,492237.787215289,5651010.46939679
0.00408023601786765,516.773036722485,492737.787215289,5651010.46939679
0.00155435644104908,516.773036722485,493237.787215289,5651010.46939679
0.00255786834771802,516.773036722485,493737.787215289,5651010.46939679
0.00110363486640316,516.773036722485,494237.787215289,5651010.46939679
0.00250942228447183,516.773036722485,494737.787215289,5651010.46939679
0.00165936198311509,516.773036722485,495237.787215289,5651010.46939679
0.00241094228427961,516.773036722485,495737.787215289,5651010.46939679
0.00478230448137128,516.773036722485,496237.787215289,5651010.46939679
0.00319059053386802,516.773036722485,496737.787215289,5651010.46939679
0.00290609396699755,516.773036722485,497237.787215289,5651010.46939679
0.00159697204839674,516.773036722485,497737.787215289,5651010.46939679
0.00337123223333062,516.773036722485,498237.787215289,5651010.46939679
0.0027110988860981,516.773036722485,498737.787215289,5651010.46939679
0.00490275985543007,516.773036722485,499237.787215289,5651010.46939679
0.00723219017839232,516.773036722485,499737.787215289,5651010.46939679
0.00214768895922854,516.773036722485,500237.787215289,5651010.46939679
0.00078361042948337,516.773036722485,500737.787215289,5651010.46939679
0.00748716359731469,516.773036722485,501237.787215289,5651010.46939679
0.00565761075088543,516.773036722485,501737.787215289,5651010.46939679
0.00430085321315934,516.773036722485,502237.787215289,5651010.46939679
0.0103498004698947,516.773036722485,502737.787215289,5651010.46939679
0.0111108682686671,516.773036722485,503237.787215289,5651010.46939679
0.00241817226064482,516.773036722485,503737.787215289,5651010.46939679
0.0119998741009073,516.773036722485,504237.787215289,5651010.46939679
0.0144643701994703,516.773036722485,504737.787215289,5651010.46939679
0.00393904585489344,516.773036722485,505237.787215289,5651010.46939679
0.0092577587004031,516.773036722485,505737.787215289,5651010.46939679
0.00387999479741873,516.773036722485,506237.787215289,5651010.46939679
0.00511843255627117,516.773036722485,506737.787215289,5651010.46939679
0.0201736988456628,516.773036722485,507237.787215289,5651010.46939679
0.011417795356018,516.773036722485,507737.787215289,5651010.46939679
0.00372751950530984,516.773036722485,508237.787215289,5651010.46939679
0.00337506200586062,516.773036722485,508737.787215289,5651010.46939679
0.00281294319772373,516.773036722485,509237.787215289,5651010.46939679
0.00529211901068663,516.773036722485,509737.787215289,5651010.46939679
0.00250925338672807,516.773036722485,510237.787215289,5651010.46939679
0.00201790727866157,516.773036722485,510737.787215289,5651010.46939679
0.00400268686839114,516.773036722485,511237.787215289,5651010.46939679
0.00243233867799994,516.773036722485,511737.787215289,5651010.46939679
0.00275490063077427,516.773036722485,512237.787215289,5651010.46939679
0.00267045623758876,516.773036722485,512737.787215289,5651010.46939679
0.00214000254688881,516.773036722485,513237.787215289,5651010.46939679
0.00336109573508341,516.773036722485,513737.787215289,5651010.46939679
0.00637248118363442,516.773036722485,514237.787215289,5651010.46939679
0.00178251171560213,516.773036722485,514737.787215289,5651010.46939679
0.00522518287172141,516.773036722485,515237.787215289,5651010.46939679
0.00461590527287273,516.773036722485,515737.787215289,5651010.46939679
0.00407176600699224,516.773036722485,516237.787215289,5651010.46939679
0.00326411111820836,516.773036722485,516737.787215289,5651010.46939679
0.0011061704208443,516.773036722485,517237.787215289,5651010.46939679
0.000523999274029947,516.773036722485,517737.787215289,5651010.46939679
0.00161636188511136,516.773036722485,518237.787215289,5651010.46939679
0.00253467577090211,516.773036722485,518737.787215289,5651010.46939679
0.00407052671111404,516.773036722485,519237.787215289,5651010.46939679
0.00534926526427061,516.773036722485,519737.787215289,5651010.46939679
0.00435709187946839,516.773036722485,520237.787215289,5651010.46939679
0.00374730502068029,516.773036722485,520737.787215289,5651010.46939679
0.00415589657518221,516.773036722485,521237.787215289,5651010.46939679
0.00106262945924721,516.773036722485,521737.787215289,5651010.46939679
0.00281743016602611,516.773036722485,522237.787215289,5651010.46939679
0.00415589657518221,516.773036722485,522737.787215289,5651010.46939679
0.00111280890314831,516.773036722485,523237.787215289,5651010.46939679
0.00477458527855034,516.773036722485,523737.787215289,5651010.46939679
0.00489806305922318,516.773036722485,524237.787215289,5651010.46939679
0.022046930868968,516.773036722485,486737.787215289,5651510.46939679
0.0342998235554649,516.773036722485,487237.787215289,5651510.46939679
0.0344767256852003,516.773036722485,487737.787215289,5651510.46939679
0.0095814979817994,516.773036722485,488237.787215289,5651510.46939679
0.00465738282072683,516.773036722485,488737.787215289,5651510.46939679
0.00401320044207673,516.773036722485,489237.787215289,5651510.46939679
0.00593816578581623,516.773036722485,489737.787215289,5651510.46939679
0.00453349884136608,516.773036722485,490237.787215289,5651510.46939679
0.0103795237477512,516.773036722485,490737.787215289,5651510.46939679
0.0100955173469605,516.773036722485,491237.787215289,5651510.46939679
0.00891346752878344,516.773036722485,491737.787215289,5651510.46939679
0.00335267020697938,516.773036722485,492237.787215289,5651510.46939679
0.00349206982852047,516.773036722485,492737.787215289,5651510.46939679
0.0029886878194943,516.773036722485,493237.787215289,5651510.46939679
0.00100522664785008,516.773036722485,493737.787215289,5651510.46939679
0.0059999412637893,516.773036722485,494237.787215289,5651510.46939679
0.00165936198311509,516.773036722485,494737.787215289,5651510.46939679
0.010061366143574,516.773036722485,495237.787215289,5651510.46939679
0.00175331009882336,516.773036722485,495737.787215289,5651510.46939679
0.00254744263019223,516.773036722485,496237.787215289,5651510.46939679
0.00781342496957059,516.773036722485,496737.787215289,5651510.46939679
0.00884959383817271,516.773036722485,497237.787215289,5651510.46939679
0.00685185514004056,516.773036722485,497737.787215289,5651510.46939679
0.00216546249170977,516.773036722485,498237.787215289,5651510.46939679
0.00179650250321344,516.773036722485,498737.787215289,5651510.46939679
0.001322809713812,516.773036722485,499237.787215289,5651510.46939679
0.000974414010420127,516.773036722485,499737.787215289,5651510.46939679
0.00467717062679194,516.773036722485,500237.787215289,5651510.46939679
0.00289707728134317,516.773036722485,500737.787215289,5651510.46939679
0.00484804092212174,516.773036722485,501237.787215289,5651510.46939679
0.000847001542741556,516.773036722485,501737.787215289,5651510.46939679
0.00416902161977692,516.773036722485,502237.787215289,5651510.46939679
0.00948609856887449,516.773036722485,502737.787215289,5651510.46939679
0.0117559930195778,516.773036722485,503237.787215289,5651510.46939679
0.0153397193137947,516.773036722485,503737.787215289,5651510.46939679
0.0139049855831203,516.773036722485,504237.787215289,5651510.46939679
0.010839437800473,516.773036722485,504737.787215289,5651510.46939679
0.0112754982853417,516.773036722485,505237.787215289,5651510.46939679
0.0107633028594553,516.773036722485,505737.787215289,5651510.46939679
0.00287340994681482,516.773036722485,506237.787215289,5651510.46939679
0.00339065655354514,516.773036722485,506737.787215289,5651510.46939679
0.0226781366633124,516.773036722485,507237.787215289,5651510.46939679
0.0151300797441033,516.773036722485,507737.787215289,5651510.46939679
0.00354330844052485,516.773036722485,508237.787215289,5651510.46939679
0.00321765777845384,516.773036722485,508737.787215289,5651510.46939679
0.00309241011917908,516.773036722485,509237.787215289,5651510.46939679
0.00245157842721052,516.773036722485,509737.787215289,5651510.46939679
0.00383191680101479,516.773036722485,510237.787215289,5651510.46939679
0.00298711735966192,516.773036722485,510737.787215289,5651510.46939679
0.00232856572408633,516.773036722485,511237.787215289,5651510.46939679
0.0199526759225,516.773036722485,511737.787215289,5651510.46939679
0.00592519565011552,516.773036722485,512237.787215289,5651510.46939679
0.00221338189719325,516.773036722485,512737.787215289,5651510.46939679
0.00227219860385868,516.773036722485,513237.787215289,5651510.46939679
0.0027968284693356,516.773036722485,513737.787215289,5651510.46939679
0.00904228088547569,516.773036722485,514237.787215289,5651510.46939679
0.0070567361623502,516.773036722485,514737.787215289,5651510.46939679
0.00597830055942297,516.773036722485,515237.787215289,5651510.46939679
0.00478147042464513,516.773036722485,515737.787215289,5651510.46939679
0.00253860920736704,516.773036722485,516237.787215289,5651510.46939679
0.00135991871388607,516.773036722485,516737.787215289,5651510.46939679
0.00129248171275573,516.773036722485,517237.787215289,5651510.46939679
0.00117723451756767,516.773036722485,517737.787215289,5651510.46939679
0.00310791074064499,516.773036722485,518237.787215289,5651510.46939679
0.00124345555469572,516.773036722485,518737.787215289,5651510.46939679
0.00289367525354972,516.773036722485,519237.787215289,5651510.46939679
0.00339768172444856,516.773036722485,519737.787215289,5651510.46939679
0.00446753191830178,516.773036722485,520237.787215289,5651510.46939679
0.00334193269767653,516.773036722485,520737.787215289,5651510.46939679
0.00375319678383504,516.773036722485,521237.787215289,5651510.46939679
0.00153465086972939,516.773036722485,521737.787215289,5651510.46939679
0.00363244102340303,516.773036722485,522237.787215289,5651510.46939679
0.00207736277661806,516.773036722485,522737.787215289,5651510.46939679
0.00428707898290838,516.773036722485,523237.787215289,5651510.46939679
0.000970420064858354,516.773036722485,523737.787215289,5651510.46939679
0.00337052941065465,516.773036722485,524237.787215289,5651510.46939679
0.0135491427540826,516.773036722485,486737.787215289,5652010.46939679
0.0169427334346101,516.773036722485,487237.787215289,5652010.46939679
0.0284872136765954,516.773036722485,487737.787215289,5652010.46939679
0.0228733439742825,516.773036722485,488237.787215289,5652010.46939679
0.016611262318568,516.773036722485,488737.787215289,5652010.46939679
0.0171138769825998,516.773036722485,489237.787215289,5652010.46939679
0.0033573758071328,516.773036722485,489737.787215289,5652010.46939679
0.0107702931792317,516.773036722485,490237.787215289,5652010.46939679
0.0078012526959284,516.773036722485,490737.787215289,5652010.46939679
0.00408023601786765,516.773036722485,491237.787215289,5652010.46939679
0.00269617155820089,516.773036722485,491737.787215289,5652010.46939679
0.00565761075088543,516.773036722485,492237.787215289,5652010.46939679
0.00497764774998271,516.773036722485,492737.787215289,5652010.46939679
0.00258877450866321,516.773036722485,493237.787215289,5652010.46939679
0.00786981990681208,516.773036722485,493737.787215289,5652010.46939679
0.00165374867904858,516.773036722485,494237.787215289,5652010.46939679
0.00234274133623656,516.773036722485,494737.787215289,5652010.46939679
0.0029148088129868,516.773036722485,495237.787215289,5652010.46939679
0.00819072790869761,516.773036722485,495737.787215289,5652010.46939679
0.0111821993610817,516.773036722485,496237.787215289,5652010.46939679
0.00723170341272871,516.773036722485,496737.787215289,5652010.46939679
0.00228550986139804,516.773036722485,497237.787215289,5652010.46939679
0.00258617982506108,516.773036722485,497737.787215289,5652010.46939679
0.00308157511907396,516.773036722485,498237.787215289,5652010.46939679
0.00208171695779155,516.773036722485,498737.787215289,5652010.46939679
0.001322809713812,516.773036722485,499237.787215289,5652010.46939679
0.00395516687717576,516.773036722485,499737.787215289,5652010.46939679
0.0024034618968747,516.773036722485,500237.787215289,5652010.46939679
0.00165421351043716,516.773036722485,500737.787215289,5652010.46939679
0.00113853368828984,516.773036722485,501237.787215289,5652010.46939679
0.00344223940796468,516.773036722485,501737.787215289,5652010.46939679
0.00338502940958966,516.773036722485,502237.787215289,5652010.46939679
0.00395516687717576,516.773036722485,502737.787215289,5652010.46939679
0.00940344924160432,516.773036722485,503237.787215289,5652010.46939679
0.0147982884791258,516.773036722485,503737.787215289,5652010.46939679
0.0156990733633182,516.773036722485,504237.787215289,5652010.46939679
0.0191336145077144,516.773036722485,504737.787215289,5652010.46939679
0.00650525184913626,516.773036722485,505237.787215289,5652010.46939679
0.0176164849046679,516.773036722485,505737.787215289,5652010.46939679
0.00477539176572456,516.773036722485,506237.787215289,5652010.46939679
0.0287679925291096,516.773036722485,506737.787215289,5652010.46939679
0.0220884679829732,516.773036722485,507237.787215289,5652010.46939679
0.0274854635657769,516.773036722485,507737.787215289,5652010.46939679
0.0105194935567032,516.773036722485,508237.787215289,5652010.46939679
0.00388454083104785,516.773036722485,508737.787215289,5652010.46939679
0.0207550913262505,516.773036722485,509237.787215289,5652010.46939679
0.0223238295630483,516.773036722485,509737.787215289,5652010.46939679
0.014666306064368,516.773036722485,510237.787215289,5652010.46939679
0.018814146834605,516.773036722485,510737.787215289,5652010.46939679
0.0206559868589908,516.773036722485,511237.787215289,5652010.46939679
0.0195370409809147,516.773036722485,511737.787215289,5652010.46939679
0.00568000613948402,516.773036722485,512237.787215289,5652010.46939679
0.00203970108701441,516.773036722485,512737.787215289,5652010.46939679
0.00234680416925103,516.773036722485,513237.787215289,5652010.46939679
0.00331269796293027,516.773036722485,513737.787215289,5652010.46939679
0.00978430128013101,516.773036722485,514237.787215289,5652010.46939679
0.00699262357520151,516.773036722485,514737.787215289,5652010.46939679
0.00560109467841785,516.773036722485,515237.787215289,5652010.46939679
0.00374541392065423,516.773036722485,515737.787215289,5652010.46939679
0.00367316168187553,516.773036722485,516237.787215289,5652010.46939679
0.00290028586300371,516.773036722485,516737.787215289,5652010.46939679
0.00094671590930441,516.773036722485,517237.787215289,5652010.46939679
0.000575296993992581,516.773036722485,517737.787215289,5652010.46939679
0.00249933934059791,516.773036722485,518237.787215289,5652010.46939679
0.00336732789397401,516.773036722485,518737.787215289,5652010.46939679
0.00492387230989359,516.773036722485,519237.787215289,5652010.46939679
0.00501236313195255,516.773036722485,519737.787215289,5652010.46939679
0.00637634249431885,516.773036722485,520237.787215289,5652010.46939679
0.00589659748872213,516.773036722485,520737.787215289,5652010.46939679
0.00500130801466988,516.773036722485,521237.787215289,5652010.46939679
0.00409407478802695,516.773036722485,521737.787215289,5652010.46939679
0.00481216717133411,516.773036722485,522237.787215289,5652010.46939679
0.0052280080625186,516.773036722485,522737.787215289,5652010.46939679
0.000999849221727178,516.773036722485,523237.787215289,5652010.46939679
0.00136648352301555,516.773036722485,523737.787215289,5652010.46939679
0.00186389389839255,516.773036722485,524237.787215289,5652010.46939679
0.00744741992486094,516.773036722485,486737.787215289,5652510.46939679
0.0183545266025358,516.773036722485,487237.787215289,5652510.46939679
0.0123091449324014,516.773036722485,487737.787215289,5652510.46939679
0.0127259268882502,516.773036722485,488237.787215289,5652510.46939679
0.0134360512940188,516.773036722485,488737.787215289,5652510.46939679
0.00389867105576537,516.773036722485,489237.787215289,5652510.46939679
0.00577478869283039,516.773036722485,489737.787215289,5652510.46939679
0.00490275985543007,516.773036722485,490237.787215289,5652510.46939679
0.00308319523953201,516.773036722485,490737.787215289,5652510.46939679
0.00193283120841506,516.773036722485,491237.787215289,5652510.46939679
0.00100522664785008,516.773036722485,491737.787215289,5652510.46939679
0.00679561695981143,516.773036722485,492237.787215289,5652510.46939679
0.002887969335708,516.773036722485,492737.787215289,5652510.46939679
0.00971593852411533,516.773036722485,493237.787215289,5652510.46939679
0.00234274133623656,516.773036722485,493737.787215289,5652510.46939679
0.00206959263007928,516.773036722485,494237.787215289,5652510.46939679
0.00236913071482621,516.773036722485,494737.787215289,5652510.46939679
0.00274617065383455,516.773036722485,495237.787215289,5652510.46939679
0.00331587453845385,516.773036722485,495737.787215289,5652510.46939679
0.00250561206437003,516.773036722485,496237.787215289,5652510.46939679
0.00250561206437003,516.773036722485,496737.787215289,5652510.46939679
0.00250561206437003,516.773036722485,497237.787215289,5652510.46939679
0.00323436184209643,516.773036722485,497737.787215289,5652510.46939679
0.00402190600728074,516.773036722485,498237.787215289,5652510.46939679
0.0167450754672039,516.773036722485,498737.787215289,5652510.46939679
0.00916422058525524,516.773036722485,499237.787215289,5652510.46939679
0.00911521069093296,516.773036722485,499737.787215289,5652510.46939679
0.009277556826844,516.773036722485,500237.787215289,5652510.46939679
0.00856496840315781,516.773036722485,500737.787215289,5652510.46939679
0.00845030148393324,516.773036722485,501237.787215289,5652510.46939679
0.0022156025570477,516.773036722485,501737.787215289,5652510.46939679
0.00987357818420061,516.773036722485,502237.787215289,5652510.46939679
0.00263875251928059,516.773036722485,502737.787215289,5652510.46939679
0.00845030148393324,516.773036722485,503237.787215289,5652510.46939679
0.012982261846352,516.773036722485,503737.787215289,5652510.46939679
0.0153397193137947,516.773036722485,504237.787215289,5652510.46939679
0.0182133298212275,516.773036722485,504737.787215289,5652510.46939679
0.00786885025275488,516.773036722485,505237.787215289,5652510.46939679
0.0213091644888666,516.773036722485,505737.787215289,5652510.46939679
0.0222390829815771,516.773036722485,506237.787215289,5652510.46939679
0.0235966382282171,516.773036722485,506737.787215289,5652510.46939679
0.0243428042834223,516.773036722485,507237.787215289,5652510.46939679
0.011895966284218,516.773036722485,507737.787215289,5652510.46939679
0.00871354729948623,516.773036722485,508237.787215289,5652510.46939679
0.00353265536687661,516.773036722485,508737.787215289,5652510.46939679
0.0293422522509673,516.773036722485,509237.787215289,5652510.46939679
0.0258088088352542,516.773036722485,509737.787215289,5652510.46939679
0.0207550913262505,516.773036722485,510237.787215289,5652510.46939679
0.0191058486158099,516.773036722485,510737.787215289,5652510.46939679
0.017794974417726,516.773036722485,511237.787215289,5652510.46939679
0.0163755031915652,516.773036722485,511737.787215289,5652510.46939679
0.00453349884136608,516.773036722485,512237.787215289,5652510.46939679
0.00245659175542456,516.773036722485,512737.787215289,5652510.46939679
0.00208906230134099,516.773036722485,513237.787215289,5652510.46939679
0.00989465251876212,516.773036722485,513737.787215289,5652510.46939679
0.0073873586185915,516.773036722485,514237.787215289,5652510.46939679
0.00652127000134845,516.773036722485,514737.787215289,5652510.46939679
0.0017882581362589,516.773036722485,515237.787215289,5652510.46939679
0.0042502918677197,516.773036722485,515737.787215289,5652510.46939679
0.00361712077359972,516.773036722485,516237.787215289,5652510.46939679
0.00229908933739621,516.773036722485,516737.787215289,5652510.46939679
0.00129248171275573,516.773036722485,517237.787215289,5652510.46939679
0.00114114942129866,516.773036722485,517737.787215289,5652510.46939679
0.000726604930119974,516.773036722485,518237.787215289,5652510.46939679
0.00319360439441729,516.773036722485,518737.787215289,5652510.46939679
0.00553146910953803,516.773036722485,519237.787215289,5652510.46939679
0.00437898052587676,516.773036722485,519737.787215289,5652510.46939679
0.00697508370472426,516.773036722485,520237.787215289,5652510.46939679
0.00508531849148879,516.773036722485,520737.787215289,5652510.46939679
0.00222715591897294,516.773036722485,521237.787215289,5652510.46939679
0.00286431150808144,516.773036722485,521737.787215289,5652510.46939679
0.00532938629187722,516.773036722485,522237.787215289,5652510.46939679
0.00622296848484803,516.773036722485,522737.787215289,5652510.46939679
0.00114113084871032,516.773036722485,523237.787215289,5652510.46939679
0.00117957192380938,516.773036722485,523737.787215289,5652510.46939679
0.000183158235665124,516.773036722485,524237.787215289,5652510.46939679
0.00387007631978456,516.773036722485,486737.787215289,5653010.46939679
0.00378531240385227,516.773036722485,487237.787215289,5653010.46939679
0.0091941936436307,516.773036722485,487737.787215289,5653010.46939679
0.0146469109135457,516.773036722485,488237.787215289,5653010.46939679
0.00731158925073768,516.773036722485,488737.787215289,5653010.46939679
0.0107763067894978,516.773036722485,489237.787215289,5653010.46939679
0.0079232524039861,516.773036722485,489737.787215289,5653010.46939679
0.00571425496148212,516.773036722485,490237.787215289,5653010.46939679
0.00232978995417053,516.773036722485,490737.787215289,5653010.46939679
0.00360249504855594,516.773036722485,491237.787215289,5653010.46939679
0.00155435644104908,516.773036722485,491737.787215289,5653010.46939679
0.00710563550979265,516.773036722485,492237.787215289,5653010.46939679
0.00212145241880269,516.773036722485,492737.787215289,5653010.46939679
0.00379244405196233,516.773036722485,493237.787215289,5653010.46939679
0.00282546284576211,516.773036722485,493737.787215289,5653010.46939679
0.00229651110620736,516.773036722485,494237.787215289,5653010.46939679
0.00250130183887282,516.773036722485,494737.787215289,5653010.46939679
0.00339065655354514,516.773036722485,495237.787215289,5653010.46939679
0.00329107691380365,516.773036722485,495737.787215289,5653010.46939679
0.00281666804167865,516.773036722485,496237.787215289,5653010.46939679
0.00339514639414231,516.773036722485,496737.787215289,5653010.46939679
0.00339514639414231,516.773036722485,497237.787215289,5653010.46939679
0.00378531240385227,516.773036722485,497737.787215289,5653010.46939679
0.00299762024070662,516.773036722485,498237.787215289,5653010.46939679
0.0032087057141507,516.773036722485,498737.787215289,5653010.46939679
0.0118246676999721,516.773036722485,499237.787215289,5653010.46939679
0.00942693598126044,516.773036722485,499737.787215289,5653010.46939679
0.00948609856887449,516.773036722485,500237.787215289,5653010.46939679
0.00858636089200731,516.773036722485,500737.787215289,5653010.46939679
0.00856496840315781,516.773036722485,501237.787215289,5653010.46939679
0.00978606522853031,516.773036722485,501737.787215289,5653010.46939679
0.0100955173469605,516.773036722485,502237.787215289,5653010.46939679
0.00247946347239924,516.773036722485,502737.787215289,5653010.46939679
0.00383393140931183,516.773036722485,503237.787215289,5653010.46939679
0.01016406131728,516.773036722485,503737.787215289,5653010.46939679
0.00482474600734273,516.773036722485,504237.787215289,5653010.46939679
0.00550779913269789,516.773036722485,504737.787215289,5653010.46939679
0.017265659329534,516.773036722485,505237.787215289,5653010.46939679
0.00268327859192632,516.773036722485,505737.787215289,5653010.46939679
0.011432914575647,516.773036722485,506237.787215289,5653010.46939679
0.0200228307093749,516.773036722485,506737.787215289,5653010.46939679
0.0213091644888666,516.773036722485,507237.787215289,5653010.46939679
0.0219829967124485,516.773036722485,507737.787215289,5653010.46939679
0.00739384486757571,516.773036722485,508237.787215289,5653010.46939679
0.00811767675487405,516.773036722485,508737.787215289,5653010.46939679
0.018814146834605,516.773036722485,509237.787215289,5653010.46939679
0.0222390829815771,516.773036722485,509737.787215289,5653010.46939679
0.0201951818596839,516.773036722485,510237.787215289,5653010.46939679
0.0182374475536931,516.773036722485,510737.787215289,5653010.46939679
0.0199963519341608,516.773036722485,511237.787215289,5653010.46939679
0.016707634473736,516.773036722485,511737.787215289,5653010.46939679
0.0149581129995459,516.773036722485,512237.787215289,5653010.46939679
0.00184044743604865,516.773036722485,512737.787215289,5653010.46939679
0.00291403825650324,516.773036722485,513237.787215289,5653010.46939679
0.00545932236210494,516.773036722485,513737.787215289,5653010.46939679
0.00719812954252574,516.773036722485,514237.787215289,5653010.46939679
0.00400509736165712,516.773036722485,514737.787215289,5653010.46939679
0.00551841818011751,516.773036722485,515237.787215289,5653010.46939679
0.00368088504606113,516.773036722485,515737.787215289,5653010.46939679
0.0024961543366478,516.773036722485,516237.787215289,5653010.46939679
0.00105655567247488,516.773036722485,516737.787215289,5653010.46939679
0.000693449666702917,516.773036722485,517237.787215289,5653010.46939679
0.00133335219488562,516.773036722485,517737.787215289,5653010.46939679
0.00212439893031989,516.773036722485,518237.787215289,5653010.46939679
0.00116086719370427,516.773036722485,518737.787215289,5653010.46939679
0.00484676870169707,516.773036722485,519237.787215289,5653010.46939679
0.00629831436404782,516.773036722485,519737.787215289,5653010.46939679
0.00649627830017584,516.773036722485,520237.787215289,5653010.46939679
0.00186105987272216,516.773036722485,520737.787215289,5653010.46939679
0.00653498495629684,516.773036722485,521237.787215289,5653010.46939679
0.00566808275103495,516.773036722485,521737.787215289,5653010.46939679
0.00421886199117858,516.773036722485,522237.787215289,5653010.46939679
0.00118272139602356,516.773036722485,522737.787215289,5653010.46939679
0.00140629387979858,516.773036722485,523237.787215289,5653010.46939679
0.0012250600767497,516.773036722485,523737.787215289,5653010.46939679
0.00140779144508736,516.773036722485,524237.787215289,5653010.46939679
0.00285566140545956,516.773036722485,486737.787215289,5653510.46939679
0.00269157949182705,516.773036722485,487237.787215289,5653510.46939679
0.00491563758698831,516.773036722485,487737.787215289,5653510.46939679
0.00355103681096058,516.773036722485,488237.787215289,5653510.46939679
0.00362017029099954,516.773036722485,488737.787215289,5653510.46939679
0.00462003350006735,516.773036722485,489237.787215289,5653510.46939679
0.00571425496148212,516.773036722485,489737.787215289,5653510.46939679
0.00187358523899556,516.773036722485,490237.787215289,5653510.46939679
0.00371641210289561,516.773036722485,490737.787215289,5653510.46939679
0.00338502940958966,516.773036722485,491237.787215289,5653510.46939679
0.00371641210289561,516.773036722485,491737.787215289,5653510.46939679
0.0018921768536747,516.773036722485,492237.787215289,5653510.46939679
0.00200373373438112,516.773036722485,492737.787215289,5653510.46939679
0.00225718953092477,516.773036722485,493237.787215289,5653510.46939679
0.00258039728068697,516.773036722485,493737.787215289,5653510.46939679
0.00256212045063062,516.773036722485,494237.787215289,5653510.46939679
0.00297988746519529,516.773036722485,494737.787215289,5653510.46939679
0.00343469743372961,516.773036722485,495237.787215289,5653510.46939679
0.0037454036101602,516.773036722485,495737.787215289,5653510.46939679
0.00351931125519732,516.773036722485,496237.787215289,5653510.46939679
0.00925321766239774,516.773036722485,496737.787215289,5653510.46939679
0.00304409649983635,516.773036722485,497237.787215289,5653510.46939679
0.00612594074327855,516.773036722485,497737.787215289,5653510.46939679
0.0095399576849003,516.773036722485,498237.787215289,5653510.46939679
0.00722494148013738,516.773036722485,498737.787215289,5653510.46939679
0.0147982884791258,516.773036722485,499237.787215289,5653510.46939679
0.012190666581477,516.773036722485,499737.787215289,5653510.46939679
0.0109298768861763,516.773036722485,500237.787215289,5653510.46939679
0.0121985839149205,516.773036722485,500737.787215289,5653510.46939679
0.00985250815973583,516.773036722485,501237.787215289,5653510.46939679
0.0092577587004031,516.773036722485,501737.787215289,5653510.46939679
0.008835807351678,516.773036722485,502237.787215289,5653510.46939679
0.00395516687717576,516.773036722485,502737.787215289,5653510.46939679
0.00360249504855594,516.773036722485,503237.787215289,5653510.46939679
0.0103498004698947,516.773036722485,503737.787215289,5653510.46939679
0.012973835876862,516.773036722485,504237.787215289,5653510.46939679
0.0143446850072457,516.773036722485,504737.787215289,5653510.46939679
0.0157489801483337,516.773036722485,505237.787215289,5653510.46939679
0.0143312721517223,516.773036722485,505737.787215289,5653510.46939679
0.0133117452415767,516.773036722485,506237.787215289,5653510.46939679
0.0170764968698115,516.773036722485,506737.787215289,5653510.46939679
0.0155538305539474,516.773036722485,507237.787215289,5653510.46939679
0.0125081779512132,516.773036722485,507737.787215289,5653510.46939679
0.0150770678830306,516.773036722485,508237.787215289,5653510.46939679
0.0150770678830306,516.773036722485,508737.787215289,5653510.46939679
0.0160456692758671,516.773036722485,509237.787215289,5653510.46939679
0.018374863175041,516.773036722485,509737.787215289,5653510.46939679
0.00704369324024648,516.773036722485,510237.787215289,5653510.46939679
0.0168933246074922,516.773036722485,510737.787215289,5653510.46939679
0.0157342542205588,516.773036722485,511237.787215289,5653510.46939679
0.0111821993610817,516.773036722485,511737.787215289,5653510.46939679
0.00329951073180485,516.773036722485,512237.787215289,5653510.46939679
0.00335438088862155,516.773036722485,512737.787215289,5653510.46939679
0.0031514795627887,516.773036722485,513237.787215289,5653510.46939679
0.00825795588700049,516.773036722485,513737.787215289,5653510.46939679
0.00668572533248499,516.773036722485,514237.787215289,5653510.46939679
0.00441086668121829,516.773036722485,514737.787215289,5653510.46939679
0.00454923682361268,516.773036722485,515237.787215289,5653510.46939679
0.00346577673841563,516.773036722485,515737.787215289,5653510.46939679
0.00379916857689448,516.773036722485,516237.787215289,5653510.46939679
0.00268095611719146,516.773036722485,516737.787215289,5653510.46939679
0.00117723451756767,516.773036722485,517237.787215289,5653510.46939679
0.00286119545972171,516.773036722485,517737.787215289,5653510.46939679
0.00163921450787124,516.773036722485,518237.787215289,5653510.46939679
0.0033595422665357,516.773036722485,518737.787215289,5653510.46939679
0.00377504006818662,516.773036722485,519237.787215289,5653510.46939679
0.00558122866315113,516.773036722485,519737.787215289,5653510.46939679
0.0080318633515823,516.773036722485,520237.787215289,5653510.46939679
0.00425573869336503,516.773036722485,520737.787215289,5653510.46939679
0.00769638772025477,516.773036722485,521237.787215289,5653510.46939679
0.00740341924409204,516.773036722485,521737.787215289,5653510.46939679
0.00828584460666765,516.773036722485,522237.787215289,5653510.46939679
0.00176135535933545,516.773036722485,522737.787215289,5653510.46939679
0.00134498501889597,516.773036722485,523237.787215289,5653510.46939679
0.00167081442384551,516.773036722485,523737.787215289,5653510.46939679
0.00151316073829433,516.773036722485,524237.787215289,5653510.46939679
0.00334696000501793,516.773036722485,486737.787215289,5654010.46939679
0.00452925983821306,516.773036722485,487237.787215289,5654010.46939679
0.00228550986139804,516.773036722485,487737.787215289,5654010.46939679
0.00213503668841219,516.773036722485,488237.787215289,5654010.46939679
0.0018921768536747,516.773036722485,488737.787215289,5654010.46939679
0.00218226917971836,516.773036722485,489237.787215289,5654010.46939679
0.0074608844001587,516.773036722485,489737.787215289,5654010.46939679
0.00110363486640316,516.773036722485,490237.787215289,5654010.46939679
0.00195618518300897,516.773036722485,490737.787215289,5654010.46939679
0.0032812700393914,516.773036722485,491237.787215289,5654010.46939679
0.00247946347239924,516.773036722485,491737.787215289,5654010.46939679
0.00204861854630815,516.773036722485,492237.787215289,5654010.46939679
0.00214754440810147,516.773036722485,492737.787215289,5654010.46939679
0.00321423493296277,516.773036722485,493237.787215289,5654010.46939679
0.00315962841079796,516.773036722485,493737.787215289,5654010.46939679
0.000847001542741556,516.773036722485,494237.787215289,5654010.46939679
0.00375960499231535,516.773036722485,494737.787215289,5654010.46939679
0.00351931125519732,516.773036722485,495237.787215289,5654010.46939679
0.00455767801752813,516.773036722485,495737.787215289,5654010.46939679
0.00402403498698538,516.773036722485,496237.787215289,5654010.46939679
0.00344778605191308,516.773036722485,496737.787215289,5654010.46939679
0.00484791231204531,516.773036722485,497237.787215289,5654010.46939679
0.017427520422157,516.773036722485,497737.787215289,5654010.46939679
0.0144137327913497,516.773036722485,498237.787215289,5654010.46939679
0.0147982884791258,516.773036722485,498737.787215289,5654010.46939679
0.0127707862476308,516.773036722485,499237.787215289,5654010.46939679
0.00878965760897073,516.773036722485,499737.787215289,5654010.46939679
0.0106670953639925,516.773036722485,500237.787215289,5654010.46939679
0.0106670953639925,516.773036722485,500737.787215289,5654010.46939679
0.0106670953639925,516.773036722485,501237.787215289,5654010.46939679
0.00832316808312782,516.773036722485,501737.787215289,5654010.46939679
0.0074608844001587,516.773036722485,502237.787215289,5654010.46939679
0.00263875251928059,516.773036722485,502737.787215289,5654010.46939679
0.00218915152047053,516.773036722485,503237.787215289,5654010.46939679
0.00864024810727736,516.773036722485,503737.787215289,5654010.46939679
0.00955050486291625,516.773036722485,504237.787215289,5654010.46939679
0.0116320488242225,516.773036722485,504737.787215289,5654010.46939679
0.0135912243754577,516.773036722485,505237.787215289,5654010.46939679
0.0115357996284197,516.773036722485,505737.787215289,5654010.46939679
0.0139049855831203,516.773036722485,506237.787215289,5654010.46939679
0.00957028486448717,516.773036722485,506737.787215289,5654010.46939679
0.00899257189469994,516.773036722485,507237.787215289,5654010.46939679
0.0143446850072457,516.773036722485,507737.787215289,5654010.46939679
0.015266235668529,516.773036722485,508237.787215289,5654010.46939679
0.0143446850072457,516.773036722485,508737.787215289,5654010.46939679
0.0143446850072457,516.773036722485,509237.787215289,5654010.46939679
0.0150770678830306,516.773036722485,509737.787215289,5654010.46939679
0.0144581511723568,516.773036722485,510237.787215289,5654010.46939679
0.0131644154795331,516.773036722485,510737.787215289,5654010.46939679
0.014602314755731,516.773036722485,511237.787215289,5654010.46939679
0.0151773221188338,516.773036722485,511737.787215289,5654010.46939679
0.00425102860993875,516.773036722485,512237.787215289,5654010.46939679
0.00418557263013221,516.773036722485,512737.787215289,5654010.46939679
0.00627653044804126,516.773036722485,513237.787215289,5654010.46939679
0.00409673143889866,516.773036722485,513737.787215289,5654010.46939679
0.00641869455874963,516.773036722485,514237.787215289,5654010.46939679
0.00438847853814769,516.773036722485,514737.787215289,5654010.46939679
0.004399073970346,516.773036722485,515237.787215289,5654010.46939679
0.00429182900967068,516.773036722485,515737.787215289,5654010.46939679
0.00313196873276759,516.773036722485,516237.787215289,5654010.46939679
0.000874082995511699,516.773036722485,516737.787215289,5654010.46939679
0.000693449666702917,516.773036722485,517237.787215289,5654010.46939679
0.00220670019080673,516.773036722485,517737.787215289,5654010.46939679
0.00324108832794386,516.773036722485,518237.787215289,5654010.46939679
0.00205273270997063,516.773036722485,518737.787215289,5654010.46939679
0.00373030303570053,516.773036722485,519237.787215289,5654010.46939679
0.00662166465780138,516.773036722485,519737.787215289,5654010.46939679
0.00908260824909416,516.773036722485,520237.787215289,5654010.46939679
0.00940344924160432,516.773036722485,520737.787215289,5654010.46939679
0.00715422239502526,516.773036722485,521237.787215289,5654010.46939679
0.00861769494258528,516.773036722485,521737.787215289,5654010.46939679
0.00745321193793334,516.773036722485,522237.787215289,5654010.46939679
0.00336598030329798,516.773036722485,522737.787215289,5654010.46939679
0.00220196793541377,516.773036722485,523237.787215289,5654010.46939679
0.00163980140297657,516.773036722485,523737.787215289,5654010.46939679
0.00496702554616636,516.773036722485,524237.787215289,5654010.46939679
0.00216546249170977,516.773036722485,486737.787215289,5654510.46939679
0.00159697204839674,516.773036722485,487237.787215289,5654510.46939679
0.00142016488518191,516.773036722485,487737.787215289,5654510.46939679
0.00142016488518191,516.773036722485,488237.787215289,5654510.46939679
0.00147665903139429,516.773036722485,488737.787215289,5654510.46939679
0.00102095603426456,516.773036722485,489237.787215289,5654510.46939679
0.00193283120841506,516.773036722485,489737.787215289,5654510.46939679
0.00426011962263925,516.773036722485,490237.787215289,5654510.46939679
0.00694836943823016,516.773036722485,490737.787215289,5654510.46939679
0.00170652257063516,516.773036722485,491237.787215289,5654510.46939679
0.00128951909715408,516.773036722485,491737.787215289,5654510.46939679
0.00201373663905083,516.773036722485,492237.787215289,5654510.46939679
0.00258860027008395,516.773036722485,492737.787215289,5654510.46939679
0.00399314109707475,516.773036722485,493237.787215289,5654510.46939679
0.00354330844052485,516.773036722485,493737.787215289,5654510.46939679
0.00411206569360816,516.773036722485,494237.787215289,5654510.46939679
0.00596992937841514,516.773036722485,494737.787215289,5654510.46939679
0.00522647700966533,516.773036722485,495237.787215289,5654510.46939679
0.00351931125519732,516.773036722485,495737.787215289,5654510.46939679
0.00354330844052485,516.773036722485,496237.787215289,5654510.46939679
0.0122379939360257,516.773036722485,496737.787215289,5654510.46939679
0.0119005813409301,516.773036722485,497237.787215289,5654510.46939679
0.0161328728812867,516.773036722485,497737.787215289,5654510.46939679
0.0110463391549013,516.773036722485,498237.787215289,5654510.46939679
0.0110838336432016,516.773036722485,498737.787215289,5654510.46939679
0.00819127922626117,516.773036722485,499237.787215289,5654510.46939679
0.00701050598978879,516.773036722485,499737.787215289,5654510.46939679
0.00383393140931183,516.773036722485,500237.787215289,5654510.46939679
0.00360249504855594,516.773036722485,500737.787215289,5654510.46939679
0.00434236406031393,516.773036722485,501237.787215289,5654510.46939679
0.00395516687717576,516.773036722485,501737.787215289,5654510.46939679
0.00408023601786765,516.773036722485,502237.787215289,5654510.46939679
0.00371641210289561,516.773036722485,502737.787215289,5654510.46939679
0.00110363486640316,516.773036722485,503237.787215289,5654510.46939679
0.00408023601786765,516.773036722485,503737.787215289,5654510.46939679
0.009277556826844,516.773036722485,504237.787215289,5654510.46939679
0.00679561695981143,516.773036722485,504737.787215289,5654510.46939679
0.00845030148393324,516.773036722485,505237.787215289,5654510.46939679
0.0104147548705934,516.773036722485,505737.787215289,5654510.46939679
0.00978606522853031,516.773036722485,506237.787215289,5654510.46939679
0.00948609856887449,516.773036722485,506737.787215289,5654510.46939679
0.0083754035244126,516.773036722485,507237.787215289,5654510.46939679
0.00348109132188649,516.773036722485,507737.787215289,5654510.46939679
0.00632880160915881,516.773036722485,508237.787215289,5654510.46939679
0.0100955173469605,516.773036722485,508737.787215289,5654510.46939679
0.0103498004698947,516.773036722485,509237.787215289,5654510.46939679
0.0117113671748834,516.773036722485,509737.787215289,5654510.46939679
0.00906760161443705,516.773036722485,510237.787215289,5654510.46939679
0.0123793306418872,516.773036722485,510737.787215289,5654510.46939679
0.00697739664023015,516.773036722485,511237.787215289,5654510.46939679
0.0118096300462535,516.773036722485,511737.787215289,5654510.46939679
0.00856496840315781,516.773036722485,512237.787215289,5654510.46939679
0.0073873586185915,516.773036722485,512737.787215289,5654510.46939679
0.00612557466427259,516.773036722485,513237.787215289,5654510.46939679
0.00557876439491924,516.773036722485,513737.787215289,5654510.46939679
0.00435709187946839,516.773036722485,514237.787215289,5654510.46939679
0.00440053685185432,516.773036722485,514737.787215289,5654510.46939679
0.00403275152994001,516.773036722485,515237.787215289,5654510.46939679
0.00323803137153119,516.773036722485,515737.787215289,5654510.46939679
0.00277349287194691,516.773036722485,516237.787215289,5654510.46939679
0.00107226361168229,516.773036722485,516737.787215289,5654510.46939679
0.00252618780665167,516.773036722485,517237.787215289,5654510.46939679
0.00313877784810819,516.773036722485,517737.787215289,5654510.46939679
0.00231224810071444,516.773036722485,518237.787215289,5654510.46939679
0.00290558713033974,516.773036722485,518737.787215289,5654510.46939679
0.00711655893090932,516.773036722485,519237.787215289,5654510.46939679
0.00502212621850744,516.773036722485,519737.787215289,5654510.46939679
0.00957092903997352,516.773036722485,520237.787215289,5654510.46939679
0.0111552753337664,516.773036722485,520737.787215289,5654510.46939679
0.00657325759824829,516.773036722485,521237.787215289,5654510.46939679
0.00820174249931895,516.773036722485,521737.787215289,5654510.46939679
0.0101988086177765,516.773036722485,522237.787215289,5654510.46939679
0.00853398581151584,516.773036722485,522737.787215289,5654510.46939679
0.00397715378516696,516.773036722485,523237.787215289,5654510.46939679
0.0104459868217085,516.773036722485,523737.787215289,5654510.46939679
0.0143446850072457,516.773036722485,524237.787215289,5654510.46939679
0.0027968284693356,516.773036722485,486737.787215289,5655010.46939679
0.00200015648638256,516.773036722485,487237.787215289,5655010.46939679
0.00125145702154179,516.773036722485,487737.787215289,5655010.46939679
0.00129504794299925,516.773036722485,488237.787215289,5655010.46939679
0.000847001542741556,516.773036722485,488737.787215289,5655010.46939679
0.00441031164447627,516.773036722485,489237.787215289,5655010.46939679
0.00426011962263925,516.773036722485,489737.787215289,5655010.46939679
0.0114343234183175,516.773036722485,490237.787215289,5655010.46939679
0.00970080238818687,516.773036722485,490737.787215289,5655010.46939679
0.000860323185328028,516.773036722485,491237.787215289,5655010.46939679
0.000573978303110409,516.773036722485,491737.787215289,5655010.46939679
0.001943575883232,516.773036722485,492237.787215289,5655010.46939679
0.00267045623758876,516.773036722485,492737.787215289,5655010.46939679
0.00272671965893485,516.773036722485,493237.787215289,5655010.46939679
0.00319019741571632,516.773036722485,493737.787215289,5655010.46939679
0.00321765777845384,516.773036722485,494237.787215289,5655010.46939679
0.00476044579998998,516.773036722485,494737.787215289,5655010.46939679
0.00426482396808731,516.773036722485,495237.787215289,5655010.46939679
0.00722889895129791,516.773036722485,495737.787215289,5655010.46939679
0.0194090823330372,516.773036722485,496237.787215289,5655010.46939679
0.0186048417597923,516.773036722485,496737.787215289,5655010.46939679
0.010113573018839,516.773036722485,497237.787215289,5655010.46939679
0.0115119572728365,516.773036722485,497737.787215289,5655010.46939679
0.00948609856887449,516.773036722485,498237.787215289,5655010.46939679
0.0089931771843497,516.773036722485,498737.787215289,5655010.46939679
0.00395516687717576,516.773036722485,499237.787215289,5655010.46939679
0.00371641210289561,516.773036722485,499737.787215289,5655010.46939679
0.00338502940958966,516.773036722485,500237.787215289,5655010.46939679
0.00408023601786765,516.773036722485,500737.787215289,5655010.46939679
0.00395516687717576,516.773036722485,501237.787215289,5655010.46939679
0.00280827482861521,516.773036722485,501737.787215289,5655010.46939679
0.00308319523953201,516.773036722485,502237.787215289,5655010.46939679
0.00272219438667422,516.773036722485,502737.787215289,5655010.46939679
0.00408023601786765,516.773036722485,503237.787215289,5655010.46939679
0.00308319523953201,516.773036722485,503737.787215289,5655010.46939679
0.00165421351043716,516.773036722485,504237.787215289,5655010.46939679
0.00371641210289561,516.773036722485,504737.787215289,5655010.46939679
0.0042092600586786,516.773036722485,505237.787215289,5655010.46939679
0.00871751446836682,516.773036722485,505737.787215289,5655010.46939679
0.00987357818420061,516.773036722485,506237.787215289,5655010.46939679
0.00987357818420061,516.773036722485,506737.787215289,5655010.46939679
0.00845030148393324,516.773036722485,507237.787215289,5655010.46939679
0.00911521069093296,516.773036722485,507737.787215289,5655010.46939679
0.00871751446836682,516.773036722485,508237.787215289,5655010.46939679
0.00871751446836682,516.773036722485,508737.787215289,5655010.46939679
0.008835807351678,516.773036722485,509237.787215289,5655010.46939679
0.00864024810727736,516.773036722485,509737.787215289,5655010.46939679
0.0103401229915584,516.773036722485,510237.787215289,5655010.46939679
0.01016406131728,516.773036722485,510737.787215289,5655010.46939679
0.00916422058525524,516.773036722485,511237.787215289,5655010.46939679
0.00435587896790059,516.773036722485,511737.787215289,5655010.46939679
0.00844161154646055,516.773036722485,512237.787215289,5655010.46939679
0.0068266918284172,516.773036722485,512737.787215289,5655010.46939679
0.00599143276478272,516.773036722485,513237.787215289,5655010.46939679
0.00573101373517778,516.773036722485,513737.787215289,5655010.46939679
0.00462664135644964,516.773036722485,514237.787215289,5655010.46939679
0.00228039085580268,516.773036722485,514737.787215289,5655010.46939679
0.00161001791160609,516.773036722485,515237.787215289,5655010.46939679
0.00271383389050975,516.773036722485,515737.787215289,5655010.46939679
0.00143979235009599,516.773036722485,516237.787215289,5655010.46939679
0.000477275636846892,516.773036722485,516737.787215289,5655010.46939679
0.0026306482926227,516.773036722485,517237.787215289,5655010.46939679
0.00261482655352236,516.773036722485,517737.787215289,5655010.46939679
0.00181238521283939,516.773036722485,518237.787215289,5655010.46939679
0.00433726483727366,516.773036722485,518737.787215289,5655010.46939679
0.00662166465780138,516.773036722485,519237.787215289,5655010.46939679
0.00594108023446895,516.773036722485,519737.787215289,5655010.46939679
0.0108633048417537,516.773036722485,520237.787215289,5655010.46939679
0.00962332502262973,516.773036722485,520737.787215289,5655010.46939679
0.0127750330839364,516.773036722485,521237.787215289,5655010.46939679
0.00634423821590128,516.773036722485,521737.787215289,5655010.46939679
0.0114622129248742,516.773036722485,522237.787215289,5655010.46939679
0.0118169930520219,516.773036722485,522737.787215289,5655010.46939679
0.0138240002208149,516.773036722485,523237.787215289,5655010.46939679
0.0141547183542938,516.773036722485,523737.787215289,5655010.46939679
0.0152519611261947,516.773036722485,524237.787215289,5655010.46939679
0.00794019662968843,516.773036722485,486737.787215289,5655510.46939679
0.00318069114581573,516.773036722485,487237.787215289,5655510.46939679
0.00113853368828984,516.773036722485,487737.787215289,5655510.46939679
0.000847001542741556,516.773036722485,488237.787215289,5655510.46939679
0.00282883681631238,516.773036722485,488737.787215289,5655510.46939679
0.00845030148393324,516.773036722485,489237.787215289,5655510.46939679
0.0091379775049932,516.773036722485,489737.787215289,5655510.46939679
0.00227093062614445,516.773036722485,490237.787215289,5655510.46939679
0.00172714210770856,516.773036722485,490737.787215289,5655510.46939679
0.000736307562872477,516.773036722485,491237.787215289,5655510.46939679
0.00162288268278889,516.773036722485,491737.787215289,5655510.46939679
0.00145593560892736,516.773036722485,492237.787215289,5655510.46939679
0.00182625137185038,516.773036722485,492737.787215289,5655510.46939679
0.00260106043302861,516.773036722485,493237.787215289,5655510.46939679
0.00242463086439268,516.773036722485,493737.787215289,5655510.46939679
0.0027483306311002,516.773036722485,494237.787215289,5655510.46939679
0.00495658870890928,516.773036722485,494737.787215289,5655510.46939679
0.00601529599459992,516.773036722485,495237.787215289,5655510.46939679
0.00411941104754249,516.773036722485,495737.787215289,5655510.46939679
0.00250130183887282,516.773036722485,496237.787215289,5655510.46939679
0.0111036569030247,516.773036722485,496737.787215289,5655510.46939679
0.0107077420394784,516.773036722485,497237.787215289,5655510.46939679
0.00830243132600216,516.773036722485,497737.787215289,5655510.46939679
0.00318069114581573,516.773036722485,498237.787215289,5655510.46939679
0.00434236406031393,516.773036722485,498737.787215289,5655510.46939679
0.00247946347239924,516.773036722485,499237.787215289,5655510.46939679
0.0024034618968747,516.773036722485,499737.787215289,5655510.46939679
0.00658731480034982,516.773036722485,500237.787215289,5655510.46939679
0.00439483189066588,516.773036722485,500737.787215289,5655510.46939679
0.00247946347239924,516.773036722485,501237.787215289,5655510.46939679
0.0074608844001587,516.773036722485,501737.787215289,5655510.46939679
0.00563775310166729,516.773036722485,502237.787215289,5655510.46939679
0.00845030148393324,516.773036722485,502737.787215289,5655510.46939679
0.00078361042948337,516.773036722485,503237.787215289,5655510.46939679
0.00701050598978879,516.773036722485,503737.787215289,5655510.46939679
0.00280827482861521,516.773036722485,504237.787215289,5655510.46939679
0.00371641210289561,516.773036722485,504737.787215289,5655510.46939679
0.00395516687717576,516.773036722485,505237.787215289,5655510.46939679
0.00247946347239924,516.773036722485,505737.787215289,5655510.46939679
0.000759590867226795,516.773036722485,506237.787215289,5655510.46939679
0.000670652953929589,516.773036722485,506737.787215289,5655510.46939679
0.00289707728134317,516.773036722485,507237.787215289,5655510.46939679
0.00078361042948337,516.773036722485,507737.787215289,5655510.46939679
0.00121167690982498,516.773036722485,508237.787215289,5655510.46939679
0.00160350784993975,516.773036722485,508737.787215289,5655510.46939679
0.00155435644104908,516.773036722485,509237.787215289,5655510.46939679
0.00360249504855594,516.773036722485,509737.787215289,5655510.46939679
0.00957092903997352,516.773036722485,510237.787215289,5655510.46939679
0.00940344924160432,516.773036722485,510737.787215289,5655510.46939679
0.00608135785958239,516.773036722485,511237.787215289,5655510.46939679
0.00482010885934778,516.773036722485,511737.787215289,5655510.46939679
0.00706757120714746,516.773036722485,512237.787215289,5655510.46939679
0.00313723601504301,516.773036722485,512737.787215289,5655510.46939679
0.00393400884507298,516.773036722485,513237.787215289,5655510.46939679
0.00516754567270559,516.773036722485,513737.787215289,5655510.46939679
0.00384643051919411,516.773036722485,514237.787215289,5655510.46939679
0.00298274627138591,516.773036722485,514737.787215289,5655510.46939679
0.0020277997563076,516.773036722485,515237.787215289,5655510.46939679
0.00168229528434171,516.773036722485,515737.787215289,5655510.46939679
0.000492367908709829,516.773036722485,516237.787215289,5655510.46939679
0.00268095611719146,516.773036722485,516737.787215289,5655510.46939679
0.00143815464620491,516.773036722485,517237.787215289,5655510.46939679
0.00377319065448962,516.773036722485,517737.787215289,5655510.46939679
0.00413352261803956,516.773036722485,518237.787215289,5655510.46939679
0.00502996929892649,516.773036722485,518737.787215289,5655510.46939679
0.00684043006533775,516.773036722485,519237.787215289,5655510.46939679
0.00261866098175687,516.773036722485,519737.787215289,5655510.46939679
0.00739475598818976,516.773036722485,520237.787215289,5655510.46939679
0.00473375838680784,516.773036722485,520737.787215289,5655510.46939679
0.0128019003970785,516.773036722485,521237.787215289,5655510.46939679
0.0139049855831203,516.773036722485,521737.787215289,5655510.46939679
0.0141547183542938,516.773036722485,522237.787215289,5655510.46939679
0.00665963406622827,516.773036722485,522737.787215289,5655510.46939679
0.0150770678830306,516.773036722485,523237.787215289,5655510.46939679
0.00691642969577035,516.773036722485,523737.787215289,5655510.46939679
0.0141979475315928,516.773036722485,524237.787215289,5655510.46939679
0.00476746651098843,516.773036722485,486737.787215289,5656010.46939679
0.00187358523899556,516.773036722485,487237.787215289,5656010.46939679
0.00255786834771802,516.773036722485,487737.787215289,5656010.46939679
0.00395516687717576,516.773036722485,488237.787215289,5656010.46939679
0.00243250239861777,516.773036722485,488737.787215289,5656010.46939679
0.00226540506707459,516.773036722485,489237.787215289,5656010.46939679
0.00221087450413615,516.773036722485,489737.787215289,5656010.46939679
0.00223393811902187,516.773036722485,490237.787215289,5656010.46939679
0.00189622335756511,516.773036722485,490737.787215289,5656010.46939679
0.000808389531376202,516.773036722485,491237.787215289,5656010.46939679
0.000592128478659278,516.773036722485,491737.787215289,5656010.46939679
0.00136463921920154,516.773036722485,492237.787215289,5656010.46939679
0.00160305726676184,516.773036722485,492737.787215289,5656010.46939679
0.0101257919629433,516.773036722485,493237.787215289,5656010.46939679
0.00261719553872867,516.773036722485,493737.787215289,5656010.46939679
0.00281294319772373,516.773036722485,494237.787215289,5656010.46939679
0.00364436397104335,516.773036722485,494737.787215289,5656010.46939679
0.00422184045720368,516.773036722485,495237.787215289,5656010.46939679
0.0076175638591099,516.773036722485,495737.787215289,5656010.46939679
0.00552493950658005,516.773036722485,496237.787215289,5656010.46939679
0.0101201413659725,516.773036722485,496737.787215289,5656010.46939679
0.00782073767280797,516.773036722485,497237.787215289,5656010.46939679
0.00871751446836682,516.773036722485,497737.787215289,5656010.46939679
0.00181615530238698,516.773036722485,498237.787215289,5656010.46939679
0.00272219438667422,516.773036722485,498737.787215289,5656010.46939679
0.00845030148393324,516.773036722485,499237.787215289,5656010.46939679
0.00819127922626117,516.773036722485,499737.787215289,5656010.46939679
0.008835807351678,516.773036722485,500237.787215289,5656010.46939679
0.0078012526959284,516.773036722485,500737.787215289,5656010.46939679
0.00529742853103958,516.773036722485,501237.787215289,5656010.46939679
0.00350293833248814,516.773036722485,501737.787215289,5656010.46939679
0.00856496840315781,516.773036722485,502237.787215289,5656010.46939679
0.00558778373614833,516.773036722485,502737.787215289,5656010.46939679
0.0074608844001587,516.773036722485,503237.787215289,5656010.46939679
0.00856496840315781,516.773036722485,503737.787215289,5656010.46939679
0.00658731480034982,516.773036722485,504237.787215289,5656010.46939679
0.00638539760782984,516.773036722485,504737.787215289,5656010.46939679
0.00170652257063516,516.773036722485,505237.787215289,5656010.46939679
0.00263875251928059,516.773036722485,505737.787215289,5656010.46939679
0.00232978995417053,516.773036722485,506237.787215289,5656010.46939679
0.0029886878194943,516.773036722485,506737.787215289,5656010.46939679
0.00160350784993975,516.773036722485,507237.787215289,5656010.46939679
0.00395516687717576,516.773036722485,507737.787215289,5656010.46939679
0.000915593231338514,516.773036722485,508237.787215289,5656010.46939679
0.00193283120841506,516.773036722485,508737.787215289,5656010.46939679
0.000860323185328028,516.773036722485,509237.787215289,5656010.46939679
0.000833952190847537,516.773036722485,509737.787215289,5656010.46939679
0.000833952190847537,516.773036722485,510237.787215289,5656010.46939679
0.00302479947740923,516.773036722485,510737.787215289,5656010.46939679
0.00353062925122106,516.773036722485,511237.787215289,5656010.46939679
0.00541108617857822,516.773036722485,511737.787215289,5656010.46939679
0.00653498495629684,516.773036722485,512237.787215289,5656010.46939679
0.00618089211521592,516.773036722485,512737.787215289,5656010.46939679
0.0053850594598639,516.773036722485,513237.787215289,5656010.46939679
0.00391529431044695,516.773036722485,513737.787215289,5656010.46939679
0.00426014315531843,516.773036722485,514237.787215289,5656010.46939679
0.00173549233825537,516.773036722485,514737.787215289,5656010.46939679
0.00112237006871892,516.773036722485,515237.787215289,5656010.46939679
0.00168229528434171,516.773036722485,515737.787215289,5656010.46939679
0.00129248171275573,516.773036722485,516237.787215289,5656010.46939679
0.00244190231095243,516.773036722485,516737.787215289,5656010.46939679
0.00296158893776561,516.773036722485,517237.787215289,5656010.46939679
0.00258280241311972,516.773036722485,517737.787215289,5656010.46939679
0.00484149505033686,516.773036722485,518237.787215289,5656010.46939679
0.00531675649603911,516.773036722485,518737.787215289,5656010.46939679
0.0068563401467935,516.773036722485,519237.787215289,5656010.46939679
0.00404276298205824,516.773036722485,519737.787215289,5656010.46939679
0.00767776147970479,516.773036722485,520237.787215289,5656010.46939679
0.00577853917910127,516.773036722485,520737.787215289,5656010.46939679
0.00987291363878374,516.773036722485,521237.787215289,5656010.46939679
0.00926825809322085,516.773036722485,521737.787215289,5656010.46939679
0.0107051235864595,516.773036722485,522237.787215289,5656010.46939679
0.0134360512940188,516.773036722485,522737.787215289,5656010.46939679
0.00906370295452189,516.773036722485,523237.787215289,5656010.46939679
0.00667002353267429,516.773036722485,523737.787215289,5656010.46939679
0.00387074162717016,516.773036722485,524237.787215289,5656010.46939679
0.000610852593799015,516.773036722485,486737.787215289,5656510.46939679
0.00078361042948337,516.773036722485,487237.787215289,5656510.46939679
0.001322809713812,516.773036722485,487737.787215289,5656510.46939679
0.00176596496059948,516.773036722485,488237.787215289,5656510.46939679
0.00160305726676184,516.773036722485,488737.787215289,5656510.46939679
0.00171600918799181,516.773036722485,489237.787215289,5656510.46939679
0.00214754440810147,516.773036722485,489737.787215289,5656510.46939679
0.00220255019979052,516.773036722485,490237.787215289,5656510.46939679
0.00145593560892736,516.773036722485,490737.787215289,5656510.46939679
0.00167420100863538,516.773036722485,491237.787215289,5656510.46939679
0.000670652953929589,516.773036722485,491737.787215289,5656510.46939679
0.000650095812557584,516.773036722485,492237.787215289,5656510.46939679
0.00149823268771582,516.773036722485,492737.787215289,5656510.46939679
0.00240278652787072,516.773036722485,493237.787215289,5656510.46939679
0.00219989234963159,516.773036722485,493737.787215289,5656510.46939679
0.00569964754240282,516.773036722485,494237.787215289,5656510.46939679
0.0172495152459249,516.773036722485,494737.787215289,5656510.46939679
0.00374914513985032,516.773036722485,495237.787215289,5656510.46939679
0.00844973273276547,516.773036722485,495737.787215289,5656510.46939679
0.012973835876862,516.773036722485,496237.787215289,5656510.46939679
0.00978606522853031,516.773036722485,496737.787215289,5656510.46939679
0.00497764774998271,516.773036722485,497237.787215289,5656510.46939679
0.00212204871114513,516.773036722485,497737.787215289,5656510.46939679
0.00170652257063516,516.773036722485,498237.787215289,5656510.46939679
0.00794019662968843,516.773036722485,498737.787215289,5656510.46939679
0.00942693598126044,516.773036722485,499237.787215289,5656510.46939679
0.00734176534738626,516.773036722485,499737.787215289,5656510.46939679
0.00817379919516451,516.773036722485,500237.787215289,5656510.46939679
0.0111590878315859,516.773036722485,500737.787215289,5656510.46939679
0.0100231731162229,516.773036722485,501237.787215289,5656510.46939679
0.00654485387805863,516.773036722485,501737.787215289,5656510.46939679
0.01016406131728,516.773036722485,502237.787215289,5656510.46939679
0.0114622129248742,516.773036722485,502737.787215289,5656510.46939679
0.00474803460425971,516.773036722485,503237.787215289,5656510.46939679
0.00496702554616636,516.773036722485,503737.787215289,5656510.46939679
0.00781342496957059,516.773036722485,504237.787215289,5656510.46939679
0.00971593852411533,516.773036722485,504737.787215289,5656510.46939679
0.00508953575588443,516.773036722485,505237.787215289,5656510.46939679
0.00919532661565112,516.773036722485,505737.787215289,5656510.46939679
0.0083754035244126,516.773036722485,506237.787215289,5656510.46939679
0.00739475598818976,516.773036722485,506737.787215289,5656510.46939679
0.0100075583497909,516.773036722485,507237.787215289,5656510.46939679
0.00349206982852047,516.773036722485,507737.787215289,5656510.46939679
0.00232978995417053,516.773036722485,508237.787215289,5656510.46939679
0.0074608844001587,516.773036722485,508737.787215289,5656510.46939679
0.00467717062679194,516.773036722485,509237.787215289,5656510.46939679
0.00100522664785008,516.773036722485,509737.787215289,5656510.46939679
0.00232978995417053,516.773036722485,510237.787215289,5656510.46939679
0.00232978995417053,516.773036722485,510737.787215289,5656510.46939679
0.00318069114581573,516.773036722485,511237.787215289,5656510.46939679
0.00199395063670871,516.773036722485,511737.787215289,5656510.46939679
0.000860323185328028,516.773036722485,512237.787215289,5656510.46939679
0.00176048573277437,516.773036722485,512737.787215289,5656510.46939679
0.0026121509019094,516.773036722485,513237.787215289,5656510.46939679
0.00170652257063516,516.773036722485,513737.787215289,5656510.46939679
0.00219216149095355,516.773036722485,514237.787215289,5656510.46939679
0.000931136256437002,516.773036722485,514737.787215289,5656510.46939679
0.0015807430506791,516.773036722485,515237.787215289,5656510.46939679
0.00131140985279318,516.773036722485,515737.787215289,5656510.46939679
0.00125286401013596,516.773036722485,516237.787215289,5656510.46939679
0.00244190231095243,516.773036722485,516737.787215289,5656510.46939679
0.00333317690536551,516.773036722485,517237.787215289,5656510.46939679
0.00150358391526893,516.773036722485,517737.787215289,5656510.46939679
0.00506778646393014,516.773036722485,518237.787215289,5656510.46939679
0.00653299958503995,516.773036722485,518737.787215289,5656510.46939679
0.00359563526896863,516.773036722485,519237.787215289,5656510.46939679
0.00845030148393324,516.773036722485,519737.787215289,5656510.46939679
0.00689857759254122,516.773036722485,520237.787215289,5656510.46939679
0.00826466340187167,516.773036722485,520737.787215289,5656510.46939679
0.0154348758850894,516.773036722485,521237.787215289,5656510.46939679
0.0175090278775916,516.773036722485,521737.787215289,5656510.46939679
0.0168412251629158,516.773036722485,522237.787215289,5656510.46939679
0.0143104752158763,516.773036722485,522737.787215289,5656510.46939679
0.0181295617851833,516.773036722485,523237.787215289,5656510.46939679
0.0119773084734966,516.773036722485,523737.787215289,5656510.46939679
0.00497538252067636,516.773036722485,524237.787215289,5656510.46939679
0.00142016488518191,516.773036722485,486737.787215289,5657010.46939679
0.00142016488518191,516.773036722485,487237.787215289,5657010.46939679
0.0018921768536747,516.773036722485,487737.787215289,5657010.46939679
0.00179650250321344,516.773036722485,488237.787215289,5657010.46939679
0.00206959263007928,516.773036722485,488737.787215289,5657010.46939679
0.00209173725053374,516.773036722485,489237.787215289,5657010.46939679
0.00260907604529293,516.773036722485,489737.787215289,5657010.46939679
0.00245920778511399,516.773036722485,490237.787215289,5657010.46939679
0.00177027233319563,516.773036722485,490737.787215289,5657010.46939679
0.00170604304048313,516.773036722485,491237.787215289,5657010.46939679
0.00142016488518191,516.773036722485,491737.787215289,5657010.46939679
0.000630168797481022,516.773036722485,492237.787215289,5657010.46939679
0.00106980577814105,516.773036722485,492737.787215289,5657010.46939679
0.0018630417192663,516.773036722485,493237.787215289,5657010.46939679
0.00199339033972324,516.773036722485,493737.787215289,5657010.46939679
0.00257041824510174,516.773036722485,494237.787215289,5657010.46939679
0.0081647723932922,516.773036722485,494737.787215289,5657010.46939679
0.0122768980750313,516.773036722485,495237.787215289,5657010.46939679
0.0118759850492886,516.773036722485,495737.787215289,5657010.46939679
0.0107077420394784,516.773036722485,496237.787215289,5657010.46939679
0.00360249504855594,516.773036722485,496737.787215289,5657010.46939679
0.00395516687717576,516.773036722485,497237.787215289,5657010.46939679
0.000808389531376202,516.773036722485,497737.787215289,5657010.46939679
0.00911521069093296,516.773036722485,498237.787215289,5657010.46939679
0.00407908947797908,516.773036722485,498737.787215289,5657010.46939679
0.0114547735235175,516.773036722485,499237.787215289,5657010.46939679
0.00899257189469994,516.773036722485,499737.787215289,5657010.46939679
0.00658687143830027,516.773036722485,500237.787215289,5657010.46939679
0.0134787640139271,516.773036722485,500737.787215289,5657010.46939679
0.0139049855831203,516.773036722485,501237.787215289,5657010.46939679
0.0135436437088909,516.773036722485,501737.787215289,5657010.46939679
0.0111821993610817,516.773036722485,502237.787215289,5657010.46939679
0.0139719168849946,516.773036722485,502737.787215289,5657010.46939679
0.0115357996284197,516.773036722485,503237.787215289,5657010.46939679
0.0138073185936776,516.773036722485,503737.787215289,5657010.46939679
0.00580361720421936,516.773036722485,504237.787215289,5657010.46939679
0.00692486443400557,516.773036722485,504737.787215289,5657010.46939679
0.00762859081887826,516.773036722485,505237.787215289,5657010.46939679
0.00919532661565112,516.773036722485,505737.787215289,5657010.46939679
0.00652892913941164,516.773036722485,506237.787215289,5657010.46939679
0.0068878305290543,516.773036722485,506737.787215289,5657010.46939679
0.00618966966751213,516.773036722485,507237.787215289,5657010.46939679
0.00349206982852047,516.773036722485,507737.787215289,5657010.46939679
0.00701050598978879,516.773036722485,508237.787215289,5657010.46939679
0.00817100661999358,516.773036722485,508737.787215289,5657010.46939679
0.001386134512297,516.773036722485,509237.787215289,5657010.46939679
0.00625789268118715,516.773036722485,509737.787215289,5657010.46939679
0.00575871249756751,516.773036722485,510237.787215289,5657010.46939679
0.0030007703715077,516.773036722485,510737.787215289,5657010.46939679
0.00704706259725497,516.773036722485,511237.787215289,5657010.46939679
0.00289707728134317,516.773036722485,511737.787215289,5657010.46939679
0.00111398275394364,516.773036722485,512237.787215289,5657010.46939679
0.0014157585650517,516.773036722485,512737.787215289,5657010.46939679
0.00228567632486155,516.773036722485,513237.787215289,5657010.46939679
0.00349687124450753,516.773036722485,513737.787215289,5657010.46939679
0.0015807430506791,516.773036722485,514237.787215289,5657010.46939679
0.000874927951292512,516.773036722485,514737.787215289,5657010.46939679
0.00123224622376927,516.773036722485,515237.787215289,5657010.46939679
0.00096058037727339,516.773036722485,515737.787215289,5657010.46939679
0.00178864253469154,516.773036722485,516237.787215289,5657010.46939679
0.000976652685408431,516.773036722485,516737.787215289,5657010.46939679
0.00297950885961766,516.773036722485,517237.787215289,5657010.46939679
0.00192703039937157,516.773036722485,517737.787215289,5657010.46939679
0.00201999100542159,516.773036722485,518237.787215289,5657010.46939679
0.00569292000044491,516.773036722485,518737.787215289,5657010.46939679
0.00729681442650542,516.773036722485,519237.787215289,5657010.46939679
0.00801915651497893,516.773036722485,519737.787215289,5657010.46939679
0.00528431791914686,516.773036722485,520237.787215289,5657010.46939679
0.012982261846352,516.773036722485,520737.787215289,5657010.46939679
0.0139049855831203,516.773036722485,521237.787215289,5657010.46939679
0.00636974070352275,516.773036722485,521737.787215289,5657010.46939679
0.0222390829815771,516.773036722485,522237.787215289,5657010.46939679
0.0221241210851563,516.773036722485,522737.787215289,5657010.46939679
0.0242589171968003,516.773036722485,523237.787215289,5657010.46939679
0.0251125653853692,516.773036722485,523737.787215289,5657010.46939679
0.00428729749823537,516.773036722485,524237.787215289,5657010.46939679
0.00169956688728707,516.773036722485,486737.787215289,5657510.46939679
0.00159697204839674,516.773036722485,487237.787215289,5657510.46939679
0.00200373373438112,516.773036722485,487737.787215289,5657510.46939679
0.0059995374351677,516.773036722485,488237.787215289,5657510.46939679
0.000847001542741556,516.773036722485,488737.787215289,5657510.46939679
0.000929920069733621,516.773036722485,489237.787215289,5657510.46939679
0.000901415761766036,516.773036722485,489737.787215289,5657510.46939679
0.00242463086439268,516.773036722485,490237.787215289,5657510.46939679
0.00543274770738141,516.773036722485,490737.787215289,5657510.46939679
0.00373707176492791,516.773036722485,491237.787215289,5657510.46939679
0.00175999103905884,516.773036722485,491737.787215289,5657510.46939679
0.000691860147268129,516.773036722485,492237.787215289,5657510.46939679
0.000736307562872477,516.773036722485,492737.787215289,5657510.46939679
0.00214768895922854,516.773036722485,493237.787215289,5657510.46939679
0.00154946979406389,516.773036722485,493737.787215289,5657510.46939679
0.00397715378516696,516.773036722485,494237.787215289,5657510.46939679
0.0164264640636758,516.773036722485,494737.787215289,5657510.46939679
0.00525986597238937,516.773036722485,495237.787215289,5657510.46939679
0.0110147063540158,516.773036722485,495737.787215289,5657510.46939679
0.0110838336432016,516.773036722485,496237.787215289,5657510.46939679
0.0042092600586786,516.773036722485,496737.787215289,5657510.46939679
0.00360249504855594,516.773036722485,497237.787215289,5657510.46939679
0.00769681032432495,516.773036722485,497737.787215289,5657510.46939679
0.0091379775049932,516.773036722485,498237.787215289,5657510.46939679
0.0114622129248742,516.773036722485,498737.787215289,5657510.46939679
0.00679515957789565,516.773036722485,499237.787215289,5657510.46939679
0.00745340648566838,516.773036722485,499737.787215289,5657510.46939679
0.0117531182290479,516.773036722485,500237.787215289,5657510.46939679
0.0146149191455491,516.773036722485,500737.787215289,5657510.46939679
0.00916197958234647,516.773036722485,501237.787215289,5657510.46939679
0.00511843255627117,516.773036722485,501737.787215289,5657510.46939679
0.00389867105576537,516.773036722485,502237.787215289,5657510.46939679
0.012665114587833,516.773036722485,502737.787215289,5657510.46939679
0.0147982884791258,516.773036722485,503237.787215289,5657510.46939679
0.0052861239212348,516.773036722485,503737.787215289,5657510.46939679
0.0106770788607439,516.773036722485,504237.787215289,5657510.46939679
0.00864024810727736,516.773036722485,504737.787215289,5657510.46939679
0.00426011962263925,516.773036722485,505237.787215289,5657510.46939679
0.00426011962263925,516.773036722485,505737.787215289,5657510.46939679
0.0089931771843497,516.773036722485,506237.787215289,5657510.46939679
0.00819127922626117,516.773036722485,506737.787215289,5657510.46939679
0.00349206982852047,516.773036722485,507237.787215289,5657510.46939679
0.000759590867226795,516.773036722485,507737.787215289,5657510.46939679
0.00137236212759494,516.773036722485,508237.787215289,5657510.46939679
0.00798355094532054,516.773036722485,508737.787215289,5657510.46939679
0.00253708132930398,516.773036722485,509237.787215289,5657510.46939679
0.00658056127959396,516.773036722485,509737.787215289,5657510.46939679
0.0077594620294609,516.773036722485,510237.787215289,5657510.46939679
0.00785797464434183,516.773036722485,510737.787215289,5657510.46939679
0.005736710236341,516.773036722485,511237.787215289,5657510.46939679
0.00469940263286697,516.773036722485,511737.787215289,5657510.46939679
0.00378511947374232,516.773036722485,512237.787215289,5657510.46939679
0.00434236406031393,516.773036722485,512737.787215289,5657510.46939679
0.00408584613204325,516.773036722485,513237.787215289,5657510.46939679
0.00359533324413407,516.773036722485,513737.787215289,5657510.46939679
0.00123224622376927,516.773036722485,514237.787215289,5657510.46939679
0.00132765125172429,516.773036722485,514737.787215289,5657510.46939679
0.00307706580951133,516.773036722485,515237.787215289,5657510.46939679
0.000682037895777689,516.773036722485,515737.787215289,5657510.46939679
0.000725153308110741,516.773036722485,516237.787215289,5657510.46939679
0.00133335219488562,516.773036722485,516737.787215289,5657510.46939679
0.000676029040275581,516.773036722485,517237.787215289,5657510.46939679
0.00209735298374971,516.773036722485,517737.787215289,5657510.46939679
0.00221847864580637,516.773036722485,518237.787215289,5657510.46939679
0.00515814137386659,516.773036722485,518737.787215289,5657510.46939679
0.0072798822280719,516.773036722485,519237.787215289,5657510.46939679
0.00724540704601547,516.773036722485,519737.787215289,5657510.46939679
0.00864024810727736,516.773036722485,520237.787215289,5657510.46939679
0.00320391940429571,516.773036722485,520737.787215289,5657510.46939679
0.0130197226732277,516.773036722485,521237.787215289,5657510.46939679
0.0184899229666184,516.773036722485,521737.787215289,5657510.46939679
0.0235966382282171,516.773036722485,522237.787215289,5657510.46939679
0.0258088088352542,516.773036722485,522737.787215289,5657510.46939679
0.0258088088352542,516.773036722485,523237.787215289,5657510.46939679
0.0168688097295128,516.773036722485,523737.787215289,5657510.46939679
0.0121674033415043,516.773036722485,524237.787215289,5657510.46939679
0.00612167069214297,516.773036722485,486737.787215289,5658010.46939679
0.00201790727866157,516.773036722485,487237.787215289,5658010.46939679
0.00671467675142876,516.773036722485,487737.787215289,5658010.46939679
0.00256952565424116,516.773036722485,488237.787215289,5658010.46939679
0.00315962841079796,516.773036722485,488737.787215289,5658010.46939679
0.00319019741571632,516.773036722485,489237.787215289,5658010.46939679
0.00375144908410311,516.773036722485,489737.787215289,5658010.46939679
0.00399314109707475,516.773036722485,490237.787215289,5658010.46939679
0.00242463086439268,516.773036722485,490737.787215289,5658010.46939679
0.00428033749302392,516.773036722485,491237.787215289,5658010.46939679
0.000901415761766036,516.773036722485,491737.787215289,5658010.46939679
0.001322809713812,516.773036722485,492237.787215289,5658010.46939679
0.00138894407749411,516.773036722485,492737.787215289,5658010.46939679
0.00338502940958966,516.773036722485,493237.787215289,5658010.46939679
0.00426011962263925,516.773036722485,493737.787215289,5658010.46939679
0.00650684302145718,516.773036722485,494237.787215289,5658010.46939679
0.0123793306418872,516.773036722485,494737.787215289,5658010.46939679
0.0107077420394784,516.773036722485,495237.787215289,5658010.46939679
0.00819127922626117,516.773036722485,495737.787215289,5658010.46939679
0.00308319523953201,516.773036722485,496237.787215289,5658010.46939679
0.00146052727207643,516.773036722485,496737.787215289,5658010.46939679
0.00794019662968843,516.773036722485,497237.787215289,5658010.46939679
0.0091379775049932,516.773036722485,497737.787215289,5658010.46939679
0.0118246676999721,516.773036722485,498237.787215289,5658010.46939679
0.012665114587833,516.773036722485,498737.787215289,5658010.46939679
0.00593816578581623,516.773036722485,499237.787215289,5658010.46939679
0.00441563672085751,516.773036722485,499737.787215289,5658010.46939679
0.0226781366633124,516.773036722485,500237.787215289,5658010.46939679
0.018814146834605,516.773036722485,500737.787215289,5658010.46939679
0.00341484372772475,516.773036722485,501237.787215289,5658010.46939679
0.00201790727866157,516.773036722485,501737.787215289,5658010.46939679
0.00227093062614445,516.773036722485,502237.787215289,5658010.46939679
0.00239366553075478,516.773036722485,502737.787215289,5658010.46939679
0.00884959383817271,516.773036722485,503237.787215289,5658010.46939679
0.00381235612647262,516.773036722485,503737.787215289,5658010.46939679
0.00546494228073172,516.773036722485,504237.787215289,5658010.46939679
0.0032812700393914,516.773036722485,504737.787215289,5658010.46939679
0.00100522664785008,516.773036722485,505237.787215289,5658010.46939679
0.00280827482861521,516.773036722485,505737.787215289,5658010.46939679
0.00308319523953201,516.773036722485,506237.787215289,5658010.46939679
0.00181615530238698,516.773036722485,506737.787215289,5658010.46939679
0.00133029589631205,516.773036722485,507237.787215289,5658010.46939679
0.00318069114581573,516.773036722485,507737.787215289,5658010.46939679
0.00417505268188874,516.773036722485,508237.787215289,5658010.46939679
0.00563744355299622,516.773036722485,508737.787215289,5658010.46939679
0.00196513038958698,516.773036722485,509237.787215289,5658010.46939679
0.00796910911748155,516.773036722485,509737.787215289,5658010.46939679
0.004282334213288,516.773036722485,510237.787215289,5658010.46939679
0.00393400884507298,516.773036722485,510737.787215289,5658010.46939679
0.0050909529570598,516.773036722485,511237.787215289,5658010.46939679
0.00429858810695156,516.773036722485,511737.787215289,5658010.46939679
0.00493425599190523,516.773036722485,512237.787215289,5658010.46939679
0.0032857816165358,516.773036722485,512737.787215289,5658010.46939679
0.0018469861850121,516.773036722485,513237.787215289,5658010.46939679
0.00153228943815832,516.773036722485,513737.787215289,5658010.46939679
0.000515376067520025,516.773036722485,514237.787215289,5658010.46939679
0.00153228943815832,516.773036722485,514737.787215289,5658010.46939679
0.00115786132974334,516.773036722485,515237.787215289,5658010.46939679
0.00325151827069299,516.773036722485,515737.787215289,5658010.46939679
0.00194832516457791,516.773036722485,516237.787215289,5658010.46939679
0.0012144606862926,516.773036722485,516737.787215289,5658010.46939679
0.0023736937606869,516.773036722485,517237.787215289,5658010.46939679
0.003202102424797,516.773036722485,517737.787215289,5658010.46939679
0.00382597269305369,516.773036722485,518237.787215289,5658010.46939679
0.00232705408991588,516.773036722485,518737.787215289,5658010.46939679
0.00206098425865854,516.773036722485,519237.787215289,5658010.46939679
0.00786230117603622,516.773036722485,519737.787215289,5658010.46939679
0.00856496840315781,516.773036722485,520237.787215289,5658010.46939679
0.0083470711369404,516.773036722485,520737.787215289,5658010.46939679
0.00624512178839644,516.773036722485,521237.787215289,5658010.46939679
0.016736424950354,516.773036722485,521737.787215289,5658010.46939679
0.0210719547806908,516.773036722485,522237.787215289,5658010.46939679
0.0214459630569033,516.773036722485,522737.787215289,5658010.46939679
0.0179525186261141,516.773036722485,523237.787215289,5658010.46939679
0.0176550470405492,516.773036722485,523737.787215289,5658010.46939679
0.0124959982829996,516.773036722485,524237.787215289,5658010.46939679
0.00684757478412939,516.773036722485,486737.787215289,5658510.46939679
0.00225718953092477,516.773036722485,487237.787215289,5658510.46939679
0.00245157842721052,516.773036722485,487737.787215289,5658510.46939679
0.000901415761766036,516.773036722485,488237.787215289,5658510.46939679
0.00359188730539156,516.773036722485,488737.787215289,5658510.46939679
0.00483741882545974,516.773036722485,489237.787215289,5658510.46939679
0.00495994707264845,516.773036722485,489737.787215289,5658510.46939679
0.00334210303825555,516.773036722485,490237.787215289,5658510.46939679
0.00448712388259064,516.773036722485,490737.787215289,5658510.46939679
0.00250130183887282,516.773036722485,491237.787215289,5658510.46939679
0.00267045623758876,516.773036722485,491737.787215289,5658510.46939679
0.00175495104840511,516.773036722485,492237.787215289,5658510.46939679
0.00169691918883142,516.773036722485,492737.787215289,5658510.46939679
0.00395516687717576,516.773036722485,493237.787215289,5658510.46939679
0.0105078899519589,516.773036722485,493737.787215289,5658510.46939679
0.0121689026929516,516.773036722485,494237.787215289,5658510.46939679
0.00941812141821628,516.773036722485,494737.787215289,5658510.46939679
0.00942693598126044,516.773036722485,495237.787215289,5658510.46939679
0.00383393140931183,516.773036722485,495737.787215289,5658510.46939679
0.000808389531376202,516.773036722485,496237.787215289,5658510.46939679
0.00871751446836682,516.773036722485,496737.787215289,5658510.46939679
0.00350293833248814,516.773036722485,497237.787215289,5658510.46939679
0.0113956432901749,516.773036722485,497737.787215289,5658510.46939679
0.00362454408237388,516.773036722485,498237.787215289,5658510.46939679
0.0159229530569463,516.773036722485,498737.787215289,5658510.46939679
0.00463514406320863,516.773036722485,499237.787215289,5658510.46939679
0.00334210303825555,516.773036722485,499737.787215289,5658510.46939679
0.00967593621079708,516.773036722485,500237.787215289,5658510.46939679
0.00299365610028697,516.773036722485,500737.787215289,5658510.46939679
0.00209173725053374,516.773036722485,501237.787215289,5658510.46939679
0.00188277777719246,516.773036722485,501737.787215289,5658510.46939679
0.00155391966933957,516.773036722485,502237.787215289,5658510.46939679
0.00151140103908906,516.773036722485,502737.787215289,5658510.46939679
0.00396747669599619,516.773036722485,503237.787215289,5658510.46939679
0.0074608844001587,516.773036722485,503737.787215289,5658510.46939679
0.000713737948328088,516.773036722485,504237.787215289,5658510.46939679
0.000759590867226795,516.773036722485,504737.787215289,5658510.46939679
0.00078361042948337,516.773036722485,505237.787215289,5658510.46939679
0.000670652953929589,516.773036722485,505737.787215289,5658510.46939679
0.000860323185328028,516.773036722485,506237.787215289,5658510.46939679
0.000759590867226795,516.773036722485,506737.787215289,5658510.46939679
0.0018380995076574,516.773036722485,507237.787215289,5658510.46939679
0.00794019662968843,516.773036722485,507737.787215289,5658510.46939679
0.00219376816035798,516.773036722485,508237.787215289,5658510.46939679
0.00123629950595072,516.773036722485,508737.787215289,5658510.46939679
0.00362760078606307,516.773036722485,509237.787215289,5658510.46939679
0.00727109748566798,516.773036722485,509737.787215289,5658510.46939679
0.005736710236341,516.773036722485,510237.787215289,5658510.46939679
0.00321051390267116,516.773036722485,510737.787215289,5658510.46939679
0.00448482356546726,516.773036722485,511237.787215289,5658510.46939679
0.00460957766488183,516.773036722485,511737.787215289,5658510.46939679
0.00459033192478008,516.773036722485,512237.787215289,5658510.46939679
0.00327474683423478,516.773036722485,512737.787215289,5658510.46939679
0.00153228943815832,516.773036722485,513237.787215289,5658510.46939679
0.00108796670101708,516.773036722485,513737.787215289,5658510.46939679
0.00115786132974334,516.773036722485,514237.787215289,5658510.46939679
0.00115786132974334,516.773036722485,514737.787215289,5658510.46939679
0.000848109285275083,516.773036722485,515237.787215289,5658510.46939679
0.00239089334483241,516.773036722485,515737.787215289,5658510.46939679
0.00265990527989431,516.773036722485,516237.787215289,5658510.46939679
0.00117723451756767,516.773036722485,516737.787215289,5658510.46939679
0.00222416430392061,516.773036722485,517237.787215289,5658510.46939679
0.0033543368390842,516.773036722485,517737.787215289,5658510.46939679
0.00392538695747543,516.773036722485,518237.787215289,5658510.46939679
0.00433203099514005,516.773036722485,518737.787215289,5658510.46939679
0.00668696582549429,516.773036722485,519237.787215289,5658510.46939679
0.0029836751695464,516.773036722485,519737.787215289,5658510.46939679
0.00652775229316796,516.773036722485,520237.787215289,5658510.46939679
0.00962332502262973,516.773036722485,520737.787215289,5658510.46939679
0.00729204128788084,516.773036722485,521237.787215289,5658510.46939679
0.013585380761686,516.773036722485,521737.787215289,5658510.46939679
0.00978485947058855,516.773036722485,522237.787215289,5658510.46939679
0.0222390829815771,516.773036722485,522737.787215289,5658510.46939679
0.0182374475536931,516.773036722485,523237.787215289,5658510.46939679
0.0147513943313925,516.773036722485,523737.787215289,5658510.46939679
0.0162317982473732,516.773036722485,524237.787215289,5658510.46939679
0.00353265536687661,516.773036722485,486737.787215289,5659010.46939679
0.00342437090265418,516.773036722485,487237.787215289,5659010.46939679
0.000847001542741556,516.773036722485,487737.787215289,5659010.46939679
0.000901415761766036,516.773036722485,488237.787215289,5659010.46939679
0.00415128185508612,516.773036722485,488737.787215289,5659010.46939679
0.00433596936765122,516.773036722485,489237.787215289,5659010.46939679
0.00894819304351567,516.773036722485,489737.787215289,5659010.46939679
0.018934928123198,516.773036722485,490237.787215289,5659010.46939679
0.00396174179594094,516.773036722485,490737.787215289,5659010.46939679
0.00217126750277384,516.773036722485,491237.787215289,5659010.46939679
0.00220255019979052,516.773036722485,491737.787215289,5659010.46939679
0.00304983167377544,516.773036722485,492237.787215289,5659010.46939679
0.00160305726676184,516.773036722485,492737.787215289,5659010.46939679
0.00235794029402533,516.773036722485,493237.787215289,5659010.46939679
0.00507374454453384,516.773036722485,493737.787215289,5659010.46939679
0.00338502940958966,516.773036722485,494237.787215289,5659010.46939679
0.00408023601786765,516.773036722485,494737.787215289,5659010.46939679
0.00723219017839232,516.773036722485,495237.787215289,5659010.46939679
0.00383393140931183,516.773036722485,495737.787215289,5659010.46939679
0.0059999412637893,516.773036722485,496237.787215289,5659010.46939679
0.0107077420394784,516.773036722485,496737.787215289,5659010.46939679
0.0125761563069815,516.773036722485,497237.787215289,5659010.46939679
0.0148695196722471,516.773036722485,497737.787215289,5659010.46939679
0.00264313908095914,516.773036722485,498237.787215289,5659010.46939679
0.0133585501239886,516.773036722485,498737.787215289,5659010.46939679
0.00468914019328806,516.773036722485,499237.787215289,5659010.46939679
0.00297988746519529,516.773036722485,499737.787215289,5659010.46939679
0.00374914513985032,516.773036722485,500237.787215289,5659010.46939679
0.0037610635363159,516.773036722485,500737.787215289,5659010.46939679
0.00170604304048313,516.773036722485,501237.787215289,5659010.46939679
0.00151140103908906,516.773036722485,501737.787215289,5659010.46939679
0.00138894407749411,516.773036722485,502237.787215289,5659010.46939679
0.000610852593799015,516.773036722485,502737.787215289,5659010.46939679
0.000713737948328088,516.773036722485,503237.787215289,5659010.46939679
0.000630168797481022,516.773036722485,503737.787215289,5659010.46939679
0.00214768895922854,516.773036722485,504237.787215289,5659010.46939679
0.00256582930029087,516.773036722485,504737.787215289,5659010.46939679
0.00170115753777993,516.773036722485,505237.787215289,5659010.46939679
0.00175331009882336,516.773036722485,505737.787215289,5659010.46939679
0.0023202938704576,516.773036722485,506237.787215289,5659010.46939679
0.00708359124140507,516.773036722485,506737.787215289,5659010.46939679
0.0109444436971371,516.773036722485,507237.787215289,5659010.46939679
0.00865037050760159,516.773036722485,507737.787215289,5659010.46939679
0.00372236766721537,516.773036722485,508237.787215289,5659010.46939679
0.00629831436404782,516.773036722485,508737.787215289,5659010.46939679
0.0054294075271609,516.773036722485,509237.787215289,5659010.46939679
0.0051534578415777,516.773036722485,509737.787215289,5659010.46939679
0.00507957357302581,516.773036722485,510237.787215289,5659010.46939679
0.00226573883260076,516.773036722485,510737.787215289,5659010.46939679
0.0035783293038851,516.773036722485,511237.787215289,5659010.46939679
0.00370902382996997,516.773036722485,511737.787215289,5659010.46939679
0.00123224622376927,516.773036722485,512237.787215289,5659010.46939679
0.00190539104685555,516.773036722485,512737.787215289,5659010.46939679
0.00148532104650585,516.773036722485,513237.787215289,5659010.46939679
0.00096058037727339,516.773036722485,513737.787215289,5659010.46939679
0.00181254476332999,516.773036722485,514237.787215289,5659010.46939679
0.00231416158871539,516.773036722485,514737.787215289,5659010.46939679
0.00248754684246563,516.773036722485,515237.787215289,5659010.46939679
0.00230267660031838,516.773036722485,515737.787215289,5659010.46939679
0.00223789919857174,516.773036722485,516237.787215289,5659010.46939679
0.00139431137027606,516.773036722485,516737.787215289,5659010.46939679
0.00117723451756767,516.773036722485,517237.787215289,5659010.46939679
0.00255001253528412,516.773036722485,517737.787215289,5659010.46939679
0.00220388810814542,516.773036722485,518237.787215289,5659010.46939679
0.00286938265911654,516.773036722485,518737.787215289,5659010.46939679
0.00567707222632346,516.773036722485,519237.787215289,5659010.46939679
0.00411900298134414,516.773036722485,519737.787215289,5659010.46939679
0.00777334989741802,516.773036722485,520237.787215289,5659010.46939679
0.00370929227579526,516.773036722485,520737.787215289,5659010.46939679
0.0108540142790557,516.773036722485,521237.787215289,5659010.46939679
0.0139719168849946,516.773036722485,521737.787215289,5659010.46939679
0.00751939371313017,516.773036722485,522237.787215289,5659010.46939679
0.00715772744860551,516.773036722485,522737.787215289,5659010.46939679
0.0153816861722158,516.773036722485,523237.787215289,5659010.46939679
0.0142611387492849,516.773036722485,523737.787215289,5659010.46939679
0.00356469710854619,516.773036722485,524237.787215289,5659010.46939679
0.00363059789573198,516.773036722485,486737.787215289,5659510.46939679
0.0056139013387276,516.773036722485,487237.787215289,5659510.46939679
0.00399573225193286,516.773036722485,487737.787215289,5659510.46939679
0.000847001542741556,516.773036722485,488237.787215289,5659510.46939679
0.00465377527964515,516.773036722485,488737.787215289,5659510.46939679
0.00555936995810838,516.773036722485,489237.787215289,5659510.46939679
0.00461452657793815,516.773036722485,489737.787215289,5659510.46939679
0.00365535391309899,516.773036722485,490237.787215289,5659510.46939679
0.0108050888148942,516.773036722485,490737.787215289,5659510.46939679
0.00987291363878374,516.773036722485,491237.787215289,5659510.46939679
0.00980993446157283,516.773036722485,491737.787215289,5659510.46939679
0.00316772684002859,516.773036722485,492237.787215289,5659510.46939679
0.00159697204839674,516.773036722485,492737.787215289,5659510.46939679
0.00231667916217903,516.773036722485,493237.787215289,5659510.46939679
0.00289707728134317,516.773036722485,493737.787215289,5659510.46939679
0.00289707728134317,516.773036722485,494237.787215289,5659510.46939679
0.00371641210289561,516.773036722485,494737.787215289,5659510.46939679
0.00371641210289561,516.773036722485,495237.787215289,5659510.46939679
0.00308319523953201,516.773036722485,495737.787215289,5659510.46939679
0.00911521069093296,516.773036722485,496237.787215289,5659510.46939679
0.00362252144178564,516.773036722485,496737.787215289,5659510.46939679
0.00201790727866157,516.773036722485,497237.787215289,5659510.46939679
0.00528028614712632,516.773036722485,497737.787215289,5659510.46939679
0.00519952392456132,516.773036722485,498237.787215289,5659510.46939679
0.00250561206437003,516.773036722485,498737.787215289,5659510.46939679
0.00319019741571632,516.773036722485,499237.787215289,5659510.46939679
0.00262127853562638,516.773036722485,499737.787215289,5659510.46939679
0.00223992669446339,516.773036722485,500237.787215289,5659510.46939679
0.00182506606696882,516.773036722485,500737.787215289,5659510.46939679
0.00182180779276637,516.773036722485,501237.787215289,5659510.46939679
0.00172714210770856,516.773036722485,501737.787215289,5659510.46939679
0.000808389531376202,516.773036722485,502237.787215289,5659510.46939679
0.000610852593799015,516.773036722485,502737.787215289,5659510.46939679
0.000630168797481022,516.773036722485,503237.787215289,5659510.46939679
0.00214768895922854,516.773036722485,503737.787215289,5659510.46939679
0.00231667916217903,516.773036722485,504237.787215289,5659510.46939679
0.00272142945434308,516.773036722485,504737.787215289,5659510.46939679
0.00201373663905083,516.773036722485,505237.787215289,5659510.46939679
0.00209908580863245,516.773036722485,505737.787215289,5659510.46939679
0.0113523853359712,516.773036722485,506237.787215289,5659510.46939679
0.0109494008481384,516.773036722485,506737.787215289,5659510.46939679
0.00827273595815994,516.773036722485,507237.787215289,5659510.46939679
0.00803938049462291,516.773036722485,507737.787215289,5659510.46939679
0.00628330523016058,516.773036722485,508237.787215289,5659510.46939679
0.00566455104666588,516.773036722485,508737.787215289,5659510.46939679
0.0049954918462246,516.773036722485,509237.787215289,5659510.46939679
0.00486864070139164,516.773036722485,509737.787215289,5659510.46939679
0.00104563387697651,516.773036722485,510237.787215289,5659510.46939679
0.00369148219605058,516.773036722485,510737.787215289,5659510.46939679
0.00394730395682517,516.773036722485,511237.787215289,5659510.46939679
0.00179037157399016,516.773036722485,511737.787215289,5659510.46939679
0.00168229528434171,516.773036722485,512237.787215289,5659510.46939679
0.00131140985279318,516.773036722485,512737.787215289,5659510.46939679
0.000725854297013179,516.773036722485,513237.787215289,5659510.46939679
0.00218479946034883,516.773036722485,513737.787215289,5659510.46939679
0.0016228916475084,516.773036722485,514237.787215289,5659510.46939679
0.00295079831138405,516.773036722485,514737.787215289,5659510.46939679
0.00363244102340303,516.773036722485,515237.787215289,5659510.46939679
0.00135061987333419,516.773036722485,515737.787215289,5659510.46939679
0.00186378759934393,516.773036722485,516237.787215289,5659510.46939679
0.00108691600449745,516.773036722485,516737.787215289,5659510.46939679
0.00117723451756767,516.773036722485,517237.787215289,5659510.46939679
0.00274401603375351,516.773036722485,517737.787215289,5659510.46939679
0.00306707212151004,516.773036722485,518237.787215289,5659510.46939679
0.00333672641241132,516.773036722485,518737.787215289,5659510.46939679
0.00339768172444856,516.773036722485,519237.787215289,5659510.46939679
0.00349882900801203,516.773036722485,519737.787215289,5659510.46939679
0.00754701763429481,516.773036722485,520237.787215289,5659510.46939679
0.00354180733371501,516.773036722485,520737.787215289,5659510.46939679
0.00967070696728816,516.773036722485,521237.787215289,5659510.46939679
0.0111821993610817,516.773036722485,521737.787215289,5659510.46939679
0.00767190358387265,516.773036722485,522237.787215289,5659510.46939679
0.00403434803967984,516.773036722485,522737.787215289,5659510.46939679
0.00417487300018792,516.773036722485,523237.787215289,5659510.46939679
0.00391366864932615,516.773036722485,523737.787215289,5659510.46939679
0.00352672169027367,516.773036722485,524237.787215289,5659510.46939679
0.00451112576803612,516.773036722485,486737.787215289,5660010.46939679
0.00765831064923739,516.773036722485,487237.787215289,5660010.46939679
0.00516151448550467,516.773036722485,487737.787215289,5660010.46939679
0.00610361308479528,516.773036722485,488237.787215289,5660010.46939679
0.00470127581326173,516.773036722485,488737.787215289,5660010.46939679
0.00490844222233071,516.773036722485,489237.787215289,5660010.46939679
0.00402403498698538,516.773036722485,489737.787215289,5660010.46939679
0.00297988746519529,516.773036722485,490237.787215289,5660010.46939679
0.00260106043302861,516.773036722485,490737.787215289,5660010.46939679
0.00362252144178564,516.773036722485,491237.787215289,5660010.46939679
0.0128699034666591,516.773036722485,491737.787215289,5660010.46939679
0.00126509558693174,516.773036722485,492237.787215289,5660010.46939679
0.00152491690772933,516.773036722485,492737.787215289,5660010.46939679
0.00264696521078844,516.773036722485,493237.787215289,5660010.46939679
0.00978606522853031,516.773036722485,493737.787215289,5660010.46939679
0.00856496840315781,516.773036722485,494237.787215289,5660010.46939679
0.00371641210289561,516.773036722485,494737.787215289,5660010.46939679
0.00349206982852047,516.773036722485,495237.787215289,5660010.46939679
0.00911521069093296,516.773036722485,495737.787215289,5660010.46939679
0.0080912131400452,516.773036722485,496237.787215289,5660010.46939679
0.0108916131644268,516.773036722485,496737.787215289,5660010.46939679
0.00250130183887282,516.773036722485,497237.787215289,5660010.46939679
0.00225718953092477,516.773036722485,497737.787215289,5660010.46939679
0.00209173725053374,516.773036722485,498237.787215289,5660010.46939679
0.00221545343496679,516.773036722485,498737.787215289,5660010.46939679
0.00327954583696302,516.773036722485,499237.787215289,5660010.46939679
0.00229651110620736,516.773036722485,499737.787215289,5660010.46939679
0.00265169926588213,516.773036722485,500237.787215289,5660010.46939679
0.00255714959074476,516.773036722485,500737.787215289,5660010.46939679
0.00113853368828984,516.773036722485,501237.787215289,5660010.46939679
0.00155435644104908,516.773036722485,501737.787215289,5660010.46939679
0.000630168797481022,516.773036722485,502237.787215289,5660010.46939679
0.0018380995076574,516.773036722485,502737.787215289,5660010.46939679
0.00154560936754455,516.773036722485,503237.787215289,5660010.46939679
0.00170115753777993,516.773036722485,503737.787215289,5660010.46939679
0.00258325011404013,516.773036722485,504237.787215289,5660010.46939679
0.0047908575567186,516.773036722485,504737.787215289,5660010.46939679
0.0143446850072457,516.773036722485,505237.787215289,5660010.46939679
0.0116320488242225,516.773036722485,505737.787215289,5660010.46939679
0.00748670621973821,516.773036722485,506237.787215289,5660010.46939679
0.00835920165673925,516.773036722485,506737.787215289,5660010.46939679
0.00709807675303837,516.773036722485,507237.787215289,5660010.46939679
0.00612557466427259,516.773036722485,507737.787215289,5660010.46939679
0.00466466256367197,516.773036722485,508237.787215289,5660010.46939679
0.00448482356546726,516.773036722485,508737.787215289,5660010.46939679
0.00490571238956647,516.773036722485,509237.787215289,5660010.46939679
0.00412955942405218,516.773036722485,509737.787215289,5660010.46939679
0.00128086892863754,516.773036722485,510237.787215289,5660010.46939679
0.000703605100447731,516.773036722485,510737.787215289,5660010.46939679
0.00148532104650585,516.773036722485,511237.787215289,5660010.46939679
0.0018469861850121,516.773036722485,511737.787215289,5660010.46939679
0.00179037157399016,516.773036722485,512237.787215289,5660010.46939679
0.000682037895777689,516.773036722485,512737.787215289,5660010.46939679
0.00170886895119319,516.773036722485,513237.787215289,5660010.46939679
0.00321914051998075,516.773036722485,513737.787215289,5660010.46939679
0.00324819111689236,516.773036722485,514237.787215289,5660010.46939679
0.00493490288817799,516.773036722485,514737.787215289,5660010.46939679
0.00232238046265724,516.773036722485,515237.787215289,5660010.46939679
0.00236916547011573,516.773036722485,515737.787215289,5660010.46939679
0.00358365632822558,516.773036722485,516237.787215289,5660010.46939679
0.00126998429233194,516.773036722485,516737.787215289,5660010.46939679
0.00107226361168229,516.773036722485,517237.787215289,5660010.46939679
0.00111248182115295,516.773036722485,517737.787215289,5660010.46939679
0.00261482655352236,516.773036722485,518237.787215289,5660010.46939679
0.00209735298374971,516.773036722485,518737.787215289,5660010.46939679
0.0050000318168773,516.773036722485,519237.787215289,5660010.46939679
0.00539041209011304,516.773036722485,519737.787215289,5660010.46939679
0.00427563191563792,516.773036722485,520237.787215289,5660010.46939679
0.0071517557708486,516.773036722485,520737.787215289,5660010.46939679
0.00798355094532054,516.773036722485,521237.787215289,5660010.46939679
0.01060202822026,516.773036722485,521737.787215289,5660010.46939679
0.0106232515082667,516.773036722485,522237.787215289,5660010.46939679
0.00587988014509999,516.773036722485,522737.787215289,5660010.46939679
0.00278465411697907,516.773036722485,523237.787215289,5660010.46939679
0.00577119050145726,516.773036722485,523737.787215289,5660010.46939679
0.00331419933143844,516.773036722485,524237.787215289,5660010.46939679
0.00490844222233071,516.773036722485,486737.787215289,5660510.46939679
0.00490844222233071,516.773036722485,487237.787215289,5660510.46939679
0.0062215699665235,516.773036722485,487737.787215289,5660510.46939679
0.00495274940729275,516.773036722485,488237.787215289,5660510.46939679
0.00108654567307799,516.773036722485,488737.787215289,5660510.46939679
0.00447308013433163,516.773036722485,489237.787215289,5660510.46939679
0.00388454083104785,516.773036722485,489737.787215289,5660510.46939679
0.00290573590215756,516.773036722485,490237.787215289,5660510.46939679
0.00201790727866157,516.773036722485,490737.787215289,5660510.46939679
0.00183417703893608,516.773036722485,491237.787215289,5660510.46939679
0.00940344924160432,516.773036722485,491737.787215289,5660510.46939679
0.00349206982852047,516.773036722485,492237.787215289,5660510.46939679
0.00225837623538448,516.773036722485,492737.787215289,5660510.46939679
0.00819127922626117,516.773036722485,493237.787215289,5660510.46939679
0.00679561695981143,516.773036722485,493737.787215289,5660510.46939679
0.00769681032432495,516.773036722485,494237.787215289,5660510.46939679
0.00106980577814105,516.773036722485,494737.787215289,5660510.46939679
0.00408023601786765,516.773036722485,495237.787215289,5660510.46939679
0.00891346752878344,516.773036722485,495737.787215289,5660510.46939679
0.00249324689467399,516.773036722485,496237.787215289,5660510.46939679
0.00311035109332862,516.773036722485,496737.787215289,5660510.46939679
0.00228337281805741,516.773036722485,497237.787215289,5660510.46939679
0.00201790727866157,516.773036722485,497737.787215289,5660510.46939679
0.00188505249814196,516.773036722485,498237.787215289,5660510.46939679
0.00191191584752858,516.773036722485,498737.787215289,5660510.46939679
0.00243233867799994,516.773036722485,499237.787215289,5660510.46939679
0.00257352375457923,516.773036722485,499737.787215289,5660510.46939679
0.0046470222302835,516.773036722485,500237.787215289,5660510.46939679
0.0025498268204854,516.773036722485,500737.787215289,5660510.46939679
0.00100522664785008,516.773036722485,501237.787215289,5660510.46939679
0.000670652953929589,516.773036722485,501737.787215289,5660510.46939679
0.00152491690772933,516.773036722485,502237.787215289,5660510.46939679
0.00187941647078751,516.773036722485,502737.787215289,5660510.46939679
0.00170115753777993,516.773036722485,503237.787215289,5660510.46939679
0.00172345641992803,516.773036722485,503737.787215289,5660510.46939679
0.00206709522180169,516.773036722485,504237.787215289,5660510.46939679
0.00208171695779155,516.773036722485,504737.787215289,5660510.46939679
0.00793223830889848,516.773036722485,505237.787215289,5660510.46939679
0.0112792478740165,516.773036722485,505737.787215289,5660510.46939679
0.00955156890188705,516.773036722485,506237.787215289,5660510.46939679
0.00793205609225102,516.773036722485,506737.787215289,5660510.46939679
0.00648079161821595,516.773036722485,507237.787215289,5660510.46939679
0.00628330523016058,516.773036722485,507737.787215289,5660510.46939679
0.00428707898290838,516.773036722485,508237.787215289,5660510.46939679
0.00424424980721207,516.773036722485,508737.787215289,5660510.46939679
0.00332093524852276,516.773036722485,509237.787215289,5660510.46939679
0.00349687124450753,516.773036722485,509737.787215289,5660510.46939679
0.00225388655567894,516.773036722485,510237.787215289,5660510.46939679
0.000515376067520025,516.773036722485,510737.787215289,5660510.46939679
0.00168229528434171,516.773036722485,511237.787215289,5660510.46939679
0.0018469861850121,516.773036722485,511737.787215289,5660510.46939679
0.000640866484074023,516.773036722485,512237.787215289,5660510.46939679
0.000748807051224092,516.773036722485,512737.787215289,5660510.46939679
0.00189623383220429,516.773036722485,513237.787215289,5660510.46939679
0.00263204081567394,516.773036722485,513737.787215289,5660510.46939679
0.00409407478802695,516.773036722485,514237.787215289,5660510.46939679
0.00225571108254255,516.773036722485,514737.787215289,5660510.46939679
0.00256569056292971,516.773036722485,515237.787215289,5660510.46939679
0.00269617155820089,516.773036722485,515737.787215289,5660510.46939679
0.00351557719779739,516.773036722485,516237.787215289,5660510.46939679
0.00102416967581417,516.773036722485,516737.787215289,5660510.46939679
0.000575296993992581,516.773036722485,517237.787215289,5660510.46939679
0.0024487540168364,516.773036722485,517737.787215289,5660510.46939679
0.0019073614830809,516.773036722485,518237.787215289,5660510.46939679
0.00161001791160609,516.773036722485,518737.787215289,5660510.46939679
0.00154348030343472,516.773036722485,519237.787215289,5660510.46939679
0.00513602467982451,516.773036722485,519737.787215289,5660510.46939679
0.0046015363033006,516.773036722485,520237.787215289,5660510.46939679
0.00639706695733838,516.773036722485,520737.787215289,5660510.46939679
0.00724762668910693,516.773036722485,521237.787215289,5660510.46939679
0.00825906742564879,516.773036722485,521737.787215289,5660510.46939679
0.00532256930944484,516.773036722485,522237.787215289,5660510.46939679
0.00638496783590359,516.773036722485,522737.787215289,5660510.46939679
0.00304983167377544,516.773036722485,523237.787215289,5660510.46939679
0.0071680887628089,516.773036722485,523737.787215289,5660510.46939679
0.00687051877100384,516.773036722485,524237.787215289,5660510.46939679
0.00555417172433667,516.773036722485,486737.787215289,5661010.46939679
0.00543760647624717,516.773036722485,487237.787215289,5661010.46939679
0.00897694741780292,516.773036722485,487737.787215289,5661010.46939679
0.00363305782715672,516.773036722485,488237.787215289,5661010.46939679
0.0045146227292246,516.773036722485,488737.787215289,5661010.46939679
0.0103526220583975,516.773036722485,489237.787215289,5661010.46939679
0.0195022043309232,516.773036722485,489737.787215289,5661010.46939679
0.0027483306311002,516.773036722485,490237.787215289,5661010.46939679
0.00208171695779155,516.773036722485,490737.787215289,5661010.46939679
0.00177795505934176,516.773036722485,491237.787215289,5661010.46939679
0.00192195428456068,516.773036722485,491737.787215289,5661010.46939679
0.00146052727207643,516.773036722485,492237.787215289,5661010.46939679
0.00434236406031393,516.773036722485,492737.787215289,5661010.46939679
0.00360249504855594,516.773036722485,493237.787215289,5661010.46939679
0.0042092600586786,516.773036722485,493737.787215289,5661010.46939679
0.00263875251928059,516.773036722485,494237.787215289,5661010.46939679
0.00349206982852047,516.773036722485,494737.787215289,5661010.46939679
0.00360249504855594,516.773036722485,495237.787215289,5661010.46939679
0.00371536779695359,516.773036722485,495737.787215289,5661010.46939679
0.00340574744720546,516.773036722485,496237.787215289,5661010.46939679
0.00206959263007928,516.773036722485,496737.787215289,5661010.46939679
0.00179650250321344,516.773036722485,497237.787215289,5661010.46939679
0.00161941948260027,516.773036722485,497737.787215289,5661010.46939679
0.00155391966933957,516.773036722485,498237.787215289,5661010.46939679
0.00171183384682396,516.773036722485,498737.787215289,5661010.46939679
0.00159697204839674,516.773036722485,499237.787215289,5661010.46939679
0.00155391966933957,516.773036722485,499737.787215289,5661010.46939679
0.00206340485510369,516.773036722485,500237.787215289,5661010.46939679
0.00332091690395054,516.773036722485,500737.787215289,5661010.46939679
0.00146052727207643,516.773036722485,501237.787215289,5661010.46939679
0.00231667916217903,516.773036722485,501737.787215289,5661010.46939679
0.00460680336130894,516.773036722485,502237.787215289,5661010.46939679
0.00282388612446902,516.773036722485,502737.787215289,5661010.46939679
0.00194231443039062,516.773036722485,503237.787215289,5661010.46939679
0.00208171695779155,516.773036722485,503737.787215289,5661010.46939679
0.00283935790185249,516.773036722485,504237.787215289,5661010.46939679
0.00260907604529293,516.773036722485,504737.787215289,5661010.46939679
0.00559328568327926,516.773036722485,505237.787215289,5661010.46939679
0.0106350219303112,516.773036722485,505737.787215289,5661010.46939679
0.00909230067283731,516.773036722485,506237.787215289,5661010.46939679
0.0068266918284172,516.773036722485,506737.787215289,5661010.46939679
0.00387475338018143,516.773036722485,507237.787215289,5661010.46939679
0.00198854471811832,516.773036722485,507737.787215289,5661010.46939679
0.00233738536930213,516.773036722485,508237.787215289,5661010.46939679
0.00380821317617781,516.773036722485,508737.787215289,5661010.46939679
0.00263350664684882,516.773036722485,509237.787215289,5661010.46939679
0.00127121195672406,516.773036722485,509737.787215289,5661010.46939679
0.00148532104650585,516.773036722485,510237.787215289,5661010.46939679
0.0010546178800661,516.773036722485,510737.787215289,5661010.46939679
0.00370902382996997,516.773036722485,511237.787215289,5661010.46939679
0.00359533324413407,516.773036722485,511737.787215289,5661010.46939679
0.0018469861850121,516.773036722485,512237.787215289,5661010.46939679
0.00281213606172918,516.773036722485,512737.787215289,5661010.46939679
0.00257913079504147,516.773036722485,513237.787215289,5661010.46939679
0.0038469347981716,516.773036722485,513737.787215289,5661010.46939679
0.00421554531393865,516.773036722485,514237.787215289,5661010.46939679
0.00603122823478967,516.773036722485,514737.787215289,5661010.46939679
0.00559126742687235,516.773036722485,515237.787215289,5661010.46939679
0.000987467817589419,516.773036722485,515737.787215289,5661010.46939679
0.00119757579965762,516.773036722485,516237.787215289,5661010.46939679
0.00145604165094809,516.773036722485,516737.787215289,5661010.46939679
0.000715377731085765,516.773036722485,517237.787215289,5661010.46939679
0.00133335219488562,516.773036722485,517737.787215289,5661010.46939679
0.00107838155224751,516.773036722485,518237.787215289,5661010.46939679
0.00262495354938286,516.773036722485,518737.787215289,5661010.46939679
0.00208386657555526,516.773036722485,519237.787215289,5661010.46939679
0.00430489901815655,516.773036722485,519737.787215289,5661010.46939679
0.00187721171256137,516.773036722485,520237.787215289,5661010.46939679
0.00694173105008966,516.773036722485,520737.787215289,5661010.46939679
0.00264005598299869,516.773036722485,521237.787215289,5661010.46939679
0.0107889712560758,516.773036722485,521737.787215289,5661010.46939679
0.00398863001875148,516.773036722485,522237.787215289,5661010.46939679
0.00752262810408524,516.773036722485,522737.787215289,5661010.46939679
0.00259208132482964,516.773036722485,523237.787215289,5661010.46939679
0.00644682153026685,516.773036722485,523737.787215289,5661010.46939679
0.00865037050760159,516.773036722485,524237.787215289,5661010.46939679
0.00451112576803612,516.773036722485,486737.787215289,5661510.46939679
0.00388454083104785,516.773036722485,487237.787215289,5661510.46939679
0.00516780906601767,516.773036722485,487737.787215289,5661510.46939679
0.00329107691380365,516.773036722485,488237.787215289,5661510.46939679
0.00350250672942651,516.773036722485,488737.787215289,5661510.46939679
0.00814018963544504,516.773036722485,489237.787215289,5661510.46939679
0.000847001542741556,516.773036722485,489737.787215289,5661510.46939679
0.00401705575395583,516.773036722485,490237.787215289,5661510.46939679
0.000847001542741556,516.773036722485,490737.787215289,5661510.46939679
0.00182506606696882,516.773036722485,491237.787215289,5661510.46939679
0.00155391966933957,516.773036722485,491737.787215289,5661510.46939679
0.00219596490140345,516.773036722485,492237.787215289,5661510.46939679
0.00647204467871907,516.773036722485,492737.787215289,5661510.46939679
0.00769681032432495,516.773036722485,493237.787215289,5661510.46939679
0.00212204871114513,516.773036722485,493737.787215289,5661510.46939679
0.00212204871114513,516.773036722485,494237.787215289,5661510.46939679
0.000713737948328088,516.773036722485,494737.787215289,5661510.46939679
0.00143286486456475,516.773036722485,495237.787215289,5661510.46939679
0.00177795505934176,516.773036722485,495737.787215289,5661510.46939679
0.00201790727866157,516.773036722485,496237.787215289,5661510.46939679
0.00155391966933957,516.773036722485,496737.787215289,5661510.46939679
0.00176596496059948,516.773036722485,497237.787215289,5661510.46939679
0.00140779144508736,516.773036722485,497737.787215289,5661510.46939679
0.00147817450203488,516.773036722485,498237.787215289,5661510.46939679
0.000630168797481022,516.773036722485,498737.787215289,5661510.46939679
0.00134636956918611,516.773036722485,499237.787215289,5661510.46939679
0.00189622335756511,516.773036722485,499737.787215289,5661510.46939679
0.000630168797481022,516.773036722485,500237.787215289,5661510.46939679
0.00110363486640316,516.773036722485,500737.787215289,5661510.46939679
0.000887528075753062,516.773036722485,501237.787215289,5661510.46939679
0.00447967703811239,516.773036722485,501737.787215289,5661510.46939679
0.00157313738822962,516.773036722485,502237.787215289,5661510.46939679
0.00181044560183267,516.773036722485,502737.787215289,5661510.46939679
0.00167062829613411,516.773036722485,503237.787215289,5661510.46939679
0.00221545343496679,516.773036722485,503737.787215289,5661510.46939679
0.00497731272726477,516.773036722485,504237.787215289,5661510.46939679
0.00364236885872943,516.773036722485,504737.787215289,5661510.46939679
0.00338033285760339,516.773036722485,505237.787215289,5661510.46939679
0.0034303061470792,516.773036722485,505737.787215289,5661510.46939679
0.00768889524572275,516.773036722485,506237.787215289,5661510.46939679
0.00709807675303837,516.773036722485,506737.787215289,5661510.46939679
0.000969201415464189,516.773036722485,507237.787215289,5661510.46939679
0.00485560530735995,516.773036722485,507737.787215289,5661510.46939679
0.00137424905477081,516.773036722485,508237.787215289,5661510.46939679
0.000515376067520025,516.773036722485,508737.787215289,5661510.46939679
0.00108796670101708,516.773036722485,509237.787215289,5661510.46939679
0.0018469861850121,516.773036722485,509737.787215289,5661510.46939679
0.000669319687616589,516.773036722485,510237.787215289,5661510.46939679
0.00107127670593415,516.773036722485,510737.787215289,5661510.46939679
0.00369148219605058,516.773036722485,511237.787215289,5661510.46939679
0.000377502225045535,516.773036722485,511737.787215289,5661510.46939679
0.00163072884929205,516.773036722485,512237.787215289,5661510.46939679
0.00286034917865159,516.773036722485,512737.787215289,5661510.46939679
0.00396858145542937,516.773036722485,513237.787215289,5661510.46939679
0.00462823264715022,516.773036722485,513737.787215289,5661510.46939679
0.00516267471879452,516.773036722485,514237.787215289,5661510.46939679
0.0036700665874795,516.773036722485,514737.787215289,5661510.46939679
0.00565661828126666,516.773036722485,515237.787215289,5661510.46939679
0.00128800481935522,516.773036722485,515737.787215289,5661510.46939679
0.000806711425479303,516.773036722485,516237.787215289,5661510.46939679
0.00185659715999012,516.773036722485,516737.787215289,5661510.46939679
0.00222416430392061,516.773036722485,517237.787215289,5661510.46939679
0.000917696768073966,516.773036722485,517737.787215289,5661510.46939679
0.0024487540168364,516.773036722485,518237.787215289,5661510.46939679
0.0027712690165007,516.773036722485,518737.787215289,5661510.46939679
0.00263327483062779,516.773036722485,519237.787215289,5661510.46939679
0.0047618680916162,516.773036722485,519737.787215289,5661510.46939679
0.00208882343629844,516.773036722485,520237.787215289,5661510.46939679
0.00642750555748613,516.773036722485,520737.787215289,5661510.46939679
0.00535858544321123,516.773036722485,521237.787215289,5661510.46939679
0.00916422058525524,516.773036722485,521737.787215289,5661510.46939679
0.00443420438748046,516.773036722485,522237.787215289,5661510.46939679
0.00283614138223662,516.773036722485,522737.787215289,5661510.46939679
0.00978606522853031,516.773036722485,523237.787215289,5661510.46939679
0.00211107216393081,516.773036722485,523737.787215289,5661510.46939679
0.00175294457488132,516.773036722485,524237.787215289,5661510.46939679
0.00417409362137617,516.773036722485,486737.787215289,5662010.46939679
0.0037454036101602,516.773036722485,487237.787215289,5662010.46939679
0.00323436184209643,516.773036722485,487737.787215289,5662010.46939679
0.00256212045063062,516.773036722485,488237.787215289,5662010.46939679
0.00250561206437003,516.773036722485,488737.787215289,5662010.46939679
0.00264313908095914,516.773036722485,489237.787215289,5662010.46939679
0.00260907604529293,516.773036722485,489737.787215289,5662010.46939679
0.00245157842721052,516.773036722485,490237.787215289,5662010.46939679
0.00219812713304293,516.773036722485,490737.787215289,5662010.46939679
0.00182506606696882,516.773036722485,491237.787215289,5662010.46939679
0.00352672169027367,516.773036722485,491737.787215289,5662010.46939679
0.00165374867904858,516.773036722485,492237.787215289,5662010.46939679
0.00256582930029087,516.773036722485,492737.787215289,5662010.46939679
0.00504519226701099,516.773036722485,493237.787215289,5662010.46939679
0.00395516687717576,516.773036722485,493737.787215289,5662010.46939679
0.00010784509755965,516.773036722485,494237.787215289,5662010.46939679
0.00138894407749411,516.773036722485,494737.787215289,5662010.46939679
0.001322809713812,516.773036722485,495237.787215289,5662010.46939679
0.00200503507651865,516.773036722485,495737.787215289,5662010.46939679
0.00188505249814196,516.773036722485,496237.787215289,5662010.46939679
0.0015019747827893,516.773036722485,496737.787215289,5662010.46939679
0.00143286486456475,516.773036722485,497237.787215289,5662010.46939679
0.00147817450203488,516.773036722485,497737.787215289,5662010.46939679
0.000759590867226795,516.773036722485,498237.787215289,5662010.46939679
0.000713737948328088,516.773036722485,498737.787215289,5662010.46939679
0.000759590867226795,516.773036722485,499237.787215289,5662010.46939679
0.000944545855139964,516.773036722485,499737.787215289,5662010.46939679
0.00100522664785008,516.773036722485,500237.787215289,5662010.46939679
0.00110363486640316,516.773036722485,500737.787215289,5662010.46939679
0.00078361042948337,516.773036722485,501237.787215289,5662010.46939679
0.000833952190847537,516.773036722485,501737.787215289,5662010.46939679
0.00434236406031393,516.773036722485,502237.787215289,5662010.46939679
0.00140779144508736,516.773036722485,502737.787215289,5662010.46939679
0.00170115753777993,516.773036722485,503237.787215289,5662010.46939679
0.00230457906277503,516.773036722485,503737.787215289,5662010.46939679
0.00182506606696882,516.773036722485,504237.787215289,5662010.46939679
0.0111821993610817,516.773036722485,504737.787215289,5662010.46939679
0.015266235668529,516.773036722485,505237.787215289,5662010.46939679
0.00928940767549742,516.773036722485,505737.787215289,5662010.46939679
0.00714937829473115,516.773036722485,506237.787215289,5662010.46939679
0.00313181124105322,516.773036722485,506737.787215289,5662010.46939679
0.0052629830039435,516.773036722485,507237.787215289,5662010.46939679
0.00551429020168606,516.773036722485,507737.787215289,5662010.46939679
0.00337829992953014,516.773036722485,508237.787215289,5662010.46939679
0.00153228943815832,516.773036722485,508737.787215289,5662010.46939679
0.0018469861850121,516.773036722485,509237.787215289,5662010.46939679
0.00170312998279599,516.773036722485,509737.787215289,5662010.46939679
0.00109623162003311,516.773036722485,510237.787215289,5662010.46939679
0.00376133747066784,516.773036722485,510737.787215289,5662010.46939679
0.00360744829352778,516.773036722485,511237.787215289,5662010.46939679
0.00119447488513769,516.773036722485,511737.787215289,5662010.46939679
0.00327474683423478,516.773036722485,512237.787215289,5662010.46939679
0.00433131919714013,516.773036722485,512737.787215289,5662010.46939679
0.00337585205430441,516.773036722485,513237.787215289,5662010.46939679
0.0046023900885419,516.773036722485,513737.787215289,5662010.46939679
0.00560926698414859,516.773036722485,514237.787215289,5662010.46939679
0.00729681442650542,516.773036722485,514737.787215289,5662010.46939679
0.00510165979643864,516.773036722485,515237.787215289,5662010.46939679
0.00265685799588725,516.773036722485,515737.787215289,5662010.46939679
0.00245078957216399,516.773036722485,516237.787215289,5662010.46939679
0.00246649748124692,516.773036722485,516737.787215289,5662010.46939679
0.00244190231095243,516.773036722485,517237.787215289,5662010.46939679
0.00117723451756767,516.773036722485,517737.787215289,5662010.46939679
0.00251911943811003,516.773036722485,518237.787215289,5662010.46939679
0.00297950885961766,516.773036722485,518737.787215289,5662010.46939679
0.00164175832282111,516.773036722485,519237.787215289,5662010.46939679
0.00433203099514005,516.773036722485,519737.787215289,5662010.46939679
0.00206832019617661,516.773036722485,520237.787215289,5662010.46939679
0.00677828268464945,516.773036722485,520737.787215289,5662010.46939679
0.00258612041622853,516.773036722485,521237.787215289,5662010.46939679
0.0105654153204343,516.773036722485,521737.787215289,5662010.46939679
0.0125761563069815,516.773036722485,522237.787215289,5662010.46939679
0.0110463391549013,516.773036722485,522737.787215289,5662010.46939679
0.00922046356495959,516.773036722485,523237.787215289,5662010.46939679
0.0075540810028562,516.773036722485,523737.787215289,5662010.46939679
0.00308813607145566,516.773036722485,524237.787215289,5662010.46939679
0.00363059789573198,516.773036722485,486737.787215289,5662510.46939679
0.0029642512823464,516.773036722485,487237.787215289,5662510.46939679
0.000847001542741556,516.773036722485,487737.787215289,5662510.46939679
0.00267045623758876,516.773036722485,488237.787215289,5662510.46939679
0.00332069338821317,516.773036722485,488737.787215289,5662510.46939679
0.00497731272726477,516.773036722485,489237.787215289,5662510.46939679
0.000847001542741556,516.773036722485,489737.787215289,5662510.46939679
0.00130969697864117,516.773036722485,490237.787215289,5662510.46939679
0.00179650250321344,516.773036722485,490737.787215289,5662510.46939679
0.00317979737661808,516.773036722485,491237.787215289,5662510.46939679
0.0066767017998024,516.773036722485,491737.787215289,5662510.46939679
0.00819127922626117,516.773036722485,492237.787215289,5662510.46939679
0.00408023601786765,516.773036722485,492737.787215289,5662510.46939679
0.00263875251928059,516.773036722485,493237.787215289,5662510.46939679
0.00280827482861521,516.773036722485,493737.787215289,5662510.46939679
0.0042092600586786,516.773036722485,494237.787215289,5662510.46939679
0.0059999412637893,516.773036722485,494737.787215289,5662510.46939679
0.00151140103908906,516.773036722485,495237.787215289,5662510.46939679
0.00155919412470842,516.773036722485,495737.787215289,5662510.46939679
0.00175999103905884,516.773036722485,496237.787215289,5662510.46939679
0.00147817450203488,516.773036722485,496737.787215289,5662510.46939679
0.000573978303110409,516.773036722485,497237.787215289,5662510.46939679
0.000736307562872477,516.773036722485,497737.787215289,5662510.46939679
0.000713737948328088,516.773036722485,498237.787215289,5662510.46939679
0.000887528075753062,516.773036722485,498737.787215289,5662510.46939679
0.000592128478659278,516.773036722485,499237.787215289,5662510.46939679
0.000573978303110409,516.773036722485,499737.787215289,5662510.46939679
0.00172714210770856,516.773036722485,500237.787215289,5662510.46939679
0.00143286486456475,516.773036722485,500737.787215289,5662510.46939679
0.00154560936754455,516.773036722485,501237.787215289,5662510.46939679
0.0036460232042854,516.773036722485,501737.787215289,5662510.46939679
0.00187358523899556,516.773036722485,502237.787215289,5662510.46939679
0.00476746651098843,516.773036722485,502737.787215289,5662510.46939679
0.00658731480034982,516.773036722485,503237.787215289,5662510.46939679
0.00281701513096193,516.773036722485,503737.787215289,5662510.46939679
0.00712338306252802,516.773036722485,504237.787215289,5662510.46939679
0.0113523853359712,516.773036722485,504737.787215289,5662510.46939679
0.013264457416697,516.773036722485,505237.787215289,5662510.46939679
0.0101988086177765,516.773036722485,505737.787215289,5662510.46939679
0.00574943231127995,516.773036722485,506237.787215289,5662510.46939679
0.00377501270467756,516.773036722485,506737.787215289,5662510.46939679
0.00194346545883875,516.773036722485,507237.787215289,5662510.46939679
0.00174273804044304,516.773036722485,507737.787215289,5662510.46939679
0.00382630950656103,516.773036722485,508237.787215289,5662510.46939679
0.00348512755079287,516.773036722485,508737.787215289,5662510.46939679
0.00256138528482999,516.773036722485,509237.787215289,5662510.46939679
0.00273106909076447,516.773036722485,509737.787215289,5662510.46939679
0.00412955942405218,516.773036722485,510237.787215289,5662510.46939679
0.00359533324413407,516.773036722485,510737.787215289,5662510.46939679
0.00041445838965379,516.773036722485,511237.787215289,5662510.46939679
0.000990955571565284,516.773036722485,511737.787215289,5662510.46939679
0.00248287260684967,516.773036722485,512237.787215289,5662510.46939679
0.00391529431044695,516.773036722485,512737.787215289,5662510.46939679
0.00371002033270581,516.773036722485,513237.787215289,5662510.46939679
0.00628213961986486,516.773036722485,513737.787215289,5662510.46939679
0.00827273595815994,516.773036722485,514237.787215289,5662510.46939679
0.00424005621451037,516.773036722485,514737.787215289,5662510.46939679
0.00554761437355494,516.773036722485,515237.787215289,5662510.46939679
0.00455034582904136,516.773036722485,515737.787215289,5662510.46939679
0.00493266869663337,516.773036722485,516237.787215289,5662510.46939679
0.00117930455505842,516.773036722485,516737.787215289,5662510.46939679
0.00198782674756547,516.773036722485,517237.787215289,5662510.46939679
0.000448464757184044,516.773036722485,517737.787215289,5662510.46939679
0.00114114942129866,516.773036722485,518237.787215289,5662510.46939679
0.00229449618292531,516.773036722485,518737.787215289,5662510.46939679
0.00384949673997114,516.773036722485,519237.787215289,5662510.46939679
0.00363761212064064,516.773036722485,519737.787215289,5662510.46939679
0.00499580897687381,516.773036722485,520237.787215289,5662510.46939679
0.00632137724227352,516.773036722485,520737.787215289,5662510.46939679
0.0081105555245063,516.773036722485,521237.787215289,5662510.46939679
0.0111552753337664,516.773036722485,521737.787215289,5662510.46939679
0.0135957440427669,516.773036722485,522237.787215289,5662510.46939679
0.00990775023952306,516.773036722485,522737.787215289,5662510.46939679
0.00844161154646055,516.773036722485,523237.787215289,5662510.46939679
0.00651910211919749,516.773036722485,523737.787215289,5662510.46939679
0.00575517446576139,516.773036722485,524237.787215289,5662510.46939679
0.00399245475153182,516.773036722485,486737.787215289,5663010.46939679
0.0081711943258564,516.773036722485,487237.787215289,5663010.46939679
0.000847001542741556,516.773036722485,487737.787215289,5663010.46939679
0.00182506606696882,516.773036722485,488237.787215289,5663010.46939679
0.00223393811902187,516.773036722485,488737.787215289,5663010.46939679
0.00188277777719246,516.773036722485,489237.787215289,5663010.46939679
0.00182476618952619,516.773036722485,489737.787215289,5663010.46939679
0.00182476618952619,516.773036722485,490237.787215289,5663010.46939679
0.0018659486182603,516.773036722485,490737.787215289,5663010.46939679
0.00153019458355879,516.773036722485,491237.787215289,5663010.46939679
0.009277556826844,516.773036722485,491737.787215289,5663010.46939679
0.00117453607060774,516.773036722485,492237.787215289,5663010.46939679
0.00308319523953201,516.773036722485,492737.787215289,5663010.46939679
0.000829946744135945,516.773036722485,493237.787215289,5663010.46939679
0.00121167690982498,516.773036722485,493737.787215289,5663010.46939679
0.00124999220589568,516.773036722485,494237.787215289,5663010.46939679
0.00434236406031393,516.773036722485,494737.787215289,5663010.46939679
0.00819127922626117,516.773036722485,495237.787215289,5663010.46939679
0.00794019662968843,516.773036722485,495737.787215289,5663010.46939679
0.00449361931018982,516.773036722485,496237.787215289,5663010.46939679
0.00138894407749411,516.773036722485,496737.787215289,5663010.46939679
0.000736307562872477,516.773036722485,497237.787215289,5663010.46939679
0.000915593231338514,516.773036722485,497737.787215289,5663010.46939679
0.00143286486456475,516.773036722485,498237.787215289,5663010.46939679
0.00178175729487309,516.773036722485,498737.787215289,5663010.46939679
0.00152491690772933,516.773036722485,499237.787215289,5663010.46939679
0.00208185707807561,516.773036722485,499737.787215289,5663010.46939679
0.00136463921920154,516.773036722485,500237.787215289,5663010.46939679
0.00146507292758475,516.773036722485,500737.787215289,5663010.46939679
0.00192675469755304,516.773036722485,501237.787215289,5663010.46939679
0.00393290934699561,516.773036722485,501737.787215289,5663010.46939679
0.00658731480034982,516.773036722485,502237.787215289,5663010.46939679
0.00360249504855594,516.773036722485,502737.787215289,5663010.46939679
0.0042092600586786,516.773036722485,503237.787215289,5663010.46939679
0.00871751446836682,516.773036722485,503737.787215289,5663010.46939679
0.00830243132600216,516.773036722485,504237.787215289,5663010.46939679
0.00978606522853031,516.773036722485,504737.787215289,5663010.46939679
0.00811867707105082,516.773036722485,505237.787215289,5663010.46939679
0.0115513125488602,516.773036722485,505737.787215289,5663010.46939679
0.00844161154646055,516.773036722485,506237.787215289,5663010.46939679
0.0034687245049429,516.773036722485,506737.787215289,5663010.46939679
0.00489191209244513,516.773036722485,507237.787215289,5663010.46939679
0.00255786834771802,516.773036722485,507737.787215289,5663010.46939679
0.00233299329524954,516.773036722485,508237.787215289,5663010.46939679
0.0032857816165358,516.773036722485,508737.787215289,5663010.46939679
0.00284222229622321,516.773036722485,509237.787215289,5663010.46939679
0.00352109788653017,516.773036722485,509737.787215289,5663010.46939679
0.00462768618047393,516.773036722485,510237.787215289,5663010.46939679
0.000772485610776426,516.773036722485,510737.787215289,5663010.46939679
0.00115786132974334,516.773036722485,511237.787215289,5663010.46939679
0.00102229128144765,516.773036722485,511737.787215289,5663010.46939679
0.00453382903548675,516.773036722485,512237.787215289,5663010.46939679
0.00428707898290838,516.773036722485,512737.787215289,5663010.46939679
0.00545719246220479,516.773036722485,513237.787215289,5663010.46939679
0.00578664159902699,516.773036722485,513737.787215289,5663010.46939679
0.00827007471101482,516.773036722485,514237.787215289,5663010.46939679
0.00724540704601547,516.773036722485,514737.787215289,5663010.46939679
0.00237023588265801,516.773036722485,515237.787215289,5663010.46939679
0.00541988150473568,516.773036722485,515737.787215289,5663010.46939679
0.00289367525354972,516.773036722485,516237.787215289,5663010.46939679
0.00378931333601322,516.773036722485,516737.787215289,5663010.46939679
0.00268632289255051,516.773036722485,517237.787215289,5663010.46939679
0.00131014336755346,516.773036722485,517737.787215289,5663010.46939679
0.0012144606862926,516.773036722485,518237.787215289,5663010.46939679
0.00244190231095243,516.773036722485,518737.787215289,5663010.46939679
0.00207084977521554,516.773036722485,519237.787215289,5663010.46939679
0.00335267020697938,516.773036722485,519737.787215289,5663010.46939679
0.00493326236602727,516.773036722485,520237.787215289,5663010.46939679
0.00456115503929133,516.773036722485,520737.787215289,5663010.46939679
0.00731568321977212,516.773036722485,521237.787215289,5663010.46939679
0.0102210502461038,516.773036722485,521737.787215289,5663010.46939679
0.0131958855670223,516.773036722485,522237.787215289,5663010.46939679
0.00744579247422017,516.773036722485,522737.787215289,5663010.46939679
0.00563197310120542,516.773036722485,523237.787215289,5663010.46939679
0.00342107167461698,516.773036722485,523737.787215289,5663010.46939679
0.00573101373517778,516.773036722485,524237.787215289,5663010.46939679
0.00521877268073763,516.773036722485,486737.787215289,5663510.46939679
0.003310170476287,516.773036722485,487237.787215289,5663510.46939679
0.00611405559045663,516.773036722485,487737.787215289,5663510.46939679
0.000847001542741556,516.773036722485,488237.787215289,5663510.46939679
0.000847001542741556,516.773036722485,488737.787215289,5663510.46939679
0.001322809713812,516.773036722485,489237.787215289,5663510.46939679
0.001322809713812,516.773036722485,489737.787215289,5663510.46939679
0.00127726509272912,516.773036722485,490237.787215289,5663510.46939679
0.00129103023277601,516.773036722485,490737.787215289,5663510.46939679
0.00145351240452966,516.773036722485,491237.787215289,5663510.46939679
0.000911195665221572,516.773036722485,491737.787215289,5663510.46939679
0.00157313738822962,516.773036722485,492237.787215289,5663510.46939679
0.000911195665221572,516.773036722485,492737.787215289,5663510.46939679
0.00181828358181957,516.773036722485,493237.787215289,5663510.46939679
0.00661011323082603,516.773036722485,493737.787215289,5663510.46939679
0.00155919412470842,516.773036722485,494237.787215289,5663510.46939679
0.000944545855139964,516.773036722485,494737.787215289,5663510.46939679
0.00155435644104908,516.773036722485,495237.787215289,5663510.46939679
0.00121167690982498,516.773036722485,495737.787215289,5663510.46939679
0.000860323185328028,516.773036722485,496237.787215289,5663510.46939679
0.000610852593799015,516.773036722485,496737.787215289,5663510.46939679
0.00201804310391871,516.773036722485,497237.787215289,5663510.46939679
0.00231667916217903,516.773036722485,497737.787215289,5663510.46939679
0.00177795505934176,516.773036722485,498237.787215289,5663510.46939679
0.0026101983128964,516.773036722485,498737.787215289,5663510.46939679
0.0109298768861763,516.773036722485,499237.787215289,5663510.46939679
0.0026101983128964,516.773036722485,499737.787215289,5663510.46939679
0.00200373373438112,516.773036722485,500237.787215289,5663510.46939679
0.00201790727866157,516.773036722485,500737.787215289,5663510.46939679
0.00221545343496679,516.773036722485,501237.787215289,5663510.46939679
0.00213246030781385,516.773036722485,501737.787215289,5663510.46939679
0.0083470711369404,516.773036722485,502237.787215289,5663510.46939679
0.00536931233431235,516.773036722485,502737.787215289,5663510.46939679
0.00529742853103958,516.773036722485,503237.787215289,5663510.46939679
0.00308319523953201,516.773036722485,503737.787215289,5663510.46939679
0.00360249504855594,516.773036722485,504237.787215289,5663510.46939679
0.00308319523953201,516.773036722485,504737.787215289,5663510.46939679
0.00360249504855594,516.773036722485,505237.787215289,5663510.46939679
0.00360249504855594,516.773036722485,505737.787215289,5663510.46939679
0.00383393140931183,516.773036722485,506237.787215289,5663510.46939679
0.00371641210289561,516.773036722485,506737.787215289,5663510.46939679
0.0015067116421797,516.773036722485,507237.787215289,5663510.46939679
0.00421554531393865,516.773036722485,507737.787215289,5663510.46939679
0.0029585584575192,516.773036722485,508237.787215289,5663510.46939679
0.0045747438197152,516.773036722485,508737.787215289,5663510.46939679
0.00350345442564635,516.773036722485,509237.787215289,5663510.46939679
0.00370902382996997,516.773036722485,509737.787215289,5663510.46939679
0.00135287887508152,516.773036722485,510237.787215289,5663510.46939679
0.00127121195672406,516.773036722485,510737.787215289,5663510.46939679
0.0027167826307848,516.773036722485,511237.787215289,5663510.46939679
0.00233299329524954,516.773036722485,511737.787215289,5663510.46939679
0.00283161879612882,516.773036722485,512237.787215289,5663510.46939679
0.00571585245885352,516.773036722485,512737.787215289,5663510.46939679
0.00509425648357349,516.773036722485,513237.787215289,5663510.46939679
0.00463107788397304,516.773036722485,513737.787215289,5663510.46939679
0.00454949530349135,516.773036722485,514237.787215289,5663510.46939679
0.0089931771843497,516.773036722485,514737.787215289,5663510.46939679
0.00356584464917287,516.773036722485,515237.787215289,5663510.46939679
0.00254738411121718,516.773036722485,515737.787215289,5663510.46939679
0.00414460345856356,516.773036722485,516237.787215289,5663510.46939679
0.00293491220022581,516.773036722485,516737.787215289,5663510.46939679
0.00324308366318902,516.773036722485,517237.787215289,5663510.46939679
0.00257837272486038,516.773036722485,517737.787215289,5663510.46939679
0.000408476334217534,516.773036722485,518237.787215289,5663510.46939679
0.0012144606862926,516.773036722485,518737.787215289,5663510.46939679
0.00174452314399332,516.773036722485,519237.787215289,5663510.46939679
0.00357537052597614,516.773036722485,519737.787215289,5663510.46939679
0.00392749179692526,516.773036722485,520237.787215289,5663510.46939679
0.00424475414066776,516.773036722485,520737.787215289,5663510.46939679
0.00818376732317723,516.773036722485,521237.787215289,5663510.46939679
0.00987357818420061,516.773036722485,521737.787215289,5663510.46939679
0.00919532661565112,516.773036722485,522237.787215289,5663510.46939679
0.008835807351678,516.773036722485,522737.787215289,5663510.46939679
0.00717648646888353,516.773036722485,523237.787215289,5663510.46939679
0.00510165979643864,516.773036722485,523737.787215289,5663510.46939679
0.00379528103356318,516.773036722485,524237.787215289,5663510.46939679
0.00281666804167865,516.773036722485,486737.787215289,5664010.46939679
0.00232856572408633,516.773036722485,487237.787215289,5664010.46939679
0.00832316808312782,516.773036722485,487737.787215289,5664010.46939679
0.00427512488441076,516.773036722485,488237.787215289,5664010.46939679
0.000630168797481022,516.773036722485,488737.787215289,5664010.46939679
0.00126509558693174,516.773036722485,489237.787215289,5664010.46939679
0.00138894407749411,516.773036722485,489737.787215289,5664010.46939679
0.000571221502982116,516.773036722485,490237.787215289,5664010.46939679
0.00066743182842813,516.773036722485,490737.787215289,5664010.46939679
0.000856191079541393,516.773036722485,491237.787215289,5664010.46939679
0.000732771100304484,516.773036722485,491737.787215289,5664010.46939679
0.00201804310391871,516.773036722485,492237.787215289,5664010.46939679
0.000911195665221572,516.773036722485,492737.787215289,5664010.46939679
0.00193509621565433,516.773036722485,493237.787215289,5664010.46939679
0.00323026399149584,516.773036722485,493737.787215289,5664010.46939679
0.00149306966813143,516.773036722485,494237.787215289,5664010.46939679
0.00143286486456475,516.773036722485,494737.787215289,5664010.46939679
0.00152491690772933,516.773036722485,495237.787215289,5664010.46939679
0.00113853368828984,516.773036722485,495737.787215289,5664010.46939679
0.000974414010420127,516.773036722485,496237.787215289,5664010.46939679
0.000630168797481022,516.773036722485,496737.787215289,5664010.46939679
0.000833952190847537,516.773036722485,497237.787215289,5664010.46939679
0.00172714210770856,516.773036722485,497737.787215289,5664010.46939679
0.00198768197618132,516.773036722485,498237.787215289,5664010.46939679
0.00397715378516696,516.773036722485,498737.787215289,5664010.46939679
0.00871692773231446,516.773036722485,499237.787215289,5664010.46939679
0.00221545343496679,516.773036722485,499737.787215289,5664010.46939679
0.00221545343496679,516.773036722485,500237.787215289,5664010.46939679
0.00221338189719325,516.773036722485,500737.787215289,5664010.46939679
0.00228337281805741,516.773036722485,501237.787215289,5664010.46939679
0.00208171695779155,516.773036722485,501737.787215289,5664010.46939679
0.001943575883232,516.773036722485,502237.787215289,5664010.46939679
0.00782073767280797,516.773036722485,502737.787215289,5664010.46939679
0.00536931233431235,516.773036722485,503237.787215289,5664010.46939679
0.00581602849629794,516.773036722485,503737.787215289,5664010.46939679
0.00383393140931183,516.773036722485,504237.787215289,5664010.46939679
0.0029886878194943,516.773036722485,504737.787215289,5664010.46939679
0.00338502940958966,516.773036722485,505237.787215289,5664010.46939679
0.00371641210289561,516.773036722485,505737.787215289,5664010.46939679
0.00383393140931183,516.773036722485,506237.787215289,5664010.46939679
0.00349206982852047,516.773036722485,506737.787215289,5664010.46939679
0.00344436059046211,516.773036722485,507237.787215289,5664010.46939679
0.00554761437355494,516.773036722485,507737.787215289,5664010.46939679
0.00484236789216784,516.773036722485,508237.787215289,5664010.46939679
0.00443451681424007,516.773036722485,508737.787215289,5664010.46939679
0.00332093524852276,516.773036722485,509237.787215289,5664010.46939679
0.00163072884929205,516.773036722485,509737.787215289,5664010.46939679
0.0015807430506791,516.773036722485,510237.787215289,5664010.46939679
0.00198998663834244,516.773036722485,510737.787215289,5664010.46939679
0.00306251298794675,516.773036722485,511237.787215289,5664010.46939679
0.00364604334472792,516.773036722485,511737.787215289,5664010.46939679
0.00372068174474407,516.773036722485,512237.787215289,5664010.46939679
0.00420202065082519,516.773036722485,512737.787215289,5664010.46939679
0.0060748886979243,516.773036722485,513237.787215289,5664010.46939679
0.00678864988117956,516.773036722485,513737.787215289,5664010.46939679
0.00569652726213245,516.773036722485,514237.787215289,5664010.46939679
0.00959135739501259,516.773036722485,514737.787215289,5664010.46939679
0.00492881569358803,516.773036722485,515237.787215289,5664010.46939679
0.00603122823478967,516.773036722485,515737.787215289,5664010.46939679
0.00563882376525179,516.773036722485,516237.787215289,5664010.46939679
0.0030350957372711,516.773036722485,516737.787215289,5664010.46939679
0.00123544519450943,516.773036722485,517237.787215289,5664010.46939679
0.00177459813361421,516.773036722485,517737.787215289,5664010.46939679
0.0012144606862926,516.773036722485,518237.787215289,5664010.46939679
0.00117723451756767,516.773036722485,518737.787215289,5664010.46939679
0.00276525715733566,516.773036722485,519237.787215289,5664010.46939679
0.00419662723605628,516.773036722485,519737.787215289,5664010.46939679
0.00320251506780644,516.773036722485,520237.787215289,5664010.46939679
0.00474196310933161,516.773036722485,520737.787215289,5664010.46939679
0.00632275514863029,516.773036722485,521237.787215289,5664010.46939679
0.00801915651497893,516.773036722485,521737.787215289,5664010.46939679
0.00405727466651889,516.773036722485,522237.787215289,5664010.46939679
0.00911521069093296,516.773036722485,522737.787215289,5664010.46939679
0.00633621605636741,516.773036722485,523237.787215289,5664010.46939679
0.00610855677173806,516.773036722485,523737.787215289,5664010.46939679
0.00496690203176145,516.773036722485,524237.787215289,5664010.46939679
0.00299762024070662,516.773036722485,486737.787215289,5664510.46939679
0.00272076396061489,516.773036722485,487237.787215289,5664510.46939679
0.00648820972885188,516.773036722485,487737.787215289,5664510.46939679
0.00546494228073172,516.773036722485,488237.787215289,5664510.46939679
0.00263875251928059,516.773036722485,488737.787215289,5664510.46939679
0.000713737948328088,516.773036722485,489237.787215289,5664510.46939679
0.000915593231338514,516.773036722485,489737.787215289,5664510.46939679
0.000592128478659278,516.773036722485,490237.787215289,5664510.46939679
0.000630168797481022,516.773036722485,490737.787215289,5664510.46939679
0.00165615201678998,516.773036722485,491237.787215289,5664510.46939679
0.00129103023277601,516.773036722485,491737.787215289,5664510.46939679
0.000829946744135945,516.773036722485,492237.787215289,5664510.46939679
0.000804506861331478,516.773036722485,492737.787215289,5664510.46939679
0.00134924328347845,516.773036722485,493237.787215289,5664510.46939679
0.00137397034363593,516.773036722485,493737.787215289,5664510.46939679
0.000755942575664426,516.773036722485,494237.787215289,5664510.46939679
0.000670652953929589,516.773036722485,494737.787215289,5664510.46939679
0.000592128478659278,516.773036722485,495237.787215289,5664510.46939679
0.00100522664785008,516.773036722485,495737.787215289,5664510.46939679
0.00130510007292795,516.773036722485,496237.787215289,5664510.46939679
0.00195618518300897,516.773036722485,496737.787215289,5664510.46939679
0.000860323185328028,516.773036722485,497237.787215289,5664510.46939679
0.000944545855139964,516.773036722485,497737.787215289,5664510.46939679
0.00794019662968843,516.773036722485,498237.787215289,5664510.46939679
0.00919532661565112,516.773036722485,498737.787215289,5664510.46939679
0.00274920676276762,516.773036722485,499237.787215289,5664510.46939679
0.00213246030781385,516.773036722485,499737.787215289,5664510.46939679
0.00258617982506108,516.773036722485,500237.787215289,5664510.46939679
0.00269157949182705,516.773036722485,500737.787215289,5664510.46939679
0.00285566140545956,516.773036722485,501237.787215289,5664510.46939679
0.00258039728068697,516.773036722485,501737.787215289,5664510.46939679
0.00285569526996879,516.773036722485,502237.787215289,5664510.46939679
0.00319629685418806,516.773036722485,502737.787215289,5664510.46939679
0.00481477415332209,516.773036722485,503237.787215289,5664510.46939679
0.00307350216893113,516.773036722485,503737.787215289,5664510.46939679
0.00811867707105082,516.773036722485,504237.787215289,5664510.46939679
0.00762859081887826,516.773036722485,504737.787215289,5664510.46939679
0.00794019662968843,516.773036722485,505237.787215289,5664510.46939679
0.00289707728134317,516.773036722485,505737.787215289,5664510.46939679
0.00554163282765097,516.773036722485,506237.787215289,5664510.46939679
0.00337052941065465,516.773036722485,506737.787215289,5664510.46939679
0.00360787428401244,516.773036722485,507237.787215289,5664510.46939679
0.0036362727179305,516.773036722485,507737.787215289,5664510.46939679
0.00394510685540393,516.773036722485,508237.787215289,5664510.46939679
0.00422298278826857,516.773036722485,508737.787215289,5664510.46939679
0.00372152197794438,516.773036722485,509237.787215289,5664510.46939679
0.0010546178800661,516.773036722485,509737.787215289,5664510.46939679
0.0028026919437495,516.773036722485,510237.787215289,5664510.46939679
0.00273106909076447,516.773036722485,510737.787215289,5664510.46939679
0.0017751198851498,516.773036722485,511237.787215289,5664510.46939679
0.00391529431044695,516.773036722485,511737.787215289,5664510.46939679
0.00555534424938987,516.773036722485,512237.787215289,5664510.46939679
0.00612557466427259,516.773036722485,512737.787215289,5664510.46939679
0.00308969730299839,516.773036722485,513237.787215289,5664510.46939679
0.00393290934699561,516.773036722485,513737.787215289,5664510.46939679
0.00545328019983203,516.773036722485,514237.787215289,5664510.46939679
0.00978606522853031,516.773036722485,514737.787215289,5664510.46939679
0.00769638772025477,516.773036722485,515237.787215289,5664510.46939679
0.00166574170120884,516.773036722485,515737.787215289,5664510.46939679
0.00524431620634272,516.773036722485,516237.787215289,5664510.46939679
0.00253997043999589,516.773036722485,516737.787215289,5664510.46939679
0.00149536705088708,516.773036722485,517237.787215289,5664510.46939679
0.000875832747046981,516.773036722485,517737.787215289,5664510.46939679
0.00115674313295639,516.773036722485,518237.787215289,5664510.46939679
0.00117723451756767,516.773036722485,518737.787215289,5664510.46939679
0.00299199786199419,516.773036722485,519237.787215289,5664510.46939679
0.00324308366318902,516.773036722485,519737.787215289,5664510.46939679
0.00141738507520431,516.773036722485,520237.787215289,5664510.46939679
0.0040308739247935,516.773036722485,520737.787215289,5664510.46939679
0.00558122866315113,516.773036722485,521237.787215289,5664510.46939679
0.00707314934779064,516.773036722485,521737.787215289,5664510.46939679
0.0080318633515823,516.773036722485,522237.787215289,5664510.46939679
0.00809748533456457,516.773036722485,522737.787215289,5664510.46939679
0.00828584460666765,516.773036722485,523237.787215289,5664510.46939679
0.00647385402646983,516.773036722485,523737.787215289,5664510.46939679
0.0050091478511234,516.773036722485,524237.787215289,5664510.46939679
0.00319019741571632,516.773036722485,486737.787215289,5665010.46939679
0.00352282692638276,516.773036722485,487237.787215289,5665010.46939679
0.0083470711369404,516.773036722485,487737.787215289,5665010.46939679
0.0074608844001587,516.773036722485,488237.787215289,5665010.46939679
0.0029886878194943,516.773036722485,488737.787215289,5665010.46939679
0.00395516687717576,516.773036722485,489237.787215289,5665010.46939679
0.000713737948328088,516.773036722485,489737.787215289,5665010.46939679
0.00143286486456475,516.773036722485,490237.787215289,5665010.46939679
0.00172714210770856,516.773036722485,490737.787215289,5665010.46939679
0.000713737948328088,516.773036722485,491237.787215289,5665010.46939679
0.000974414010420127,516.773036722485,491737.787215289,5665010.46939679
0.000646973422373583,516.773036722485,492237.787215289,5665010.46939679
0.000607918687587182,516.773036722485,492737.787215289,5665010.46939679
0.0015699552355945,516.773036722485,493237.787215289,5665010.46939679
0.000906840614065073,516.773036722485,493737.787215289,5665010.46939679
0.000776119502348928,516.773036722485,494237.787215289,5665010.46939679
0.000573978303110409,516.773036722485,494737.787215289,5665010.46939679
0.000573978303110409,516.773036722485,495237.787215289,5665010.46939679
0.000573978303110409,516.773036722485,495737.787215289,5665010.46939679
0.00136463921920154,516.773036722485,496237.787215289,5665010.46939679
0.00140779144508736,516.773036722485,496737.787215289,5665010.46939679
0.00157313738822962,516.773036722485,497237.787215289,5665010.46939679
0.000860323185328028,516.773036722485,497737.787215289,5665010.46939679
0.00100522664785008,516.773036722485,498237.787215289,5665010.46939679
0.0036460232042854,516.773036722485,498737.787215289,5665010.46939679
0.00832316808312782,516.773036722485,499237.787215289,5665010.46939679
0.00213384525253358,516.773036722485,499737.787215289,5665010.46939679
0.00221545343496679,516.773036722485,500237.787215289,5665010.46939679
0.0027523246882476,516.773036722485,500737.787215289,5665010.46939679
0.00283789108771833,516.773036722485,501237.787215289,5665010.46939679
0.00260817649119791,516.773036722485,501737.787215289,5665010.46939679
0.00219812713304293,516.773036722485,502237.787215289,5665010.46939679
0.00257950948532607,516.773036722485,502737.787215289,5665010.46939679
0.00373464626673307,516.773036722485,503237.787215289,5665010.46939679
0.00399441405795072,516.773036722485,503737.787215289,5665010.46939679
0.0117113671748834,516.773036722485,504237.787215289,5665010.46939679
0.00971593852411533,516.773036722485,504737.787215289,5665010.46939679
0.00339556476752217,516.773036722485,505237.787215289,5665010.46939679
0.00502552991301963,516.773036722485,505737.787215289,5665010.46939679
0.00262111182638819,516.773036722485,506237.787215289,5665010.46939679
0.00557937328130115,516.773036722485,506737.787215289,5665010.46939679
0.00521999431258551,516.773036722485,507237.787215289,5665010.46939679
0.00485560530735995,516.773036722485,507737.787215289,5665010.46939679
0.00426014315531843,516.773036722485,508237.787215289,5665010.46939679
0.0039286353895273,516.773036722485,508737.787215289,5665010.46939679
0.00337829992953014,516.773036722485,509237.787215289,5665010.46939679
0.00096058037727339,516.773036722485,509737.787215289,5665010.46939679
0.00383920286734844,516.773036722485,510237.787215289,5665010.46939679
0.00424424980721207,516.773036722485,510737.787215289,5665010.46939679
0.0050091478511234,516.773036722485,511237.787215289,5665010.46939679
0.00333282187670511,516.773036722485,511737.787215289,5665010.46939679
0.00421554531393865,516.773036722485,512237.787215289,5665010.46939679
0.00393822465642448,516.773036722485,512737.787215289,5665010.46939679
0.00818288127110824,516.773036722485,513237.787215289,5665010.46939679
0.0089749857265092,516.773036722485,513737.787215289,5665010.46939679
0.0107702931792317,516.773036722485,514237.787215289,5665010.46939679
0.00827667416126051,516.773036722485,514737.787215289,5665010.46939679
0.0059937711745302,516.773036722485,515237.787215289,5665010.46939679
0.00452964621596531,516.773036722485,515737.787215289,5665010.46939679
0.00612761168160048,516.773036722485,516237.787215289,5665010.46939679
0.00444833185714379,516.773036722485,516737.787215289,5665010.46939679
0.00305998071799474,516.773036722485,517237.787215289,5665010.46939679
0.00202989677996276,516.773036722485,517737.787215289,5665010.46939679
0.0060210746349741,516.773036722485,518237.787215289,5665010.46939679
0.00114114942129866,516.773036722485,518737.787215289,5665010.46939679
0.00308660995123651,516.773036722485,519237.787215289,5665010.46939679
0.00390913790409464,516.773036722485,519737.787215289,5665010.46939679
0.00421409591444485,516.773036722485,520237.787215289,5665010.46939679
0.00583724860234638,516.773036722485,520737.787215289,5665010.46939679
0.00640676457273816,516.773036722485,521237.787215289,5665010.46939679
0.00677828268464945,516.773036722485,521737.787215289,5665010.46939679
0.00811092058514947,516.773036722485,522237.787215289,5665010.46939679
0.00680803598745866,516.773036722485,522737.787215289,5665010.46939679
0.00819082947268858,516.773036722485,523237.787215289,5665010.46939679
0.00610525573658868,516.773036722485,523737.787215289,5665010.46939679
0.00463700607073631,516.773036722485,524237.787215289,5665010.46939679
0.00302020672638281,516.773036722485,487237.787215289,5665510.46939679
0.00169956688728707,516.773036722485,487737.787215289,5665510.46939679
0.0089931771843497,516.773036722485,488237.787215289,5665510.46939679
0.0024034618968747,516.773036722485,488737.787215289,5665510.46939679
0.00701050598978879,516.773036722485,489237.787215289,5665510.46939679
0.00155919412470842,516.773036722485,489737.787215289,5665510.46939679
0.00143286486456475,516.773036722485,490237.787215289,5665510.46939679
0.000670652953929589,516.773036722485,490737.787215289,5665510.46939679
0.000736307562872477,516.773036722485,491237.787215289,5665510.46939679
0.00078361042948337,516.773036722485,491737.787215289,5665510.46939679
0.000745208321760262,516.773036722485,492237.787215289,5665510.46939679
0.00138894407749411,516.773036722485,492737.787215289,5665510.46939679
0.0019291283294993,516.773036722485,493237.787215289,5665510.46939679
0.000664241844248856,516.773036722485,493737.787215289,5665510.46939679
0.000643881218954631,516.773036722485,494237.787215289,5665510.46939679
0.00290557014054825,516.773036722485,494737.787215289,5665510.46939679
0.00125145702154179,516.773036722485,495237.787215289,5665510.46939679
0.00144730345765523,516.773036722485,495737.787215289,5665510.46939679
0.00136463921920154,516.773036722485,496237.787215289,5665510.46939679
0.000887528075753062,516.773036722485,496737.787215289,5665510.46939679
0.000915593231338514,516.773036722485,497237.787215289,5665510.46939679
0.00110363486640316,516.773036722485,497737.787215289,5665510.46939679
0.000974414010420127,516.773036722485,498237.787215289,5665510.46939679
0.00110363486640316,516.773036722485,498737.787215289,5665510.46939679
0.00275508606302407,516.773036722485,499237.787215289,5665510.46939679
0.00290609396699755,516.773036722485,499737.787215289,5665510.46939679
0.00331383013164709,516.773036722485,500237.787215289,5665510.46939679
0.00219989234963159,516.773036722485,500737.787215289,5665510.46939679
0.00305800743607915,516.773036722485,501237.787215289,5665510.46939679
0.00279276983018387,516.773036722485,501737.787215289,5665510.46939679
0.00216546249170977,516.773036722485,502237.787215289,5665510.46939679
0.0018033142707147,516.773036722485,502737.787215289,5665510.46939679
0.00157514686264695,516.773036722485,503237.787215289,5665510.46939679
0.00195134381807607,516.773036722485,503737.787215289,5665510.46939679
0.00178792388490921,516.773036722485,504237.787215289,5665510.46939679
0.00792413514782575,516.773036722485,504737.787215289,5665510.46939679
0.00785459606949229,516.773036722485,505237.787215289,5665510.46939679
0.00633621605636741,516.773036722485,505737.787215289,5665510.46939679
0.00631927581097406,516.773036722485,506237.787215289,5665510.46939679
0.00557876439491924,516.773036722485,506737.787215289,5665510.46939679
0.00462664135644964,516.773036722485,507237.787215289,5665510.46939679
0.00435652072608184,516.773036722485,507737.787215289,5665510.46939679
0.0027167826307848,516.773036722485,508237.787215289,5665510.46939679
0.00112237006871892,516.773036722485,508737.787215289,5665510.46939679
0.000772485610776426,516.773036722485,509237.787215289,5665510.46939679
0.00225388655567894,516.773036722485,509737.787215289,5665510.46939679
0.00299843132647748,516.773036722485,510237.787215289,5665510.46939679
0.00478363613279433,516.773036722485,510737.787215289,5665510.46939679
0.00393400884507298,516.773036722485,511237.787215289,5665510.46939679
0.00489806305922318,516.773036722485,511737.787215289,5665510.46939679
0.00304107211402579,516.773036722485,512237.787215289,5665510.46939679
0.00756558437241035,516.773036722485,512737.787215289,5665510.46939679
0.0100075583497909,516.773036722485,513237.787215289,5665510.46939679
0.0104268805972503,516.773036722485,513737.787215289,5665510.46939679
0.0130047759674016,516.773036722485,514237.787215289,5665510.46939679
0.0101072713906543,516.773036722485,514737.787215289,5665510.46939679
0.00707794310218301,516.773036722485,515237.787215289,5665510.46939679
0.00738769112773721,516.773036722485,515737.787215289,5665510.46939679
0.00311602371057553,516.773036722485,516237.787215289,5665510.46939679
0.00308673740306425,516.773036722485,516737.787215289,5665510.46939679
0.00367316168187553,516.773036722485,517237.787215289,5665510.46939679
0.00274401603375351,516.773036722485,517737.787215289,5665510.46939679
0.00125286401013596,516.773036722485,518237.787215289,5665510.46939679
0.0011061704208443,516.773036722485,518737.787215289,5665510.46939679
0.00281138505945748,516.773036722485,519237.787215289,5665510.46939679
0.00367316168187553,516.773036722485,519737.787215289,5665510.46939679
0.00437625062822729,516.773036722485,520237.787215289,5665510.46939679
0.00493266869663337,516.773036722485,520737.787215289,5665510.46939679
0.0050000318168773,516.773036722485,521237.787215289,5665510.46939679
0.00604178638084681,516.773036722485,521737.787215289,5665510.46939679
0.00612761168160048,516.773036722485,522237.787215289,5665510.46939679
0.00668572533248499,516.773036722485,522737.787215289,5665510.46939679
0.00742574670873631,516.773036722485,523237.787215289,5665510.46939679
0.00651910211919749,516.773036722485,523737.787215289,5665510.46939679
0.00221087450413615,516.773036722485,487737.787215289,5666010.46939679
0.00270687535574603,516.773036722485,488237.787215289,5666010.46939679
0.00531608746761069,516.773036722485,488737.787215289,5666010.46939679
0.0089931771843497,516.773036722485,489237.787215289,5666010.46939679
0.000759590867226795,516.773036722485,489737.787215289,5666010.46939679
0.000670652953929589,516.773036722485,490237.787215289,5666010.46939679
0.000573978303110409,516.773036722485,490737.787215289,5666010.46939679
0.00138894407749411,516.773036722485,491237.787215289,5666010.46939679
0.001322809713812,516.773036722485,491737.787215289,5666010.46939679
0.000602135974962244,516.773036722485,492237.787215289,5666010.46939679
0.000772428626377903,516.773036722485,492737.787215289,5666010.46939679
0.00149239370677948,516.773036722485,493237.787215289,5666010.46939679
0.000906840614065073,516.773036722485,493737.787215289,5666010.46939679
0.000624144696260928,516.773036722485,494237.787215289,5666010.46939679
0.00162495570022385,516.773036722485,494737.787215289,5666010.46939679
0.00158174951762325,516.773036722485,495237.787215289,5666010.46939679
0.00141741763563423,516.773036722485,495737.787215289,5666010.46939679
0.000688537164269619,516.773036722485,496237.787215289,5666010.46939679
0.000860323185328028,516.773036722485,496737.787215289,5666010.46939679
0.000860323185328028,516.773036722485,497237.787215289,5666010.46939679
0.00134636956918611,516.773036722485,497737.787215289,5666010.46939679
0.00172714210770856,516.773036722485,498237.787215289,5666010.46939679
0.00453380399098935,516.773036722485,498737.787215289,5666010.46939679
0.000974414010420127,516.773036722485,499237.787215289,5666010.46939679
0.00395516687717576,516.773036722485,499737.787215289,5666010.46939679
0.00279247138373081,516.773036722485,500237.787215289,5666010.46939679
0.00289626320719433,516.773036722485,500737.787215289,5666010.46939679
0.00487685424390399,516.773036722485,501237.787215289,5666010.46939679
0.00373707176492791,516.773036722485,501737.787215289,5666010.46939679
0.00280748570781559,516.773036722485,502237.787215289,5666010.46939679
0.00177815314452141,516.773036722485,502737.787215289,5666010.46939679
0.00142404714126923,516.773036722485,503237.787215289,5666010.46939679
0.00133185481662666,516.773036722485,503737.787215289,5666010.46939679
0.00264005598299869,516.773036722485,504237.787215289,5666010.46939679
0.00258612041622853,516.773036722485,504737.787215289,5666010.46939679
0.00706757120714746,516.773036722485,505237.787215289,5666010.46939679
0.00695481430109666,516.773036722485,505737.787215289,5666010.46939679
0.00593716292473602,516.773036722485,506237.787215289,5666010.46939679
0.0038469347981716,516.773036722485,506737.787215289,5666010.46939679
0.00329196740207143,516.773036722485,507237.787215289,5666010.46939679
0.00360744829352778,516.773036722485,507737.787215289,5666010.46939679
0.00163072884929205,516.773036722485,508237.787215289,5666010.46939679
0.00131140985279318,516.773036722485,508737.787215289,5666010.46939679
0.000931136256437002,516.773036722485,509237.787215289,5666010.46939679
0.00228567632486155,516.773036722485,509737.787215289,5666010.46939679
0.00395971081513227,516.773036722485,510237.787215289,5666010.46939679
0.00372196143897669,516.773036722485,510737.787215289,5666010.46939679
0.00593781092802064,516.773036722485,511237.787215289,5666010.46939679
0.00138192610002952,516.773036722485,511737.787215289,5666010.46939679
0.00222573402248344,516.773036722485,512237.787215289,5666010.46939679
0.00575332787053028,516.773036722485,512737.787215289,5666010.46939679
0.0112995354685936,516.773036722485,513237.787215289,5666010.46939679
0.012019243155286,516.773036722485,513737.787215289,5666010.46939679
0.0108776847841609,516.773036722485,514237.787215289,5666010.46939679
0.00778164515788101,516.773036722485,514737.787215289,5666010.46939679
0.0100691655729662,516.773036722485,515237.787215289,5666010.46939679
0.00694173105008966,516.773036722485,515737.787215289,5666010.46939679
0.00599143276478272,516.773036722485,516237.787215289,5666010.46939679
0.00477294366851641,516.773036722485,516737.787215289,5666010.46939679
0.00230267660031838,516.773036722485,517237.787215289,5666010.46939679
0.000952117520999671,516.773036722485,517737.787215289,5666010.46939679
0.00094671590930441,516.773036722485,518237.787215289,5666010.46939679
0.00128536689931359,516.773036722485,518737.787215289,5666010.46939679
0.00317092249878041,516.773036722485,519237.787215289,5666010.46939679
0.00296158893776561,516.773036722485,519737.787215289,5666010.46939679
0.00378931333601322,516.773036722485,520237.787215289,5666010.46939679
0.00278713028491082,516.773036722485,520737.787215289,5666010.46939679
0.00453968935280706,516.773036722485,521237.787215289,5666010.46939679
0.00519756040234629,516.773036722485,521737.787215289,5666010.46939679
0.00595046919338332,516.773036722485,522237.787215289,5666010.46939679
0.00546786532989758,516.773036722485,522737.787215289,5666010.46939679
0.00424925289983858,516.773036722485,523237.787215289,5666010.46939679
