"D_mod","EN","x","y"
0.000623800405254611,347.98127455143,487737.787215289,5631510.46939679
0.00290068641909117,347.98127455143,488237.787215289,5631510.46939679
0.000723832509034604,347.98127455143,488737.787215289,5631510.46939679
0.00152265054970609,347.98127455143,489237.787215289,5631510.46939679
0.000839905676113631,347.98127455143,489737.787215289,5631510.46939679
0.000510141694702898,347.98127455143,490237.787215289,5631510.46939679
0.000723832509034604,347.98127455143,490737.787215289,5631510.46939679
0.0011028051315908,347.98127455143,491237.787215289,5631510.46939679
0.000543982754485,347.98127455143,491737.787215289,5631510.46939679
0.00136234454483782,347.98127455143,492237.787215289,5631510.46939679
0.00286888964908081,347.98127455143,492737.787215289,5631510.46939679
0.00162841259002794,347.98127455143,493237.787215289,5631510.46939679
0.0035664232653033,347.98127455143,493737.787215289,5631510.46939679
0.00356222599152723,347.98127455143,494237.787215289,5631510.46939679
0.0019764696911224,347.98127455143,494737.787215289,5631510.46939679
0.000240210871700229,347.98127455143,495237.787215289,5631510.46939679
0.000240210871700229,347.98127455143,495737.787215289,5631510.46939679
0.000240210871700229,347.98127455143,496237.787215289,5631510.46939679
0.000240210871700229,347.98127455143,496737.787215289,5631510.46939679
0.000240210871700229,347.98127455143,497237.787215289,5631510.46939679
0.00109300083234992,347.98127455143,497737.787215289,5631510.46939679
0.00792631847314341,347.98127455143,498237.787215289,5631510.46939679
0.00792567394474528,347.98127455143,498737.787215289,5631510.46939679
0.0166737650349169,347.98127455143,499237.787215289,5631510.46939679
0.00133033903940967,347.98127455143,499737.787215289,5631510.46939679
0.000406057371989025,347.98127455143,500237.787215289,5631510.46939679
0.000240210871700229,347.98127455143,500737.787215289,5631510.46939679
0.000240210871700229,347.98127455143,501237.787215289,5631510.46939679
0.000240210871700229,347.98127455143,501737.787215289,5631510.46939679
0.000240210871700229,347.98127455143,502237.787215289,5631510.46939679
0.000240210871700229,347.98127455143,502737.787215289,5631510.46939679
0.000240210871700229,347.98127455143,503237.787215289,5631510.46939679
0.000240210871700229,347.98127455143,503737.787215289,5631510.46939679
0.00143120498865634,347.98127455143,504237.787215289,5631510.46939679
0.00315581896166308,347.98127455143,504737.787215289,5631510.46939679
0.00580673665085754,347.98127455143,505237.787215289,5631510.46939679
0.00827331261182384,347.98127455143,505737.787215289,5631510.46939679
0.00878642107610103,347.98127455143,506237.787215289,5631510.46939679
0.0151597770589369,347.98127455143,506737.787215289,5631510.46939679
0.00590014475357576,347.98127455143,507237.787215289,5631510.46939679
0.00966484203999406,347.98127455143,507737.787215289,5631510.46939679
0.00374147530895722,347.98127455143,508237.787215289,5631510.46939679
0.00207845023908481,347.98127455143,508737.787215289,5631510.46939679
0.000240210871700229,347.98127455143,509237.787215289,5631510.46939679
0.000240210871700229,347.98127455143,509737.787215289,5631510.46939679
0.00795126149413812,347.98127455143,510237.787215289,5631510.46939679
0.00684935246258644,347.98127455143,510737.787215289,5631510.46939679
0.00174865846824806,347.98127455143,511237.787215289,5631510.46939679
0.00322400252066773,347.98127455143,511737.787215289,5631510.46939679
0.00657632216671092,347.98127455143,512237.787215289,5631510.46939679
0.00755302510688462,347.98127455143,512737.787215289,5631510.46939679
0.00727536662941075,347.98127455143,513237.787215289,5631510.46939679
0.00899453083915429,347.98127455143,513737.787215289,5631510.46939679
0.00446029127184006,347.98127455143,514237.787215289,5631510.46939679
0.00170784543930133,347.98127455143,514737.787215289,5631510.46939679
0.000302474039200662,347.98127455143,515237.787215289,5631510.46939679
0.000302189813070193,347.98127455143,515737.787215289,5631510.46939679
0.000220050261653323,347.98127455143,516237.787215289,5631510.46939679
0.000486073467260796,347.98127455143,516737.787215289,5631510.46939679
0.000559543007261584,347.98127455143,517237.787215289,5631510.46939679
0.00019237101790943,347.98127455143,517737.787215289,5631510.46939679
0.00024648681670397,347.98127455143,518237.787215289,5631510.46939679
0.000846512405551864,347.98127455143,518737.787215289,5631510.46939679
0.00064925924231119,347.98127455143,519237.787215289,5631510.46939679
0.000405382160627032,347.98127455143,519737.787215289,5631510.46939679
0.000230329527803604,347.98127455143,520237.787215289,5631510.46939679
0.000227114694345075,347.98127455143,520737.787215289,5631510.46939679
0.000527556543904177,347.98127455143,521237.787215289,5631510.46939679
0.000512620456794207,347.98127455143,521737.787215289,5631510.46939679
0.000806240169652176,347.98127455143,522237.787215289,5631510.46939679
0.0033951419771797,347.98127455143,522737.787215289,5631510.46939679
0.000497464688685653,347.98127455143,523237.787215289,5631510.46939679
0.00089318594093692,347.98127455143,487237.787215289,5632010.46939679
0.00437253454643263,347.98127455143,487737.787215289,5632010.46939679
0.000632457920062441,347.98127455143,488237.787215289,5632010.46939679
0.000366600217859981,347.98127455143,488737.787215289,5632010.46939679
0.000894843957369724,347.98127455143,489237.787215289,5632010.46939679
0.000545053588940943,347.98127455143,489737.787215289,5632010.46939679
0.000468858010644069,347.98127455143,490237.787215289,5632010.46939679
0.00156070958258375,347.98127455143,490737.787215289,5632010.46939679
0.000761256144367138,347.98127455143,491237.787215289,5632010.46939679
0.00158174640663528,347.98127455143,491737.787215289,5632010.46939679
0.00118835498013309,347.98127455143,492237.787215289,5632010.46939679
0.000799281398106685,347.98127455143,492737.787215289,5632010.46939679
0.00235170770154939,347.98127455143,493237.787215289,5632010.46939679
0.00267994832454679,347.98127455143,493737.787215289,5632010.46939679
0.00109792286302093,347.98127455143,494237.787215289,5632010.46939679
0.00232381002217478,347.98127455143,494737.787215289,5632010.46939679
0.000778420843620143,347.98127455143,495237.787215289,5632010.46939679
0.00206482167925329,347.98127455143,495737.787215289,5632010.46939679
0.00220002977428365,347.98127455143,496237.787215289,5632010.46939679
0.000240210871700229,347.98127455143,496737.787215289,5632010.46939679
0.000240210871700229,347.98127455143,497237.787215289,5632010.46939679
0.000240210871700229,347.98127455143,497737.787215289,5632010.46939679
0.00573541091580417,347.98127455143,498237.787215289,5632010.46939679
0.000240210871700229,347.98127455143,498737.787215289,5632010.46939679
0.000240210871700229,347.98127455143,499237.787215289,5632010.46939679
0.000240210871700229,347.98127455143,499737.787215289,5632010.46939679
0.000240210871700229,347.98127455143,500237.787215289,5632010.46939679
0.000240210871700229,347.98127455143,500737.787215289,5632010.46939679
0.000240210871700229,347.98127455143,501237.787215289,5632010.46939679
0.000240210871700229,347.98127455143,501737.787215289,5632010.46939679
0.000240210871700229,347.98127455143,502237.787215289,5632010.46939679
0.00354686569243699,347.98127455143,502737.787215289,5632010.46939679
0.00319396985787103,347.98127455143,503237.787215289,5632010.46939679
0.0032626829102562,347.98127455143,503737.787215289,5632010.46939679
0.00250190183554478,347.98127455143,504237.787215289,5632010.46939679
0.00498355129972413,347.98127455143,504737.787215289,5632010.46939679
0.00678509905467943,347.98127455143,505237.787215289,5632010.46939679
0.00206382636491264,347.98127455143,505737.787215289,5632010.46939679
0.0004808659300281,347.98127455143,506237.787215289,5632010.46939679
0.00259460690015013,347.98127455143,506737.787215289,5632010.46939679
0.00622093394091,347.98127455143,507237.787215289,5632010.46939679
0.0101560673216733,347.98127455143,507737.787215289,5632010.46939679
0.00125708617450249,347.98127455143,508237.787215289,5632010.46939679
0.00348688901185719,347.98127455143,508737.787215289,5632010.46939679
0.00218391195608057,347.98127455143,509237.787215289,5632010.46939679
0.000405512532145982,347.98127455143,509737.787215289,5632010.46939679
0.00531662739281602,347.98127455143,510237.787215289,5632010.46939679
0.00978103358092262,347.98127455143,510737.787215289,5632010.46939679
0.00618394000158745,347.98127455143,511237.787215289,5632010.46939679
0.00944880506127116,347.98127455143,511737.787215289,5632010.46939679
0.0094286844524527,347.98127455143,512237.787215289,5632010.46939679
0.0077538500199753,347.98127455143,512737.787215289,5632010.46939679
0.00578861366611229,347.98127455143,513237.787215289,5632010.46939679
0.0060270782103014,347.98127455143,513737.787215289,5632010.46939679
0.00596959189730256,347.98127455143,514237.787215289,5632010.46939679
0.0050935382403647,347.98127455143,514737.787215289,5632010.46939679
0.00533196141712509,347.98127455143,515237.787215289,5632010.46939679
0.00345404852540607,347.98127455143,515737.787215289,5632010.46939679
0.000935961624527275,347.98127455143,516237.787215289,5632010.46939679
0.000722683934466875,347.98127455143,516737.787215289,5632010.46939679
0.00028485635246305,347.98127455143,517237.787215289,5632010.46939679
0.000594256634570434,347.98127455143,517737.787215289,5632010.46939679
0.000243455420248481,347.98127455143,518237.787215289,5632010.46939679
0.00123943703748681,347.98127455143,518737.787215289,5632010.46939679
0.00487919767204289,347.98127455143,519237.787215289,5632010.46939679
0.000923291494009704,347.98127455143,519737.787215289,5632010.46939679
0.00289007687289806,347.98127455143,520237.787215289,5632010.46939679
0.000913099272535791,347.98127455143,520737.787215289,5632010.46939679
0.000645360413916176,347.98127455143,521237.787215289,5632010.46939679
0.00339231384018854,347.98127455143,521737.787215289,5632010.46939679
0.0022944583242519,347.98127455143,522237.787215289,5632010.46939679
0.00341135297630011,347.98127455143,522737.787215289,5632010.46939679
0.000391394675886496,347.98127455143,523237.787215289,5632010.46939679
0.000198556315615751,347.98127455143,523737.787215289,5632010.46939679
0.000529458165422488,347.98127455143,486737.787215289,5632510.46939679
0.000785588245704751,347.98127455143,487237.787215289,5632510.46939679
0.00285679588334682,347.98127455143,487737.787215289,5632510.46939679
0.00157583043488487,347.98127455143,488237.787215289,5632510.46939679
0.000529458165422488,347.98127455143,488737.787215289,5632510.46939679
0.000645587173027638,347.98127455143,489237.787215289,5632510.46939679
0.000749112984404715,347.98127455143,489737.787215289,5632510.46939679
0.000711431934114227,347.98127455143,490237.787215289,5632510.46939679
0.000881388796182353,347.98127455143,490737.787215289,5632510.46939679
0.00190302870583435,347.98127455143,491237.787215289,5632510.46939679
0.00161961038843679,347.98127455143,491737.787215289,5632510.46939679
0.00133873639813354,347.98127455143,492237.787215289,5632510.46939679
0.000636404016787693,347.98127455143,492737.787215289,5632510.46939679
0.000600889121276238,347.98127455143,493237.787215289,5632510.46939679
0.0014381618350041,347.98127455143,493737.787215289,5632510.46939679
0.000920514139870601,347.98127455143,494237.787215289,5632510.46939679
0.00124979538639698,347.98127455143,494737.787215289,5632510.46939679
0.00168373445721994,347.98127455143,495237.787215289,5632510.46939679
0.00284703352578717,347.98127455143,495737.787215289,5632510.46939679
0.00101662392525386,347.98127455143,496237.787215289,5632510.46939679
0.00383824131422941,347.98127455143,496737.787215289,5632510.46939679
0.000240210871700229,347.98127455143,497237.787215289,5632510.46939679
0.000339592399003314,347.98127455143,497737.787215289,5632510.46939679
0.000318976931464727,347.98127455143,498237.787215289,5632510.46939679
0.000240210871700229,347.98127455143,498737.787215289,5632510.46939679
0.000240210871700229,347.98127455143,499237.787215289,5632510.46939679
0.000240210871700229,347.98127455143,499737.787215289,5632510.46939679
0.000240210871700229,347.98127455143,500237.787215289,5632510.46939679
0.000240210871700229,347.98127455143,500737.787215289,5632510.46939679
0.000240210871700229,347.98127455143,501237.787215289,5632510.46939679
0.00362914669446274,347.98127455143,501737.787215289,5632510.46939679
0.00529544106747341,347.98127455143,502237.787215289,5632510.46939679
0.00400903213267116,347.98127455143,502737.787215289,5632510.46939679
0.00155100325387918,347.98127455143,503237.787215289,5632510.46939679
0.00449034858115787,347.98127455143,503737.787215289,5632510.46939679
0.00328310109616686,347.98127455143,504237.787215289,5632510.46939679
0.0016799899552763,347.98127455143,504737.787215289,5632510.46939679
0.00712760167994685,347.98127455143,505237.787215289,5632510.46939679
0.00456211392213577,347.98127455143,505737.787215289,5632510.46939679
0.00114648903102818,347.98127455143,506237.787215289,5632510.46939679
0.00335280693584353,347.98127455143,506737.787215289,5632510.46939679
0.00919922416389976,347.98127455143,507237.787215289,5632510.46939679
0.00614258238052102,347.98127455143,507737.787215289,5632510.46939679
0.00827057783857869,347.98127455143,508237.787215289,5632510.46939679
0.00959684068435471,347.98127455143,508737.787215289,5632510.46939679
0.000725694193075499,347.98127455143,509237.787215289,5632510.46939679
0.00154367107916441,347.98127455143,509737.787215289,5632510.46939679
0.000703022685441604,347.98127455143,510237.787215289,5632510.46939679
0.0028863635687122,347.98127455143,510737.787215289,5632510.46939679
0.00428082435500675,347.98127455143,511237.787215289,5632510.46939679
0.0112103196104703,347.98127455143,511737.787215289,5632510.46939679
0.00979707755258674,347.98127455143,512237.787215289,5632510.46939679
0.00997425355758582,347.98127455143,512737.787215289,5632510.46939679
0.000715738050340393,347.98127455143,513237.787215289,5632510.46939679
0.00546498659720049,347.98127455143,513737.787215289,5632510.46939679
0.00653139902004545,347.98127455143,514237.787215289,5632510.46939679
0.00531787490351497,347.98127455143,514737.787215289,5632510.46939679
0.00556008910705811,347.98127455143,515237.787215289,5632510.46939679
0.00374764826744599,347.98127455143,515737.787215289,5632510.46939679
0.00123198806122769,347.98127455143,516237.787215289,5632510.46939679
0.000525186008239712,347.98127455143,516737.787215289,5632510.46939679
0.000307684524009279,347.98127455143,517237.787215289,5632510.46939679
0.000581697210572472,347.98127455143,517737.787215289,5632510.46939679
0.000250422415771504,347.98127455143,518237.787215289,5632510.46939679
0.000318373068147015,347.98127455143,518737.787215289,5632510.46939679
0.00372060899621868,347.98127455143,519237.787215289,5632510.46939679
0.000496508081009737,347.98127455143,519737.787215289,5632510.46939679
0.000397479792216375,347.98127455143,520237.787215289,5632510.46939679
0.00350326883282269,347.98127455143,520737.787215289,5632510.46939679
0.000791679039906843,347.98127455143,521237.787215289,5632510.46939679
0.000543110704793738,347.98127455143,521737.787215289,5632510.46939679
0.00462181756722235,347.98127455143,522237.787215289,5632510.46939679
0.00209083532587112,347.98127455143,522737.787215289,5632510.46939679
0.000677703735462433,347.98127455143,523237.787215289,5632510.46939679
0.000255829285945718,347.98127455143,523737.787215289,5632510.46939679
0.00026996034147531,347.98127455143,524237.787215289,5632510.46939679
0.00298507751595174,347.98127455143,486737.787215289,5633010.46939679
0.001104808741396,347.98127455143,487237.787215289,5633010.46939679
0.000290407290202159,347.98127455143,487737.787215289,5633010.46939679
0.000250273624154589,347.98127455143,488237.787215289,5633010.46939679
0.000238168472856521,347.98127455143,488737.787215289,5633010.46939679
0.000238168472856521,347.98127455143,489237.787215289,5633010.46939679
0.000238168472856521,347.98127455143,489737.787215289,5633010.46939679
0.000237592087195552,347.98127455143,490237.787215289,5633010.46939679
0.000267969964389416,347.98127455143,490737.787215289,5633010.46939679
0.000369598272679924,347.98127455143,491237.787215289,5633010.46939679
0.000298413869737697,347.98127455143,491737.787215289,5633010.46939679
0.0034125513599034,347.98127455143,492237.787215289,5633010.46939679
0.00253451188841819,347.98127455143,492737.787215289,5633010.46939679
0.00138763144737502,347.98127455143,493237.787215289,5633010.46939679
0.00202321016709784,347.98127455143,493737.787215289,5633010.46939679
0.000393230129940481,347.98127455143,494237.787215289,5633010.46939679
0.000566324047608571,347.98127455143,494737.787215289,5633010.46939679
0.00088622970415311,347.98127455143,495237.787215289,5633010.46939679
0.000820452792476783,347.98127455143,495737.787215289,5633010.46939679
0.000914156280206053,347.98127455143,496237.787215289,5633010.46939679
0.00104319674672439,347.98127455143,496737.787215289,5633010.46939679
0.00235170770154939,347.98127455143,497237.787215289,5633010.46939679
0.00471561568664656,347.98127455143,497737.787215289,5633010.46939679
0.00588938722612159,347.98127455143,498237.787215289,5633010.46939679
0.000240210871700229,347.98127455143,498737.787215289,5633010.46939679
0.000240210871700229,347.98127455143,499237.787215289,5633010.46939679
0.000240210871700229,347.98127455143,499737.787215289,5633010.46939679
0.000289179093318697,347.98127455143,500237.787215289,5633010.46939679
0.000422503973649655,347.98127455143,500737.787215289,5633010.46939679
0.00439981611522542,347.98127455143,501237.787215289,5633010.46939679
0.00139578369864726,347.98127455143,501737.787215289,5633010.46939679
0.00123941094700733,347.98127455143,502237.787215289,5633010.46939679
0.00420666869108361,347.98127455143,502737.787215289,5633010.46939679
0.00415333543674344,347.98127455143,503237.787215289,5633010.46939679
0.000911564510325172,347.98127455143,503737.787215289,5633010.46939679
0.00135252417953819,347.98127455143,504237.787215289,5633010.46939679
0.00661887880197661,347.98127455143,504737.787215289,5633010.46939679
0.00638472470601384,347.98127455143,505237.787215289,5633010.46939679
0.00529369064037944,347.98127455143,505737.787215289,5633010.46939679
0.0039701836680867,347.98127455143,506237.787215289,5633010.46939679
0.000240210871700229,347.98127455143,506737.787215289,5633010.46939679
0.000240210871700229,347.98127455143,507237.787215289,5633010.46939679
0.00588689994167278,347.98127455143,507737.787215289,5633010.46939679
0.00787054928424487,347.98127455143,508237.787215289,5633010.46939679
0.00709721078844805,347.98127455143,508737.787215289,5633010.46939679
0.00376085635296402,347.98127455143,509237.787215289,5633010.46939679
0.00100964304647405,347.98127455143,509737.787215289,5633010.46939679
0.00177848566985019,347.98127455143,510237.787215289,5633010.46939679
0.00236459406121575,347.98127455143,510737.787215289,5633010.46939679
0.00188517634981867,347.98127455143,511237.787215289,5633010.46939679
0.00757258188105567,347.98127455143,511737.787215289,5633010.46939679
0.0102299297317822,347.98127455143,512237.787215289,5633010.46939679
0.00918422500701696,347.98127455143,512737.787215289,5633010.46939679
0.0011911830965136,347.98127455143,513237.787215289,5633010.46939679
0.00672957156043742,347.98127455143,513737.787215289,5633010.46939679
0.00672122584253581,347.98127455143,514237.787215289,5633010.46939679
0.00635421144652302,347.98127455143,514737.787215289,5633010.46939679
0.00565904786860308,347.98127455143,515237.787215289,5633010.46939679
0.00561709820216074,347.98127455143,515737.787215289,5633010.46939679
0.003680525254592,347.98127455143,516237.787215289,5633010.46939679
0.00071087755793922,347.98127455143,516737.787215289,5633010.46939679
0.000879086464023006,347.98127455143,517237.787215289,5633010.46939679
0.000557331422541284,347.98127455143,517737.787215289,5633010.46939679
0.000413931679627495,347.98127455143,518237.787215289,5633010.46939679
0.000411241641229839,347.98127455143,518737.787215289,5633010.46939679
0.00478895122158814,347.98127455143,519237.787215289,5633010.46939679
0.000203778812544055,347.98127455143,519737.787215289,5633010.46939679
0.000407195602192675,347.98127455143,520237.787215289,5633010.46939679
0.000772092172995088,347.98127455143,520737.787215289,5633010.46939679
0.00379043938959149,347.98127455143,521237.787215289,5633010.46939679
0.000531259226095583,347.98127455143,521737.787215289,5633010.46939679
0.00354065181945936,347.98127455143,522237.787215289,5633010.46939679
0.000538161243124744,347.98127455143,522737.787215289,5633010.46939679
0.000403033905709925,347.98127455143,523237.787215289,5633010.46939679
0.000205376126376928,347.98127455143,523737.787215289,5633010.46939679
0.000291695809821491,347.98127455143,524237.787215289,5633010.46939679
0.00640110712133895,347.98127455143,486737.787215289,5633510.46939679
0.00112895523979458,347.98127455143,487237.787215289,5633510.46939679
0.000281717630154696,347.98127455143,487737.787215289,5633510.46939679
0.000231041919450421,347.98127455143,488237.787215289,5633510.46939679
0.000231041919450421,347.98127455143,488737.787215289,5633510.46939679
0.000281717630154696,347.98127455143,489237.787215289,5633510.46939679
0.00135271615335324,347.98127455143,489737.787215289,5633510.46939679
0.000231041919450421,347.98127455143,490237.787215289,5633510.46939679
0.000288287665224597,347.98127455143,490737.787215289,5633510.46939679
0.000242674697708922,347.98127455143,491237.787215289,5633510.46939679
0.000476544429109892,347.98127455143,491737.787215289,5633510.46939679
0.000479479483964501,347.98127455143,492237.787215289,5633510.46939679
0.000413216445344856,347.98127455143,492737.787215289,5633510.46939679
0.00122233092230643,347.98127455143,493237.787215289,5633510.46939679
0.000600319498891963,347.98127455143,493737.787215289,5633510.46939679
0.000515089524320547,347.98127455143,494237.787215289,5633510.46939679
0.0023333718523637,347.98127455143,494737.787215289,5633510.46939679
0.0023286896062561,347.98127455143,495237.787215289,5633510.46939679
0.000839219055467218,347.98127455143,495737.787215289,5633510.46939679
0.000844737135272209,347.98127455143,496237.787215289,5633510.46939679
0.00471857504750771,347.98127455143,496737.787215289,5633510.46939679
0.00649042672071112,347.98127455143,497237.787215289,5633510.46939679
0.00325196444379131,347.98127455143,497737.787215289,5633510.46939679
0.00404358088036207,347.98127455143,498237.787215289,5633510.46939679
0.0027264803958678,347.98127455143,498737.787215289,5633510.46939679
0.00393293958814123,347.98127455143,499237.787215289,5633510.46939679
0.00217838624075865,347.98127455143,499737.787215289,5633510.46939679
0.00605846979735693,347.98127455143,500237.787215289,5633510.46939679
0.00121236516737701,347.98127455143,500737.787215289,5633510.46939679
0.00387635882520023,347.98127455143,501237.787215289,5633510.46939679
0.0022277335339647,347.98127455143,501737.787215289,5633510.46939679
0.00376825962914034,347.98127455143,502237.787215289,5633510.46939679
0.00118673127901282,347.98127455143,502737.787215289,5633510.46939679
0.00116799628557432,347.98127455143,503237.787215289,5633510.46939679
0.00168911208992526,347.98127455143,503737.787215289,5633510.46939679
0.00171136142097027,347.98127455143,504237.787215289,5633510.46939679
0.0014691137243899,347.98127455143,504737.787215289,5633510.46939679
0.00537315400744864,347.98127455143,505237.787215289,5633510.46939679
0.00713103908354197,347.98127455143,505737.787215289,5633510.46939679
0.00109152801118884,347.98127455143,506237.787215289,5633510.46939679
0.000240210871700229,347.98127455143,506737.787215289,5633510.46939679
0.000240210871700229,347.98127455143,507237.787215289,5633510.46939679
0.00319202815291805,347.98127455143,507737.787215289,5633510.46939679
0.00712760167994685,347.98127455143,508237.787215289,5633510.46939679
0.00765754847806631,347.98127455143,508737.787215289,5633510.46939679
0.00736742458951806,347.98127455143,509237.787215289,5633510.46939679
0.00567472205029026,347.98127455143,509737.787215289,5633510.46939679
0.00529332066173761,347.98127455143,510237.787215289,5633510.46939679
0.000323427931283368,347.98127455143,510737.787215289,5633510.46939679
0.00333443024837946,347.98127455143,511237.787215289,5633510.46939679
0.00460708238782258,347.98127455143,511737.787215289,5633510.46939679
0.00562583841891196,347.98127455143,512237.787215289,5633510.46939679
0.0076743824429424,347.98127455143,512737.787215289,5633510.46939679
0.00537458660558453,347.98127455143,513237.787215289,5633510.46939679
0.00269537787767969,347.98127455143,513737.787215289,5633510.46939679
0.00812661166181416,347.98127455143,514237.787215289,5633510.46939679
0.00682866850562219,347.98127455143,514737.787215289,5633510.46939679
0.00553894959741149,347.98127455143,515237.787215289,5633510.46939679
0.00548877337332938,347.98127455143,515737.787215289,5633510.46939679
0.00439484530834034,347.98127455143,516237.787215289,5633510.46939679
0.00677961441116524,347.98127455143,516737.787215289,5633510.46939679
0.000740679830606826,347.98127455143,517237.787215289,5633510.46939679
0.000546922554647253,347.98127455143,517737.787215289,5633510.46939679
0.000349036661166769,347.98127455143,518237.787215289,5633510.46939679
0.000658971079744165,347.98127455143,518737.787215289,5633510.46939679
0.00271450687917337,347.98127455143,519237.787215289,5633510.46939679
0.00194789082773366,347.98127455143,519737.787215289,5633510.46939679
0.00422599915415761,347.98127455143,520237.787215289,5633510.46939679
0.00486553842297917,347.98127455143,520737.787215289,5633510.46939679
0.00105046532236956,347.98127455143,521237.787215289,5633510.46939679
0.00274595028750198,347.98127455143,521737.787215289,5633510.46939679
0.00392750883848694,347.98127455143,522237.787215289,5633510.46939679
0.000516283582741117,347.98127455143,522737.787215289,5633510.46939679
0.000367443790619121,347.98127455143,523237.787215289,5633510.46939679
0.00468306152358287,347.98127455143,523737.787215289,5633510.46939679
0.0044710299103053,347.98127455143,524237.787215289,5633510.46939679
0.00026664025793813,347.98127455143,486737.787215289,5634010.46939679
0.00127625719021899,347.98127455143,487237.787215289,5634010.46939679
0.000253743490748219,347.98127455143,487737.787215289,5634010.46939679
0.000229791144889083,347.98127455143,488237.787215289,5634010.46939679
0.00128031953076249,347.98127455143,488737.787215289,5634010.46939679
0.000218676683326323,347.98127455143,489237.787215289,5634010.46939679
0.000240210871700229,347.98127455143,489737.787215289,5634010.46939679
0.000229062037926334,347.98127455143,490237.787215289,5634010.46939679
0.000224717527813696,347.98127455143,490737.787215289,5634010.46939679
0.0002304262463104,347.98127455143,491237.787215289,5634010.46939679
0.000288287665224597,347.98127455143,491737.787215289,5634010.46939679
0.000238168472856521,347.98127455143,492237.787215289,5634010.46939679
0.000238168472856521,347.98127455143,492737.787215289,5634010.46939679
0.000248446926813026,347.98127455143,493237.787215289,5634010.46939679
0.000233469916487732,347.98127455143,493737.787215289,5634010.46939679
0.000326893630328639,347.98127455143,494237.787215289,5634010.46939679
0.000480203193179245,347.98127455143,494737.787215289,5634010.46939679
0.00114858787254556,347.98127455143,495237.787215289,5634010.46939679
0.0026079206215395,347.98127455143,495737.787215289,5634010.46939679
0.000722843505180154,347.98127455143,496237.787215289,5634010.46939679
0.00366784290273769,347.98127455143,496737.787215289,5634010.46939679
0.00360577264679257,347.98127455143,497237.787215289,5634010.46939679
0.0043654273599779,347.98127455143,497737.787215289,5634010.46939679
0.00189413419988864,347.98127455143,498237.787215289,5634010.46939679
0.00127398484190231,347.98127455143,498737.787215289,5634010.46939679
0.000883330533859414,347.98127455143,499237.787215289,5634010.46939679
0.000920514139870601,347.98127455143,499737.787215289,5634010.46939679
0.00299949474909675,347.98127455143,500237.787215289,5634010.46939679
0.000601867406028535,347.98127455143,500737.787215289,5634010.46939679
0.00106203898940158,347.98127455143,501237.787215289,5634010.46939679
0.000822133440649781,347.98127455143,501737.787215289,5634010.46939679
0.000445859049820718,347.98127455143,502237.787215289,5634010.46939679
0.0027418516352269,347.98127455143,502737.787215289,5634010.46939679
0.0011609617527901,347.98127455143,503237.787215289,5634010.46939679
0.00102238649084537,347.98127455143,503737.787215289,5634010.46939679
0.00403851010990002,347.98127455143,504237.787215289,5634010.46939679
0.00154615479166431,347.98127455143,504737.787215289,5634010.46939679
0.00589637175672982,347.98127455143,505237.787215289,5634010.46939679
0.00479398793385581,347.98127455143,505737.787215289,5634010.46939679
0.00413146906031268,347.98127455143,506237.787215289,5634010.46939679
0.00439773993768692,347.98127455143,506737.787215289,5634010.46939679
0.000240210871700229,347.98127455143,507237.787215289,5634010.46939679
0.00167558388584479,347.98127455143,507737.787215289,5634010.46939679
0.00717810648591741,347.98127455143,508237.787215289,5634010.46939679
0.00754232758707622,347.98127455143,508737.787215289,5634010.46939679
0.00568728367925489,347.98127455143,509237.787215289,5634010.46939679
0.00174183404719735,347.98127455143,509737.787215289,5634010.46939679
0.004827957204488,347.98127455143,510237.787215289,5634010.46939679
0.000653252038162433,347.98127455143,510737.787215289,5634010.46939679
0.00366291250238368,347.98127455143,511237.787215289,5634010.46939679
0.00389105894604271,347.98127455143,511737.787215289,5634010.46939679
0.0107770514626078,347.98127455143,512237.787215289,5634010.46939679
0.00563027445906999,347.98127455143,512737.787215289,5634010.46939679
0.00133762123713161,347.98127455143,513237.787215289,5634010.46939679
0.00354686569243699,347.98127455143,513737.787215289,5634010.46939679
0.00119324923900119,347.98127455143,514237.787215289,5634010.46939679
0.00719187403426991,347.98127455143,514737.787215289,5634010.46939679
0.00585446856856621,347.98127455143,515237.787215289,5634010.46939679
0.00430678771243429,347.98127455143,515737.787215289,5634010.46939679
0.00566026736661354,347.98127455143,516237.787215289,5634010.46939679
0.00558816122445061,347.98127455143,516737.787215289,5634010.46939679
0.000409893366043732,347.98127455143,517237.787215289,5634010.46939679
0.00209955451342043,347.98127455143,517737.787215289,5634010.46939679
0.00140867887090635,347.98127455143,518237.787215289,5634010.46939679
0.00229542558329074,347.98127455143,518737.787215289,5634010.46939679
0.000375235183892782,347.98127455143,519237.787215289,5634010.46939679
0.000360144678381552,347.98127455143,519737.787215289,5634010.46939679
0.00111569343609332,347.98127455143,520237.787215289,5634010.46939679
0.0014202583428175,347.98127455143,520737.787215289,5634010.46939679
0.000306432821194616,347.98127455143,521237.787215289,5634010.46939679
0.00475808446576325,347.98127455143,521737.787215289,5634010.46939679
0.00437464067764945,347.98127455143,522237.787215289,5634010.46939679
0.00416304951435163,347.98127455143,522737.787215289,5634010.46939679
0.00418749956235861,347.98127455143,523237.787215289,5634010.46939679
0.0052074544084975,347.98127455143,523737.787215289,5634010.46939679
0.0047287098407554,347.98127455143,524237.787215289,5634010.46939679
0.000239225211996122,347.98127455143,486737.787215289,5634510.46939679
0.000392748969548416,347.98127455143,487237.787215289,5634510.46939679
0.000251384073119903,347.98127455143,487737.787215289,5634510.46939679
0.000206164799629311,347.98127455143,488237.787215289,5634510.46939679
0.00120706430839382,347.98127455143,488737.787215289,5634510.46939679
0.000206164799629311,347.98127455143,489237.787215289,5634510.46939679
0.000206164799629311,347.98127455143,489737.787215289,5634510.46939679
0.000206164799629311,347.98127455143,490237.787215289,5634510.46939679
0.000260591263269835,347.98127455143,490737.787215289,5634510.46939679
0.000218676683326323,347.98127455143,491237.787215289,5634510.46939679
0.00131185892672143,347.98127455143,491737.787215289,5634510.46939679
0.00131568777881636,347.98127455143,492237.787215289,5634510.46939679
0.00131568777881636,347.98127455143,492737.787215289,5634510.46939679
0.000224063565535571,347.98127455143,493237.787215289,5634510.46939679
0.00129234226461126,347.98127455143,493737.787215289,5634510.46939679
0.000241470510098409,347.98127455143,494237.787215289,5634510.46939679
0.000240174147403422,347.98127455143,494737.787215289,5634510.46939679
0.000988187684836362,347.98127455143,495237.787215289,5634510.46939679
0.000679423740450069,347.98127455143,495737.787215289,5634510.46939679
0.0040670954699861,347.98127455143,496237.787215289,5634510.46939679
0.00272913119657532,347.98127455143,496737.787215289,5634510.46939679
0.00311569393778031,347.98127455143,497237.787215289,5634510.46939679
0.000540989370257041,347.98127455143,497737.787215289,5634510.46939679
0.00114657208188549,347.98127455143,498237.787215289,5634510.46939679
0.000545053588940943,347.98127455143,498737.787215289,5634510.46939679
0.000926186264975115,347.98127455143,499237.787215289,5634510.46939679
0.00404198675130705,347.98127455143,499737.787215289,5634510.46939679
0.0016457871317274,347.98127455143,500237.787215289,5634510.46939679
0.00103566992910831,347.98127455143,500737.787215289,5634510.46939679
0.000479067068404941,347.98127455143,501237.787215289,5634510.46939679
0.000351519404111131,347.98127455143,501737.787215289,5634510.46939679
0.000935607350553437,347.98127455143,502237.787215289,5634510.46939679
0.000530907948572804,347.98127455143,502737.787215289,5634510.46939679
0.000260753039932782,347.98127455143,503237.787215289,5634510.46939679
0.00372492781034665,347.98127455143,503737.787215289,5634510.46939679
0.000423253594766498,347.98127455143,504237.787215289,5634510.46939679
0.00265648133169146,347.98127455143,504737.787215289,5634510.46939679
0.00097055954021811,347.98127455143,505237.787215289,5634510.46939679
0.00169314243707037,347.98127455143,505737.787215289,5634510.46939679
0.000693418337866435,347.98127455143,506237.787215289,5634510.46939679
0.00712760167994685,347.98127455143,506737.787215289,5634510.46939679
0.000240210871700229,347.98127455143,507237.787215289,5634510.46939679
0.000240210871700229,347.98127455143,507737.787215289,5634510.46939679
0.000240210871700229,347.98127455143,508237.787215289,5634510.46939679
0.00778935344228322,347.98127455143,508737.787215289,5634510.46939679
0.00832850426518865,347.98127455143,509237.787215289,5634510.46939679
0.00717752279835922,347.98127455143,509737.787215289,5634510.46939679
0.00154367107916441,347.98127455143,510237.787215289,5634510.46939679
0.000894779140199488,347.98127455143,510737.787215289,5634510.46939679
0.00225013285348444,347.98127455143,511237.787215289,5634510.46939679
0.00231890450339589,347.98127455143,511737.787215289,5634510.46939679
0.00605679790722005,347.98127455143,512237.787215289,5634510.46939679
0.00674137348780901,347.98127455143,512737.787215289,5634510.46939679
0.00374769030162282,347.98127455143,513237.787215289,5634510.46939679
0.000429382884397157,347.98127455143,513737.787215289,5634510.46939679
0.011139464104864,347.98127455143,514237.787215289,5634510.46939679
0.00439298511607189,347.98127455143,514737.787215289,5634510.46939679
0.00718965580691284,347.98127455143,515237.787215289,5634510.46939679
0.00642789880022217,347.98127455143,515737.787215289,5634510.46939679
0.00330638239770503,347.98127455143,516237.787215289,5634510.46939679
0.000942060592084536,347.98127455143,516737.787215289,5634510.46939679
0.00515794758423813,347.98127455143,517237.787215289,5634510.46939679
0.00313526460988582,347.98127455143,517737.787215289,5634510.46939679
0.00443598301470315,347.98127455143,518237.787215289,5634510.46939679
0.00562446465895597,347.98127455143,518737.787215289,5634510.46939679
0.000459122630521832,347.98127455143,519237.787215289,5634510.46939679
0.000483420850113456,347.98127455143,519737.787215289,5634510.46939679
0.000755270763115209,347.98127455143,520237.787215289,5634510.46939679
0.00122982590186096,347.98127455143,520737.787215289,5634510.46939679
0.00575025491152916,347.98127455143,521237.787215289,5634510.46939679
0.000514757688750499,347.98127455143,521737.787215289,5634510.46939679
0.00379689172678913,347.98127455143,522237.787215289,5634510.46939679
0.00511226168828382,347.98127455143,522737.787215289,5634510.46939679
0.00565904786860308,347.98127455143,523237.787215289,5634510.46939679
0.00578102496559137,347.98127455143,523737.787215289,5634510.46939679
0.00552649727450732,347.98127455143,524237.787215289,5634510.46939679
0.000265249320770429,347.98127455143,486737.787215289,5635010.46939679
0.000252419829966186,347.98127455143,487237.787215289,5635010.46939679
0.000232652399986252,347.98127455143,487737.787215289,5635010.46939679
0.000200500336173688,347.98127455143,488237.787215289,5635010.46939679
0.000200500336173688,347.98127455143,488737.787215289,5635010.46939679
0.00117389971542849,347.98127455143,489237.787215289,5635010.46939679
0.00117389971542849,347.98127455143,489737.787215289,5635010.46939679
0.000200500336173688,347.98127455143,490237.787215289,5635010.46939679
0.0012206928781921,347.98127455143,490737.787215289,5635010.46939679
0.00124700411942091,347.98127455143,491237.787215289,5635010.46939679
0.00127625719021899,347.98127455143,491737.787215289,5635010.46939679
0.00128031953076249,347.98127455143,492237.787215289,5635010.46939679
0.00128031953076249,347.98127455143,492737.787215289,5635010.46939679
0.00140639900816652,347.98127455143,493237.787215289,5635010.46939679
0.000215158523954968,347.98127455143,493737.787215289,5635010.46939679
0.00021298646031497,347.98127455143,494237.787215289,5635010.46939679
0.000234064284452728,347.98127455143,494737.787215289,5635010.46939679
0.000357085933492448,347.98127455143,495237.787215289,5635010.46939679
0.00187294478214317,347.98127455143,495737.787215289,5635010.46939679
0.000698431411013817,347.98127455143,496237.787215289,5635010.46939679
0.00133388536853618,347.98127455143,496737.787215289,5635010.46939679
0.00304155615196679,347.98127455143,497237.787215289,5635010.46939679
0.00329461757548597,347.98127455143,497737.787215289,5635010.46939679
0.00157583043488487,347.98127455143,498237.787215289,5635010.46939679
0.000529458165422488,347.98127455143,498737.787215289,5635010.46939679
0.00155640795075998,347.98127455143,499237.787215289,5635010.46939679
0.000346446543357715,347.98127455143,499737.787215289,5635010.46939679
0.000440939107638375,347.98127455143,500237.787215289,5635010.46939679
0.000392891900194478,347.98127455143,500737.787215289,5635010.46939679
0.00103313065093833,347.98127455143,501237.787215289,5635010.46939679
0.00429387869726257,347.98127455143,501737.787215289,5635010.46939679
0.00026374157277256,347.98127455143,502237.787215289,5635010.46939679
0.000245960836262426,347.98127455143,502737.787215289,5635010.46939679
0.00026664025793813,347.98127455143,503237.787215289,5635010.46939679
0.000341648701028541,347.98127455143,503737.787215289,5635010.46939679
0.00118947891249635,347.98127455143,504237.787215289,5635010.46939679
0.00251133676927856,347.98127455143,504737.787215289,5635010.46939679
0.00491586066915158,347.98127455143,505237.787215289,5635010.46939679
0.000923507788184611,347.98127455143,505737.787215289,5635010.46939679
0.000597589407456942,347.98127455143,506237.787215289,5635010.46939679
0.00479398793385581,347.98127455143,506737.787215289,5635010.46939679
0.00590542519640944,347.98127455143,507237.787215289,5635010.46939679
0.000240210871700229,347.98127455143,507737.787215289,5635010.46939679
0.000240210871700229,347.98127455143,508237.787215289,5635010.46939679
0.00566610781165178,347.98127455143,508737.787215289,5635010.46939679
0.000988046700374373,347.98127455143,509237.787215289,5635010.46939679
0.00126599364382841,347.98127455143,509737.787215289,5635010.46939679
0.00459444017839968,347.98127455143,510237.787215289,5635010.46939679
0.00203276270621243,347.98127455143,510737.787215289,5635010.46939679
0.000804614314259067,347.98127455143,511237.787215289,5635010.46939679
0.000549217562738872,347.98127455143,511737.787215289,5635010.46939679
0.00740348900866507,347.98127455143,512237.787215289,5635010.46939679
0.00506288364026712,347.98127455143,512737.787215289,5635010.46939679
0.00694995218470561,347.98127455143,513237.787215289,5635010.46939679
0.0013805424995966,347.98127455143,513737.787215289,5635010.46939679
0.00663015676350271,347.98127455143,514237.787215289,5635010.46939679
0.0077851219278601,347.98127455143,514737.787215289,5635010.46939679
0.00776277503064796,347.98127455143,515237.787215289,5635010.46939679
0.0084589370594189,347.98127455143,515737.787215289,5635010.46939679
0.00751923854997845,347.98127455143,516237.787215289,5635010.46939679
0.00428041219853681,347.98127455143,516737.787215289,5635010.46939679
0.0055817664346186,347.98127455143,517237.787215289,5635010.46939679
0.00481037825808016,347.98127455143,517737.787215289,5635010.46939679
0.00614042529357044,347.98127455143,518237.787215289,5635010.46939679
0.0026181848840643,347.98127455143,518737.787215289,5635010.46939679
0.000385910320274351,347.98127455143,519237.787215289,5635010.46939679
0.0011552839985369,347.98127455143,519737.787215289,5635010.46939679
0.002430249807079,347.98127455143,520237.787215289,5635010.46939679
0.00416133754730599,347.98127455143,520737.787215289,5635010.46939679
0.00563115713443489,347.98127455143,521237.787215289,5635010.46939679
0.00600437294397903,347.98127455143,521737.787215289,5635010.46939679
0.00391481946417408,347.98127455143,522237.787215289,5635010.46939679
0.00580738703650606,347.98127455143,522737.787215289,5635010.46939679
0.00641272168899407,347.98127455143,523237.787215289,5635010.46939679
0.00487803052926181,347.98127455143,523737.787215289,5635010.46939679
0.0054089518702117,347.98127455143,524237.787215289,5635010.46939679
0.000189895894752974,347.98127455143,486737.787215289,5635510.46939679
0.000209689747777853,347.98127455143,487237.787215289,5635510.46939679
0.000199547543895686,347.98127455143,487737.787215289,5635510.46939679
0.00111181228453626,347.98127455143,488237.787215289,5635510.46939679
0.00111181228453626,347.98127455143,488737.787215289,5635510.46939679
0.00111181228453626,347.98127455143,489237.787215289,5635510.46939679
0.00019266660853334,347.98127455143,489737.787215289,5635510.46939679
0.000198816709233196,347.98127455143,490237.787215289,5635510.46939679
0.00140639900816652,347.98127455143,490737.787215289,5635510.46939679
0.00118358142591448,347.98127455143,491237.787215289,5635510.46939679
0.000206164799629311,347.98127455143,491737.787215289,5635510.46939679
0.000455729861113109,347.98127455143,492237.787215289,5635510.46939679
0.000322100806175365,347.98127455143,492737.787215289,5635510.46939679
0.000206164799629311,347.98127455143,493237.787215289,5635510.46939679
0.00024847475420134,347.98127455143,493737.787215289,5635510.46939679
0.000213286033123991,347.98127455143,494237.787215289,5635510.46939679
0.000212251683470028,347.98127455143,494737.787215289,5635510.46939679
0.000277506818426226,347.98127455143,495237.787215289,5635510.46939679
0.000328176999805275,347.98127455143,495737.787215289,5635510.46939679
0.0016902531610357,347.98127455143,496237.787215289,5635510.46939679
0.00163256083268901,347.98127455143,496737.787215289,5635510.46939679
0.000509360091619266,347.98127455143,497237.787215289,5635510.46939679
0.000947470104678049,347.98127455143,497737.787215289,5635510.46939679
0.000641948937296897,347.98127455143,498237.787215289,5635510.46939679
0.00100294652917729,347.98127455143,498737.787215289,5635510.46939679
0.000272981093501552,347.98127455143,499237.787215289,5635510.46939679
0.000536678953661435,347.98127455143,499737.787215289,5635510.46939679
0.000310253585235599,347.98127455143,500237.787215289,5635510.46939679
0.000337934588129141,347.98127455143,500737.787215289,5635510.46939679
0.000976755744072228,347.98127455143,501237.787215289,5635510.46939679
0.00123594937185795,347.98127455143,501737.787215289,5635510.46939679
0.00026235044108168,347.98127455143,502237.787215289,5635510.46939679
0.000210765413466482,347.98127455143,502737.787215289,5635510.46939679
0.00021828062136445,347.98127455143,503237.787215289,5635510.46939679
0.000249661162324735,347.98127455143,503737.787215289,5635510.46939679
0.000305175949198733,347.98127455143,504237.787215289,5635510.46939679
0.00135040066598008,347.98127455143,504737.787215289,5635510.46939679
0.00576484106299995,347.98127455143,505237.787215289,5635510.46939679
0.00585901290292505,347.98127455143,505737.787215289,5635510.46939679
0.00645478528540277,347.98127455143,506237.787215289,5635510.46939679
0.00103095998114196,347.98127455143,506737.787215289,5635510.46939679
0.00253412222461647,347.98127455143,507237.787215289,5635510.46939679
0.000240210871700229,347.98127455143,507737.787215289,5635510.46939679
0.000240210871700229,347.98127455143,508237.787215289,5635510.46939679
0.000240210871700229,347.98127455143,508737.787215289,5635510.46939679
0.00515096469520936,347.98127455143,509237.787215289,5635510.46939679
0.00792631847314341,347.98127455143,509737.787215289,5635510.46939679
0.00253432830346219,347.98127455143,510237.787215289,5635510.46939679
0.00712760167994685,347.98127455143,510737.787215289,5635510.46939679
0.00119628384909379,347.98127455143,511237.787215289,5635510.46939679
0.00101792361761174,347.98127455143,511737.787215289,5635510.46939679
0.00111811478963616,347.98127455143,512237.787215289,5635510.46939679
0.00591452751635963,347.98127455143,512737.787215289,5635510.46939679
0.0085133156269717,347.98127455143,513237.787215289,5635510.46939679
0.00108334416908616,347.98127455143,513737.787215289,5635510.46939679
0.0019150527483445,347.98127455143,514237.787215289,5635510.46939679
0.00909372375180367,347.98127455143,514737.787215289,5635510.46939679
0.00821553453301244,347.98127455143,515237.787215289,5635510.46939679
0.00848448030021356,347.98127455143,515737.787215289,5635510.46939679
0.00718850796536791,347.98127455143,516237.787215289,5635510.46939679
0.00428200601371924,347.98127455143,516737.787215289,5635510.46939679
0.00685265437548492,347.98127455143,517237.787215289,5635510.46939679
0.0048433198855868,347.98127455143,517737.787215289,5635510.46939679
0.00588708055929487,347.98127455143,518237.787215289,5635510.46939679
0.00152391996773375,347.98127455143,518737.787215289,5635510.46939679
0.000940325298213054,347.98127455143,519237.787215289,5635510.46939679
0.0038229396548727,347.98127455143,519737.787215289,5635510.46939679
0.00363803298289742,347.98127455143,520237.787215289,5635510.46939679
0.00438962215548605,347.98127455143,520737.787215289,5635510.46939679
0.00464209157327803,347.98127455143,521237.787215289,5635510.46939679
0.00316095486259604,347.98127455143,521737.787215289,5635510.46939679
0.00678047428425186,347.98127455143,522237.787215289,5635510.46939679
0.00530183072330663,347.98127455143,522737.787215289,5635510.46939679
0.00679328618153087,347.98127455143,523237.787215289,5635510.46939679
0.00694311673333375,347.98127455143,523737.787215289,5635510.46939679
0.00544716197530396,347.98127455143,524237.787215289,5635510.46939679
0.000184075998651852,347.98127455143,486737.787215289,5636010.46939679
0.00022445041242694,347.98127455143,487237.787215289,5636010.46939679
0.000193431845743193,347.98127455143,487737.787215289,5636010.46939679
0.00107773765649667,347.98127455143,488237.787215289,5636010.46939679
0.00107773765649667,347.98127455143,488737.787215289,5636010.46939679
0.00110070650052962,347.98127455143,489237.787215289,5636010.46939679
0.00021764660354777,347.98127455143,489737.787215289,5636010.46939679
0.000204580845861966,347.98127455143,490237.787215289,5636010.46939679
0.000252419829966186,347.98127455143,490737.787215289,5636010.46939679
0.000293900310620641,347.98127455143,491237.787215289,5636010.46939679
0.000239225211996122,347.98127455143,491737.787215289,5636010.46939679
0.000257967079937289,347.98127455143,492237.787215289,5636010.46939679
0.00117389971542849,347.98127455143,492737.787215289,5636010.46939679
0.000199662362500817,347.98127455143,493237.787215289,5636010.46939679
0.000197963205326715,347.98127455143,493737.787215289,5636010.46939679
0.000281299237843198,347.98127455143,494237.787215289,5636010.46939679
0.000217465304970382,347.98127455143,494737.787215289,5636010.46939679
0.000210765413466482,347.98127455143,495237.787215289,5636010.46939679
0.000214439790807523,347.98127455143,495737.787215289,5636010.46939679
0.000249661162324735,347.98127455143,496237.787215289,5636010.46939679
0.000230515273580754,347.98127455143,496737.787215289,5636010.46939679
0.000236139021350968,347.98127455143,497237.787215289,5636010.46939679
0.0002304262463104,347.98127455143,497737.787215289,5636010.46939679
0.000268091605647018,347.98127455143,498237.787215289,5636010.46939679
0.000231041919450421,347.98127455143,498737.787215289,5636010.46939679
0.000647354945189143,347.98127455143,499237.787215289,5636010.46939679
0.000407386539923593,347.98127455143,499737.787215289,5636010.46939679
0.000301686659576265,347.98127455143,500237.787215289,5636010.46939679
0.000256126247850507,347.98127455143,500737.787215289,5636010.46939679
0.000237585634376469,347.98127455143,501237.787215289,5636010.46939679
0.000257903340017276,347.98127455143,501737.787215289,5636010.46939679
0.000219891755037037,347.98127455143,502237.787215289,5636010.46939679
0.000204580845861966,347.98127455143,502737.787215289,5636010.46939679
0.000240210871700229,347.98127455143,503237.787215289,5636010.46939679
0.000259701966628814,347.98127455143,503737.787215289,5636010.46939679
0.000316089030466441,347.98127455143,504237.787215289,5636010.46939679
0.00069665974263522,347.98127455143,504737.787215289,5636010.46939679
0.00538649343980912,347.98127455143,505237.787215289,5636010.46939679
0.00318978666135546,347.98127455143,505737.787215289,5636010.46939679
0.00119667941577945,347.98127455143,506237.787215289,5636010.46939679
0.0013881189122564,347.98127455143,506737.787215289,5636010.46939679
0.00292004020049282,347.98127455143,507237.787215289,5636010.46939679
0.00212788584832556,347.98127455143,507737.787215289,5636010.46939679
0.000240210871700229,347.98127455143,508237.787215289,5636010.46939679
0.000240210871700229,347.98127455143,508737.787215289,5636010.46939679
0.000240210871700229,347.98127455143,509237.787215289,5636010.46939679
0.000580976471184874,347.98127455143,509737.787215289,5636010.46939679
0.0115842464674628,347.98127455143,510237.787215289,5636010.46939679
0.00474584115335419,347.98127455143,510737.787215289,5636010.46939679
0.00748986917779531,347.98127455143,511237.787215289,5636010.46939679
0.00118115698536738,347.98127455143,511737.787215289,5636010.46939679
0.000534346037486472,347.98127455143,512237.787215289,5636010.46939679
0.000797235789499111,347.98127455143,512737.787215289,5636010.46939679
0.00537840577892484,347.98127455143,513237.787215289,5636010.46939679
0.00607740226539627,347.98127455143,513737.787215289,5636010.46939679
0.000937384590053514,347.98127455143,514237.787215289,5636010.46939679
0.00730319046893848,347.98127455143,514737.787215289,5636010.46939679
0.00596975403124899,347.98127455143,515237.787215289,5636010.46939679
0.00645789821218265,347.98127455143,515737.787215289,5636010.46939679
0.00857008605031807,347.98127455143,516237.787215289,5636010.46939679
0.00723652270625289,347.98127455143,516737.787215289,5636010.46939679
0.00705023831598184,347.98127455143,517237.787215289,5636010.46939679
0.00705023831598184,347.98127455143,517737.787215289,5636010.46939679
0.00522120223621152,347.98127455143,518237.787215289,5636010.46939679
0.0062730023875235,347.98127455143,518737.787215289,5636010.46939679
0.00664191834279106,347.98127455143,519237.787215289,5636010.46939679
0.00025765964850884,347.98127455143,519737.787215289,5636010.46939679
0.00646471077804483,347.98127455143,520237.787215289,5636010.46939679
0.00550760100326207,347.98127455143,520737.787215289,5636010.46939679
0.00527170962989106,347.98127455143,521237.787215289,5636010.46939679
0.00656050914204051,347.98127455143,521737.787215289,5636010.46939679
0.00544716197530396,347.98127455143,522237.787215289,5636010.46939679
0.00246420775334759,347.98127455143,522737.787215289,5636010.46939679
0.00664191834279106,347.98127455143,523237.787215289,5636010.46939679
0.000467469319667368,347.98127455143,523737.787215289,5636010.46939679
0.00686336392025848,347.98127455143,524237.787215289,5636010.46939679
0.00017338411392954,347.98127455143,486737.787215289,5636510.46939679
0.000187589317347853,347.98127455143,487237.787215289,5636510.46939679
0.000188897571588374,347.98127455143,487737.787215289,5636510.46939679
0.000193431845743193,347.98127455143,488237.787215289,5636510.46939679
0.00112268322159464,347.98127455143,488737.787215289,5636510.46939679
0.00140639900816652,347.98127455143,489237.787215289,5636510.46939679
0.00123836770121043,347.98127455143,489737.787215289,5636510.46939679
0.000240210871700229,347.98127455143,490237.787215289,5636510.46939679
0.00132327388902498,347.98127455143,490737.787215289,5636510.46939679
0.000305175949198733,347.98127455143,491237.787215289,5636510.46939679
0.000704854875247627,347.98127455143,491737.787215289,5636510.46939679
0.000718690547791645,347.98127455143,492237.787215289,5636510.46939679
0.000215158523954968,347.98127455143,492737.787215289,5636510.46939679
0.000735567040985624,347.98127455143,493237.787215289,5636510.46939679
0.000344790839507678,347.98127455143,493737.787215289,5636510.46939679
0.000940020614984909,347.98127455143,494237.787215289,5636510.46939679
0.000295596553492421,347.98127455143,494737.787215289,5636510.46939679
0.00019446691435188,347.98127455143,495237.787215289,5636510.46939679
0.00021764660354777,347.98127455143,495737.787215289,5636510.46939679
0.000208024883613472,347.98127455143,496237.787215289,5636510.46939679
0.000260067246410151,347.98127455143,496737.787215289,5636510.46939679
0.000253283916626142,347.98127455143,497237.787215289,5636510.46939679
0.000935961624527275,347.98127455143,497737.787215289,5636510.46939679
0.00124270211002959,347.98127455143,498237.787215289,5636510.46939679
0.000212251683470028,347.98127455143,498737.787215289,5636510.46939679
0.000252419829966186,347.98127455143,499237.787215289,5636510.46939679
0.000265249320770429,347.98127455143,499737.787215289,5636510.46939679
0.000206164799629311,347.98127455143,500237.787215289,5636510.46939679
0.000203778812544055,347.98127455143,500737.787215289,5636510.46939679
0.000197963205326715,347.98127455143,501237.787215289,5636510.46939679
0.000240210871700229,347.98127455143,501737.787215289,5636510.46939679
0.00019266660853334,347.98127455143,502237.787215289,5636510.46939679
0.00019710165593997,347.98127455143,502737.787215289,5636510.46939679
0.000265249320770429,347.98127455143,503237.787215289,5636510.46939679
0.00031557139411816,347.98127455143,503737.787215289,5636510.46939679
0.00041920111322881,347.98127455143,504237.787215289,5636510.46939679
0.000641966644223096,347.98127455143,504737.787215289,5636510.46939679
0.000931727133447807,347.98127455143,505237.787215289,5636510.46939679
0.00467809195756116,347.98127455143,505737.787215289,5636510.46939679
0.00498296828686979,347.98127455143,506237.787215289,5636510.46939679
0.00645691964341817,347.98127455143,506737.787215289,5636510.46939679
0.00787054928424487,347.98127455143,507237.787215289,5636510.46939679
0.00413146906031268,347.98127455143,507737.787215289,5636510.46939679
0.0041663661941236,347.98127455143,508237.787215289,5636510.46939679
0.000240210871700229,347.98127455143,508737.787215289,5636510.46939679
0.000240210871700229,347.98127455143,509237.787215289,5636510.46939679
0.000240210871700229,347.98127455143,509737.787215289,5636510.46939679
0.000240210871700229,347.98127455143,510237.787215289,5636510.46939679
0.000240210871700229,347.98127455143,510737.787215289,5636510.46939679
0.00146900731053574,347.98127455143,511237.787215289,5636510.46939679
0.0034123041749941,347.98127455143,511737.787215289,5636510.46939679
0.00358573795410818,347.98127455143,512237.787215289,5636510.46939679
0.000613410951246091,347.98127455143,512737.787215289,5636510.46939679
0.000448418111640127,347.98127455143,513237.787215289,5636510.46939679
0.000354542365368155,347.98127455143,513737.787215289,5636510.46939679
0.00127057336250956,347.98127455143,514237.787215289,5636510.46939679
0.00684005048393222,347.98127455143,514737.787215289,5636510.46939679
0.00820717144569331,347.98127455143,515237.787215289,5636510.46939679
0.00641467743353734,347.98127455143,515737.787215289,5636510.46939679
0.00974918729659923,347.98127455143,516237.787215289,5636510.46939679
0.00712750045154499,347.98127455143,516737.787215289,5636510.46939679
0.00694233915411421,347.98127455143,517237.787215289,5636510.46939679
0.00766597586592496,347.98127455143,517737.787215289,5636510.46939679
0.0080378759834273,347.98127455143,518237.787215289,5636510.46939679
0.00678612736018197,347.98127455143,518737.787215289,5636510.46939679
0.00821576114272422,347.98127455143,519237.787215289,5636510.46939679
0.00578203285400666,347.98127455143,519737.787215289,5636510.46939679
0.00451259649738952,347.98127455143,520237.787215289,5636510.46939679
0.00660179053107957,347.98127455143,520737.787215289,5636510.46939679
0.00531444832879149,347.98127455143,521237.787215289,5636510.46939679
0.00628247732543586,347.98127455143,521737.787215289,5636510.46939679
0.00668997613339728,347.98127455143,522237.787215289,5636510.46939679
0.00740857374333209,347.98127455143,522737.787215289,5636510.46939679
0.00550236941466269,347.98127455143,523237.787215289,5636510.46939679
0.00619507154763357,347.98127455143,523737.787215289,5636510.46939679
0.0063728794223713,347.98127455143,524237.787215289,5636510.46939679
0.000178516059724051,347.98127455143,486737.787215289,5637010.46939679
0.000173337898326995,347.98127455143,487237.787215289,5637010.46939679
0.00101513825804956,347.98127455143,487737.787215289,5637010.46939679
0.000278730883301042,347.98127455143,488237.787215289,5637010.46939679
0.00114376694523597,347.98127455143,488737.787215289,5637010.46939679
0.000203778812544055,347.98127455143,489237.787215289,5637010.46939679
0.00025131131180017,347.98127455143,489737.787215289,5637010.46939679
0.000226655071156317,347.98127455143,490237.787215289,5637010.46939679
0.00023286803173197,347.98127455143,490737.787215289,5637010.46939679
0.000627662358950485,347.98127455143,491237.787215289,5637010.46939679
0.00118947891249635,347.98127455143,491737.787215289,5637010.46939679
0.000578064721124392,347.98127455143,492237.787215289,5637010.46939679
0.000256909967068548,347.98127455143,492737.787215289,5637010.46939679
0.000229791144889083,347.98127455143,493237.787215289,5637010.46939679
0.000452606425775112,347.98127455143,493737.787215289,5637010.46939679
0.000559887256960256,347.98127455143,494237.787215289,5637010.46939679
0.000214978872360367,347.98127455143,494737.787215289,5637010.46939679
0.000311941747766953,347.98127455143,495237.787215289,5637010.46939679
0.00020340973324828,347.98127455143,495737.787215289,5637010.46939679
0.000212749267703365,347.98127455143,496237.787215289,5637010.46939679
0.000197963205326715,347.98127455143,496737.787215289,5637010.46939679
0.00021242863550505,347.98127455143,497237.787215289,5637010.46939679
0.00120706430839382,347.98127455143,497737.787215289,5637010.46939679
0.00120706430839382,347.98127455143,498237.787215289,5637010.46939679
0.000216643332165195,347.98127455143,498737.787215289,5637010.46939679
0.00119779049413384,347.98127455143,499237.787215289,5637010.46939679
0.00118358142591448,347.98127455143,499737.787215289,5637010.46939679
0.00116899350392335,347.98127455143,500237.787215289,5637010.46939679
0.000197963205326715,347.98127455143,500737.787215289,5637010.46939679
0.00019266660853334,347.98127455143,501237.787215289,5637010.46939679
0.000252419829966186,347.98127455143,501737.787215289,5637010.46939679
0.000271304510636895,347.98127455143,502237.787215289,5637010.46939679
0.000202153958013496,347.98127455143,502737.787215289,5637010.46939679
0.000278730883301042,347.98127455143,503237.787215289,5637010.46939679
0.000216580626304143,347.98127455143,503737.787215289,5637010.46939679
0.000523497779964607,347.98127455143,504237.787215289,5637010.46939679
0.000466166672057835,347.98127455143,504737.787215289,5637010.46939679
0.00531787490351497,347.98127455143,505237.787215289,5637010.46939679
0.00550301319802903,347.98127455143,505737.787215289,5637010.46939679
0.00177919809810768,347.98127455143,506237.787215289,5637010.46939679
0.00678285621577908,347.98127455143,506737.787215289,5637010.46939679
0.00216872240803948,347.98127455143,507237.787215289,5637010.46939679
0.00913266389041571,347.98127455143,507737.787215289,5637010.46939679
0.00913266389041571,347.98127455143,508237.787215289,5637010.46939679
0.00416074385043619,347.98127455143,508737.787215289,5637010.46939679
0.00286505649415382,347.98127455143,509237.787215289,5637010.46939679
0.0019270221428663,347.98127455143,509737.787215289,5637010.46939679
0.000240210871700229,347.98127455143,510237.787215289,5637010.46939679
0.000240210871700229,347.98127455143,510737.787215289,5637010.46939679
0.00937210164752142,347.98127455143,511237.787215289,5637010.46939679
0.00792631847314341,347.98127455143,511737.787215289,5637010.46939679
0.00560721359438344,347.98127455143,512237.787215289,5637010.46939679
0.00703747402388063,347.98127455143,512737.787215289,5637010.46939679
0.00117214024001177,347.98127455143,513237.787215289,5637010.46939679
0.00045532614028579,347.98127455143,513737.787215289,5637010.46939679
0.000449148439399054,347.98127455143,514237.787215289,5637010.46939679
0.000360042802988168,347.98127455143,514737.787215289,5637010.46939679
0.000240210871700229,347.98127455143,515237.787215289,5637010.46939679
0.00875271165265153,347.98127455143,515737.787215289,5637010.46939679
0.00828379171527924,347.98127455143,516237.787215289,5637010.46939679
0.00733679362543175,347.98127455143,516737.787215289,5637010.46939679
0.007156176524074,347.98127455143,517237.787215289,5637010.46939679
0.00586305431260097,347.98127455143,517737.787215289,5637010.46939679
0.00239474579852157,347.98127455143,518237.787215289,5637010.46939679
0.00346796317998855,347.98127455143,518737.787215289,5637010.46939679
0.00689556923654997,347.98127455143,519237.787215289,5637010.46939679
0.0062446557539521,347.98127455143,519737.787215289,5637010.46939679
0.00761433087259641,347.98127455143,520237.787215289,5637010.46939679
0.00613611619928782,347.98127455143,520737.787215289,5637010.46939679
0.0101707840336295,347.98127455143,521237.787215289,5637010.46939679
0.00599666200938172,347.98127455143,521737.787215289,5637010.46939679
0.00410397282989653,347.98127455143,522237.787215289,5637010.46939679
0.00709721078844805,347.98127455143,522737.787215289,5637010.46939679
0.00783699058945888,347.98127455143,523237.787215289,5637010.46939679
0.00722231955512375,347.98127455143,523737.787215289,5637010.46939679
0.00738217035792039,347.98127455143,524237.787215289,5637010.46939679
0.000163671018445512,347.98127455143,486737.787215289,5637510.46939679
0.000164953948591879,347.98127455143,487237.787215289,5637510.46939679
0.00192079119396997,347.98127455143,487737.787215289,5637510.46939679
0.00112803440256547,347.98127455143,488237.787215289,5637510.46939679
0.00118358142591448,347.98127455143,488737.787215289,5637510.46939679
0.000271011535714811,347.98127455143,489237.787215289,5637510.46939679
0.0013194925911878,347.98127455143,489737.787215289,5637510.46939679
0.00139444106601453,347.98127455143,490237.787215289,5637510.46939679
0.000245939258199023,347.98127455143,490737.787215289,5637510.46939679
0.000733583497458499,347.98127455143,491237.787215289,5637510.46939679
0.00205959445009503,347.98127455143,491737.787215289,5637510.46939679
0.000862249693592486,347.98127455143,492237.787215289,5637510.46939679
0.000298376026064157,347.98127455143,492737.787215289,5637510.46939679
0.000243428154989529,347.98127455143,493237.787215289,5637510.46939679
0.000431783436355884,347.98127455143,493737.787215289,5637510.46939679
0.00289817123219047,347.98127455143,494237.787215289,5637510.46939679
0.000226094171542182,347.98127455143,494737.787215289,5637510.46939679
0.00122959901029631,347.98127455143,495237.787215289,5637510.46939679
0.000214978872360367,347.98127455143,495737.787215289,5637510.46939679
0.000231680049566102,347.98127455143,496237.787215289,5637510.46939679
0.000255682167773841,347.98127455143,496737.787215289,5637510.46939679
0.00019175263473347,347.98127455143,497237.787215289,5637510.46939679
0.000240210871700229,347.98127455143,497737.787215289,5637510.46939679
0.000195353703566114,347.98127455143,498237.787215289,5637510.46939679
0.00114376694523597,347.98127455143,498737.787215289,5637510.46939679
0.0011333311140021,347.98127455143,499237.787215289,5637510.46939679
0.000330811239660372,347.98127455143,499737.787215289,5637510.46939679
0.000188952609872348,347.98127455143,500237.787215289,5637510.46939679
0.000187034890630417,347.98127455143,500737.787215289,5637510.46939679
0.000193431845743193,347.98127455143,501237.787215289,5637510.46939679
0.000233810807846168,347.98127455143,501737.787215289,5637510.46939679
0.000565513827590052,347.98127455143,502237.787215289,5637510.46939679
0.000245429157163481,347.98127455143,502737.787215289,5637510.46939679
0.000217982841566316,347.98127455143,503237.787215289,5637510.46939679
0.000226655071156317,347.98127455143,503737.787215289,5637510.46939679
0.00024596521479682,347.98127455143,504237.787215289,5637510.46939679
0.000328224660825062,347.98127455143,504737.787215289,5637510.46939679
0.00136353537498332,347.98127455143,505237.787215289,5637510.46939679
0.0020416643339308,347.98127455143,505737.787215289,5637510.46939679
0.00239557167475914,347.98127455143,506237.787215289,5637510.46939679
0.00153280988499176,347.98127455143,506737.787215289,5637510.46939679
0.0100846097289904,347.98127455143,507237.787215289,5637510.46939679
0.00153280988499176,347.98127455143,507737.787215289,5637510.46939679
0.00678285621577908,347.98127455143,508237.787215289,5637510.46939679
0.00227894989767302,347.98127455143,508737.787215289,5637510.46939679
0.00456211392213577,347.98127455143,509237.787215289,5637510.46939679
0.00145867144698545,347.98127455143,509737.787215289,5637510.46939679
0.00146966972850928,347.98127455143,510237.787215289,5637510.46939679
0.00429785319369278,347.98127455143,510737.787215289,5637510.46939679
0.0082676942160463,347.98127455143,511237.787215289,5637510.46939679
0.00832918155238848,347.98127455143,511737.787215289,5637510.46939679
0.00405819094464789,347.98127455143,512237.787215289,5637510.46939679
0.00592120383157817,347.98127455143,512737.787215289,5637510.46939679
0.000895988240310275,347.98127455143,513237.787215289,5637510.46939679
0.00144174130767319,347.98127455143,513737.787215289,5637510.46939679
0.00404499862698747,347.98127455143,514237.787215289,5637510.46939679
0.00142743876417792,347.98127455143,514737.787215289,5637510.46939679
0.000240210871700229,347.98127455143,515237.787215289,5637510.46939679
0.000448856652948253,347.98127455143,515737.787215289,5637510.46939679
0.000432447080776396,347.98127455143,516237.787215289,5637510.46939679
0.00602691892297112,347.98127455143,516737.787215289,5637510.46939679
0.00907633681987668,347.98127455143,517237.787215289,5637510.46939679
0.0095947253157454,347.98127455143,517737.787215289,5637510.46939679
0.00894444357043572,347.98127455143,518237.787215289,5637510.46939679
0.00840993765724286,347.98127455143,518737.787215289,5637510.46939679
0.00730319046893848,347.98127455143,519237.787215289,5637510.46939679
0.00661379921215651,347.98127455143,519737.787215289,5637510.46939679
0.00738996820125822,347.98127455143,520237.787215289,5637510.46939679
0.0061527858701315,347.98127455143,520737.787215289,5637510.46939679
0.00440412773998277,347.98127455143,521237.787215289,5637510.46939679
0.00645789821218265,347.98127455143,521737.787215289,5637510.46939679
0.00980086808019444,347.98127455143,522237.787215289,5637510.46939679
0.00766597586592496,347.98127455143,522737.787215289,5637510.46939679
0.0076743824429424,347.98127455143,523237.787215289,5637510.46939679
0.00705469392917532,347.98127455143,523737.787215289,5637510.46939679
0.00606106940044186,347.98127455143,524237.787215289,5637510.46939679
0.000159685545443755,347.98127455143,486737.787215289,5638010.46939679
0.000247126001826915,347.98127455143,487237.787215289,5638010.46939679
0.000397811167011444,347.98127455143,487737.787215289,5638010.46939679
0.00019446691435188,347.98127455143,488237.787215289,5638010.46939679
0.00022590538897526,347.98127455143,488737.787215289,5638010.46939679
0.00190596193681752,347.98127455143,489237.787215289,5638010.46939679
0.00213919165718774,347.98127455143,489737.787215289,5638010.46939679
0.00107872479909107,347.98127455143,490237.787215289,5638010.46939679
0.000616841294279693,347.98127455143,490737.787215289,5638010.46939679
0.000967560557664461,347.98127455143,491237.787215289,5638010.46939679
0.00423012968564536,347.98127455143,491737.787215289,5638010.46939679
0.000567519301903894,347.98127455143,492237.787215289,5638010.46939679
0.00027834673209435,347.98127455143,492737.787215289,5638010.46939679
0.000475623518485812,347.98127455143,493237.787215289,5638010.46939679
0.00076533103915275,347.98127455143,493737.787215289,5638010.46939679
0.000640148708629224,347.98127455143,494237.787215289,5638010.46939679
0.000221405559395298,347.98127455143,494737.787215289,5638010.46939679
0.000226094171542182,347.98127455143,495237.787215289,5638010.46939679
0.000312243996975491,347.98127455143,495737.787215289,5638010.46939679
0.000237387256746407,347.98127455143,496237.787215289,5638010.46939679
0.000524157658275794,347.98127455143,496737.787215289,5638010.46939679
0.000190829156379955,347.98127455143,497237.787215289,5638010.46939679
0.000307784476822549,347.98127455143,497737.787215289,5638010.46939679
0.000268677470166299,347.98127455143,498237.787215289,5638010.46939679
0.000189895894752974,347.98127455143,498737.787215289,5638010.46939679
0.00110070650052962,347.98127455143,499237.787215289,5638010.46939679
0.00110070650052962,347.98127455143,499737.787215289,5638010.46939679
0.000190829156379955,347.98127455143,500237.787215289,5638010.46939679
0.000190829156379955,347.98127455143,500737.787215289,5638010.46939679
0.000187999043260859,347.98127455143,501237.787215289,5638010.46939679
0.000239272538170627,347.98127455143,501737.787215289,5638010.46939679
0.000351558776169717,347.98127455143,502237.787215289,5638010.46939679
0.000958393641460816,347.98127455143,502737.787215289,5638010.46939679
0.000259230550378005,347.98127455143,503237.787215289,5638010.46939679
0.000363820501308673,347.98127455143,503737.787215289,5638010.46939679
0.000355804514618747,347.98127455143,504237.787215289,5638010.46939679
0.000319190480293231,347.98127455143,504737.787215289,5638010.46939679
0.000406304085486443,347.98127455143,505237.787215289,5638010.46939679
0.00516571421377313,347.98127455143,505737.787215289,5638010.46939679
0.00498296828686979,347.98127455143,506237.787215289,5638010.46939679
0.0100846097289904,347.98127455143,506737.787215289,5638010.46939679
0.00584548000176167,347.98127455143,507237.787215289,5638010.46939679
0.00239557167475914,347.98127455143,507737.787215289,5638010.46939679
0.00479398793385581,347.98127455143,508237.787215289,5638010.46939679
0.000888483517955524,347.98127455143,508737.787215289,5638010.46939679
0.00556274777190651,347.98127455143,509237.787215289,5638010.46939679
0.0013881189122564,347.98127455143,509737.787215289,5638010.46939679
0.00277880466861123,347.98127455143,510237.787215289,5638010.46939679
0.00197792045016032,347.98127455143,510737.787215289,5638010.46939679
0.0045162958890779,347.98127455143,511237.787215289,5638010.46939679
0.00839378698474055,347.98127455143,511737.787215289,5638010.46939679
0.00505279275326861,347.98127455143,512237.787215289,5638010.46939679
0.00494278940075806,347.98127455143,512737.787215289,5638010.46939679
0.00646698178413837,347.98127455143,513237.787215289,5638010.46939679
0.000665154055699047,347.98127455143,513737.787215289,5638010.46939679
0.000928257574841077,347.98127455143,514237.787215289,5638010.46939679
0.00148613671045761,347.98127455143,514737.787215289,5638010.46939679
0.00110227696266072,347.98127455143,515237.787215289,5638010.46939679
0.00222485878362705,347.98127455143,515737.787215289,5638010.46939679
0.000630071705642028,347.98127455143,516237.787215289,5638010.46939679
0.00034216543855427,347.98127455143,516737.787215289,5638010.46939679
0.00035599504243463,347.98127455143,517237.787215289,5638010.46939679
0.00034216543855427,347.98127455143,517737.787215289,5638010.46939679
0.00208745690179061,347.98127455143,518237.787215289,5638010.46939679
0.00582446442343772,347.98127455143,518737.787215289,5638010.46939679
0.00377139909747692,347.98127455143,519237.787215289,5638010.46939679
0.00689714782039308,347.98127455143,519737.787215289,5638010.46939679
0.00675256178150667,347.98127455143,520237.787215289,5638010.46939679
0.0066210270051987,347.98127455143,520737.787215289,5638010.46939679
0.00167701578620499,347.98127455143,521237.787215289,5638010.46939679
0.00638058190672931,347.98127455143,521737.787215289,5638010.46939679
0.0023192166178835,347.98127455143,522237.787215289,5638010.46939679
0.00054848157227662,347.98127455143,522737.787215289,5638010.46939679
0.00764703174300231,347.98127455143,523237.787215289,5638010.46939679
0.000240210871700229,347.98127455143,523737.787215289,5638010.46939679
0.000240210871700229,347.98127455143,524237.787215289,5638010.46939679
0.000155472534082561,347.98127455143,486737.787215289,5638510.46939679
0.000411732321885241,347.98127455143,487237.787215289,5638510.46939679
0.00293991129511538,347.98127455143,487737.787215289,5638510.46939679
0.00024242428514082,347.98127455143,488237.787215289,5638510.46939679
0.000884384496206211,347.98127455143,488737.787215289,5638510.46939679
0.0026407607253467,347.98127455143,489237.787215289,5638510.46939679
0.00514984941357854,347.98127455143,489737.787215289,5638510.46939679
0.00522066368703354,347.98127455143,490237.787215289,5638510.46939679
0.00318978666135546,347.98127455143,490737.787215289,5638510.46939679
0.00390238816187156,347.98127455143,491237.787215289,5638510.46939679
0.00365102411473296,347.98127455143,491737.787215289,5638510.46939679
0.000364554181728611,347.98127455143,492237.787215289,5638510.46939679
0.000358973131703419,347.98127455143,492737.787215289,5638510.46939679
0.00135252417953819,347.98127455143,493237.787215289,5638510.46939679
0.000328958960142632,347.98127455143,493737.787215289,5638510.46939679
0.000433845100037116,347.98127455143,494237.787215289,5638510.46939679
0.000244703782798389,347.98127455143,494737.787215289,5638510.46939679
0.000226655071156317,347.98127455143,495237.787215289,5638510.46939679
0.000514294999945202,347.98127455143,495737.787215289,5638510.46939679
0.000743068449395076,347.98127455143,496237.787215289,5638510.46939679
0.000780183671138081,347.98127455143,496737.787215289,5638510.46939679
0.000202153958013496,347.98127455143,497237.787215289,5638510.46939679
0.000202153958013496,347.98127455143,497737.787215289,5638510.46939679
0.000200500336173688,347.98127455143,498237.787215289,5638510.46939679
0.000357322200932922,347.98127455143,498737.787215289,5638510.46939679
0.000196231902349737,347.98127455143,499237.787215289,5638510.46939679
0.000198816709233196,347.98127455143,499737.787215289,5638510.46939679
0.000202153958013496,347.98127455143,500237.787215289,5638510.46939679
0.000240210871700229,347.98127455143,500737.787215289,5638510.46939679
0.00019710165593997,347.98127455143,501237.787215289,5638510.46939679
0.000214136074895367,347.98127455143,501737.787215289,5638510.46939679
0.000469184993765865,347.98127455143,502237.787215289,5638510.46939679
0.004873055098966,347.98127455143,502737.787215289,5638510.46939679
0.00375896494724117,347.98127455143,503237.787215289,5638510.46939679
0.00340377482116579,347.98127455143,503737.787215289,5638510.46939679
0.00100452366891545,347.98127455143,504237.787215289,5638510.46939679
0.00459477299640784,347.98127455143,504737.787215289,5638510.46939679
0.00220127700869308,347.98127455143,505237.787215289,5638510.46939679
0.00568085666462005,347.98127455143,505737.787215289,5638510.46939679
0.00503931293759834,347.98127455143,506237.787215289,5638510.46939679
0.00827057783857869,347.98127455143,506737.787215289,5638510.46939679
0.000568685402027585,347.98127455143,507237.787215289,5638510.46939679
0.00645478528540277,347.98127455143,507737.787215289,5638510.46939679
0.00869093824504926,347.98127455143,508237.787215289,5638510.46939679
0.000665518065370577,347.98127455143,508737.787215289,5638510.46939679
0.0026444003698964,347.98127455143,509237.787215289,5638510.46939679
0.00529369064037944,347.98127455143,509737.787215289,5638510.46939679
0.00393163954081253,347.98127455143,510237.787215289,5638510.46939679
0.00434145511538765,347.98127455143,510737.787215289,5638510.46939679
0.0026444003698964,347.98127455143,511237.787215289,5638510.46939679
0.00712760167994685,347.98127455143,511737.787215289,5638510.46939679
0.00614258238052102,347.98127455143,512237.787215289,5638510.46939679
0.0011384223903099,347.98127455143,512737.787215289,5638510.46939679
0.000807144863112984,347.98127455143,513237.787215289,5638510.46939679
0.0025291344328477,347.98127455143,513737.787215289,5638510.46939679
0.00828100329197002,347.98127455143,514237.787215289,5638510.46939679
0.00508865412650937,347.98127455143,514737.787215289,5638510.46939679
0.00607698540384777,347.98127455143,515237.787215289,5638510.46939679
0.00196771493938878,347.98127455143,515737.787215289,5638510.46939679
0.00107969409420702,347.98127455143,516237.787215289,5638510.46939679
0.00324678330072797,347.98127455143,516737.787215289,5638510.46939679
0.00129792032734705,347.98127455143,517237.787215289,5638510.46939679
0.000510035156686043,347.98127455143,517737.787215289,5638510.46939679
0.000240210871700229,347.98127455143,518237.787215289,5638510.46939679
0.000332414423517,347.98127455143,518737.787215289,5638510.46939679
0.000332414423517,347.98127455143,519237.787215289,5638510.46939679
0.000240210871700229,347.98127455143,519737.787215289,5638510.46939679
0.000240210871700229,347.98127455143,520237.787215289,5638510.46939679
0.000240210871700229,347.98127455143,520737.787215289,5638510.46939679
0.000240210871700229,347.98127455143,521237.787215289,5638510.46939679
0.000240210871700229,347.98127455143,521737.787215289,5638510.46939679
0.000240210871700229,347.98127455143,522237.787215289,5638510.46939679
0.000240210871700229,347.98127455143,522737.787215289,5638510.46939679
0.000240210871700229,347.98127455143,523237.787215289,5638510.46939679
0.000240210871700229,347.98127455143,523737.787215289,5638510.46939679
0.000240210871700229,347.98127455143,524237.787215289,5638510.46939679
0.000270690713131279,347.98127455143,486737.787215289,5639010.46939679
0.000505620082605351,347.98127455143,487237.787215289,5639010.46939679
0.00269158733399746,347.98127455143,487737.787215289,5639010.46939679
0.0033975545600772,347.98127455143,488237.787215289,5639010.46939679
0.00417062010813824,347.98127455143,488737.787215289,5639010.46939679
0.00380318340044403,347.98127455143,489237.787215289,5639010.46939679
0.0043325528799355,347.98127455143,489737.787215289,5639010.46939679
0.00516571421377313,347.98127455143,490237.787215289,5639010.46939679
0.00550236941466269,347.98127455143,490737.787215289,5639010.46939679
0.00393293958814123,347.98127455143,491237.787215289,5639010.46939679
0.0062730023875235,347.98127455143,491737.787215289,5639010.46939679
0.00478182703727688,347.98127455143,492237.787215289,5639010.46939679
0.00640676171447112,347.98127455143,492737.787215289,5639010.46939679
0.0057041639156425,347.98127455143,493237.787215289,5639010.46939679
0.00025765964850884,347.98127455143,493737.787215289,5639010.46939679
0.000252707917403454,347.98127455143,494237.787215289,5639010.46939679
0.000297906582154278,347.98127455143,494737.787215289,5639010.46939679
0.000277688184582233,347.98127455143,495237.787215289,5639010.46939679
0.000489860060303964,347.98127455143,495737.787215289,5639010.46939679
0.000263001286082094,347.98127455143,496237.787215289,5639010.46939679
0.000579928922357697,347.98127455143,496737.787215289,5639010.46939679
0.00125127423176983,347.98127455143,497237.787215289,5639010.46939679
0.00125127423176983,347.98127455143,497737.787215289,5639010.46939679
0.000245429157163481,347.98127455143,498237.787215289,5639010.46939679
0.000279685038281697,347.98127455143,498737.787215289,5639010.46939679
0.000324535093747254,347.98127455143,499237.787215289,5639010.46939679
0.00122959901029631,347.98127455143,499737.787215289,5639010.46939679
0.00021371578919222,347.98127455143,500237.787215289,5639010.46939679
0.00125127423176983,347.98127455143,500737.787215289,5639010.46939679
0.000207722896969886,347.98127455143,501237.787215289,5639010.46939679
0.000258806027087012,347.98127455143,501737.787215289,5639010.46939679
0.000656960849058211,347.98127455143,502237.787215289,5639010.46939679
0.00357715258261747,347.98127455143,502737.787215289,5639010.46939679
0.00582047226120012,347.98127455143,503237.787215289,5639010.46939679
0.00461169852970783,347.98127455143,503737.787215289,5639010.46939679
0.00891187923005482,347.98127455143,504237.787215289,5639010.46939679
0.00580198965915817,347.98127455143,504737.787215289,5639010.46939679
0.00584741288512555,347.98127455143,505237.787215289,5639010.46939679
0.00239477980992454,347.98127455143,505737.787215289,5639010.46939679
0.00748986917779531,347.98127455143,506237.787215289,5639010.46939679
0.00356050887733301,347.98127455143,506737.787215289,5639010.46939679
0.00456211392213577,347.98127455143,507237.787215289,5639010.46939679
0.00869093824504926,347.98127455143,507737.787215289,5639010.46939679
0.00456211392213577,347.98127455143,508237.787215289,5639010.46939679
0.00748986917779531,347.98127455143,508737.787215289,5639010.46939679
0.00292004020049282,347.98127455143,509237.787215289,5639010.46939679
0.00827057783857869,347.98127455143,509737.787215289,5639010.46939679
0.00359093388979368,347.98127455143,510237.787215289,5639010.46939679
0.00667196989494092,347.98127455143,510737.787215289,5639010.46939679
0.00556543049886693,347.98127455143,511237.787215289,5639010.46939679
0.00434145511538765,347.98127455143,511737.787215289,5639010.46939679
0.00325633372872503,347.98127455143,512237.787215289,5639010.46939679
0.000486244221350802,347.98127455143,512737.787215289,5639010.46939679
0.00585284850496637,347.98127455143,513237.787215289,5639010.46939679
0.00303389403300202,347.98127455143,513737.787215289,5639010.46939679
0.00787054928424487,347.98127455143,514237.787215289,5639010.46939679
0.000472880761107467,347.98127455143,514737.787215289,5639010.46939679
0.00117399091211607,347.98127455143,515237.787215289,5639010.46939679
0.00292372104886947,347.98127455143,515737.787215289,5639010.46939679
0.00456786468187583,347.98127455143,516237.787215289,5639010.46939679
0.00615418896306789,347.98127455143,516737.787215289,5639010.46939679
0.00161375997759889,347.98127455143,517237.787215289,5639010.46939679
0.00137434304607862,347.98127455143,517737.787215289,5639010.46939679
0.000240210871700229,347.98127455143,518237.787215289,5639010.46939679
0.000240210871700229,347.98127455143,518737.787215289,5639010.46939679
0.000438219208825725,347.98127455143,519237.787215289,5639010.46939679
0.000438219208825725,347.98127455143,519737.787215289,5639010.46939679
0.000240210871700229,347.98127455143,520237.787215289,5639010.46939679
0.000240210871700229,347.98127455143,520737.787215289,5639010.46939679
0.000240210871700229,347.98127455143,521237.787215289,5639010.46939679
0.000240210871700229,347.98127455143,521737.787215289,5639010.46939679
0.000240210871700229,347.98127455143,522237.787215289,5639010.46939679
0.000240210871700229,347.98127455143,522737.787215289,5639010.46939679
0.000240210871700229,347.98127455143,523237.787215289,5639010.46939679
0.000240210871700229,347.98127455143,523737.787215289,5639010.46939679
0.000595626804434099,347.98127455143,524237.787215289,5639010.46939679
0.000444407584641869,347.98127455143,486737.787215289,5639510.46939679
0.00408447867429051,347.98127455143,487237.787215289,5639510.46939679
0.00346713363152102,347.98127455143,487737.787215289,5639510.46939679
0.00341144562855009,347.98127455143,488237.787215289,5639510.46939679
0.0037898639902527,347.98127455143,488737.787215289,5639510.46939679
0.00312800049693918,347.98127455143,489237.787215289,5639510.46939679
0.0035767750873244,347.98127455143,489737.787215289,5639510.46939679
0.00214543396962474,347.98127455143,490237.787215289,5639510.46939679
0.00456362244395119,347.98127455143,490737.787215289,5639510.46939679
0.00827057783857869,347.98127455143,491237.787215289,5639510.46939679
0.00645691964341817,347.98127455143,491737.787215289,5639510.46939679
0.00421918888080466,347.98127455143,492237.787215289,5639510.46939679
0.0062730023875235,347.98127455143,492737.787215289,5639510.46939679
0.00583065178802054,347.98127455143,493237.787215289,5639510.46939679
0.000392218634889949,347.98127455143,493737.787215289,5639510.46939679
0.000736581686144082,347.98127455143,494237.787215289,5639510.46939679
0.00146761914750705,347.98127455143,494737.787215289,5639510.46939679
0.000271574807278018,347.98127455143,495237.787215289,5639510.46939679
0.000354103938237734,347.98127455143,495737.787215289,5639510.46939679
0.000270210551744838,347.98127455143,496237.787215289,5639510.46939679
0.000435474156493555,347.98127455143,496737.787215289,5639510.46939679
0.000240210871700229,347.98127455143,497237.787215289,5639510.46939679
0.000231234536710995,347.98127455143,497737.787215289,5639510.46939679
0.000217284190175595,347.98127455143,498237.787215289,5639510.46939679
0.000449571495936842,347.98127455143,498737.787215289,5639510.46939679
0.000247987071839389,347.98127455143,499237.787215289,5639510.46939679
0.000475610600915397,347.98127455143,499737.787215289,5639510.46939679
0.00430894078757515,347.98127455143,500237.787215289,5639510.46939679
0.00410052737467873,347.98127455143,500737.787215289,5639510.46939679
0.000350868770398796,347.98127455143,501237.787215289,5639510.46939679
0.00285247441147491,347.98127455143,501737.787215289,5639510.46939679
0.00512073300758803,347.98127455143,502237.787215289,5639510.46939679
0.000645031882959735,347.98127455143,502737.787215289,5639510.46939679
0.00282751942544805,347.98127455143,503237.787215289,5639510.46939679
0.00671001972519289,347.98127455143,503737.787215289,5639510.46939679
0.00583065178802054,347.98127455143,504237.787215289,5639510.46939679
0.00401511655824253,347.98127455143,504737.787215289,5639510.46939679
0.00239477980992454,347.98127455143,505237.787215289,5639510.46939679
0.00434145511538765,347.98127455143,505737.787215289,5639510.46939679
0.00869093824504926,347.98127455143,506237.787215289,5639510.46939679
0.00959684068435471,347.98127455143,506737.787215289,5639510.46939679
0.0105971701241059,347.98127455143,507237.787215289,5639510.46939679
0.00787054928424487,347.98127455143,507737.787215289,5639510.46939679
0.00206382636491264,347.98127455143,508237.787215289,5639510.46939679
0.000804880370360861,347.98127455143,508737.787215289,5639510.46939679
0.00645478528540277,347.98127455143,509237.787215289,5639510.46939679
0.0061446135046188,347.98127455143,509737.787215289,5639510.46939679
0.00386092573084466,347.98127455143,510237.787215289,5639510.46939679
0.0030946745106591,347.98127455143,510737.787215289,5639510.46939679
0.00466212824279481,347.98127455143,511237.787215289,5639510.46939679
0.00434145511538765,347.98127455143,511737.787215289,5639510.46939679
0.00393293958814123,347.98127455143,512237.787215289,5639510.46939679
0.00592697723170648,347.98127455143,512737.787215289,5639510.46939679
0.00472147807375804,347.98127455143,513237.787215289,5639510.46939679
0.0032635528433303,347.98127455143,513737.787215289,5639510.46939679
0.00284101510398224,347.98127455143,514237.787215289,5639510.46939679
0.00388328291505422,347.98127455143,514737.787215289,5639510.46939679
0.000444111351355196,347.98127455143,515237.787215289,5639510.46939679
0.000934818482336295,347.98127455143,515737.787215289,5639510.46939679
0.00108472518110215,347.98127455143,516237.787215289,5639510.46939679
0.00196771493938878,347.98127455143,516737.787215289,5639510.46939679
0.00482105379041294,347.98127455143,517237.787215289,5639510.46939679
0.00208219323275766,347.98127455143,517737.787215289,5639510.46939679
0.000375292559960999,347.98127455143,518237.787215289,5639510.46939679
0.00039436718039619,347.98127455143,518737.787215289,5639510.46939679
0.000557977182620508,347.98127455143,519237.787215289,5639510.46939679
0.000339866479993234,347.98127455143,519737.787215289,5639510.46939679
0.000240210871700229,347.98127455143,520237.787215289,5639510.46939679
0.000240210871700229,347.98127455143,520737.787215289,5639510.46939679
0.000240210871700229,347.98127455143,521237.787215289,5639510.46939679
0.000505306422790479,347.98127455143,521737.787215289,5639510.46939679
0.000457607566879609,347.98127455143,522237.787215289,5639510.46939679
0.000837871773896967,347.98127455143,522737.787215289,5639510.46939679
0.00139602524633751,347.98127455143,523237.787215289,5639510.46939679
0.000689656248995222,347.98127455143,523737.787215289,5639510.46939679
0.000510668646413997,347.98127455143,524237.787215289,5639510.46939679
0.00251976380865704,347.98127455143,486737.787215289,5640010.46939679
0.00236754213101089,347.98127455143,487237.787215289,5640010.46939679
0.00211184711438754,347.98127455143,487737.787215289,5640010.46939679
0.00162172157572542,347.98127455143,488237.787215289,5640010.46939679
0.00180161282672115,347.98127455143,488737.787215289,5640010.46939679
0.00328698425671955,347.98127455143,489237.787215289,5640010.46939679
0.000849372359858595,347.98127455143,489737.787215289,5640010.46939679
0.00118343776854291,347.98127455143,490237.787215289,5640010.46939679
0.00556458716621161,347.98127455143,490737.787215289,5640010.46939679
0.00556274777190651,347.98127455143,491237.787215289,5640010.46939679
0.00125708617450249,347.98127455143,491737.787215289,5640010.46939679
0.00614258238052102,347.98127455143,492237.787215289,5640010.46939679
0.00614258238052102,347.98127455143,492737.787215289,5640010.46939679
0.00584741288512555,347.98127455143,493237.787215289,5640010.46939679
0.0062730023875235,347.98127455143,493737.787215289,5640010.46939679
0.000318400018025049,347.98127455143,494237.787215289,5640010.46939679
0.000338014858878166,347.98127455143,494737.787215289,5640010.46939679
0.000317100652890732,347.98127455143,495237.787215289,5640010.46939679
0.00122485143870998,347.98127455143,495737.787215289,5640010.46939679
0.00051280057530906,347.98127455143,496237.787215289,5640010.46939679
0.000257141097773191,347.98127455143,496737.787215289,5640010.46939679
0.00023286803173197,347.98127455143,497237.787215289,5640010.46939679
0.000489860060303964,347.98127455143,497737.787215289,5640010.46939679
0.0010141652513335,347.98127455143,498237.787215289,5640010.46939679
0.000336986051744792,347.98127455143,498737.787215289,5640010.46939679
0.000226655071156317,347.98127455143,499237.787215289,5640010.46939679
0.000708882221408989,347.98127455143,499737.787215289,5640010.46939679
0.00227786069423748,347.98127455143,500237.787215289,5640010.46939679
0.00355880716440574,347.98127455143,500737.787215289,5640010.46939679
0.000250280527470936,347.98127455143,501237.787215289,5640010.46939679
0.000864365306301013,347.98127455143,501737.787215289,5640010.46939679
0.00293369001578332,347.98127455143,502237.787215289,5640010.46939679
0.00464209157327803,347.98127455143,502737.787215289,5640010.46939679
0.00560257014279427,347.98127455143,503237.787215289,5640010.46939679
0.000795880988122086,347.98127455143,503737.787215289,5640010.46939679
0.00678509905467943,347.98127455143,504237.787215289,5640010.46939679
0.0105971701241059,347.98127455143,504737.787215289,5640010.46939679
0.00913266389041571,347.98127455143,505237.787215289,5640010.46939679
0.0105971701241059,347.98127455143,505737.787215289,5640010.46939679
0.00748986917779531,347.98127455143,506237.787215289,5640010.46939679
0.00712760167994685,347.98127455143,506737.787215289,5640010.46939679
0.00322547762107657,347.98127455143,507237.787215289,5640010.46939679
0.00138857791168019,347.98127455143,507737.787215289,5640010.46939679
0.00181637362690384,347.98127455143,508237.787215289,5640010.46939679
0.0014089559067379,347.98127455143,508737.787215289,5640010.46939679
0.00443363338365889,347.98127455143,509237.787215289,5640010.46939679
0.00154615479166431,347.98127455143,509737.787215289,5640010.46939679
0.00188528153157707,347.98127455143,510237.787215289,5640010.46939679
0.00109279147004012,347.98127455143,510737.787215289,5640010.46939679
0.00225421405547694,347.98127455143,511237.787215289,5640010.46939679
0.00614258238052102,347.98127455143,511737.787215289,5640010.46939679
0.00132097883902921,347.98127455143,512237.787215289,5640010.46939679
0.00529369064037944,347.98127455143,512737.787215289,5640010.46939679
0.00292004020049282,347.98127455143,513237.787215289,5640010.46939679
0.00479398793385581,347.98127455143,513737.787215289,5640010.46939679
0.00479398793385581,347.98127455143,514237.787215289,5640010.46939679
0.00584916706172626,347.98127455143,514737.787215289,5640010.46939679
0.00078946360600378,347.98127455143,515237.787215289,5640010.46939679
0.0010854065937094,347.98127455143,515737.787215289,5640010.46939679
0.000934230481266456,347.98127455143,516237.787215289,5640010.46939679
0.00218606754206742,347.98127455143,516737.787215289,5640010.46939679
0.0012334155219375,347.98127455143,517237.787215289,5640010.46939679
0.000857220565682234,347.98127455143,517737.787215289,5640010.46939679
0.0013924846097841,347.98127455143,518237.787215289,5640010.46939679
0.000984794979704701,347.98127455143,518737.787215289,5640010.46939679
0.00146325903546479,347.98127455143,519237.787215289,5640010.46939679
0.00319726907434222,347.98127455143,519737.787215289,5640010.46939679
0.00261644758821065,347.98127455143,520237.787215289,5640010.46939679
0.00320471636968771,347.98127455143,520737.787215289,5640010.46939679
0.00130701535849153,347.98127455143,521237.787215289,5640010.46939679
0.000759251535943909,347.98127455143,521737.787215289,5640010.46939679
0.00124555836384888,347.98127455143,522237.787215289,5640010.46939679
0.000788031555328318,347.98127455143,522737.787215289,5640010.46939679
0.00133546922196276,347.98127455143,523237.787215289,5640010.46939679
0.000898229674385087,347.98127455143,523737.787215289,5640010.46939679
0.000620186966979808,347.98127455143,524237.787215289,5640010.46939679
0.00153479977808529,347.98127455143,486737.787215289,5640510.46939679
0.00136282636745129,347.98127455143,487237.787215289,5640510.46939679
0.00344875647614503,347.98127455143,487737.787215289,5640510.46939679
0.00228517758104411,347.98127455143,488237.787215289,5640510.46939679
0.000666132526167858,347.98127455143,488737.787215289,5640510.46939679
0.000352101892507739,347.98127455143,489237.787215289,5640510.46939679
0.00062667483902217,347.98127455143,489737.787215289,5640510.46939679
0.000455114482438725,347.98127455143,490237.787215289,5640510.46939679
0.000360043654028289,347.98127455143,490737.787215289,5640510.46939679
0.000660097508253297,347.98127455143,491237.787215289,5640510.46939679
0.0011384223903099,347.98127455143,491737.787215289,5640510.46939679
0.00227894989767302,347.98127455143,492237.787215289,5640510.46939679
0.00306845416981236,347.98127455143,492737.787215289,5640510.46939679
0.00645478528540277,347.98127455143,493237.787215289,5640510.46939679
0.00678509905467943,347.98127455143,493737.787215289,5640510.46939679
0.00670923473723604,347.98127455143,494237.787215289,5640510.46939679
0.000596073503979293,347.98127455143,494737.787215289,5640510.46939679
0.000535368057360748,347.98127455143,495237.787215289,5640510.46939679
0.00132301010190898,347.98127455143,495737.787215289,5640510.46939679
0.00180979048986953,347.98127455143,496237.787215289,5640510.46939679
0.000238168472856521,347.98127455143,496737.787215289,5640510.46939679
0.000277688184582233,347.98127455143,497237.787215289,5640510.46939679
0.000322218026282592,347.98127455143,497737.787215289,5640510.46939679
0.000332855556780455,347.98127455143,498237.787215289,5640510.46939679
0.00023286803173197,347.98127455143,498737.787215289,5640510.46939679
0.00023286803173197,347.98127455143,499237.787215289,5640510.46939679
0.000363820501308673,347.98127455143,499737.787215289,5640510.46939679
0.00111280763948287,347.98127455143,500237.787215289,5640510.46939679
0.00517458145220565,347.98127455143,500737.787215289,5640510.46939679
0.000980625946754194,347.98127455143,501237.787215289,5640510.46939679
0.0043393801562884,347.98127455143,501737.787215289,5640510.46939679
0.00285433866231405,347.98127455143,502237.787215289,5640510.46939679
0.00576484106299995,347.98127455143,502737.787215289,5640510.46939679
0.00661887880197661,347.98127455143,503237.787215289,5640510.46939679
0.0061446135046188,347.98127455143,503737.787215289,5640510.46939679
0.00479398793385581,347.98127455143,504237.787215289,5640510.46939679
0.0100846097289904,347.98127455143,504737.787215289,5640510.46939679
0.00356050887733301,347.98127455143,505237.787215289,5640510.46939679
0.00132141563772174,347.98127455143,505737.787215289,5640510.46939679
0.0037427124760297,347.98127455143,506237.787215289,5640510.46939679
0.00787315178288854,347.98127455143,506737.787215289,5640510.46939679
0.00190869263665262,347.98127455143,507237.787215289,5640510.46939679
0.0034602360420599,347.98127455143,507737.787215289,5640510.46939679
0.0064384114485517,347.98127455143,508237.787215289,5640510.46939679
0.00303550412249545,347.98127455143,508737.787215289,5640510.46939679
0.00508150579791666,347.98127455143,509237.787215289,5640510.46939679
0.0039658690713342,347.98127455143,509737.787215289,5640510.46939679
0.00483572521790717,347.98127455143,510237.787215289,5640510.46939679
0.00140020411441737,347.98127455143,510737.787215289,5640510.46939679
0.00243072774870933,347.98127455143,511237.787215289,5640510.46939679
0.00177919809810768,347.98127455143,511737.787215289,5640510.46939679
0.00186900961221556,347.98127455143,512237.787215289,5640510.46939679
0.00227894989767302,347.98127455143,512737.787215289,5640510.46939679
0.000981094852141115,347.98127455143,513237.787215289,5640510.46939679
0.00177848566985019,347.98127455143,513737.787215289,5640510.46939679
0.00556274777190651,347.98127455143,514237.787215289,5640510.46939679
0.00187018849752739,347.98127455143,514737.787215289,5640510.46939679
0.000962621054680474,347.98127455143,515237.787215289,5640510.46939679
0.00073481678350275,347.98127455143,515737.787215289,5640510.46939679
0.00146966972850928,347.98127455143,516237.787215289,5640510.46939679
0.00114700601616173,347.98127455143,516737.787215289,5640510.46939679
0.00147231239907214,347.98127455143,517237.787215289,5640510.46939679
0.000897594885612096,347.98127455143,517737.787215289,5640510.46939679
0.000984180440366022,347.98127455143,518237.787215289,5640510.46939679
0.000599843172251868,347.98127455143,518737.787215289,5640510.46939679
0.000983564949813065,347.98127455143,519237.787215289,5640510.46939679
0.00217418258975332,347.98127455143,519737.787215289,5640510.46939679
0.000925782403064438,347.98127455143,520237.787215289,5640510.46939679
0.0011288394125647,347.98127455143,520737.787215289,5640510.46939679
0.00107424008382409,347.98127455143,521237.787215289,5640510.46939679
0.00140451554022003,347.98127455143,521737.787215289,5640510.46939679
0.00140451554022003,347.98127455143,522237.787215289,5640510.46939679
0.00308125700554199,347.98127455143,522737.787215289,5640510.46939679
0.00136349843544201,347.98127455143,523237.787215289,5640510.46939679
0.00136349843544201,347.98127455143,523737.787215289,5640510.46939679
0.00127581334414351,347.98127455143,524237.787215289,5640510.46939679
0.00235368685242467,347.98127455143,486737.787215289,5641010.46939679
0.00420151577892216,347.98127455143,487237.787215289,5641010.46939679
0.000569359854871288,347.98127455143,487737.787215289,5641010.46939679
0.000340039359726371,347.98127455143,488237.787215289,5641010.46939679
0.000241033164504405,347.98127455143,488737.787215289,5641010.46939679
0.000240704345543651,347.98127455143,489237.787215289,5641010.46939679
0.00024596521479682,347.98127455143,489737.787215289,5641010.46939679
0.000275079038969791,347.98127455143,490237.787215289,5641010.46939679
0.000287167650519715,347.98127455143,490737.787215289,5641010.46939679
0.000326095157335069,347.98127455143,491237.787215289,5641010.46939679
0.001688289192506,347.98127455143,491737.787215289,5641010.46939679
0.00244562604693557,347.98127455143,492237.787215289,5641010.46939679
0.00277972351621893,347.98127455143,492737.787215289,5641010.46939679
0.00678285621577908,347.98127455143,493237.787215289,5641010.46939679
0.00206382636491264,347.98127455143,493737.787215289,5641010.46939679
0.00678285621577908,347.98127455143,494237.787215289,5641010.46939679
0.000363994469164103,347.98127455143,494737.787215289,5641010.46939679
0.00456362244395119,347.98127455143,495237.787215289,5641010.46939679
0.00537315400744864,347.98127455143,495737.787215289,5641010.46939679
0.000654969811805837,347.98127455143,496237.787215289,5641010.46939679
0.000660894003925777,347.98127455143,496737.787215289,5641010.46939679
0.000287167650519715,347.98127455143,497237.787215289,5641010.46939679
0.000471458663943356,347.98127455143,497737.787215289,5641010.46939679
0.00101673779258601,347.98127455143,498237.787215289,5641010.46939679
0.000253715073299244,347.98127455143,498737.787215289,5641010.46939679
0.000309363813088152,347.98127455143,499237.787215289,5641010.46939679
0.000683852567584678,347.98127455143,499737.787215289,5641010.46939679
0.00120928599376061,347.98127455143,500237.787215289,5641010.46939679
0.000736581686144082,347.98127455143,500737.787215289,5641010.46939679
0.00302612455995687,347.98127455143,501237.787215289,5641010.46939679
0.000619299687165375,347.98127455143,501737.787215289,5641010.46939679
0.00292453033242488,347.98127455143,502237.787215289,5641010.46939679
0.00710952111151791,347.98127455143,502737.787215289,5641010.46939679
0.00638472470601384,347.98127455143,503237.787215289,5641010.46939679
0.00827057783857869,347.98127455143,503737.787215289,5641010.46939679
0.00678509905467943,347.98127455143,504237.787215289,5641010.46939679
0.00456362244395119,347.98127455143,504737.787215289,5641010.46939679
0.00421918888080466,347.98127455143,505237.787215289,5641010.46939679
0.00124358717903474,347.98127455143,505737.787215289,5641010.46939679
0.00199257913236571,347.98127455143,506237.787215289,5641010.46939679
0.0036123124268767,347.98127455143,506737.787215289,5641010.46939679
0.00264846665177156,347.98127455143,507237.787215289,5641010.46939679
0.00117978100244653,347.98127455143,507737.787215289,5641010.46939679
0.00314172970516768,347.98127455143,508237.787215289,5641010.46939679
0.00377404923694696,347.98127455143,508737.787215289,5641010.46939679
0.00266742297464775,347.98127455143,509237.787215289,5641010.46939679
0.00416743834102403,347.98127455143,509737.787215289,5641010.46939679
0.00341779445245493,347.98127455143,510237.787215289,5641010.46939679
0.00561117801142016,347.98127455143,510737.787215289,5641010.46939679
0.00356168620552058,347.98127455143,511237.787215289,5641010.46939679
0.0105971701241059,347.98127455143,511737.787215289,5641010.46939679
0.00827057783857869,347.98127455143,512237.787215289,5641010.46939679
0.00408662587757389,347.98127455143,512737.787215289,5641010.46939679
0.00138857791168019,347.98127455143,513237.787215289,5641010.46939679
0.00356222599152723,347.98127455143,513737.787215289,5641010.46939679
0.00792567394474528,347.98127455143,514237.787215289,5641010.46939679
0.00966484203999406,347.98127455143,514737.787215289,5641010.46939679
0.00162286117395401,347.98127455143,515237.787215289,5641010.46939679
0.00413407500099893,347.98127455143,515737.787215289,5641010.46939679
0.000846042951673253,347.98127455143,516237.787215289,5641010.46939679
0.000988941509528632,347.98127455143,516737.787215289,5641010.46939679
0.00117281152852006,347.98127455143,517237.787215289,5641010.46939679
0.00108472518110215,347.98127455143,517737.787215289,5641010.46939679
0.000766662194262062,347.98127455143,518237.787215289,5641010.46939679
0.00146051017113273,347.98127455143,518737.787215289,5641010.46939679
0.00103161026328653,347.98127455143,519237.787215289,5641010.46939679
0.00167351912724659,347.98127455143,519737.787215289,5641010.46939679
0.000983058754039685,347.98127455143,520237.787215289,5641010.46939679
0.000695503085296531,347.98127455143,520737.787215289,5641010.46939679
0.00161394072737155,347.98127455143,521237.787215289,5641010.46939679
0.00072045506677343,347.98127455143,521737.787215289,5641010.46939679
0.000629219508814546,347.98127455143,522237.787215289,5641010.46939679
0.00102990268027913,347.98127455143,522737.787215289,5641010.46939679
0.00110883221159851,347.98127455143,523237.787215289,5641010.46939679
0.00211235239619193,347.98127455143,523737.787215289,5641010.46939679
0.00155317921844722,347.98127455143,524237.787215289,5641010.46939679
0.00101326933813856,347.98127455143,486737.787215289,5641510.46939679
0.000212973717212819,347.98127455143,487237.787215289,5641510.46939679
0.00023058871723692,347.98127455143,487737.787215289,5641510.46939679
0.000237120425527213,347.98127455143,488237.787215289,5641510.46939679
0.00119779049413384,347.98127455143,488737.787215289,5641510.46939679
0.00125972122971382,347.98127455143,489237.787215289,5641510.46939679
0.00134548577548655,347.98127455143,489737.787215289,5641510.46939679
0.00142725718093816,347.98127455143,490237.787215289,5641510.46939679
0.000280161136694214,347.98127455143,490737.787215289,5641510.46939679
0.00033321761133582,347.98127455143,491237.787215289,5641510.46939679
0.000306107641154065,347.98127455143,491737.787215289,5641510.46939679
0.00108061139995977,347.98127455143,492237.787215289,5641510.46939679
0.000821697976796949,347.98127455143,492737.787215289,5641510.46939679
0.00125750184626134,347.98127455143,493237.787215289,5641510.46939679
0.00712995851338181,347.98127455143,493737.787215289,5641510.46939679
0.0111357819149325,347.98127455143,494237.787215289,5641510.46939679
0.00434145511538765,347.98127455143,494737.787215289,5641510.46939679
0.00584548000176167,347.98127455143,495237.787215289,5641510.46939679
0.00167421138031089,347.98127455143,495737.787215289,5641510.46939679
0.00100192556951043,347.98127455143,496237.787215289,5641510.46939679
0.000277212334049136,347.98127455143,496737.787215289,5641510.46939679
0.000878942696311538,347.98127455143,497237.787215289,5641510.46939679
0.00097055954021811,347.98127455143,497737.787215289,5641510.46939679
0.000576959478406457,347.98127455143,498237.787215289,5641510.46939679
0.000334430898516231,347.98127455143,498737.787215289,5641510.46939679
0.000274273060845677,347.98127455143,499237.787215289,5641510.46939679
0.00134019839305685,347.98127455143,499737.787215289,5641510.46939679
0.00083643028871316,347.98127455143,500237.787215289,5641510.46939679
0.00607662135621199,347.98127455143,500737.787215289,5641510.46939679
0.000703507213490043,347.98127455143,501237.787215289,5641510.46939679
0.00511094231692607,347.98127455143,501737.787215289,5641510.46939679
0.0057041639156425,347.98127455143,502237.787215289,5641510.46939679
0.0065516777952473,347.98127455143,502737.787215289,5641510.46939679
0.00529544106747341,347.98127455143,503237.787215289,5641510.46939679
0.00712760167994685,347.98127455143,503737.787215289,5641510.46939679
0.00607591046790191,347.98127455143,504237.787215289,5641510.46939679
0.000525938449995442,347.98127455143,504737.787215289,5641510.46939679
0.00304562488580693,347.98127455143,505237.787215289,5641510.46939679
0.000547061375327151,347.98127455143,505737.787215289,5641510.46939679
0.00605784488688965,347.98127455143,506237.787215289,5641510.46939679
0.000967560557664461,347.98127455143,506737.787215289,5641510.46939679
0.000783982053431538,347.98127455143,507237.787215289,5641510.46939679
0.00395819434375577,347.98127455143,507737.787215289,5641510.46939679
0.0043325528799355,347.98127455143,508237.787215289,5641510.46939679
0.00126803058309637,347.98127455143,508737.787215289,5641510.46939679
0.000811619424962175,347.98127455143,509237.787215289,5641510.46939679
0.00483572521790717,347.98127455143,509737.787215289,5641510.46939679
0.00266742297464775,347.98127455143,510237.787215289,5641510.46939679
0.00455054121975232,347.98127455143,510737.787215289,5641510.46939679
0.00584741288512555,347.98127455143,511237.787215289,5641510.46939679
0.00748986917779531,347.98127455143,511737.787215289,5641510.46939679
0.00356050887733301,347.98127455143,512237.787215289,5641510.46939679
0.00479557312780416,347.98127455143,512737.787215289,5641510.46939679
0.00827057783857869,347.98127455143,513237.787215289,5641510.46939679
0.00356222599152723,347.98127455143,513737.787215289,5641510.46939679
0.00393163954081253,347.98127455143,514237.787215289,5641510.46939679
0.000851500760757555,347.98127455143,514737.787215289,5641510.46939679
0.00479398793385581,347.98127455143,515237.787215289,5641510.46939679
0.00869093824504926,347.98127455143,515737.787215289,5641510.46939679
0.00749459344283037,347.98127455143,516237.787215289,5641510.46939679
0.00103161026328653,347.98127455143,516737.787215289,5641510.46939679
0.00139042472698088,347.98127455143,517237.787215289,5641510.46939679
0.000805121827966094,347.98127455143,517737.787215289,5641510.46939679
0.000660711119637208,347.98127455143,518237.787215289,5641510.46939679
0.00103161026328653,347.98127455143,518737.787215289,5641510.46939679
0.000929660692839549,347.98127455143,519237.787215289,5641510.46939679
0.000856745523027171,347.98127455143,519737.787215289,5641510.46939679
0.00181842857399574,347.98127455143,520237.787215289,5641510.46939679
0.00191295498496861,347.98127455143,520737.787215289,5641510.46939679
0.000709722441993121,347.98127455143,521237.787215289,5641510.46939679
0.000605530704045077,347.98127455143,521737.787215289,5641510.46939679
0.00410891932468431,347.98127455143,522237.787215289,5641510.46939679
0.00215428887600291,347.98127455143,522737.787215289,5641510.46939679
0.00238742138141638,347.98127455143,523237.787215289,5641510.46939679
0.000740770443513372,347.98127455143,523737.787215289,5641510.46939679
0.000602695886838019,347.98127455143,524237.787215289,5641510.46939679
0.000317636612651278,347.98127455143,486737.787215289,5642010.46939679
0.000189917164111666,347.98127455143,487237.787215289,5642010.46939679
0.00102832673779702,347.98127455143,487737.787215289,5642010.46939679
0.00111181228453626,347.98127455143,488237.787215289,5642010.46939679
0.00116404232953055,347.98127455143,488737.787215289,5642010.46939679
0.00121618673711197,347.98127455143,489237.787215289,5642010.46939679
0.000240210871700229,347.98127455143,489737.787215289,5642010.46939679
0.00023286803173197,347.98127455143,490237.787215289,5642010.46939679
0.000253842912131484,347.98127455143,490737.787215289,5642010.46939679
0.000245939258199023,347.98127455143,491237.787215289,5642010.46939679
0.000290863957496283,347.98127455143,491737.787215289,5642010.46939679
0.000314173573943055,347.98127455143,492237.787215289,5642010.46939679
0.000288213264008173,347.98127455143,492737.787215289,5642010.46939679
0.00152140578694947,347.98127455143,493237.787215289,5642010.46939679
0.00195902181514107,347.98127455143,493737.787215289,5642010.46939679
0.00550236941466269,347.98127455143,494237.787215289,5642010.46939679
0.00216943952407822,347.98127455143,494737.787215289,5642010.46939679
0.00748986917779531,347.98127455143,495237.787215289,5642010.46939679
0.00614258238052102,347.98127455143,495737.787215289,5642010.46939679
0.000363994469164103,347.98127455143,496237.787215289,5642010.46939679
0.00181637362690384,347.98127455143,496737.787215289,5642010.46939679
0.000757386081561245,347.98127455143,497237.787215289,5642010.46939679
0.00607591046790191,347.98127455143,497737.787215289,5642010.46939679
0.000953464767261303,347.98127455143,498237.787215289,5642010.46939679
0.000453254881690391,347.98127455143,498737.787215289,5642010.46939679
0.00100192556951043,347.98127455143,499237.787215289,5642010.46939679
0.0016449153987825,347.98127455143,499737.787215289,5642010.46939679
0.00352186292648636,347.98127455143,500237.787215289,5642010.46939679
0.00607591046790191,347.98127455143,500737.787215289,5642010.46939679
0.00421918888080466,347.98127455143,501237.787215289,5642010.46939679
0.00692687058959748,347.98127455143,501737.787215289,5642010.46939679
0.00540608688150704,347.98127455143,502237.787215289,5642010.46939679
0.00434289067352233,347.98127455143,502737.787215289,5642010.46939679
0.00645478528540277,347.98127455143,503237.787215289,5642010.46939679
0.00451259649738952,347.98127455143,503737.787215289,5642010.46939679
0.0064384114485517,347.98127455143,504237.787215289,5642010.46939679
0.00486373796116913,347.98127455143,504737.787215289,5642010.46939679
0.000416537758565322,347.98127455143,505237.787215289,5642010.46939679
0.00280963460750066,347.98127455143,505737.787215289,5642010.46939679
0.00106149514818792,347.98127455143,506237.787215289,5642010.46939679
0.00129431878976568,347.98127455143,506737.787215289,5642010.46939679
0.00172609381869789,347.98127455143,507237.787215289,5642010.46939679
0.00306698762997005,347.98127455143,507737.787215289,5642010.46939679
0.000573636475014787,347.98127455143,508237.787215289,5642010.46939679
0.00090572540174426,347.98127455143,508737.787215289,5642010.46939679
0.00141907527442645,347.98127455143,509237.787215289,5642010.46939679
0.000826485492623257,347.98127455143,509737.787215289,5642010.46939679
0.00318978666135546,347.98127455143,510237.787215289,5642010.46939679
0.00225421405547694,347.98127455143,510737.787215289,5642010.46939679
0.00322441142784601,347.98127455143,511237.787215289,5642010.46939679
0.00614258238052102,347.98127455143,511737.787215289,5642010.46939679
0.00338829536980171,347.98127455143,512237.787215289,5642010.46939679
0.00712760167994685,347.98127455143,512737.787215289,5642010.46939679
0.00277880466861123,347.98127455143,513237.787215289,5642010.46939679
0.00277880466861123,347.98127455143,513737.787215289,5642010.46939679
0.00645478528540277,347.98127455143,514237.787215289,5642010.46939679
0.0121933570557026,347.98127455143,514737.787215289,5642010.46939679
0.0112147252201635,347.98127455143,515237.787215289,5642010.46939679
0.00296354086838846,347.98127455143,515737.787215289,5642010.46939679
0.00170922241448736,347.98127455143,516237.787215289,5642010.46939679
0.00645478528540277,347.98127455143,516737.787215289,5642010.46939679
0.000975965988020589,347.98127455143,517237.787215289,5642010.46939679
0.000831515940584887,347.98127455143,517737.787215289,5642010.46939679
0.00112606589373753,347.98127455143,518237.787215289,5642010.46939679
0.000757386081561245,347.98127455143,518737.787215289,5642010.46939679
0.000794740470469771,347.98127455143,519237.787215289,5642010.46939679
0.00133047154281991,347.98127455143,519737.787215289,5642010.46939679
0.00220186391637056,347.98127455143,520237.787215289,5642010.46939679
0.000704014866742668,347.98127455143,520737.787215289,5642010.46939679
0.000578135440107667,347.98127455143,521237.787215289,5642010.46939679
0.0012129623459665,347.98127455143,521737.787215289,5642010.46939679
0.00358310789800853,347.98127455143,522237.787215289,5642010.46939679
0.00340980132857194,347.98127455143,522737.787215289,5642010.46939679
0.000527112936040814,347.98127455143,523237.787215289,5642010.46939679
0.000640068053702539,347.98127455143,523737.787215289,5642010.46939679
0.000587698936725115,347.98127455143,524237.787215289,5642010.46939679
0.000191478300941852,347.98127455143,486737.787215289,5642510.46939679
0.000942852495695751,347.98127455143,487237.787215289,5642510.46939679
0.00101513825804956,347.98127455143,487737.787215289,5642510.46939679
0.00109506152995199,347.98127455143,488237.787215289,5642510.46939679
0.00114376694523597,347.98127455143,488737.787215289,5642510.46939679
0.00119309470807369,347.98127455143,489237.787215289,5642510.46939679
0.00126804742793805,347.98127455143,489737.787215289,5642510.46939679
0.000240210871700229,347.98127455143,490237.787215289,5642510.46939679
0.00137738715782759,347.98127455143,490737.787215289,5642510.46939679
0.000251475557734165,347.98127455143,491237.787215289,5642510.46939679
0.000244318783031235,347.98127455143,491737.787215289,5642510.46939679
0.000290863957496283,347.98127455143,492237.787215289,5642510.46939679
0.000280161136694214,347.98127455143,492737.787215289,5642510.46939679
0.000318255256200893,347.98127455143,493237.787215289,5642510.46939679
0.00116736335815198,347.98127455143,493737.787215289,5642510.46939679
0.00109962181991337,347.98127455143,494237.787215289,5642510.46939679
0.00352186292648636,347.98127455143,494737.787215289,5642510.46939679
0.00125750184626134,347.98127455143,495237.787215289,5642510.46939679
0.00393163954081253,347.98127455143,495737.787215289,5642510.46939679
0.00748986917779531,347.98127455143,496237.787215289,5642510.46939679
0.0061446135046188,347.98127455143,496737.787215289,5642510.46939679
0.00479557312780416,347.98127455143,497237.787215289,5642510.46939679
0.0061446135046188,347.98127455143,497737.787215289,5642510.46939679
0.0061446135046188,347.98127455143,498237.787215289,5642510.46939679
0.0061446135046188,347.98127455143,498737.787215289,5642510.46939679
0.00393293958814123,347.98127455143,499237.787215289,5642510.46939679
0.00456362244395119,347.98127455143,499737.787215289,5642510.46939679
0.00584741288512555,347.98127455143,500237.787215289,5642510.46939679
0.00277972351621893,347.98127455143,500737.787215289,5642510.46939679
0.00712995851338181,347.98127455143,501237.787215289,5642510.46939679
0.00645691964341817,347.98127455143,501737.787215289,5642510.46939679
0.00678509905467943,347.98127455143,502237.787215289,5642510.46939679
0.00103095998114196,347.98127455143,502737.787215289,5642510.46939679
0.00108335955529338,347.98127455143,503237.787215289,5642510.46939679
0.00122168348369544,347.98127455143,503737.787215289,5642510.46939679
0.00149575378461223,347.98127455143,504237.787215289,5642510.46939679
0.00151166463046827,347.98127455143,504737.787215289,5642510.46939679
0.00133563467192798,347.98127455143,505237.787215289,5642510.46939679
0.000309519691523314,347.98127455143,505737.787215289,5642510.46939679
0.00291864459376117,347.98127455143,506237.787215289,5642510.46939679
0.00556008910705811,347.98127455143,506737.787215289,5642510.46939679
0.000463736569982419,347.98127455143,507237.787215289,5642510.46939679
0.000708882221408989,347.98127455143,507737.787215289,5642510.46939679
0.00154615479166431,347.98127455143,508237.787215289,5642510.46939679
0.002376844658297,347.98127455143,508737.787215289,5642510.46939679
0.00490089839045212,347.98127455143,509237.787215289,5642510.46939679
0.00331991265328168,347.98127455143,509737.787215289,5642510.46939679
0.00179409486236139,347.98127455143,510237.787215289,5642510.46939679
0.00556458716621161,347.98127455143,510737.787215289,5642510.46939679
0.00787054928424487,347.98127455143,511237.787215289,5642510.46939679
0.00787054928424487,347.98127455143,511737.787215289,5642510.46939679
0.00264527477498904,347.98127455143,512237.787215289,5642510.46939679
0.00529369064037944,347.98127455143,512737.787215289,5642510.46939679
0.0016925827627471,347.98127455143,513237.787215289,5642510.46939679
0.00292004020049282,347.98127455143,513737.787215289,5642510.46939679
0.00125708617450249,347.98127455143,514237.787215289,5642510.46939679
0.00835912220465887,347.98127455143,514737.787215289,5642510.46939679
0.000240210871700229,347.98127455143,515237.787215289,5642510.46939679
0.00791988880582433,347.98127455143,515737.787215289,5642510.46939679
0.00913266389041571,347.98127455143,516237.787215289,5642510.46939679
0.00307038960959135,347.98127455143,516737.787215289,5642510.46939679
0.00146116560191236,347.98127455143,517237.787215289,5642510.46939679
0.00154371844096814,347.98127455143,517737.787215289,5642510.46939679
0.00103993569617758,347.98127455143,518237.787215289,5642510.46939679
0.000852870795547806,347.98127455143,518737.787215289,5642510.46939679
0.000736160227942487,347.98127455143,519237.787215289,5642510.46939679
0.00101093280109748,347.98127455143,519737.787215289,5642510.46939679
0.0011816036232461,347.98127455143,520237.787215289,5642510.46939679
0.0023653922122471,347.98127455143,520737.787215289,5642510.46939679
0.00144077132545865,347.98127455143,521237.787215289,5642510.46939679
0.000717640886233154,347.98127455143,521737.787215289,5642510.46939679
0.000709722441993121,347.98127455143,522237.787215289,5642510.46939679
0.000941108715968294,347.98127455143,522737.787215289,5642510.46939679
0.00294339426759555,347.98127455143,523237.787215289,5642510.46939679
0.00284101510398224,347.98127455143,523737.787215289,5642510.46939679
0.000559388517361431,347.98127455143,524237.787215289,5642510.46939679
0.000146214683449034,347.98127455143,486737.787215289,5643010.46939679
0.000918650533718182,347.98127455143,487237.787215289,5643010.46939679
0.000186261026290999,347.98127455143,487737.787215289,5643010.46939679
0.000179963321553909,347.98127455143,488237.787215289,5643010.46939679
0.00110070650052962,347.98127455143,488737.787215289,5643010.46939679
0.000196231902349737,347.98127455143,489237.787215289,5643010.46939679
0.000307684524009279,347.98127455143,489737.787215289,5643010.46939679
0.000226094171542182,347.98127455143,490237.787215289,5643010.46939679
0.000223405443057331,347.98127455143,490737.787215289,5643010.46939679
0.00027636858999695,347.98127455143,491237.787215289,5643010.46939679
0.000282464087409204,347.98127455143,491737.787215289,5643010.46939679
0.000237592087195552,347.98127455143,492237.787215289,5643010.46939679
0.000241565122701321,347.98127455143,492737.787215289,5643010.46939679
0.000331861279389293,347.98127455143,493237.787215289,5643010.46939679
0.000276795546473984,347.98127455143,493737.787215289,5643010.46939679
0.000574866317930338,347.98127455143,494237.787215289,5643010.46939679
0.00107172609211204,347.98127455143,494737.787215289,5643010.46939679
0.000777190842436834,347.98127455143,495237.787215289,5643010.46939679
0.000597787008102871,347.98127455143,495737.787215289,5643010.46939679
0.00227970346185304,347.98127455143,496237.787215289,5643010.46939679
0.00614258238052102,347.98127455143,496737.787215289,5643010.46939679
0.00132097883902921,347.98127455143,497237.787215289,5643010.46939679
0.00338829536980171,347.98127455143,497737.787215289,5643010.46939679
0.00584548000176167,347.98127455143,498237.787215289,5643010.46939679
0.00413146906031268,347.98127455143,498737.787215289,5643010.46939679
0.00292004020049282,347.98127455143,499237.787215289,5643010.46939679
0.00153280988499176,347.98127455143,499737.787215289,5643010.46939679
0.00374147530895722,347.98127455143,500237.787215289,5643010.46939679
0.00322441142784601,347.98127455143,500737.787215289,5643010.46939679
0.00913266389041571,347.98127455143,501237.787215289,5643010.46939679
0.00869093824504926,347.98127455143,501737.787215289,5643010.46939679
0.00216872240803948,347.98127455143,502237.787215289,5643010.46939679
0.00227894989767302,347.98127455143,502737.787215289,5643010.46939679
0.00177919809810768,347.98127455143,503237.787215289,5643010.46939679
0.00359150728042267,347.98127455143,503737.787215289,5643010.46939679
0.00178134493788197,347.98127455143,504237.787215289,5643010.46939679
0.0047841577713394,347.98127455143,504737.787215289,5643010.46939679
0.00254108414690697,347.98127455143,505237.787215289,5643010.46939679
0.00260132208312468,347.98127455143,505737.787215289,5643010.46939679
0.000596766909829666,347.98127455143,506237.787215289,5643010.46939679
0.000723204873440131,347.98127455143,506737.787215289,5643010.46939679
0.000765127713647013,347.98127455143,507237.787215289,5643010.46939679
0.000470450046670537,347.98127455143,507737.787215289,5643010.46939679
0.00325248370869429,347.98127455143,508237.787215289,5643010.46939679
0.00590087353461193,347.98127455143,508737.787215289,5643010.46939679
0.00341779445245493,347.98127455143,509237.787215289,5643010.46939679
0.0016247396583297,347.98127455143,509737.787215289,5643010.46939679
0.00561117801142016,347.98127455143,510237.787215289,5643010.46939679
0.00537315400744864,347.98127455143,510737.787215289,5643010.46939679
0.00556458716621161,347.98127455143,511237.787215289,5643010.46939679
0.0031336039373731,347.98127455143,511737.787215289,5643010.46939679
0.00533977842219825,347.98127455143,512237.787215289,5643010.46939679
0.00221476896860981,347.98127455143,512737.787215289,5643010.46939679
0.00105284944059572,347.98127455143,513237.787215289,5643010.46939679
0.000892442602833991,347.98127455143,513737.787215289,5643010.46939679
0.000897218131494741,347.98127455143,514237.787215289,5643010.46939679
0.00748891934203776,347.98127455143,514737.787215289,5643010.46939679
0.000414411287529397,347.98127455143,515237.787215289,5643010.46939679
0.000240210871700229,347.98127455143,515737.787215289,5643010.46939679
0.0041778402137224,347.98127455143,516237.787215289,5643010.46939679
0.00196400389866355,347.98127455143,516737.787215289,5643010.46939679
0.00130664086514924,347.98127455143,517237.787215289,5643010.46939679
0.000562578675360591,347.98127455143,517737.787215289,5643010.46939679
0.000694484603947498,347.98127455143,518237.787215289,5643010.46939679
0.00132301010190898,347.98127455143,518737.787215289,5643010.46939679
0.0019780637293236,347.98127455143,519237.787215289,5643010.46939679
0.000527171975516748,347.98127455143,519737.787215289,5643010.46939679
0.00258945358175795,347.98127455143,520237.787215289,5643010.46939679
0.00213822914296867,347.98127455143,520737.787215289,5643010.46939679
0.00256992744149708,347.98127455143,521237.787215289,5643010.46939679
0.000660975441113911,347.98127455143,521737.787215289,5643010.46939679
0.0011475273310193,347.98127455143,522237.787215289,5643010.46939679
0.00126599364382841,347.98127455143,522737.787215289,5643010.46939679
0.00146900731053574,347.98127455143,523237.787215289,5643010.46939679
0.00358544637991172,347.98127455143,523737.787215289,5643010.46939679
0.00469486369096176,347.98127455143,524237.787215289,5643010.46939679
0.000142828213525405,347.98127455143,486737.787215289,5643510.46939679
0.000176978604191913,347.98127455143,487237.787215289,5643510.46939679
0.000163671018445512,347.98127455143,487737.787215289,5643510.46939679
0.00017338411392954,347.98127455143,488237.787215289,5643510.46939679
0.00105978974720115,347.98127455143,488737.787215289,5643510.46939679
0.000265993677234148,347.98127455143,489237.787215289,5643510.46939679
0.00158119094570346,347.98127455143,489737.787215289,5643510.46939679
0.000262131385502482,347.98127455143,490237.787215289,5643510.46939679
0.00123836770121043,347.98127455143,490737.787215289,5643510.46939679
0.000304420735246203,347.98127455143,491237.787215289,5643510.46939679
0.000229791144889083,347.98127455143,491737.787215289,5643510.46939679
0.000225367384142584,347.98127455143,492237.787215289,5643510.46939679
0.000229184059459025,347.98127455143,492737.787215289,5643510.46939679
0.00136340776977923,347.98127455143,493237.787215289,5643510.46939679
0.00105392229156074,347.98127455143,493737.787215289,5643510.46939679
0.000299882485163913,347.98127455143,494237.787215289,5643510.46939679
0.00143854893909021,347.98127455143,494737.787215289,5643510.46939679
0.000433101656730572,347.98127455143,495237.787215289,5643510.46939679
0.000361286352095025,347.98127455143,495737.787215289,5643510.46939679
0.000497451081254017,347.98127455143,496237.787215289,5643510.46939679
0.00306946879376383,347.98127455143,496737.787215289,5643510.46939679
0.00292100574945095,347.98127455143,497237.787215289,5643510.46939679
0.000515174122820014,347.98127455143,497737.787215289,5643510.46939679
0.000597787008102871,347.98127455143,498237.787215289,5643510.46939679
0.000628170131823297,347.98127455143,498737.787215289,5643510.46939679
0.00034650344386982,347.98127455143,499237.787215289,5643510.46939679
0.00479557312780416,347.98127455143,499737.787215289,5643510.46939679
0.000981094852141115,347.98127455143,500237.787215289,5643510.46939679
0.00161071648340278,347.98127455143,500737.787215289,5643510.46939679
0.0026444003698964,347.98127455143,501237.787215289,5643510.46939679
0.00556274777190651,347.98127455143,501737.787215289,5643510.46939679
0.00169314243707037,347.98127455143,502237.787215289,5643510.46939679
0.00283780456505349,347.98127455143,502737.787215289,5643510.46939679
0.0017073186795921,347.98127455143,503237.787215289,5643510.46939679
0.00395978520090913,347.98127455143,503737.787215289,5643510.46939679
0.000950009096507609,347.98127455143,504237.787215289,5643510.46939679
0.000641948937296897,347.98127455143,504737.787215289,5643510.46939679
0.00459698617385428,347.98127455143,505237.787215289,5643510.46939679
0.00385314314450139,347.98127455143,505737.787215289,5643510.46939679
0.00354408245744804,347.98127455143,506237.787215289,5643510.46939679
0.000358363102274795,347.98127455143,506737.787215289,5643510.46939679
0.000228518197014296,347.98127455143,507237.787215289,5643510.46939679
0.000519487542143822,347.98127455143,507737.787215289,5643510.46939679
0.000624754436327423,347.98127455143,508237.787215289,5643510.46939679
0.000659186020996907,347.98127455143,508737.787215289,5643510.46939679
0.0065109817570386,347.98127455143,509237.787215289,5643510.46939679
0.00437925257083545,347.98127455143,509737.787215289,5643510.46939679
0.000358973131703419,347.98127455143,510237.787215289,5643510.46939679
0.00299427344665819,347.98127455143,510737.787215289,5643510.46939679
0.00609688159767368,347.98127455143,511237.787215289,5643510.46939679
0.000643926546894275,347.98127455143,511737.787215289,5643510.46939679
0.00589637175672982,347.98127455143,512237.787215289,5643510.46939679
0.00437925257083545,347.98127455143,512737.787215289,5643510.46939679
0.000506902448628339,347.98127455143,513237.787215289,5643510.46939679
0.000533768852106274,347.98127455143,513737.787215289,5643510.46939679
0.00151149533488407,347.98127455143,514237.787215289,5643510.46939679
0.00155564458902868,347.98127455143,514737.787215289,5643510.46939679
0.00627585585243478,347.98127455143,515237.787215289,5643510.46939679
0.0141799931125119,347.98127455143,515737.787215289,5643510.46939679
0.0040536744184709,347.98127455143,516237.787215289,5643510.46939679
0.00108335955529338,347.98127455143,516737.787215289,5643510.46939679
0.00242172416152312,347.98127455143,517237.787215289,5643510.46939679
0.00448006050559214,347.98127455143,517737.787215289,5643510.46939679
0.0012373113027015,347.98127455143,518237.787215289,5643510.46939679
0.00320485615767859,347.98127455143,518737.787215289,5643510.46939679
0.00199257913236571,347.98127455143,519237.787215289,5643510.46939679
0.00132615867838936,347.98127455143,519737.787215289,5643510.46939679
0.00136514469400111,347.98127455143,520237.787215289,5643510.46939679
0.000565712488503514,347.98127455143,520737.787215289,5643510.46939679
0.000549449493281876,347.98127455143,521237.787215289,5643510.46939679
0.00110883221159851,347.98127455143,521737.787215289,5643510.46939679
0.00207828122995305,347.98127455143,522237.787215289,5643510.46939679
0.00437221782605504,347.98127455143,522737.787215289,5643510.46939679
0.00146888785824122,347.98127455143,523237.787215289,5643510.46939679
0.00162212970865311,347.98127455143,523737.787215289,5643510.46939679
0.00832918155238848,347.98127455143,524237.787215289,5643510.46939679
0.000252459541041226,347.98127455143,486737.787215289,5644010.46939679
0.000257812772256878,347.98127455143,487237.787215289,5644010.46939679
0.000999782656820642,347.98127455143,487737.787215289,5644010.46939679
0.000307975528465011,347.98127455143,488237.787215289,5644010.46939679
0.000176739917091305,347.98127455143,488737.787215289,5644010.46939679
0.000203263213138308,347.98127455143,489237.787215289,5644010.46939679
0.000447538326028144,347.98127455143,489737.787215289,5644010.46939679
0.000243455420248481,347.98127455143,490237.787215289,5644010.46939679
0.000251384073119903,347.98127455143,490737.787215289,5644010.46939679
0.000312243996975491,347.98127455143,491237.787215289,5644010.46939679
0.000223811710591088,347.98127455143,491737.787215289,5644010.46939679
0.000229791144889083,347.98127455143,492237.787215289,5644010.46939679
0.000300800541516073,347.98127455143,492737.787215289,5644010.46939679
0.000226655071156317,347.98127455143,493237.787215289,5644010.46939679
0.000257141097773191,347.98127455143,493737.787215289,5644010.46939679
0.000355804514618747,347.98127455143,494237.787215289,5644010.46939679
0.000275079038969791,347.98127455143,494737.787215289,5644010.46939679
0.000298977731155857,347.98127455143,495237.787215289,5644010.46939679
0.000388059953684859,347.98127455143,495737.787215289,5644010.46939679
0.000283359422184992,347.98127455143,496237.787215289,5644010.46939679
0.000353743474515789,347.98127455143,496737.787215289,5644010.46939679
0.000378343233538745,347.98127455143,497237.787215289,5644010.46939679
0.00039757290751556,347.98127455143,497737.787215289,5644010.46939679
0.00058075979509553,347.98127455143,498237.787215289,5644010.46939679
0.000476292015252378,347.98127455143,498737.787215289,5644010.46939679
0.000336633727956667,347.98127455143,499237.787215289,5644010.46939679
0.00128377677098537,347.98127455143,499737.787215289,5644010.46939679
0.00338941575337163,347.98127455143,500237.787215289,5644010.46939679
0.00125750184626134,347.98127455143,500737.787215289,5644010.46939679
0.00216943952407822,347.98127455143,501237.787215289,5644010.46939679
0.00292100574945095,347.98127455143,501737.787215289,5644010.46939679
0.00421918888080466,347.98127455143,502237.787215289,5644010.46939679
0.00198110285463246,347.98127455143,502737.787215289,5644010.46939679
0.00341779445245493,347.98127455143,503237.787215289,5644010.46939679
0.00776197432691681,347.98127455143,503737.787215289,5644010.46939679
0.00107872479909107,347.98127455143,504237.787215289,5644010.46939679
0.000630897917366201,347.98127455143,504737.787215289,5644010.46939679
0.000648784018183543,347.98127455143,505237.787215289,5644010.46939679
0.00339671507367471,347.98127455143,505737.787215289,5644010.46939679
0.00362787224920642,347.98127455143,506237.787215289,5644010.46939679
0.000315834482728206,347.98127455143,506737.787215289,5644010.46939679
0.000599222439240291,347.98127455143,507237.787215289,5644010.46939679
0.00109279147004012,347.98127455143,507737.787215289,5644010.46939679
0.000308838088421129,347.98127455143,508237.787215289,5644010.46939679
0.000385824918833143,347.98127455143,508737.787215289,5644010.46939679
0.00437925257083545,347.98127455143,509237.787215289,5644010.46939679
0.00279179427418191,347.98127455143,509737.787215289,5644010.46939679
0.00400056445171547,347.98127455143,510237.787215289,5644010.46939679
0.00504539354068634,347.98127455143,510737.787215289,5644010.46939679
0.00593052869095485,347.98127455143,511237.787215289,5644010.46939679
0.00483572521790717,347.98127455143,511737.787215289,5644010.46939679
0.00460183247113297,347.98127455143,512237.787215289,5644010.46939679
0.00449917913746792,347.98127455143,512737.787215289,5644010.46939679
0.000782408880722529,347.98127455143,513237.787215289,5644010.46939679
0.00422556167491767,347.98127455143,513737.787215289,5644010.46939679
0.0026883432671563,347.98127455143,514237.787215289,5644010.46939679
0.00193984791983343,347.98127455143,514737.787215289,5644010.46939679
0.00374147530895722,347.98127455143,515237.787215289,5644010.46939679
0.00230482030824757,347.98127455143,515737.787215289,5644010.46939679
0.00728304294113171,347.98127455143,516237.787215289,5644010.46939679
0.00882890396131025,347.98127455143,516737.787215289,5644010.46939679
0.0077418813270685,347.98127455143,517237.787215289,5644010.46939679
0.00396523591316863,347.98127455143,517737.787215289,5644010.46939679
0.00125999646124512,347.98127455143,518237.787215289,5644010.46939679
0.0021962927791525,347.98127455143,518737.787215289,5644010.46939679
0.000718416686356106,347.98127455143,519237.787215289,5644010.46939679
0.000644192052497884,347.98127455143,519737.787215289,5644010.46939679
0.000634179438811642,347.98127455143,520237.787215289,5644010.46939679
0.00110710983242399,347.98127455143,520737.787215289,5644010.46939679
0.0015843844458251,347.98127455143,521237.787215289,5644010.46939679
0.00125324584138301,347.98127455143,521737.787215289,5644010.46939679
0.00253432830346219,347.98127455143,522237.787215289,5644010.46939679
0.00507334296743125,347.98127455143,522737.787215289,5644010.46939679
0.00250624724910496,347.98127455143,523237.787215289,5644010.46939679
0.0017045760766078,347.98127455143,523737.787215289,5644010.46939679
0.000851500760757555,347.98127455143,524237.787215289,5644010.46939679
0.000330695068876821,347.98127455143,486737.787215289,5644510.46939679
0.00077990969450874,347.98127455143,487237.787215289,5644510.46939679
0.00193030279244791,347.98127455143,487737.787215289,5644510.46939679
0.000180731313970895,347.98127455143,488237.787215289,5644510.46939679
0.000872294696531024,347.98127455143,488737.787215289,5644510.46939679
0.000288352248370616,347.98127455143,489237.787215289,5644510.46939679
0.000223219471141718,347.98127455143,489737.787215289,5644510.46939679
0.000380142936048553,347.98127455143,490237.787215289,5644510.46939679
0.000451720191575585,347.98127455143,490737.787215289,5644510.46939679
0.00021954042591265,347.98127455143,491237.787215289,5644510.46939679
0.000211563647156209,347.98127455143,491737.787215289,5644510.46939679
0.000832428743741345,347.98127455143,492237.787215289,5644510.46939679
0.000222261650328285,347.98127455143,492737.787215289,5644510.46939679
0.000226094171542182,347.98127455143,493237.787215289,5644510.46939679
0.000244483831346689,347.98127455143,493737.787215289,5644510.46939679
0.00514999146226528,347.98127455143,494237.787215289,5644510.46939679
0.000290407290202159,347.98127455143,494737.787215289,5644510.46939679
0.000244318783031235,347.98127455143,495237.787215289,5644510.46939679
0.000289060206778103,347.98127455143,495737.787215289,5644510.46939679
0.000270755458341258,347.98127455143,496237.787215289,5644510.46939679
0.000369290399090584,347.98127455143,496737.787215289,5644510.46939679
0.000535368057360748,347.98127455143,497237.787215289,5644510.46939679
0.000397619423989732,347.98127455143,497737.787215289,5644510.46939679
0.000407783489700083,347.98127455143,498237.787215289,5644510.46939679
0.00242962260875013,347.98127455143,498737.787215289,5644510.46939679
0.00511094231692607,347.98127455143,499237.787215289,5644510.46939679
0.00511094231692607,347.98127455143,499737.787215289,5644510.46939679
0.00371363875097053,347.98127455143,500237.787215289,5644510.46939679
0.00371363875097053,347.98127455143,500737.787215289,5644510.46939679
0.00124773345951677,347.98127455143,501237.787215289,5644510.46939679
0.00325248370869429,347.98127455143,501737.787215289,5644510.46939679
0.00253840594861024,347.98127455143,502237.787215289,5644510.46939679
0.00589637175672982,347.98127455143,502737.787215289,5644510.46939679
0.00330141126571411,347.98127455143,503237.787215289,5644510.46939679
0.0036917205120259,347.98127455143,503737.787215289,5644510.46939679
0.00060038285702314,347.98127455143,504237.787215289,5644510.46939679
0.000451151507034895,347.98127455143,504737.787215289,5644510.46939679
0.00126020995568948,347.98127455143,505237.787215289,5644510.46939679
0.00177611373252471,347.98127455143,505737.787215289,5644510.46939679
0.00362379439941532,347.98127455143,506237.787215289,5644510.46939679
0.00373674418383373,347.98127455143,506737.787215289,5644510.46939679
0.000410945101814769,347.98127455143,507237.787215289,5644510.46939679
0.000547076196170175,347.98127455143,507737.787215289,5644510.46939679
0.000415829905335048,347.98127455143,508237.787215289,5644510.46939679
0.000470450046670537,347.98127455143,508737.787215289,5644510.46939679
0.000367163467660185,347.98127455143,509237.787215289,5644510.46939679
0.000408564653281501,347.98127455143,509737.787215289,5644510.46939679
0.00232970837126698,347.98127455143,510237.787215289,5644510.46939679
0.00392357763991178,347.98127455143,510737.787215289,5644510.46939679
0.00188163314533354,347.98127455143,511237.787215289,5644510.46939679
0.00533977842219825,347.98127455143,511737.787215289,5644510.46939679
0.00539849920108341,347.98127455143,512237.787215289,5644510.46939679
0.000480203193179245,347.98127455143,512737.787215289,5644510.46939679
0.0049974205362985,347.98127455143,513237.787215289,5644510.46939679
0.00496681546736832,347.98127455143,513737.787215289,5644510.46939679
0.0063013361903365,347.98127455143,514237.787215289,5644510.46939679
0.000947119499340813,347.98127455143,514737.787215289,5644510.46939679
0.00329437036030252,347.98127455143,515237.787215289,5644510.46939679
0.00438386182144609,347.98127455143,515737.787215289,5644510.46939679
0.00775736437838046,347.98127455143,516237.787215289,5644510.46939679
0.000240210871700229,347.98127455143,516737.787215289,5644510.46939679
0.00712760167994685,347.98127455143,517237.787215289,5644510.46939679
0.00240718489857276,347.98127455143,517737.787215289,5644510.46939679
0.00137891857659569,347.98127455143,518237.787215289,5644510.46939679
0.000594123537071732,347.98127455143,518737.787215289,5644510.46939679
0.0011660999272695,347.98127455143,519237.787215289,5644510.46939679
0.000428818708139665,347.98127455143,519737.787215289,5644510.46939679
0.00114564810776278,347.98127455143,520237.787215289,5644510.46939679
0.00385034588755507,347.98127455143,520737.787215289,5644510.46939679
0.00144224236511579,347.98127455143,521237.787215289,5644510.46939679
0.00188225305258452,347.98127455143,521737.787215289,5644510.46939679
0.00120476048491004,347.98127455143,522237.787215289,5644510.46939679
0.00197792045016032,347.98127455143,522737.787215289,5644510.46939679
0.00179106721140068,347.98127455143,523237.787215289,5644510.46939679
0.00183036450811252,347.98127455143,523737.787215289,5644510.46939679
0.00126589069958538,347.98127455143,524237.787215289,5644510.46939679
0.00101917309628875,347.98127455143,486737.787215289,5645010.46939679
0.000894239803549856,347.98127455143,487237.787215289,5645010.46939679
0.000635860583962848,347.98127455143,487737.787215289,5645010.46939679
0.0018124887773572,347.98127455143,488237.787215289,5645010.46939679
0.00241732882739999,347.98127455143,488737.787215289,5645010.46939679
0.00101923407764854,347.98127455143,489237.787215289,5645010.46939679
0.000177828451404701,347.98127455143,489737.787215289,5645010.46939679
0.000225666942720367,347.98127455143,490237.787215289,5645010.46939679
0.000268677470166299,347.98127455143,490737.787215289,5645010.46939679
0.000260630827761059,347.98127455143,491237.787215289,5645010.46939679
0.000206205585427776,347.98127455143,491737.787215289,5645010.46939679
0.000223225533776216,347.98127455143,492237.787215289,5645010.46939679
0.000264160920544517,347.98127455143,492737.787215289,5645010.46939679
0.000240210871700229,347.98127455143,493237.787215289,5645010.46939679
0.00125972122971382,347.98127455143,493737.787215289,5645010.46939679
0.000265249320770429,347.98127455143,494237.787215289,5645010.46939679
0.000270210551744838,347.98127455143,494737.787215289,5645010.46939679
0.000319901912461533,347.98127455143,495237.787215289,5645010.46939679
0.00026918320875532,347.98127455143,495737.787215289,5645010.46939679
0.00030564740960654,347.98127455143,496237.787215289,5645010.46939679
0.000294400607212066,347.98127455143,496737.787215289,5645010.46939679
0.000260060200927525,347.98127455143,497237.787215289,5645010.46939679
0.00219229377240494,347.98127455143,497737.787215289,5645010.46939679
0.00496815236459057,347.98127455143,498237.787215289,5645010.46939679
0.00702927575372455,347.98127455143,498737.787215289,5645010.46939679
0.00449917913746792,347.98127455143,499237.787215289,5645010.46939679
0.00428156433942384,347.98127455143,499737.787215289,5645010.46939679
0.000407783489700083,347.98127455143,500237.787215289,5645010.46939679
0.00311309857966634,347.98127455143,500737.787215289,5645010.46939679
0.00198110285463246,347.98127455143,501237.787215289,5645010.46939679
0.00280299742031968,347.98127455143,501737.787215289,5645010.46939679
0.000694484603947498,347.98127455143,502237.787215289,5645010.46939679
0.000477527091029566,347.98127455143,502737.787215289,5645010.46939679
0.000401111360613596,347.98127455143,503237.787215289,5645010.46939679
0.00140168142905901,347.98127455143,503737.787215289,5645010.46939679
0.00166500994644117,347.98127455143,504237.787215289,5645010.46939679
0.000312303843979892,347.98127455143,504737.787215289,5645010.46939679
0.000717388872715874,347.98127455143,505237.787215289,5645010.46939679
0.00362379439941532,347.98127455143,505737.787215289,5645010.46939679
0.00410606513324586,347.98127455143,506237.787215289,5645010.46939679
0.00426187326594357,347.98127455143,506737.787215289,5645010.46939679
0.000854722455737358,347.98127455143,507237.787215289,5645010.46939679
0.00254391705916122,347.98127455143,507737.787215289,5645010.46939679
0.00138666051151556,347.98127455143,508237.787215289,5645010.46939679
0.00416743834102403,347.98127455143,508737.787215289,5645010.46939679
0.000332504740698149,347.98127455143,509237.787215289,5645010.46939679
0.000441868460784163,347.98127455143,509737.787215289,5645010.46939679
0.000422162448248165,347.98127455143,510237.787215289,5645010.46939679
0.00345537944876924,347.98127455143,510737.787215289,5645010.46939679
0.00425383568967703,347.98127455143,511237.787215289,5645010.46939679
0.00561117801142016,347.98127455143,511737.787215289,5645010.46939679
0.00377404923694696,347.98127455143,512237.787215289,5645010.46939679
0.00375896494724117,347.98127455143,512737.787215289,5645010.46939679
0.00314172970516768,347.98127455143,513237.787215289,5645010.46939679
0.00199257913236571,347.98127455143,513737.787215289,5645010.46939679
0.00080905715902645,347.98127455143,514237.787215289,5645010.46939679
0.00484111726272648,347.98127455143,514737.787215289,5645010.46939679
0.000947550306825517,347.98127455143,515237.787215289,5645010.46939679
0.00322328720344132,347.98127455143,515737.787215289,5645010.46939679
0.00356067165003946,347.98127455143,516237.787215289,5645010.46939679
0.00839622403057999,347.98127455143,516737.787215289,5645010.46939679
0.0017786099777761,347.98127455143,517237.787215289,5645010.46939679
0.00443864935718621,347.98127455143,517737.787215289,5645010.46939679
0.00533892591692145,347.98127455143,518237.787215289,5645010.46939679
0.000893389463920816,347.98127455143,518737.787215289,5645010.46939679
0.00113302197487463,347.98127455143,519237.787215289,5645010.46939679
0.000458765029007027,347.98127455143,519737.787215289,5645010.46939679
0.000610967928671813,347.98127455143,520237.787215289,5645010.46939679
0.00376768028509399,347.98127455143,520737.787215289,5645010.46939679
0.00127826816501671,347.98127455143,521237.787215289,5645010.46939679
0.00162212970865311,347.98127455143,521737.787215289,5645010.46939679
0.00133033903940967,347.98127455143,522237.787215289,5645010.46939679
0.000851500760757555,347.98127455143,522737.787215289,5645010.46939679
0.00146888785824122,347.98127455143,523237.787215289,5645010.46939679
0.00170135043279732,347.98127455143,523737.787215289,5645010.46939679
0.00469486369096176,347.98127455143,524237.787215289,5645010.46939679
0.000127149831287095,347.98127455143,486737.787215289,5645510.46939679
0.000219175911710137,347.98127455143,487237.787215289,5645510.46939679
0.000572369787298941,347.98127455143,487737.787215289,5645510.46939679
0.00323128876193791,347.98127455143,488237.787215289,5645510.46939679
0.0016793166223461,347.98127455143,488737.787215289,5645510.46939679
0.00400652904986322,347.98127455143,489237.787215289,5645510.46939679
0.00292516071077969,347.98127455143,489737.787215289,5645510.46939679
0.000219189025915347,347.98127455143,490237.787215289,5645510.46939679
0.00121427443026013,347.98127455143,490737.787215289,5645510.46939679
0.000196364451012936,347.98127455143,491237.787215289,5645510.46939679
0.000179963321553909,347.98127455143,491737.787215289,5645510.46939679
0.000187034890630417,347.98127455143,492237.787215289,5645510.46939679
0.000419767243958839,347.98127455143,492737.787215289,5645510.46939679
0.000249172308769536,347.98127455143,493237.787215289,5645510.46939679
0.000418229863713139,347.98127455143,493737.787215289,5645510.46939679
0.000224126509488325,347.98127455143,494237.787215289,5645510.46939679
0.000672925832359105,347.98127455143,494737.787215289,5645510.46939679
0.00334192779284509,347.98127455143,495237.787215289,5645510.46939679
0.000320686822629104,347.98127455143,495737.787215289,5645510.46939679
0.000883429471616827,347.98127455143,496237.787215289,5645510.46939679
0.000990680569401815,347.98127455143,496737.787215289,5645510.46939679
0.000503416132222709,347.98127455143,497237.787215289,5645510.46939679
0.000338595080358366,347.98127455143,497737.787215289,5645510.46939679
0.00484082725095634,347.98127455143,498237.787215289,5645510.46939679
0.00322287034964662,347.98127455143,498737.787215289,5645510.46939679
0.00291864459376117,347.98127455143,499237.787215289,5645510.46939679
0.000448167825975936,347.98127455143,499737.787215289,5645510.46939679
0.00165842298781036,347.98127455143,500237.787215289,5645510.46939679
0.0025910309728622,347.98127455143,500737.787215289,5645510.46939679
0.00508150579791666,347.98127455143,501237.787215289,5645510.46939679
0.000811619424962175,347.98127455143,501737.787215289,5645510.46939679
0.000475623518485812,347.98127455143,502237.787215289,5645510.46939679
0.000361923924379639,347.98127455143,502737.787215289,5645510.46939679
0.000238175042275562,347.98127455143,503237.787215289,5645510.46939679
0.000264942341510829,347.98127455143,503737.787215289,5645510.46939679
0.000286772075566188,347.98127455143,504237.787215289,5645510.46939679
0.000228518197014296,347.98127455143,504737.787215289,5645510.46939679
0.000355745439613241,347.98127455143,505237.787215289,5645510.46939679
0.000229233920254738,347.98127455143,505737.787215289,5645510.46939679
0.00278639830445373,347.98127455143,506237.787215289,5645510.46939679
0.003384735521698,347.98127455143,506737.787215289,5645510.46939679
0.00508150579791666,347.98127455143,507237.787215289,5645510.46939679
0.00619606075993332,347.98127455143,507737.787215289,5645510.46939679
0.00253840594861024,347.98127455143,508237.787215289,5645510.46939679
0.00133247950815711,347.98127455143,508737.787215289,5645510.46939679
0.000316422262142639,347.98127455143,509237.787215289,5645510.46939679
0.000405434856962334,347.98127455143,509737.787215289,5645510.46939679
0.00133247950815711,347.98127455143,510237.787215289,5645510.46939679
0.00309516865993019,347.98127455143,510737.787215289,5645510.46939679
0.0012066989021779,347.98127455143,511237.787215289,5645510.46939679
0.000602792123690117,347.98127455143,511737.787215289,5645510.46939679
0.000896218808380846,347.98127455143,512237.787215289,5645510.46939679
0.000470450046670537,347.98127455143,512737.787215289,5645510.46939679
0.000852870795547806,347.98127455143,513237.787215289,5645510.46939679
0.0017073186795921,347.98127455143,513737.787215289,5645510.46939679
0.00359150728042267,347.98127455143,514237.787215289,5645510.46939679
0.000778420843620143,347.98127455143,514737.787215289,5645510.46939679
0.00618872123355782,347.98127455143,515237.787215289,5645510.46939679
0.00304654354214008,347.98127455143,515737.787215289,5645510.46939679
0.00241155264485991,347.98127455143,516237.787215289,5645510.46939679
0.00229491146971452,347.98127455143,516737.787215289,5645510.46939679
0.00395949837763748,347.98127455143,517237.787215289,5645510.46939679
0.0043718622992665,347.98127455143,517737.787215289,5645510.46939679
0.00845189207976184,347.98127455143,518237.787215289,5645510.46939679
0.0015077514666376,347.98127455143,518737.787215289,5645510.46939679
0.00315774097602719,347.98127455143,519237.787215289,5645510.46939679
0.00337449490660116,347.98127455143,519737.787215289,5645510.46939679
0.00109103603142004,347.98127455143,520237.787215289,5645510.46939679
0.00588689994167278,347.98127455143,520737.787215289,5645510.46939679
0.00309019664216627,347.98127455143,521237.787215289,5645510.46939679
0.00138246513008106,347.98127455143,521737.787215289,5645510.46939679
0.000556926818005547,347.98127455143,522237.787215289,5645510.46939679
0.000960808967869498,347.98127455143,522737.787215289,5645510.46939679
0.00116390879938977,347.98127455143,523237.787215289,5645510.46939679
0.00139998056929963,347.98127455143,523737.787215289,5645510.46939679
0.00514808651662197,347.98127455143,524237.787215289,5645510.46939679
0.0024452038547931,347.98127455143,486737.787215289,5646010.46939679
0.000138138696326931,347.98127455143,487237.787215289,5646010.46939679
0.000207046811070034,347.98127455143,487737.787215289,5646010.46939679
0.000871164501780815,347.98127455143,488237.787215289,5646010.46939679
0.00104392671259044,347.98127455143,488737.787215289,5646010.46939679
0.00204765048806761,347.98127455143,489237.787215289,5646010.46939679
0.00331365515415057,347.98127455143,489737.787215289,5646010.46939679
0.000223798319808001,347.98127455143,490237.787215289,5646010.46939679
0.000267264975480081,347.98127455143,490737.787215289,5646010.46939679
0.000270886024069679,347.98127455143,491237.787215289,5646010.46939679
0.000193944227169445,347.98127455143,491737.787215289,5646010.46939679
0.000270660377310218,347.98127455143,492237.787215289,5646010.46939679
0.000260443090149216,347.98127455143,492737.787215289,5646010.46939679
0.000975062212974374,347.98127455143,493237.787215289,5646010.46939679
0.000496508081009737,347.98127455143,493737.787215289,5646010.46939679
0.00029289765975695,347.98127455143,494237.787215289,5646010.46939679
0.000625065380840414,347.98127455143,494737.787215289,5646010.46939679
0.000942489052536314,347.98127455143,495237.787215289,5646010.46939679
0.00338363185858916,347.98127455143,495737.787215289,5646010.46939679
0.00512073300758803,347.98127455143,496237.787215289,5646010.46939679
0.00350250683489757,347.98127455143,496737.787215289,5646010.46939679
0.004559933501161,347.98127455143,497237.787215289,5646010.46939679
0.00529116056894694,347.98127455143,497737.787215289,5646010.46939679
0.0052074544084975,347.98127455143,498237.787215289,5646010.46939679
0.000822557973047582,347.98127455143,498737.787215289,5646010.46939679
0.000553248227770832,347.98127455143,499237.787215289,5646010.46939679
0.000279452275386262,347.98127455143,499737.787215289,5646010.46939679
0.00529116056894694,347.98127455143,500237.787215289,5646010.46939679
0.00613964658898002,347.98127455143,500737.787215289,5646010.46939679
0.00437925257083545,347.98127455143,501237.787215289,5646010.46939679
0.00561117801142016,347.98127455143,501737.787215289,5646010.46939679
0.00290342985467785,347.98127455143,502237.787215289,5646010.46939679
0.000817884805072418,347.98127455143,502737.787215289,5646010.46939679
0.000345912150382407,347.98127455143,503237.787215289,5646010.46939679
0.000257903340017276,347.98127455143,503737.787215289,5646010.46939679
0.000919197192468135,347.98127455143,504237.787215289,5646010.46939679
0.000404681729602703,347.98127455143,504737.787215289,5646010.46939679
0.000205282751310945,347.98127455143,505237.787215289,5646010.46939679
0.000553310194539612,347.98127455143,505737.787215289,5646010.46939679
0.00397447933435962,347.98127455143,506237.787215289,5646010.46939679
0.00508150579791666,347.98127455143,506737.787215289,5646010.46939679
0.00198110285463246,347.98127455143,507237.787215289,5646010.46939679
0.00325248370869429,347.98127455143,507737.787215289,5646010.46939679
0.00589637175672982,347.98127455143,508237.787215289,5646010.46939679
0.000772363286930028,347.98127455143,508737.787215289,5646010.46939679
0.000545891017044133,347.98127455143,509237.787215289,5646010.46939679
0.00066562433349854,347.98127455143,509737.787215289,5646010.46939679
0.00068465014734857,347.98127455143,510237.787215289,5646010.46939679
0.000699455357260991,347.98127455143,510737.787215289,5646010.46939679
0.00229879082771506,347.98127455143,511237.787215289,5646010.46939679
0.000545891017044133,347.98127455143,511737.787215289,5646010.46939679
0.000405434856962334,347.98127455143,512237.787215289,5646010.46939679
0.000405434856962334,347.98127455143,512737.787215289,5646010.46939679
0.000519487542143822,347.98127455143,513237.787215289,5646010.46939679
0.00034940462734226,347.98127455143,513737.787215289,5646010.46939679
0.000699455357260991,347.98127455143,514237.787215289,5646010.46939679
0.000327911652226642,347.98127455143,514737.787215289,5646010.46939679
0.00213856515051627,347.98127455143,515237.787215289,5646010.46939679
0.00155493730907989,347.98127455143,515737.787215289,5646010.46939679
0.00518423415361251,347.98127455143,516237.787215289,5646010.46939679
0.00632132109790646,347.98127455143,516737.787215289,5646010.46939679
0.00279849474066073,347.98127455143,517237.787215289,5646010.46939679
0.00218391195608057,347.98127455143,517737.787215289,5646010.46939679
0.0013499383966916,347.98127455143,518237.787215289,5646010.46939679
0.000986176976419385,347.98127455143,518737.787215289,5646010.46939679
0.00754232758707622,347.98127455143,519237.787215289,5646010.46939679
0.00832850426518865,347.98127455143,519737.787215289,5646010.46939679
0.00109103603142004,347.98127455143,520237.787215289,5646010.46939679
0.00649999405477966,347.98127455143,520737.787215289,5646010.46939679
0.00507293042866851,347.98127455143,521237.787215289,5646010.46939679
0.0012852291667387,347.98127455143,521737.787215289,5646010.46939679
0.000693752750309013,347.98127455143,522237.787215289,5646010.46939679
0.000382679317271093,347.98127455143,522737.787215289,5646010.46939679
0.00123653529498616,347.98127455143,523237.787215289,5646010.46939679
0.000454621914560731,347.98127455143,523737.787215289,5646010.46939679
0.00503931293759834,347.98127455143,524237.787215289,5646010.46939679
0.000120026811628146,347.98127455143,486737.787215289,5646510.46939679
0.000127149831287095,347.98127455143,487237.787215289,5646510.46939679
0.000133501060495684,347.98127455143,487737.787215289,5646510.46939679
0.000153774272903817,347.98127455143,488237.787215289,5646510.46939679
0.00027535774466648,347.98127455143,488737.787215289,5646510.46939679
0.000797732863759975,347.98127455143,489237.787215289,5646510.46939679
0.00313839628605472,347.98127455143,489737.787215289,5646510.46939679
0.00294999212661827,347.98127455143,490237.787215289,5646510.46939679
0.0024813587460356,347.98127455143,490737.787215289,5646510.46939679
0.000163671018445512,347.98127455143,491237.787215289,5646510.46939679
0.000259686428511112,347.98127455143,491737.787215289,5646510.46939679
0.00226840320234548,347.98127455143,492237.787215289,5646510.46939679
0.00017451825129948,347.98127455143,492737.787215289,5646510.46939679
0.000591457379829457,347.98127455143,493237.787215289,5646510.46939679
0.000260443090149216,347.98127455143,493737.787215289,5646510.46939679
0.000296683143287807,347.98127455143,494237.787215289,5646510.46939679
0.000230698788057903,347.98127455143,494737.787215289,5646510.46939679
0.00395850215541406,347.98127455143,495237.787215289,5646510.46939679
0.00432142579736205,347.98127455143,495737.787215289,5646510.46939679
0.00417062010813824,347.98127455143,496237.787215289,5646510.46939679
0.0044710299103053,347.98127455143,496737.787215289,5646510.46939679
0.00249765016985613,347.98127455143,497237.787215289,5646510.46939679
0.00525404476399821,347.98127455143,497737.787215289,5646510.46939679
0.000750409620330154,347.98127455143,498237.787215289,5646510.46939679
0.000668413561716743,347.98127455143,498737.787215289,5646510.46939679
0.000302379457172865,347.98127455143,499237.787215289,5646510.46939679
0.00157855803191871,347.98127455143,499737.787215289,5646510.46939679
0.00320026294136373,347.98127455143,500237.787215289,5646510.46939679
0.00275799345128414,347.98127455143,500737.787215289,5646510.46939679
0.00684190892939946,347.98127455143,501237.787215289,5646510.46939679
0.0012066989021779,347.98127455143,501737.787215289,5646510.46939679
0.00143871006428684,347.98127455143,502237.787215289,5646510.46939679
0.00218927387616813,347.98127455143,502737.787215289,5646510.46939679
0.00477187085412422,347.98127455143,503237.787215289,5646510.46939679
0.00455571108207711,347.98127455143,503737.787215289,5646510.46939679
0.000789865182109579,347.98127455143,504237.787215289,5646510.46939679
0.00019710165593997,347.98127455143,504737.787215289,5646510.46939679
0.000692689811074724,347.98127455143,505237.787215289,5646510.46939679
0.00216644388107853,347.98127455143,505737.787215289,5646510.46939679
0.003384735521698,347.98127455143,506237.787215289,5646510.46939679
0.000735005876707742,347.98127455143,506737.787215289,5646510.46939679
0.00229879082771506,347.98127455143,507237.787215289,5646510.46939679
0.00378224304163805,347.98127455143,507737.787215289,5646510.46939679
0.00038666257987872,347.98127455143,508237.787215289,5646510.46939679
0.000247488400452647,347.98127455143,508737.787215289,5646510.46939679
0.000324535093747254,347.98127455143,509237.787215289,5646510.46939679
0.000470450046670537,347.98127455143,509737.787215289,5646510.46939679
0.000385824918833143,347.98127455143,510237.787215289,5646510.46939679
0.000545891017044133,347.98127455143,510737.787215289,5646510.46939679
0.00034940462734226,347.98127455143,511237.787215289,5646510.46939679
0.000627302731078948,347.98127455143,511737.787215289,5646510.46939679
0.000627302731078948,347.98127455143,512237.787215289,5646510.46939679
0.000470450046670537,347.98127455143,512737.787215289,5646510.46939679
0.000633429637425818,347.98127455143,513237.787215289,5646510.46939679
0.0012066989021779,347.98127455143,513737.787215289,5646510.46939679
0.00483572521790717,347.98127455143,514237.787215289,5646510.46939679
0.00561117801142016,347.98127455143,514737.787215289,5646510.46939679
0.0054865750719572,347.98127455143,515237.787215289,5646510.46939679
0.00341724879539291,347.98127455143,515737.787215289,5646510.46939679
0.00678285621577908,347.98127455143,516237.787215289,5646510.46939679
0.0017786099777761,347.98127455143,516737.787215289,5646510.46939679
0.00818751511474424,347.98127455143,517237.787215289,5646510.46939679
0.00266292152608934,347.98127455143,517737.787215289,5646510.46939679
0.00582055586086982,347.98127455143,518237.787215289,5646510.46939679
0.00642849506655332,347.98127455143,518737.787215289,5646510.46939679
0.0136744678564034,347.98127455143,519237.787215289,5646510.46939679
0.00533120070767356,347.98127455143,519737.787215289,5646510.46939679
0.00188225305258452,347.98127455143,520237.787215289,5646510.46939679
0.00284101510398224,347.98127455143,520737.787215289,5646510.46939679
0.0011389714133043,347.98127455143,521237.787215289,5646510.46939679
0.00172296348638763,347.98127455143,521737.787215289,5646510.46939679
0.000344093069310265,347.98127455143,522237.787215289,5646510.46939679
0.0020501474969605,347.98127455143,522737.787215289,5646510.46939679
0.000830302448312719,347.98127455143,523237.787215289,5646510.46939679
0.000535305426028095,347.98127455143,523737.787215289,5646510.46939679
0.00161071648340278,347.98127455143,524237.787215289,5646510.46939679
0.00011743667485852,347.98127455143,486737.787215289,5647010.46939679
0.000731109331631749,347.98127455143,487237.787215289,5647010.46939679
0.000769662690643747,347.98127455143,487737.787215289,5647010.46939679
0.000804439529655557,347.98127455143,488237.787215289,5647010.46939679
0.000148237746479482,347.98127455143,488737.787215289,5647010.46939679
0.000176246296709474,347.98127455143,489237.787215289,5647010.46939679
0.000157034950771161,347.98127455143,489737.787215289,5647010.46939679
0.00259902407619189,347.98127455143,490237.787215289,5647010.46939679
0.00254230952756836,347.98127455143,490737.787215289,5647010.46939679
0.00297566085817346,347.98127455143,491237.787215289,5647010.46939679
0.00287926732946705,347.98127455143,491737.787215289,5647010.46939679
0.00231758820280784,347.98127455143,492237.787215289,5647010.46939679
0.000457891618493121,347.98127455143,492737.787215289,5647010.46939679
0.00343925100454687,347.98127455143,493237.787215289,5647010.46939679
0.00352397352625203,347.98127455143,493737.787215289,5647010.46939679
0.00400179613887634,347.98127455143,494237.787215289,5647010.46939679
0.00398309226991123,347.98127455143,494737.787215289,5647010.46939679
0.00426187326594357,347.98127455143,495237.787215289,5647010.46939679
0.00442359367071367,347.98127455143,495737.787215289,5647010.46939679
0.00405235799027937,347.98127455143,496237.787215289,5647010.46939679
0.0045734504923184,347.98127455143,496737.787215289,5647010.46939679
0.00418490154967403,347.98127455143,497237.787215289,5647010.46939679
0.00418490154967403,347.98127455143,497737.787215289,5647010.46939679
0.000847610682103293,347.98127455143,498237.787215289,5647010.46939679
0.000241033164504405,347.98127455143,498737.787215289,5647010.46939679
0.0031745264837314,347.98127455143,499237.787215289,5647010.46939679
0.00414173550471959,347.98127455143,499737.787215289,5647010.46939679
0.00462111596234259,347.98127455143,500237.787215289,5647010.46939679
0.00360655711100772,347.98127455143,500737.787215289,5647010.46939679
0.00619606075993332,347.98127455143,501237.787215289,5647010.46939679
0.00561117801142016,347.98127455143,501737.787215289,5647010.46939679
0.00438259605445164,347.98127455143,502237.787215289,5647010.46939679
0.00350542416176866,347.98127455143,502737.787215289,5647010.46939679
0.00362787224920642,347.98127455143,503237.787215289,5647010.46939679
0.00220726991194212,347.98127455143,503737.787215289,5647010.46939679
0.00357321514632014,347.98127455143,504237.787215289,5647010.46939679
0.00292801979048648,347.98127455143,504737.787215289,5647010.46939679
0.000470450046670537,347.98127455143,505237.787215289,5647010.46939679
0.000811619424962175,347.98127455143,505737.787215289,5647010.46939679
0.00206165804498487,347.98127455143,506237.787215289,5647010.46939679
0.00561117801142016,347.98127455143,506737.787215289,5647010.46939679
0.00160902421475638,347.98127455143,507237.787215289,5647010.46939679
0.000250308560232357,347.98127455143,507737.787215289,5647010.46939679
0.00021764660354777,347.98127455143,508237.787215289,5647010.46939679
0.000317109243698294,347.98127455143,508737.787215289,5647010.46939679
0.000256993765207588,347.98127455143,509237.787215289,5647010.46939679
0.000573636475014787,347.98127455143,509737.787215289,5647010.46939679
0.000316422262142639,347.98127455143,510237.787215289,5647010.46939679
0.000301117655553542,347.98127455143,510737.787215289,5647010.46939679
0.000883944551018238,347.98127455143,511237.787215289,5647010.46939679
0.000618247265686041,347.98127455143,511737.787215289,5647010.46939679
0.00101500997532089,347.98127455143,512237.787215289,5647010.46939679
0.000332504740698149,347.98127455143,512737.787215289,5647010.46939679
0.000735005876707742,347.98127455143,513237.787215289,5647010.46939679
0.00147137089165665,347.98127455143,513737.787215289,5647010.46939679
0.00377404923694696,347.98127455143,514237.787215289,5647010.46939679
0.00448270107914547,347.98127455143,514737.787215289,5647010.46939679
0.0048433198855868,347.98127455143,515237.787215289,5647010.46939679
0.0060321029231193,347.98127455143,515737.787215289,5647010.46939679
0.00712760167994685,347.98127455143,516237.787215289,5647010.46939679
0.00712760167994685,347.98127455143,516737.787215289,5647010.46939679
0.00754294094113945,347.98127455143,517237.787215289,5647010.46939679
0.00533076720121481,347.98127455143,517737.787215289,5647010.46939679
0.00681799177700947,347.98127455143,518237.787215289,5647010.46939679
0.00416040551964895,347.98127455143,518737.787215289,5647010.46939679
0.00792631847314341,347.98127455143,519237.787215289,5647010.46939679
0.00109103603142004,347.98127455143,519737.787215289,5647010.46939679
0.00588642124854403,347.98127455143,520237.787215289,5647010.46939679
0.00229075498112509,347.98127455143,520737.787215289,5647010.46939679
0.00329509956145805,347.98127455143,521237.787215289,5647010.46939679
0.00610186985998305,347.98127455143,521737.787215289,5647010.46939679
0.00539789460793646,347.98127455143,522237.787215289,5647010.46939679
0.00379177094350728,347.98127455143,522737.787215289,5647010.46939679
0.00180530861718259,347.98127455143,523237.787215289,5647010.46939679
0.00584548000176167,347.98127455143,523737.787215289,5647010.46939679
0.00338829536980171,347.98127455143,524237.787215289,5647010.46939679
0.00022390622463268,347.98127455143,486737.787215289,5647510.46939679
0.000120026811628146,347.98127455143,487237.787215289,5647510.46939679
0.00012487239313997,347.98127455143,487737.787215289,5647510.46939679
0.000212348269696239,347.98127455143,488237.787215289,5647510.46939679
0.000133501060495684,347.98127455143,488737.787215289,5647510.46939679
0.000159429962166626,347.98127455143,489237.787215289,5647510.46939679
0.000199592247189374,347.98127455143,489737.787215289,5647510.46939679
0.000339636822226991,347.98127455143,490237.787215289,5647510.46939679
0.000730216180027386,347.98127455143,490737.787215289,5647510.46939679
0.00219599916132354,347.98127455143,491237.787215289,5647510.46939679
0.00259902407619189,347.98127455143,491737.787215289,5647510.46939679
0.00294999212661827,347.98127455143,492237.787215289,5647510.46939679
0.00424581789646619,347.98127455143,492737.787215289,5647510.46939679
0.00377670468235347,347.98127455143,493237.787215289,5647510.46939679
0.00334975767169487,347.98127455143,493737.787215289,5647510.46939679
0.00361405438327598,347.98127455143,494237.787215289,5647510.46939679
0.00293991129511538,347.98127455143,494737.787215289,5647510.46939679
0.000240884963963637,347.98127455143,495237.787215289,5647510.46939679
0.000576127695663401,347.98127455143,495737.787215289,5647510.46939679
0.000433773067781705,347.98127455143,496237.787215289,5647510.46939679
0.000514281032086973,347.98127455143,496737.787215289,5647510.46939679
0.000544876981242197,347.98127455143,497237.787215289,5647510.46939679
0.00415969699421997,347.98127455143,497737.787215289,5647510.46939679
0.00455571108207711,347.98127455143,498237.787215289,5647510.46939679
0.00447848724544588,347.98127455143,498737.787215289,5647510.46939679
0.00494530364727209,347.98127455143,499237.787215289,5647510.46939679
0.00412567062212109,347.98127455143,499737.787215289,5647510.46939679
0.00266246802519676,347.98127455143,500237.787215289,5647510.46939679
0.00266246802519676,347.98127455143,500737.787215289,5647510.46939679
0.00561117801142016,347.98127455143,501237.787215289,5647510.46939679
0.000633429637425818,347.98127455143,501737.787215289,5647510.46939679
0.00417648622929593,347.98127455143,502237.787215289,5647510.46939679
0.00494530364727209,347.98127455143,502737.787215289,5647510.46939679
0.00343263744184547,347.98127455143,503237.787215289,5647510.46939679
0.00150043323677363,347.98127455143,503737.787215289,5647510.46939679
0.00080681308273141,347.98127455143,504237.787215289,5647510.46939679
0.000489579388174552,347.98127455143,504737.787215289,5647510.46939679
0.000301117655553542,347.98127455143,505237.787215289,5647510.46939679
0.000519487542143822,347.98127455143,505737.787215289,5647510.46939679
0.00253840594861024,347.98127455143,506237.787215289,5647510.46939679
0.00126803058309637,347.98127455143,506737.787215289,5647510.46939679
0.00373754439906595,347.98127455143,507237.787215289,5647510.46939679
0.000235517963926959,347.98127455143,507737.787215289,5647510.46939679
0.000324535093747254,347.98127455143,508237.787215289,5647510.46939679
0.000545891017044133,347.98127455143,508737.787215289,5647510.46939679
0.00066562433349854,347.98127455143,509237.787215289,5647510.46939679
0.000426041489847771,347.98127455143,509737.787215289,5647510.46939679
0.000346024978992383,347.98127455143,510237.787215289,5647510.46939679
0.000324535093747254,347.98127455143,510737.787215289,5647510.46939679
0.000245489814132272,347.98127455143,511237.787215289,5647510.46939679
0.000608211135683077,347.98127455143,511737.787215289,5647510.46939679
0.0023194566170894,347.98127455143,512237.787215289,5647510.46939679
0.000700973938558616,347.98127455143,512737.787215289,5647510.46939679
0.000791085429517175,347.98127455143,513237.787215289,5647510.46939679
0.00142306963716923,347.98127455143,513737.787215289,5647510.46939679
0.00104622992263968,347.98127455143,514237.787215289,5647510.46939679
0.00495831308604048,347.98127455143,514737.787215289,5647510.46939679
0.00279869746164725,347.98127455143,515237.787215289,5647510.46939679
0.00180530861718259,347.98127455143,515737.787215289,5647510.46939679
0.00556458716621161,347.98127455143,516237.787215289,5647510.46939679
0.00748986917779531,347.98127455143,516737.787215289,5647510.46939679
0.00683091822211537,347.98127455143,517237.787215289,5647510.46939679
0.00126599364382841,347.98127455143,517737.787215289,5647510.46939679
0.00348688901185719,347.98127455143,518237.787215289,5647510.46939679
0.0106722596205435,347.98127455143,518737.787215289,5647510.46939679
0.00618560450719773,347.98127455143,519237.787215289,5647510.46939679
0.00238502591688002,347.98127455143,519737.787215289,5647510.46939679
0.00568728367925489,347.98127455143,520237.787215289,5647510.46939679
0.00296075117505709,347.98127455143,520737.787215289,5647510.46939679
0.00542239183213299,347.98127455143,521237.787215289,5647510.46939679
0.00410750756420035,347.98127455143,521737.787215289,5647510.46939679
0.00566399906349612,347.98127455143,522237.787215289,5647510.46939679
0.00612700050795737,347.98127455143,522737.787215289,5647510.46939679
0.00678509905467943,347.98127455143,523237.787215289,5647510.46939679
0.00227894989767302,347.98127455143,523737.787215289,5647510.46939679
0.00306845416981236,347.98127455143,524237.787215289,5647510.46939679
0.000637091451586087,347.98127455143,486737.787215289,5648010.46939679
0.000126674262060397,347.98127455143,487237.787215289,5648010.46939679
0.000120026811628146,347.98127455143,487737.787215289,5648010.46939679
0.00012487239313997,347.98127455143,488237.787215289,5648010.46939679
0.000155038311791971,347.98127455143,488737.787215289,5648010.46939679
0.000129342312198811,347.98127455143,489237.787215289,5648010.46939679
0.000135479357375125,347.98127455143,489737.787215289,5648010.46939679
0.000144380426973176,347.98127455143,490237.787215289,5648010.46939679
0.000180751556847387,347.98127455143,490737.787215289,5648010.46939679
0.000223147126977244,347.98127455143,491237.787215289,5648010.46939679
0.000339636822226991,347.98127455143,491737.787215289,5648010.46939679
0.000575837950159079,347.98127455143,492237.787215289,5648010.46939679
0.000831001214497074,347.98127455143,492737.787215289,5648010.46939679
0.00100824912895181,347.98127455143,493237.787215289,5648010.46939679
0.00226519058249972,347.98127455143,493737.787215289,5648010.46939679
0.000408750126446675,347.98127455143,494237.787215289,5648010.46939679
0.000332461523443875,347.98127455143,494737.787215289,5648010.46939679
0.000322382140025112,347.98127455143,495237.787215289,5648010.46939679
0.00019237101790943,347.98127455143,495737.787215289,5648010.46939679
0.000194480254153387,347.98127455143,496237.787215289,5648010.46939679
0.000189895894752974,347.98127455143,496737.787215289,5648010.46939679
0.000567966294838383,347.98127455143,497237.787215289,5648010.46939679
0.0032203341340902,347.98127455143,497737.787215289,5648010.46939679
0.00304958659878621,347.98127455143,498237.787215289,5648010.46939679
0.00392666795151365,347.98127455143,498737.787215289,5648010.46939679
0.00401976899942494,347.98127455143,499237.787215289,5648010.46939679
0.00394238352698548,347.98127455143,499737.787215289,5648010.46939679
0.00509253820990461,347.98127455143,500237.787215289,5648010.46939679
0.00471982003514994,347.98127455143,500737.787215289,5648010.46939679
0.00140020411441737,347.98127455143,501237.787215289,5648010.46939679
0.00359150728042267,347.98127455143,501737.787215289,5648010.46939679
0.00109516401986962,347.98127455143,502237.787215289,5648010.46939679
0.000290447828599719,347.98127455143,502737.787215289,5648010.46939679
0.000642038547930348,347.98127455143,503237.787215289,5648010.46939679
0.00116394063731317,347.98127455143,503737.787215289,5648010.46939679
0.000436964876970755,347.98127455143,504237.787215289,5648010.46939679
0.000316422262142639,347.98127455143,504737.787215289,5648010.46939679
0.000540610836043099,347.98127455143,505237.787215289,5648010.46939679
0.00131959097772967,347.98127455143,505737.787215289,5648010.46939679
0.0016247396583297,347.98127455143,506237.787215289,5648010.46939679
0.000602792123690117,347.98127455143,506737.787215289,5648010.46939679
0.00188528153157707,347.98127455143,507237.787215289,5648010.46939679
0.000602792123690117,347.98127455143,507737.787215289,5648010.46939679
0.000573636475014787,347.98127455143,508237.787215289,5648010.46939679
0.00103993569617758,347.98127455143,508737.787215289,5648010.46939679
0.000735005876707742,347.98127455143,509237.787215289,5648010.46939679
0.000426041489847771,347.98127455143,509737.787215289,5648010.46939679
0.000727896464856903,347.98127455143,510237.787215289,5648010.46939679
0.000394567782976669,347.98127455143,510737.787215289,5648010.46939679
0.000410945101814769,347.98127455143,511237.787215289,5648010.46939679
0.000476843909712843,347.98127455143,511737.787215289,5648010.46939679
0.00490144731735713,347.98127455143,512237.787215289,5648010.46939679
0.00365668407446872,347.98127455143,512737.787215289,5648010.46939679
0.000722683934466875,347.98127455143,513237.787215289,5648010.46939679
0.00259993709453361,347.98127455143,513737.787215289,5648010.46939679
0.000226655071156317,347.98127455143,514237.787215289,5648010.46939679
0.000340196912703109,347.98127455143,514737.787215289,5648010.46939679
0.00378298576718928,347.98127455143,515237.787215289,5648010.46939679
0.000511172204184692,347.98127455143,515737.787215289,5648010.46939679
0.000658269120133125,347.98127455143,516237.787215289,5648010.46939679
0.00338992943118849,347.98127455143,516737.787215289,5648010.46939679
0.000894779140199488,347.98127455143,517237.787215289,5648010.46939679
0.00832918155238848,347.98127455143,517737.787215289,5648010.46939679
0.00207828122995305,347.98127455143,518237.787215289,5648010.46939679
0.00229509809556158,347.98127455143,518737.787215289,5648010.46939679
0.00698022581460819,347.98127455143,519237.787215289,5648010.46939679
0.00305537079872469,347.98127455143,519737.787215289,5648010.46939679
0.00566259535777341,347.98127455143,520237.787215289,5648010.46939679
0.00211400249547656,347.98127455143,520737.787215289,5648010.46939679
0.00474250855025892,347.98127455143,521237.787215289,5648010.46939679
0.00370129814428647,347.98127455143,521737.787215289,5648010.46939679
0.00383659107400201,347.98127455143,522237.787215289,5648010.46939679
0.00550236941466269,347.98127455143,522737.787215289,5648010.46939679
0.00913266389041571,347.98127455143,523237.787215289,5648010.46939679
0.00216943952407822,347.98127455143,523737.787215289,5648010.46939679
0.00363610600634941,347.98127455143,524237.787215289,5648010.46939679
0.00011095020543255,347.98127455143,486737.787215289,5648510.46939679
0.00011753457173988,347.98127455143,487237.787215289,5648510.46939679
0.000426191537388771,347.98127455143,487737.787215289,5648510.46939679
0.000120026811628146,347.98127455143,488237.787215289,5648510.46939679
0.00012487239313997,347.98127455143,488737.787215289,5648510.46939679
0.000127149831287095,347.98127455143,489237.787215289,5648510.46939679
0.000205381744299383,347.98127455143,489737.787215289,5648510.46939679
0.00139258344132667,347.98127455143,490237.787215289,5648510.46939679
0.00033991994830946,347.98127455143,490737.787215289,5648510.46939679
0.00025893081095046,347.98127455143,491237.787215289,5648510.46939679
0.000182216942254824,347.98127455143,491737.787215289,5648510.46939679
0.000163374581424055,347.98127455143,492237.787215289,5648510.46939679
0.000700530984749276,347.98127455143,492737.787215289,5648510.46939679
0.000574040089341722,347.98127455143,493237.787215289,5648510.46939679
0.00128772641827456,347.98127455143,493737.787215289,5648510.46939679
0.000297137193130076,347.98127455143,494237.787215289,5648510.46939679
0.000231930505489653,347.98127455143,494737.787215289,5648510.46939679
0.000231930505489653,347.98127455143,495237.787215289,5648510.46939679
0.000220712568045891,347.98127455143,495737.787215289,5648510.46939679
0.00031227896997783,347.98127455143,496237.787215289,5648510.46939679
0.00420519143777599,347.98127455143,496737.787215289,5648510.46939679
0.00406505005082478,347.98127455143,497237.787215289,5648510.46939679
0.00260188802121512,347.98127455143,497737.787215289,5648510.46939679
0.00420490299502727,347.98127455143,498237.787215289,5648510.46939679
0.00426187326594357,347.98127455143,498737.787215289,5648510.46939679
0.00484622401786649,347.98127455143,499237.787215289,5648510.46939679
0.00547668637188517,347.98127455143,499737.787215289,5648510.46939679
0.00555690337673255,347.98127455143,500237.787215289,5648510.46939679
0.00392750883848694,347.98127455143,500737.787215289,5648510.46939679
0.000447695475499216,347.98127455143,501237.787215289,5648510.46939679
0.000602792123690117,347.98127455143,501737.787215289,5648510.46939679
0.00325954514711145,347.98127455143,502237.787215289,5648510.46939679
0.00417648622929593,347.98127455143,502737.787215289,5648510.46939679
0.00254391705916122,347.98127455143,503237.787215289,5648510.46939679
0.00484622401786649,347.98127455143,503737.787215289,5648510.46939679
0.000210765413466482,347.98127455143,504237.787215289,5648510.46939679
0.000301117655553542,347.98127455143,504737.787215289,5648510.46939679
0.000316422262142639,347.98127455143,505237.787215289,5648510.46939679
0.000367163467660185,347.98127455143,505737.787215289,5648510.46939679
0.000426041489847771,347.98127455143,506237.787215289,5648510.46939679
0.000896218808380846,347.98127455143,506737.787215289,5648510.46939679
0.0016247396583297,347.98127455143,507237.787215289,5648510.46939679
0.00589637175672982,347.98127455143,507737.787215289,5648510.46939679
0.00034940462734226,347.98127455143,508237.787215289,5648510.46939679
0.000210765413466482,347.98127455143,508737.787215289,5648510.46939679
0.00034940462734226,347.98127455143,509237.787215289,5648510.46939679
0.00483572521790717,347.98127455143,509737.787215289,5648510.46939679
0.0027758851703236,347.98127455143,510237.787215289,5648510.46939679
0.000202969885309965,347.98127455143,510737.787215289,5648510.46939679
0.00325954514711145,347.98127455143,511237.787215289,5648510.46939679
0.00484622401786649,347.98127455143,511737.787215289,5648510.46939679
0.00461182346863255,347.98127455143,512237.787215289,5648510.46939679
0.00242087372610962,347.98127455143,512737.787215289,5648510.46939679
0.00270490558280751,347.98127455143,513237.787215289,5648510.46939679
0.0037898639902527,347.98127455143,513737.787215289,5648510.46939679
0.00613412798127919,347.98127455143,514237.787215289,5648510.46939679
0.000601909684623104,347.98127455143,514737.787215289,5648510.46939679
0.00295873040106879,347.98127455143,515237.787215289,5648510.46939679
0.005548636764269,347.98127455143,515737.787215289,5648510.46939679
0.00531727933971044,347.98127455143,516237.787215289,5648510.46939679
0.00794792405254381,347.98127455143,516737.787215289,5648510.46939679
0.00588689994167278,347.98127455143,517237.787215289,5648510.46939679
0.00650052264462391,347.98127455143,517737.787215289,5648510.46939679
0.00154367107916441,347.98127455143,518237.787215289,5648510.46939679
0.00146900731053574,347.98127455143,518737.787215289,5648510.46939679
0.00443864935718621,347.98127455143,519237.787215289,5648510.46939679
0.0028286823458192,347.98127455143,519737.787215289,5648510.46939679
0.00641200351021104,347.98127455143,520237.787215289,5648510.46939679
0.00585901290292505,347.98127455143,520737.787215289,5648510.46939679
0.0065516777952473,347.98127455143,521237.787215289,5648510.46939679
0.00564624994423609,347.98127455143,521737.787215289,5648510.46939679
0.00578270935830771,347.98127455143,522237.787215289,5648510.46939679
0.00479557312780416,347.98127455143,522737.787215289,5648510.46939679
0.00206382636491264,347.98127455143,523237.787215289,5648510.46939679
0.00413283518384961,347.98127455143,523737.787215289,5648510.46939679
0.00430915471057762,347.98127455143,524237.787215289,5648510.46939679
0.000102124171409797,347.98127455143,486737.787215289,5649010.46939679
0.00014938705798169,347.98127455143,487237.787215289,5649010.46939679
0.000654863388278122,347.98127455143,487737.787215289,5649010.46939679
0.000671649435348259,347.98127455143,488237.787215289,5649010.46939679
0.000120026811628146,347.98127455143,488737.787215289,5649010.46939679
0.00012487239313997,347.98127455143,489237.787215289,5649010.46939679
0.000135479357375125,347.98127455143,489737.787215289,5649010.46939679
0.000167721674530052,347.98127455143,490237.787215289,5649010.46939679
0.00292626834242507,347.98127455143,490737.787215289,5649010.46939679
0.00026049975159305,347.98127455143,491237.787215289,5649010.46939679
0.00021315125513061,347.98127455143,491737.787215289,5649010.46939679
0.000261625821176786,347.98127455143,492237.787215289,5649010.46939679
0.000394611976684572,347.98127455143,492737.787215289,5649010.46939679
0.000229229822279987,347.98127455143,493237.787215289,5649010.46939679
0.000231930505489653,347.98127455143,493737.787215289,5649010.46939679
0.00312320799544518,347.98127455143,494237.787215289,5649010.46939679
0.00037215356797577,347.98127455143,494737.787215289,5649010.46939679
0.000276399544761294,347.98127455143,495237.787215289,5649010.46939679
0.00364031927614674,347.98127455143,495737.787215289,5649010.46939679
0.00382534215126748,347.98127455143,496237.787215289,5649010.46939679
0.00426187326594357,347.98127455143,496737.787215289,5649010.46939679
0.00438876032709553,347.98127455143,497237.787215289,5649010.46939679
0.00397447933435962,347.98127455143,497737.787215289,5649010.46939679
0.00449153335165247,347.98127455143,498237.787215289,5649010.46939679
0.00503235446636318,347.98127455143,498737.787215289,5649010.46939679
0.00619606075993332,347.98127455143,499237.787215289,5649010.46939679
0.0065109817570386,347.98127455143,499737.787215289,5649010.46939679
0.000811619424962175,347.98127455143,500237.787215289,5649010.46939679
0.000385824918833143,347.98127455143,500737.787215289,5649010.46939679
0.00325248370869429,347.98127455143,501237.787215289,5649010.46939679
0.00478895122158814,347.98127455143,501737.787215289,5649010.46939679
0.00229879082771506,347.98127455143,502237.787215289,5649010.46939679
0.00684190892939946,347.98127455143,502737.787215289,5649010.46939679
0.00589637175672982,347.98127455143,503237.787215289,5649010.46939679
0.00619606075993332,347.98127455143,503737.787215289,5649010.46939679
0.00508150579791666,347.98127455143,504237.787215289,5649010.46939679
0.000494361141723663,347.98127455143,504737.787215289,5649010.46939679
0.00034940462734226,347.98127455143,505237.787215289,5649010.46939679
0.000385824918833143,347.98127455143,505737.787215289,5649010.46939679
0.000633429637425818,347.98127455143,506237.787215289,5649010.46939679
0.000298205067373324,347.98127455143,506737.787215289,5649010.46939679
0.000405434856962334,347.98127455143,507237.787215289,5649010.46939679
0.000313361638749501,347.98127455143,507737.787215289,5649010.46939679
0.000244563576365249,347.98127455143,508237.787215289,5649010.46939679
0.000245489814132272,347.98127455143,508737.787215289,5649010.46939679
0.00038666257987872,347.98127455143,509237.787215289,5649010.46939679
0.00377404923694696,347.98127455143,509737.787215289,5649010.46939679
0.00325248370869429,347.98127455143,510237.787215289,5649010.46939679
0.00561117801142016,347.98127455143,510737.787215289,5649010.46939679
0.00341779445245493,347.98127455143,511237.787215289,5649010.46939679
0.00561117801142016,347.98127455143,511737.787215289,5649010.46939679
0.00619606075993332,347.98127455143,512237.787215289,5649010.46939679
0.00684190892939946,347.98127455143,512737.787215289,5649010.46939679
0.00684190892939946,347.98127455143,513237.787215289,5649010.46939679
0.00561117801142016,347.98127455143,513737.787215289,5649010.46939679
0.00619606075993332,347.98127455143,514237.787215289,5649010.46939679
0.00458343966017213,347.98127455143,514737.787215289,5649010.46939679
0.00485750772878477,347.98127455143,515237.787215289,5649010.46939679
0.001688289192506,347.98127455143,515737.787215289,5649010.46939679
0.00681308064080668,347.98127455143,516237.787215289,5649010.46939679
0.00484111726272648,347.98127455143,516737.787215289,5649010.46939679
0.00754294094113945,347.98127455143,517237.787215289,5649010.46939679
0.00717810648591741,347.98127455143,517737.787215289,5649010.46939679
0.00207845023908481,347.98127455143,518237.787215289,5649010.46939679
0.00618560450719773,347.98127455143,518737.787215289,5649010.46939679
0.00604216327403359,347.98127455143,519237.787215289,5649010.46939679
0.00290068641909117,347.98127455143,519737.787215289,5649010.46939679
0.00526298854728673,347.98127455143,520237.787215289,5649010.46939679
0.00578203285400666,347.98127455143,520737.787215289,5649010.46939679
0.00749234579965136,347.98127455143,521237.787215289,5649010.46939679
0.0061446135046188,347.98127455143,521737.787215289,5649010.46939679
0.000591103140560071,347.98127455143,522237.787215289,5649010.46939679
0.0011384223903099,347.98127455143,522737.787215289,5649010.46939679
0.00913266389041571,347.98127455143,523237.787215289,5649010.46939679
0.00528026214925958,347.98127455143,523737.787215289,5649010.46939679
0.00264846665177156,347.98127455143,524237.787215289,5649010.46939679
0.0001444921389844,347.98127455143,486737.787215289,5649510.46939679
0.000314249889464308,347.98127455143,487237.787215289,5649510.46939679
0.000123508384128231,347.98127455143,487737.787215289,5649510.46939679
0.000123405511539775,347.98127455143,488237.787215289,5649510.46939679
0.000122501411085589,347.98127455143,488737.787215289,5649510.46939679
0.000240210871700229,347.98127455143,489237.787215289,5649510.46939679
0.000240210871700229,347.98127455143,489737.787215289,5649510.46939679
0.000257812772256878,347.98127455143,490237.787215289,5649510.46939679
0.000163374581424055,347.98127455143,490737.787215289,5649510.46939679
0.000163374581424055,347.98127455143,491237.787215289,5649510.46939679
0.000268707563483972,347.98127455143,491737.787215289,5649510.46939679
0.00162452848303398,347.98127455143,492237.787215289,5649510.46939679
0.00311459980141895,347.98127455143,492737.787215289,5649510.46939679
0.000289149202156057,347.98127455143,493237.787215289,5649510.46939679
0.00448877170815432,347.98127455143,493737.787215289,5649510.46939679
0.00412624478500573,347.98127455143,494237.787215289,5649510.46939679
0.00378224304163805,347.98127455143,494737.787215289,5649510.46939679
0.00310188855304585,347.98127455143,495237.787215289,5649510.46939679
0.00461182346863255,347.98127455143,495737.787215289,5649510.46939679
0.00461182346863255,347.98127455143,496237.787215289,5649510.46939679
0.00509253820990461,347.98127455143,496737.787215289,5649510.46939679
0.00455732082388956,347.98127455143,497237.787215289,5649510.46939679
0.00503235446636318,347.98127455143,497737.787215289,5649510.46939679
0.00503235446636318,347.98127455143,498237.787215289,5649510.46939679
0.000896218808380846,347.98127455143,498737.787215289,5649510.46939679
0.000494361141723663,347.98127455143,499237.787215289,5649510.46939679
0.00561117801142016,347.98127455143,499737.787215289,5649510.46939679
0.0039658690713342,347.98127455143,500237.787215289,5649510.46939679
0.00154615479166431,347.98127455143,500737.787215289,5649510.46939679
0.00533977842219825,347.98127455143,501237.787215289,5649510.46939679
0.00619606075993332,347.98127455143,501737.787215289,5649510.46939679
0.00103993569617758,347.98127455143,502237.787215289,5649510.46939679
0.00377404923694696,347.98127455143,502737.787215289,5649510.46939679
0.00533977842219825,347.98127455143,503237.787215289,5649510.46939679
0.000633429637425818,347.98127455143,503737.787215289,5649510.46939679
0.0012066989021779,347.98127455143,504237.787215289,5649510.46939679
0.00140020411441737,347.98127455143,504737.787215289,5649510.46939679
0.000699455357260991,347.98127455143,505237.787215289,5649510.46939679
0.000385824918833143,347.98127455143,505737.787215289,5649510.46939679
0.000232734606756892,347.98127455143,506237.787215289,5649510.46939679
0.00022937495268111,347.98127455143,506737.787215289,5649510.46939679
0.000270055730853949,347.98127455143,507237.787215289,5649510.46939679
0.000266157325500766,347.98127455143,507737.787215289,5649510.46939679
0.000202969885309965,347.98127455143,508237.787215289,5649510.46939679
0.00019710165593997,347.98127455143,508737.787215289,5649510.46939679
0.000238201719157716,347.98127455143,509237.787215289,5649510.46939679
0.000489579388174552,347.98127455143,509737.787215289,5649510.46939679
0.00266742297464775,347.98127455143,510237.787215289,5649510.46939679
0.00325248370869429,347.98127455143,510737.787215289,5649510.46939679
0.00377404923694696,347.98127455143,511237.787215289,5649510.46939679
0.00619606075993332,347.98127455143,511737.787215289,5649510.46939679
0.00483572521790717,347.98127455143,512237.787215289,5649510.46939679
0.000852870795547806,347.98127455143,512737.787215289,5649510.46939679
0.00229879082771506,347.98127455143,513237.787215289,5649510.46939679
0.00561117801142016,347.98127455143,513737.787215289,5649510.46939679
0.00619606075993332,347.98127455143,514237.787215289,5649510.46939679
0.00585778756666932,347.98127455143,514737.787215289,5649510.46939679
0.00438022190812474,347.98127455143,515237.787215289,5649510.46939679
0.000798627987699015,347.98127455143,515737.787215289,5649510.46939679
0.00643903477789251,347.98127455143,516237.787215289,5649510.46939679
0.00393353563889701,347.98127455143,516737.787215289,5649510.46939679
0.00560216432595915,347.98127455143,517237.787215289,5649510.46939679
0.00358573795410818,347.98127455143,517737.787215289,5649510.46939679
0.00618610753038444,347.98127455143,518237.787215289,5649510.46939679
0.00533076720121481,347.98127455143,518737.787215289,5649510.46939679
0.00564030317097647,347.98127455143,519237.787215289,5649510.46939679
0.00423191410477736,347.98127455143,519737.787215289,5649510.46939679
0.00607662135621199,347.98127455143,520237.787215289,5649510.46939679
0.00529544106747341,347.98127455143,520737.787215289,5649510.46939679
0.00529369064037944,347.98127455143,521237.787215289,5649510.46939679
0.00787054928424487,347.98127455143,521737.787215289,5649510.46939679
0.00749234579965136,347.98127455143,522237.787215289,5649510.46939679
0.00645478528540277,347.98127455143,522737.787215289,5649510.46939679
0.00869093824504926,347.98127455143,523237.787215289,5649510.46939679
0.00371363875097053,347.98127455143,523737.787215289,5649510.46939679
0.00496815236459057,347.98127455143,524237.787215289,5649510.46939679
0.00011753457173988,347.98127455143,486737.787215289,5650010.46939679
0.000188336661569676,347.98127455143,487237.787215289,5650010.46939679
0.000178453370347003,347.98127455143,487737.787215289,5650010.46939679
0.000127149831287095,347.98127455143,488237.787215289,5650010.46939679
0.000138138696326931,347.98127455143,488737.787215289,5650010.46939679
0.000586429175493956,347.98127455143,489237.787215289,5650010.46939679
0.000247899986368907,347.98127455143,489737.787215289,5650010.46939679
0.000163671018445512,347.98127455143,490237.787215289,5650010.46939679
0.000172233687460242,347.98127455143,490737.787215289,5650010.46939679
0.00020250385002375,347.98127455143,491237.787215289,5650010.46939679
0.000176739917091305,347.98127455143,491737.787215289,5650010.46939679
0.000249172308769536,347.98127455143,492237.787215289,5650010.46939679
0.00401976899942494,347.98127455143,492737.787215289,5650010.46939679
0.00359930476989747,347.98127455143,493237.787215289,5650010.46939679
0.0058393385593464,347.98127455143,493737.787215289,5650010.46939679
0.00436747664218109,347.98127455143,494237.787215289,5650010.46939679
0.003671024162556,347.98127455143,494737.787215289,5650010.46939679
0.000240210871700229,347.98127455143,495237.787215289,5650010.46939679
0.00589637175672982,347.98127455143,495737.787215289,5650010.46939679
0.00619606075993332,347.98127455143,496237.787215289,5650010.46939679
0.00114833369157523,347.98127455143,496737.787215289,5650010.46939679
0.00133247950815711,347.98127455143,497237.787215289,5650010.46939679
0.00133247950815711,347.98127455143,497737.787215289,5650010.46939679
0.000494361141723663,347.98127455143,498237.787215289,5650010.46939679
0.00561117801142016,347.98127455143,498737.787215289,5650010.46939679
0.0012066989021779,347.98127455143,499237.787215289,5650010.46939679
0.00478895122158814,347.98127455143,499737.787215289,5650010.46939679
0.000447695475499216,347.98127455143,500237.787215289,5650010.46939679
0.003384735521698,347.98127455143,500737.787215289,5650010.46939679
0.00621549048756314,347.98127455143,501237.787215289,5650010.46939679
0.00145713892156551,347.98127455143,501737.787215289,5650010.46939679
0.00406755100649204,347.98127455143,502237.787215289,5650010.46939679
0.00484622401786649,347.98127455143,502737.787215289,5650010.46939679
0.00509253820990461,347.98127455143,503237.787215289,5650010.46939679
0.000247488400452647,347.98127455143,503737.787215289,5650010.46939679
0.000568087923523184,347.98127455143,504237.787215289,5650010.46939679
0.000489579388174552,347.98127455143,504737.787215289,5650010.46939679
0.000699455357260991,347.98127455143,505237.787215289,5650010.46939679
0.000270055730853949,347.98127455143,505737.787215289,5650010.46939679
0.00019446691435188,347.98127455143,506237.787215289,5650010.46939679
0.00202023336564097,347.98127455143,506737.787215289,5650010.46939679
0.000240884963963637,347.98127455143,507237.787215289,5650010.46939679
0.000264629529315424,347.98127455143,507737.787215289,5650010.46939679
0.000243718605845324,347.98127455143,508237.787215289,5650010.46939679
0.000218142510582232,347.98127455143,508737.787215289,5650010.46939679
0.000190210563456788,347.98127455143,509237.787215289,5650010.46939679
0.000275144855801529,347.98127455143,509737.787215289,5650010.46939679
0.000273285424818522,347.98127455143,510237.787215289,5650010.46939679
0.000634804870871056,347.98127455143,510737.787215289,5650010.46939679
0.00219235316545173,347.98127455143,511237.787215289,5650010.46939679
0.000736601641421566,347.98127455143,511737.787215289,5650010.46939679
0.000700973938558616,347.98127455143,512237.787215289,5650010.46939679
0.000273285424818522,347.98127455143,512737.787215289,5650010.46939679
0.00147456537189724,347.98127455143,513237.787215289,5650010.46939679
0.00147456537189724,347.98127455143,513737.787215289,5650010.46939679
0.00541481294959098,347.98127455143,514237.787215289,5650010.46939679
0.00533977842219825,347.98127455143,514737.787215289,5650010.46939679
0.00589637175672982,347.98127455143,515237.787215289,5650010.46939679
0.00460183247113297,347.98127455143,515737.787215289,5650010.46939679
0.00533977842219825,347.98127455143,516237.787215289,5650010.46939679
0.00325196444379131,347.98127455143,516737.787215289,5650010.46939679
0.00754232758707622,347.98127455143,517237.787215289,5650010.46939679
0.00618610753038444,347.98127455143,517737.787215289,5650010.46939679
0.00919662829470848,347.98127455143,518237.787215289,5650010.46939679
0.00659929166520238,347.98127455143,518737.787215289,5650010.46939679
0.00488835547383213,347.98127455143,519237.787215289,5650010.46939679
0.00312430515580278,347.98127455143,519737.787215289,5650010.46939679
0.00403158965992984,347.98127455143,520237.787215289,5650010.46939679
0.00451259649738952,347.98127455143,520737.787215289,5650010.46939679
0.00556274777190651,347.98127455143,521237.787215289,5650010.46939679
0.00132097883902921,347.98127455143,521737.787215289,5650010.46939679
0.00479398793385581,347.98127455143,522237.787215289,5650010.46939679
0.00748986917779531,347.98127455143,522737.787215289,5650010.46939679
0.00429433273294948,347.98127455143,523237.787215289,5650010.46939679
0.00437253454643263,347.98127455143,523737.787215289,5650010.46939679
0.00569558772925155,347.98127455143,524237.787215289,5650010.46939679
0.000416320539558548,347.98127455143,486737.787215289,5650510.46939679
0.000240275571181906,347.98127455143,487237.787215289,5650510.46939679
0.000137888502834668,347.98127455143,487737.787215289,5650510.46939679
0.000152537622937222,347.98127455143,488237.787215289,5650510.46939679
0.000137397082568053,347.98127455143,488737.787215289,5650510.46939679
0.000150087600603893,347.98127455143,489237.787215289,5650510.46939679
0.000163374581424055,347.98127455143,489737.787215289,5650510.46939679
0.000184911929430096,347.98127455143,490237.787215289,5650510.46939679
0.000716934965549283,347.98127455143,490737.787215289,5650510.46939679
0.00305463994374375,347.98127455143,491237.787215289,5650510.46939679
0.000243718605845324,347.98127455143,491737.787215289,5650510.46939679
0.00146265755651929,347.98127455143,492237.787215289,5650510.46939679
0.00509253820990461,347.98127455143,492737.787215289,5650510.46939679
0.00322102376128976,347.98127455143,493237.787215289,5650510.46939679
0.00294546257305006,347.98127455143,493737.787215289,5650510.46939679
0.00685265437548492,347.98127455143,494237.787215289,5650510.46939679
0.000778387621305668,347.98127455143,494737.787215289,5650510.46939679
0.00378588397381874,347.98127455143,495237.787215289,5650510.46939679
0.00341779445245493,347.98127455143,495737.787215289,5650510.46939679
0.00253840594861024,347.98127455143,496237.787215289,5650510.46939679
0.00325248370869429,347.98127455143,496737.787215289,5650510.46939679
0.00109279147004012,347.98127455143,497237.787215289,5650510.46939679
0.001137226328472,347.98127455143,497737.787215289,5650510.46939679
0.000382092991868712,347.98127455143,498237.787215289,5650510.46939679
0.000244563576365249,347.98127455143,498737.787215289,5650510.46939679
0.00264162208092958,347.98127455143,499237.787215289,5650510.46939679
0.00471982003514994,347.98127455143,499737.787215289,5650510.46939679
0.00359150728042267,347.98127455143,500237.787215289,5650510.46939679
0.00508150579791666,347.98127455143,500737.787215289,5650510.46939679
0.000240210871700229,347.98127455143,501237.787215289,5650510.46939679
0.00561117801142016,347.98127455143,501737.787215289,5650510.46939679
0.0031745264837314,347.98127455143,502237.787215289,5650510.46939679
0.00382534215126748,347.98127455143,502737.787215289,5650510.46939679
0.00122309908657246,347.98127455143,503237.787215289,5650510.46939679
0.000307941037417221,347.98127455143,503737.787215289,5650510.46939679
0.000854722455737358,347.98127455143,504237.787215289,5650510.46939679
0.00188937464952218,347.98127455143,504737.787215289,5650510.46939679
0.000313361638749501,347.98127455143,505237.787215289,5650510.46939679
0.000308838088421129,347.98127455143,505737.787215289,5650510.46939679
0.00025693874236276,347.98127455143,506237.787215289,5650510.46939679
0.000464289885943839,347.98127455143,506737.787215289,5650510.46939679
0.00276629444888224,347.98127455143,507237.787215289,5650510.46939679
0.00526985836679918,347.98127455143,507737.787215289,5650510.46939679
0.000332461523443875,347.98127455143,508237.787215289,5650510.46939679
0.000172233687460242,347.98127455143,508737.787215289,5650510.46939679
0.000185722900485951,347.98127455143,509237.787215289,5650510.46939679
0.000278079590324253,347.98127455143,509737.787215289,5650510.46939679
0.000290447828599719,347.98127455143,510237.787215289,5650510.46939679
0.000205282751310945,347.98127455143,510737.787215289,5650510.46939679
0.000263030743636706,347.98127455143,511237.787215289,5650510.46939679
0.000195353703566114,347.98127455143,511737.787215289,5650510.46939679
0.00022668045773992,347.98127455143,512237.787215289,5650510.46939679
0.000263030743636706,347.98127455143,512737.787215289,5650510.46939679
0.00105406941018446,347.98127455143,513237.787215289,5650510.46939679
0.000553310194539612,347.98127455143,513737.787215289,5650510.46939679
0.00509253820990461,347.98127455143,514237.787215289,5650510.46939679
0.00312800049693918,347.98127455143,514737.787215289,5650510.46939679
0.00619606075993332,347.98127455143,515237.787215289,5650510.46939679
0.00718965580691284,347.98127455143,515737.787215289,5650510.46939679
0.0032626829102562,347.98127455143,516237.787215289,5650510.46939679
0.00420562615473269,347.98127455143,516737.787215289,5650510.46939679
0.00832850426518865,347.98127455143,517237.787215289,5650510.46939679
0.0017912128638321,347.98127455143,517737.787215289,5650510.46939679
0.00376768028509399,347.98127455143,518237.787215289,5650510.46939679
0.00395200564580244,347.98127455143,518737.787215289,5650510.46939679
0.00532292085086036,347.98127455143,519237.787215289,5650510.46939679
0.00506430962511097,347.98127455143,519737.787215289,5650510.46939679
0.000338014858878166,347.98127455143,520237.787215289,5650510.46939679
0.00070382721130798,347.98127455143,520737.787215289,5650510.46939679
0.000597787008102871,347.98127455143,521237.787215289,5650510.46939679
0.00503764717457906,347.98127455143,521737.787215289,5650510.46939679
0.00251732900569604,347.98127455143,522237.787215289,5650510.46939679
0.00434289067352233,347.98127455143,522737.787215289,5650510.46939679
0.00537315400744864,347.98127455143,523237.787215289,5650510.46939679
0.00387740220870821,347.98127455143,523737.787215289,5650510.46939679
0.00553894959741149,347.98127455143,524237.787215289,5650510.46939679
0.00232693504913339,347.98127455143,486737.787215289,5651010.46939679
0.00248979978505738,347.98127455143,487237.787215289,5651010.46939679
0.000131457249870861,347.98127455143,487737.787215289,5651010.46939679
0.000163689350477405,347.98127455143,488237.787215289,5651010.46939679
0.000856065274342482,347.98127455143,488737.787215289,5651010.46939679
0.00049625837771407,347.98127455143,489237.787215289,5651010.46939679
0.00152355544094721,347.98127455143,489737.787215289,5651010.46939679
0.00100210451401409,347.98127455143,490237.787215289,5651010.46939679
0.000489474568313711,347.98127455143,490737.787215289,5651010.46939679
0.00401976899942494,347.98127455143,491237.787215289,5651010.46939679
0.00422407778697231,347.98127455143,491737.787215289,5651010.46939679
0.00478895122158814,347.98127455143,492237.787215289,5651010.46939679
0.00619606075993332,347.98127455143,492737.787215289,5651010.46939679
0.00133247950815711,347.98127455143,493237.787215289,5651010.46939679
0.00294546257305006,347.98127455143,493737.787215289,5651010.46939679
0.000772363286930028,347.98127455143,494237.787215289,5651010.46939679
0.000627302731078948,347.98127455143,494737.787215289,5651010.46939679
0.000260067246410151,347.98127455143,495237.787215289,5651010.46939679
0.00047147143657759,347.98127455143,495737.787215289,5651010.46939679
0.00140324408510162,347.98127455143,496237.787215289,5651010.46939679
0.000736601641421566,347.98127455143,496737.787215289,5651010.46939679
0.000634804870871056,347.98127455143,497237.787215289,5651010.46939679
0.000195353703566114,347.98127455143,497737.787215289,5651010.46939679
0.000642038547930348,347.98127455143,498237.787215289,5651010.46939679
0.000453780082303404,347.98127455143,498737.787215289,5651010.46939679
0.00139191222297191,347.98127455143,499237.787215289,5651010.46939679
0.003384735521698,347.98127455143,499737.787215289,5651010.46939679
0.000489579388174552,347.98127455143,500237.787215289,5651010.46939679
0.000447695475499216,347.98127455143,500737.787215289,5651010.46939679
0.00772234859491924,347.98127455143,501237.787215289,5651010.46939679
0.00494278940075806,347.98127455143,501737.787215289,5651010.46939679
0.00686336392025848,347.98127455143,502237.787215289,5651010.46939679
0.00457458080481665,347.98127455143,502737.787215289,5651010.46939679
0.00373674418383373,347.98127455143,503237.787215289,5651010.46939679
0.000275163729848945,347.98127455143,503737.787215289,5651010.46939679
0.00386843306385432,347.98127455143,504237.787215289,5651010.46939679
0.00520858733118444,347.98127455143,504737.787215289,5651010.46939679
0.000822650103952239,347.98127455143,505237.787215289,5651010.46939679
0.00312299376817102,347.98127455143,505737.787215289,5651010.46939679
0.000512685275297913,347.98127455143,506237.787215289,5651010.46939679
0.000594823838359591,347.98127455143,506737.787215289,5651010.46939679
0.00467331097888928,347.98127455143,507237.787215289,5651010.46939679
0.00180876530287005,347.98127455143,507737.787215289,5651010.46939679
0.000253671845987777,347.98127455143,508237.787215289,5651010.46939679
0.000206339282396729,347.98127455143,508737.787215289,5651010.46939679
0.000194310263540914,347.98127455143,509237.787215289,5651010.46939679
0.000703846464016482,347.98127455143,509737.787215289,5651010.46939679
0.000256105848214255,347.98127455143,510237.787215289,5651010.46939679
0.00018101052227421,347.98127455143,510737.787215289,5651010.46939679
0.000538743018169329,347.98127455143,511237.787215289,5651010.46939679
0.000243718605845324,347.98127455143,511737.787215289,5651010.46939679
0.000297174764764213,347.98127455143,512237.787215289,5651010.46939679
0.000282801114717828,347.98127455143,512737.787215289,5651010.46939679
0.000212422866106038,347.98127455143,513237.787215289,5651010.46939679
0.000605409963124612,347.98127455143,513737.787215289,5651010.46939679
0.00232206669775043,347.98127455143,514237.787215289,5651010.46939679
0.000586247290781653,347.98127455143,514737.787215289,5651010.46939679
0.00450144612854377,347.98127455143,515237.787215289,5651010.46939679
0.00595187749170875,347.98127455143,515737.787215289,5651010.46939679
0.00658184488940326,347.98127455143,516237.787215289,5651010.46939679
0.00627724499841383,347.98127455143,516737.787215289,5651010.46939679
0.00792631847314341,347.98127455143,517237.787215289,5651010.46939679
0.00241174875615265,347.98127455143,517737.787215289,5651010.46939679
0.00285966316615573,347.98127455143,518237.787215289,5651010.46939679
0.00448753235767722,347.98127455143,518737.787215289,5651010.46939679
0.00518369545909045,347.98127455143,519237.787215289,5651010.46939679
0.00602169607666206,347.98127455143,519737.787215289,5651010.46939679
0.00449917913746792,347.98127455143,520237.787215289,5651010.46939679
0.00445182356382273,347.98127455143,520737.787215289,5651010.46939679
0.00580198965915817,347.98127455143,521237.787215289,5651010.46939679
0.000781954362726376,347.98127455143,521737.787215289,5651010.46939679
0.00321623207186036,347.98127455143,522237.787215289,5651010.46939679
0.00580198965915817,347.98127455143,522737.787215289,5651010.46939679
0.000643926546894275,347.98127455143,523237.787215289,5651010.46939679
0.00411379408642393,347.98127455143,523737.787215289,5651010.46939679
0.00384317679795293,347.98127455143,524237.787215289,5651010.46939679
0.00102002269346793,347.98127455143,486737.787215289,5651510.46939679
0.00274703481211088,347.98127455143,487237.787215289,5651510.46939679
0.00328057061523792,347.98127455143,487737.787215289,5651510.46939679
0.000615721751586773,347.98127455143,488237.787215289,5651510.46939679
0.000235909642392704,347.98127455143,488737.787215289,5651510.46939679
0.000233281835842329,347.98127455143,489237.787215289,5651510.46939679
0.00063860923634627,347.98127455143,489737.787215289,5651510.46939679
0.000656908524228308,347.98127455143,490237.787215289,5651510.46939679
0.00405573639925731,347.98127455143,490737.787215289,5651510.46939679
0.00461182346863255,347.98127455143,491237.787215289,5651510.46939679
0.00378224304163805,347.98127455143,491737.787215289,5651510.46939679
0.00461626298674224,347.98127455143,492237.787215289,5651510.46939679
0.00483572521790717,347.98127455143,492737.787215289,5651510.46939679
0.00377404923694696,347.98127455143,493237.787215289,5651510.46939679
0.00066562433349854,347.98127455143,493737.787215289,5651510.46939679
0.00251385298392631,347.98127455143,494237.787215289,5651510.46939679
0.000260067246410151,347.98127455143,494737.787215289,5651510.46939679
0.0038595698918839,347.98127455143,495237.787215289,5651510.46939679
0.00022668045773992,347.98127455143,495737.787215289,5651510.46939679
0.000410945101814769,347.98127455143,496237.787215289,5651510.46939679
0.00244845987035576,347.98127455143,496737.787215289,5651510.46939679
0.00298549420748522,347.98127455143,497237.787215289,5651510.46939679
0.00158482201539838,347.98127455143,497737.787215289,5651510.46939679
0.00025312818364438,347.98127455143,498237.787215289,5651510.46939679
0.000187999043260859,347.98127455143,498737.787215289,5651510.46939679
0.000207722896969886,347.98127455143,499237.787215289,5651510.46939679
0.000633429637425818,347.98127455143,499737.787215289,5651510.46939679
0.00169080448285095,347.98127455143,500237.787215289,5651510.46939679
0.00359150728042267,347.98127455143,500737.787215289,5651510.46939679
0.00838175696609856,347.98127455143,501237.787215289,5651510.46939679
0.000240210871700229,347.98127455143,501737.787215289,5651510.46939679
0.00653139902004545,347.98127455143,502237.787215289,5651510.46939679
0.00417648622929593,347.98127455143,502737.787215289,5651510.46939679
0.00494530364727209,347.98127455143,503237.787215289,5651510.46939679
0.0042715839294601,347.98127455143,503737.787215289,5651510.46939679
0.00391393924143333,347.98127455143,504237.787215289,5651510.46939679
0.00263249524030866,347.98127455143,504737.787215289,5651510.46939679
0.00350326883282269,347.98127455143,505237.787215289,5651510.46939679
0.00315630406793658,347.98127455143,505737.787215289,5651510.46939679
0.000276128950629954,347.98127455143,506237.787215289,5651510.46939679
0.000261625821176786,347.98127455143,506737.787215289,5651510.46939679
0.00449841257907866,347.98127455143,507237.787215289,5651510.46939679
0.00236134121263787,347.98127455143,507737.787215289,5651510.46939679
0.000191318814858457,347.98127455143,508237.787215289,5651510.46939679
0.000155472534082561,347.98127455143,508737.787215289,5651510.46939679
0.000188402822875378,347.98127455143,509237.787215289,5651510.46939679
0.000169881654403098,347.98127455143,509737.787215289,5651510.46939679
0.000405382160627032,347.98127455143,510237.787215289,5651510.46939679
0.000272657939361853,347.98127455143,510737.787215289,5651510.46939679
0.000183388316303958,347.98127455143,511237.787215289,5651510.46939679
0.00561044869939174,347.98127455143,511737.787215289,5651510.46939679
0.000811513934847993,347.98127455143,512237.787215289,5651510.46939679
0.000175636686775611,347.98127455143,512737.787215289,5651510.46939679
0.000249189401184208,347.98127455143,513237.787215289,5651510.46939679
0.000476843909712843,347.98127455143,513737.787215289,5651510.46939679
0.00424222758613885,347.98127455143,514237.787215289,5651510.46939679
0.00550178765441443,347.98127455143,514737.787215289,5651510.46939679
0.00580738703650606,347.98127455143,515237.787215289,5651510.46939679
0.00663042055614335,347.98127455143,515737.787215289,5651510.46939679
0.00332735405704707,347.98127455143,516237.787215289,5651510.46939679
0.00166491237297259,347.98127455143,516737.787215289,5651510.46939679
0.0101560673216733,347.98127455143,517237.787215289,5651510.46939679
0.00875252055133937,347.98127455143,517737.787215289,5651510.46939679
0.00809956890450196,347.98127455143,518237.787215289,5651510.46939679
0.0013499383966916,347.98127455143,518737.787215289,5651510.46939679
0.00282938355036335,347.98127455143,519237.787215289,5651510.46939679
0.00268511170302213,347.98127455143,519737.787215289,5651510.46939679
0.0042038971488809,347.98127455143,520237.787215289,5651510.46939679
0.00322936958996714,347.98127455143,520737.787215289,5651510.46939679
0.00419157978311319,347.98127455143,521237.787215289,5651510.46939679
0.00118738350311152,347.98127455143,521737.787215289,5651510.46939679
0.00423649924439268,347.98127455143,522237.787215289,5651510.46939679
0.00163415156923559,347.98127455143,522737.787215289,5651510.46939679
0.00480135962630718,347.98127455143,523237.787215289,5651510.46939679
0.000291801964830884,347.98127455143,523737.787215289,5651510.46939679
0.00166953544250116,347.98127455143,524237.787215289,5651510.46939679
0.000741353038820475,347.98127455143,486737.787215289,5652010.46939679
0.00132953716488203,347.98127455143,487237.787215289,5652010.46939679
0.00349110465137885,347.98127455143,487737.787215289,5652010.46939679
0.00353260228883091,347.98127455143,488237.787215289,5652010.46939679
0.0027400038862316,347.98127455143,488737.787215289,5652010.46939679
0.00344574199928618,347.98127455143,489237.787215289,5652010.46939679
0.000353806653311099,347.98127455143,489737.787215289,5652010.46939679
0.00355600658569377,347.98127455143,490237.787215289,5652010.46939679
0.00350542416176866,347.98127455143,490737.787215289,5652010.46939679
0.00619606075993332,347.98127455143,491237.787215289,5652010.46939679
0.0032626829102562,347.98127455143,491737.787215289,5652010.46939679
0.00494278940075806,347.98127455143,492237.787215289,5652010.46939679
0.00186704597280468,347.98127455143,492737.787215289,5652010.46939679
0.000659186020996907,347.98127455143,493237.787215289,5652010.46939679
0.00310188855304585,347.98127455143,493737.787215289,5652010.46939679
0.00021764660354777,347.98127455143,494237.787215289,5652010.46939679
0.000313294547437733,347.98127455143,494737.787215289,5652010.46939679
0.000370489625550011,347.98127455143,495237.787215289,5652010.46939679
0.00168496273010838,347.98127455143,495737.787215289,5652010.46939679
0.00276629444888224,347.98127455143,496237.787215289,5652010.46939679
0.00138186958037696,347.98127455143,496737.787215289,5652010.46939679
0.000220712568045891,347.98127455143,497237.787215289,5652010.46939679
0.000225044958904022,347.98127455143,497737.787215289,5652010.46939679
0.000286516052356444,347.98127455143,498237.787215289,5652010.46939679
0.000190210563456788,347.98127455143,498737.787215289,5652010.46939679
0.000207722896969886,347.98127455143,499237.787215289,5652010.46939679
0.00589637175672982,347.98127455143,499737.787215289,5652010.46939679
0.00266742297464775,347.98127455143,500237.787215289,5652010.46939679
0.00147137089165665,347.98127455143,500737.787215289,5652010.46939679
0.000811619424962175,347.98127455143,501237.787215289,5652010.46939679
0.00485843220924134,347.98127455143,501737.787215289,5652010.46939679
0.00460183247113297,347.98127455143,502237.787215289,5652010.46939679
0.00589637175672982,347.98127455143,502737.787215289,5652010.46939679
0.00471982003514994,347.98127455143,503237.787215289,5652010.46939679
0.00432190982022872,347.98127455143,503737.787215289,5652010.46939679
0.00354403128720319,347.98127455143,504237.787215289,5652010.46939679
0.00447898886003711,347.98127455143,504737.787215289,5652010.46939679
0.000941647620985134,347.98127455143,505237.787215289,5652010.46939679
0.0046012343486412,347.98127455143,505737.787215289,5652010.46939679
0.000451356313048609,347.98127455143,506237.787215289,5652010.46939679
0.00595682416822284,347.98127455143,506737.787215289,5652010.46939679
0.00281375463228078,347.98127455143,507237.787215289,5652010.46939679
0.00374945548650964,347.98127455143,507737.787215289,5652010.46939679
0.00071445836931819,347.98127455143,508237.787215289,5652010.46939679
0.000146214683449034,347.98127455143,508737.787215289,5652010.46939679
0.00254814772383791,347.98127455143,509237.787215289,5652010.46939679
0.00377985299705724,347.98127455143,509737.787215289,5652010.46939679
0.002247128647323,347.98127455143,510237.787215289,5652010.46939679
0.00334098419576828,347.98127455143,510737.787215289,5652010.46939679
0.00387674158704795,347.98127455143,511237.787215289,5652010.46939679
0.00371888589703481,347.98127455143,511737.787215289,5652010.46939679
0.000730134401058493,347.98127455143,512237.787215289,5652010.46939679
0.000203263213138308,347.98127455143,512737.787215289,5652010.46939679
0.000332388025325782,347.98127455143,513237.787215289,5652010.46939679
0.000727639356476806,347.98127455143,513737.787215289,5652010.46939679
0.00525026017019178,347.98127455143,514237.787215289,5652010.46939679
0.00585778756666932,347.98127455143,514737.787215289,5652010.46939679
0.00558816122445061,347.98127455143,515237.787215289,5652010.46939679
0.00472658219106853,347.98127455143,515737.787215289,5652010.46939679
0.00641200351021104,347.98127455143,516237.787215289,5652010.46939679
0.00614554474229519,347.98127455143,516737.787215289,5652010.46939679
0.00618610753038444,347.98127455143,517237.787215289,5652010.46939679
0.00279849474066073,347.98127455143,517737.787215289,5652010.46939679
0.00572461428671994,347.98127455143,518237.787215289,5652010.46939679
0.0065962922657934,347.98127455143,518737.787215289,5652010.46939679
0.0061865556476537,347.98127455143,519237.787215289,5652010.46939679
0.00456287303594758,347.98127455143,519737.787215289,5652010.46939679
0.00568664544345184,347.98127455143,520237.787215289,5652010.46939679
0.00583349373496322,347.98127455143,520737.787215289,5652010.46939679
0.00484717567918635,347.98127455143,521237.787215289,5652010.46939679
0.00407447506145372,347.98127455143,521737.787215289,5652010.46939679
0.00490846969336722,347.98127455143,522237.787215289,5652010.46939679
0.00507167209640363,347.98127455143,522737.787215289,5652010.46939679
0.000345678628936833,347.98127455143,523237.787215289,5652010.46939679
0.000396462518342341,347.98127455143,523737.787215289,5652010.46939679
0.000512726112292463,347.98127455143,524237.787215289,5652010.46939679
0.000440035542248164,347.98127455143,486737.787215289,5652510.46939679
0.00235368685242467,347.98127455143,487237.787215289,5652510.46939679
0.00138992096759513,347.98127455143,487737.787215289,5652510.46939679
0.00196744792733304,347.98127455143,488237.787215289,5652510.46939679
0.00276594470787031,347.98127455143,488737.787215289,5652510.46939679
0.000482206740574793,347.98127455143,489237.787215289,5652510.46939679
0.00117101544383991,347.98127455143,489737.787215289,5652510.46939679
0.00139191222297191,347.98127455143,490237.787215289,5652510.46939679
0.0039658690713342,347.98127455143,490737.787215289,5652510.46939679
0.00188528153157707,347.98127455143,491237.787215289,5652510.46939679
0.00066562433349854,347.98127455143,491737.787215289,5652510.46939679
0.00306523035678381,347.98127455143,492237.787215289,5652510.46939679
0.000599222439240291,347.98127455143,492737.787215289,5652510.46939679
0.00346424552582692,347.98127455143,493237.787215289,5652510.46939679
0.000313294547437733,347.98127455143,493737.787215289,5652510.46939679
0.000214751959194515,347.98127455143,494237.787215289,5652510.46939679
0.000218142510582232,347.98127455143,494737.787215289,5652510.46939679
0.000220684663483191,347.98127455143,495237.787215289,5652510.46939679
0.000263534614055475,347.98127455143,495737.787215289,5652510.46939679
0.000168678748579581,347.98127455143,496237.787215289,5652510.46939679
0.000168678748579581,347.98127455143,496737.787215289,5652510.46939679
0.000168678748579581,347.98127455143,497237.787215289,5652510.46939679
0.000222099499379334,347.98127455143,497737.787215289,5652510.46939679
0.0003142412936102,347.98127455143,498237.787215289,5652510.46939679
0.00440674505530665,347.98127455143,498737.787215289,5652510.46939679
0.00332618559212926,347.98127455143,499237.787215289,5652510.46939679
0.00449153335165247,347.98127455143,499737.787215289,5652510.46939679
0.00503235446636318,347.98127455143,500237.787215289,5652510.46939679
0.00406755100649204,347.98127455143,500737.787215289,5652510.46939679
0.00433689384812105,347.98127455143,501237.787215289,5652510.46939679
0.000514462751178853,347.98127455143,501737.787215289,5652510.46939679
0.00555690337673255,347.98127455143,502237.787215289,5652510.46939679
0.00309516865993019,347.98127455143,502737.787215289,5652510.46939679
0.00433689384812105,347.98127455143,503237.787215289,5652510.46939679
0.00478792589819269,347.98127455143,503737.787215289,5652510.46939679
0.0042715839294601,347.98127455143,504237.787215289,5652510.46939679
0.00380490990433357,347.98127455143,504737.787215289,5652510.46939679
0.000833703690668366,347.98127455143,505237.787215289,5652510.46939679
0.00407378086303558,347.98127455143,505737.787215289,5652510.46939679
0.00356513112833351,347.98127455143,506237.787215289,5652510.46939679
0.00371215034012972,347.98127455143,506737.787215289,5652510.46939679
0.00390082410105825,347.98127455143,507237.787215289,5652510.46939679
0.0012472333731777,347.98127455143,507737.787215289,5652510.46939679
0.000759695610277833,347.98127455143,508237.787215289,5652510.46939679
0.000180403977751531,347.98127455143,508737.787215289,5652510.46939679
0.00525219970426664,347.98127455143,509237.787215289,5652510.46939679
0.00360529059852181,347.98127455143,509737.787215289,5652510.46939679
0.00254814772383791,347.98127455143,510237.787215289,5652510.46939679
0.00294999212661827,347.98127455143,510737.787215289,5652510.46939679
0.00320494382431098,347.98127455143,511237.787215289,5652510.46939679
0.00349563379385579,347.98127455143,511737.787215289,5652510.46939679
0.000656908524228308,347.98127455143,512237.787215289,5652510.46939679
0.000347625052417205,347.98127455143,512737.787215289,5652510.46939679
0.000366481432437502,347.98127455143,513237.787215289,5652510.46939679
0.00523110224338339,347.98127455143,513737.787215289,5652510.46939679
0.00426845735133188,347.98127455143,514237.787215289,5652510.46939679
0.00564513975083619,347.98127455143,514737.787215289,5652510.46939679
0.00100245654607489,347.98127455143,515237.787215289,5652510.46939679
0.00649042672071112,347.98127455143,515737.787215289,5652510.46939679
0.00684081660627208,347.98127455143,516237.787215289,5652510.46939679
0.00436394408716931,347.98127455143,516737.787215289,5652510.46939679
0.0101560673216733,347.98127455143,517237.787215289,5652510.46939679
0.00832918155238848,347.98127455143,517737.787215289,5652510.46939679
0.000697010282276477,347.98127455143,518237.787215289,5652510.46939679
0.00561028217670839,347.98127455143,518737.787215289,5652510.46939679
0.00712509868436286,347.98127455143,519237.787215289,5652510.46939679
0.00353730627619236,347.98127455143,519737.787215289,5652510.46939679
0.00490089839045212,347.98127455143,520237.787215289,5652510.46939679
0.00336902140302338,347.98127455143,520737.787215289,5652510.46939679
0.000990680569401815,347.98127455143,521237.787215289,5652510.46939679
0.00165842298781036,347.98127455143,521737.787215289,5652510.46939679
0.00421326706386457,347.98127455143,522237.787215289,5652510.46939679
0.00479169669080003,347.98127455143,522737.787215289,5652510.46939679
0.00031190681253108,347.98127455143,523237.787215289,5652510.46939679
0.000242987263756071,347.98127455143,523737.787215289,5652510.46939679
0.000566233255746206,347.98127455143,524237.787215289,5652510.46939679
0.000197336831467011,347.98127455143,486737.787215289,5653010.46939679
0.000223984881268372,347.98127455143,487237.787215289,5653010.46939679
0.00106823247607884,347.98127455143,487737.787215289,5653010.46939679
0.00268923468086348,347.98127455143,488237.787215289,5653010.46939679
0.00122190167709351,347.98127455143,488737.787215289,5653010.46939679
0.00297214571132351,347.98127455143,489237.787215289,5653010.46939679
0.00243734532394645,347.98127455143,489737.787215289,5653010.46939679
0.00213517005327766,347.98127455143,490237.787215289,5653010.46939679
0.00253840594861024,347.98127455143,490737.787215289,5653010.46939679
0.00508150579791666,347.98127455143,491237.787215289,5653010.46939679
0.00133247950815711,347.98127455143,491737.787215289,5653010.46939679
0.00302098204406022,347.98127455143,492237.787215289,5653010.46939679
0.000323592449227151,347.98127455143,492737.787215289,5653010.46939679
0.000617867133021345,347.98127455143,493237.787215289,5653010.46939679
0.000352569906735066,347.98127455143,493737.787215289,5653010.46939679
0.000207591466283983,347.98127455143,494237.787215289,5653010.46939679
0.000190186515244939,347.98127455143,494737.787215289,5653010.46939679
0.000261625821176786,347.98127455143,495237.787215289,5653010.46939679
0.000208041045125094,347.98127455143,495737.787215289,5653010.46939679
0.000162365955927457,347.98127455143,496237.787215289,5653010.46939679
0.000218614939718459,347.98127455143,496737.787215289,5653010.46939679
0.000218614939718459,347.98127455143,497237.787215289,5653010.46939679
0.000223984881268372,347.98127455143,497737.787215289,5653010.46939679
0.000179290217887163,347.98127455143,498237.787215289,5653010.46939679
0.000282765360335977,347.98127455143,498737.787215289,5653010.46939679
0.00412624478500573,347.98127455143,499237.787215289,5653010.46939679
0.00394238352698548,347.98127455143,499737.787215289,5653010.46939679
0.00417648622929593,347.98127455143,500237.787215289,5653010.46939679
0.0033975545600772,347.98127455143,500737.787215289,5653010.46939679
0.00406755100649204,347.98127455143,501237.787215289,5653010.46939679
0.00438876032709553,347.98127455143,501737.787215289,5653010.46939679
0.00461182346863255,347.98127455143,502237.787215289,5653010.46939679
0.00280299742031968,347.98127455143,502737.787215289,5653010.46939679
0.00561117801142016,347.98127455143,503237.787215289,5653010.46939679
0.00362379439941532,347.98127455143,503737.787215289,5653010.46939679
0.000725381572559764,347.98127455143,504237.787215289,5653010.46939679
0.00061652055076857,347.98127455143,504737.787215289,5653010.46939679
0.00364729279252266,347.98127455143,505237.787215289,5653010.46939679
0.000164953948591879,347.98127455143,505737.787215289,5653010.46939679
0.00151140707699711,347.98127455143,506237.787215289,5653010.46939679
0.00368923264113625,347.98127455143,506737.787215289,5653010.46939679
0.00407378086303558,347.98127455143,507237.787215289,5653010.46939679
0.00428083485767545,347.98127455143,507737.787215289,5653010.46939679
0.000755005478217504,347.98127455143,508237.787215289,5653010.46939679
0.000876077516188833,347.98127455143,508737.787215289,5653010.46939679
0.00334098419576828,347.98127455143,509237.787215289,5653010.46939679
0.00356513112833351,347.98127455143,509737.787215289,5653010.46939679
0.00289715348314646,347.98127455143,510237.787215289,5653010.46939679
0.00317938858492098,347.98127455143,510737.787215289,5653010.46939679
0.00441506202866326,347.98127455143,511237.787215289,5653010.46939679
0.00391344440435208,347.98127455143,511737.787215289,5653010.46939679
0.00485322767934392,347.98127455143,512237.787215289,5653010.46939679
0.000251433804694652,347.98127455143,512737.787215289,5653010.46939679
0.000714709299489487,347.98127455143,513237.787215289,5653010.46939679
0.00230054591476363,347.98127455143,513737.787215289,5653010.46939679
0.00456964082998278,347.98127455143,514237.787215289,5653010.46939679
0.00286784202446363,347.98127455143,514737.787215289,5653010.46939679
0.00632775481401178,347.98127455143,515237.787215289,5653010.46939679
0.00535652300304836,347.98127455143,515737.787215289,5653010.46939679
0.00400220982958808,347.98127455143,516237.787215289,5653010.46939679
0.00160415606551424,347.98127455143,516737.787215289,5653010.46939679
0.00376798667884116,347.98127455143,517237.787215289,5653010.46939679
0.0106722596205435,347.98127455143,517737.787215289,5653010.46939679
0.00374327969720106,347.98127455143,518237.787215289,5653010.46939679
0.00102412686490421,347.98127455143,518737.787215289,5653010.46939679
0.00551832809845346,347.98127455143,519237.787215289,5653010.46939679
0.0060608972393028,347.98127455143,519737.787215289,5653010.46939679
0.00394994779148797,347.98127455143,520237.787215289,5653010.46939679
0.000578064721124392,347.98127455143,520737.787215289,5653010.46939679
0.00471589204892636,347.98127455143,521237.787215289,5653010.46939679
0.00412949446214406,347.98127455143,521737.787215289,5653010.46939679
0.00250218206196897,347.98127455143,522237.787215289,5653010.46939679
0.000290415300528458,347.98127455143,522737.787215289,5653010.46939679
0.000369997824030591,347.98127455143,523237.787215289,5653010.46939679
0.000226094171542182,347.98127455143,523737.787215289,5653010.46939679
0.00022937495268111,347.98127455143,524237.787215289,5653010.46939679
0.000182147970708831,347.98127455143,486737.787215289,5653510.46939679
0.000197123732382563,347.98127455143,487237.787215289,5653510.46939679
0.000602713775873393,347.98127455143,487737.787215289,5653510.46939679
0.000415566800927811,347.98127455143,488237.787215289,5653510.46939679
0.000556673392326637,347.98127455143,488737.787215289,5653510.46939679
0.0011175543272155,347.98127455143,489237.787215289,5653510.46939679
0.00213517005327766,347.98127455143,489737.787215289,5653510.46939679
0.00179409486236139,347.98127455143,490237.787215289,5653510.46939679
0.00533977842219825,347.98127455143,490737.787215289,5653510.46939679
0.00460183247113297,347.98127455143,491237.787215289,5653510.46939679
0.00533977842219825,347.98127455143,491737.787215289,5653510.46939679
0.000249172308769536,347.98127455143,492237.787215289,5653510.46939679
0.000217027647019193,347.98127455143,492737.787215289,5653510.46939679
0.00017451825129948,347.98127455143,493237.787215289,5653510.46939679
0.000199852935465382,347.98127455143,493737.787215289,5653510.46939679
0.00016745700093467,347.98127455143,494237.787215289,5653510.46939679
0.000169222720767545,347.98127455143,494737.787215289,5653510.46939679
0.000182065170141193,347.98127455143,495237.787215289,5653510.46939679
0.000166736245489019,347.98127455143,495737.787215289,5653510.46939679
0.000150997027086094,347.98127455143,496237.787215289,5653510.46939679
0.000790807624523917,347.98127455143,496737.787215289,5653510.46939679
0.000158308061384044,347.98127455143,497237.787215289,5653510.46939679
0.000671067190724524,347.98127455143,497737.787215289,5653510.46939679
0.00160326228880778,347.98127455143,498237.787215289,5653510.46939679
0.00115554280903825,347.98127455143,498737.787215289,5653510.46939679
0.00432190982022872,347.98127455143,499237.787215289,5653510.46939679
0.0038485938144118,347.98127455143,499737.787215289,5653510.46939679
0.00333382389270015,347.98127455143,500237.787215289,5653510.46939679
0.00433596531105306,347.98127455143,500737.787215289,5653510.46939679
0.00344851991882955,347.98127455143,501237.787215289,5653510.46939679
0.00312299376817102,347.98127455143,501737.787215289,5653510.46939679
0.00427428836243024,347.98127455143,502237.787215289,5653510.46939679
0.00589637175672982,347.98127455143,502737.787215289,5653510.46939679
0.00508150579791666,347.98127455143,503237.787215289,5653510.46939679
0.00457458080481665,347.98127455143,503737.787215289,5653510.46939679
0.00424975309388977,347.98127455143,504237.787215289,5653510.46939679
0.00411286912548032,347.98127455143,504737.787215289,5653510.46939679
0.00477240532925315,347.98127455143,505237.787215289,5653510.46939679
0.00343925100454687,347.98127455143,505737.787215289,5653510.46939679
0.00294507973698971,347.98127455143,506237.787215289,5653510.46939679
0.00437868337813315,347.98127455143,506737.787215289,5653510.46939679
0.00377355870545807,347.98127455143,507237.787215289,5653510.46939679
0.0026670762767429,347.98127455143,507737.787215289,5653510.46939679
0.00359104047479747,347.98127455143,508237.787215289,5653510.46939679
0.00359104047479747,347.98127455143,508737.787215289,5653510.46939679
0.00396535360809084,347.98127455143,509237.787215289,5653510.46939679
0.00402746940227934,347.98127455143,509737.787215289,5653510.46939679
0.00076703970440774,347.98127455143,510237.787215289,5653510.46939679
0.0036733028843519,347.98127455143,510737.787215289,5653510.46939679
0.00399076637791674,347.98127455143,511237.787215289,5653510.46939679
0.00276629444888224,347.98127455143,511737.787215289,5653510.46939679
0.000540495090254015,347.98127455143,512237.787215289,5653510.46939679
0.000816623219691291,347.98127455143,512737.787215289,5653510.46939679
0.00105829207741032,347.98127455143,513237.787215289,5653510.46939679
0.00589016214988775,347.98127455143,513737.787215289,5653510.46939679
0.0049690512569826,347.98127455143,514237.787215289,5653510.46939679
0.00422142486567713,347.98127455143,514737.787215289,5653510.46939679
0.00563346545339082,347.98127455143,515237.787215289,5653510.46939679
0.00546269712261416,347.98127455143,515737.787215289,5653510.46939679
0.00854885854647284,347.98127455143,516237.787215289,5653510.46939679
0.00754232758707622,347.98127455143,516737.787215289,5653510.46939679
0.00875252055133937,347.98127455143,517237.787215289,5653510.46939679
0.00783849268530329,347.98127455143,517737.787215289,5653510.46939679
0.00224169356177435,347.98127455143,518237.787215289,5653510.46939679
0.00519847920756962,347.98127455143,518737.787215289,5653510.46939679
0.00329461757548597,347.98127455143,519237.787215289,5653510.46939679
0.00440575806297008,347.98127455143,519737.787215289,5653510.46939679
0.00496870882430139,347.98127455143,520237.787215289,5653510.46939679
0.00154733525411318,347.98127455143,520737.787215289,5653510.46939679
0.0044710299103053,347.98127455143,521237.787215289,5653510.46939679
0.00452794702103006,347.98127455143,521737.787215289,5653510.46939679
0.00522124842936679,347.98127455143,522237.787215289,5653510.46939679
0.000387441677260887,347.98127455143,522737.787215289,5653510.46939679
0.000247140788402116,347.98127455143,523237.787215289,5653510.46939679
0.000275454475848664,347.98127455143,523737.787215289,5653510.46939679
0.000198816709233196,347.98127455143,524237.787215289,5653510.46939679
0.000278903900451255,347.98127455143,486737.787215289,5654010.46939679
0.000549318063113365,347.98127455143,487237.787215289,5654010.46939679
0.000220712568045891,347.98127455143,487737.787215289,5654010.46939679
0.000225666942720367,347.98127455143,488237.787215289,5654010.46939679
0.000249172308769536,347.98127455143,488737.787215289,5654010.46939679
0.000383540095991261,347.98127455143,489237.787215289,5654010.46939679
0.00355676809638216,347.98127455143,489737.787215289,5654010.46939679
0.000772363286930028,347.98127455143,490237.787215289,5654010.46939679
0.000421920564406413,347.98127455143,490737.787215289,5654010.46939679
0.00437925257083545,347.98127455143,491237.787215289,5654010.46939679
0.00280299742031968,347.98127455143,491737.787215289,5654010.46939679
0.000290447828599719,347.98127455143,492237.787215289,5654010.46939679
0.000199878205951697,347.98127455143,492737.787215289,5654010.46939679
0.000250788059614528,347.98127455143,493237.787215289,5654010.46939679
0.000223798319808001,347.98127455143,493737.787215289,5654010.46939679
0.000240210871700229,347.98127455143,494237.787215289,5654010.46939679
0.000199208438086824,347.98127455143,494737.787215289,5654010.46939679
0.000150997027086094,347.98127455143,495237.787215289,5654010.46939679
0.000176246296709474,347.98127455143,495737.787215289,5654010.46939679
0.00014454289802674,347.98127455143,496237.787215289,5654010.46939679
0.000193030649994523,347.98127455143,496737.787215289,5654010.46939679
0.000423104961056847,347.98127455143,497237.787215289,5654010.46939679
0.00386000218441206,347.98127455143,497737.787215289,5654010.46939679
0.00386836390855214,347.98127455143,498237.787215289,5654010.46939679
0.00432190982022872,347.98127455143,498737.787215289,5654010.46939679
0.00427166029318502,347.98127455143,499237.787215289,5654010.46939679
0.0023562804527722,347.98127455143,499737.787215289,5654010.46939679
0.00401976899942494,347.98127455143,500237.787215289,5654010.46939679
0.00401976899942494,347.98127455143,500737.787215289,5654010.46939679
0.00401976899942494,347.98127455143,501237.787215289,5654010.46939679
0.00323322277269008,347.98127455143,501737.787215289,5654010.46939679
0.00355676809638216,347.98127455143,502237.787215289,5654010.46939679
0.00309516865993019,347.98127455143,502737.787215289,5654010.46939679
0.00229879082771506,347.98127455143,503237.787215289,5654010.46939679
0.00359930476989747,347.98127455143,503737.787215289,5654010.46939679
0.00328172305594459,347.98127455143,504237.787215289,5654010.46939679
0.00368132598182525,347.98127455143,504737.787215289,5654010.46939679
0.00471691802835359,347.98127455143,505237.787215289,5654010.46939679
0.0029068941363098,347.98127455143,505737.787215289,5654010.46939679
0.00391393924143333,347.98127455143,506237.787215289,5654010.46939679
0.00215895878767342,347.98127455143,506737.787215289,5654010.46939679
0.0019551619240554,347.98127455143,507237.787215289,5654010.46939679
0.00411286912548032,347.98127455143,507737.787215289,5654010.46939679
0.00454157521776432,347.98127455143,508237.787215289,5654010.46939679
0.00411286912548032,347.98127455143,508737.787215289,5654010.46939679
0.00411286912548032,347.98127455143,509237.787215289,5654010.46939679
0.00359104047479747,347.98127455143,509737.787215289,5654010.46939679
0.00286683492610921,347.98127455143,510237.787215289,5654010.46939679
0.00278441969990858,347.98127455143,510737.787215289,5654010.46939679
0.00408907493132744,347.98127455143,511237.787215289,5654010.46939679
0.00512753949159987,347.98127455143,511737.787215289,5654010.46939679
0.000904275682848949,347.98127455143,512237.787215289,5654010.46939679
0.00130054194471961,347.98127455143,512737.787215289,5654010.46939679
0.003544761742624,347.98127455143,513237.787215289,5654010.46939679
0.00224182493794758,347.98127455143,513737.787215289,5654010.46939679
0.00534541226712484,347.98127455143,514237.787215289,5654010.46939679
0.00476491356437048,347.98127455143,514737.787215289,5654010.46939679
0.0060459551312794,347.98127455143,515237.787215289,5654010.46939679
0.00821576114272422,347.98127455143,515737.787215289,5654010.46939679
0.00675393526079845,347.98127455143,516237.787215289,5654010.46939679
0.00126589069958538,347.98127455143,516737.787215289,5654010.46939679
0.00376798667884116,347.98127455143,517237.787215289,5654010.46939679
0.00469486369096176,347.98127455143,517737.787215289,5654010.46939679
0.00592697723170648,347.98127455143,518237.787215289,5654010.46939679
0.00221141275298025,347.98127455143,518737.787215289,5654010.46939679
0.00311569393778031,347.98127455143,519237.787215289,5654010.46939679
0.00561709820216074,347.98127455143,519737.787215289,5654010.46939679
0.00571022348425179,347.98127455143,520237.787215289,5654010.46939679
0.00471982003514994,347.98127455143,520737.787215289,5654010.46939679
0.00339671507367471,347.98127455143,521237.787215289,5654010.46939679
0.00485598881188122,347.98127455143,521737.787215289,5654010.46939679
0.00377693065828229,347.98127455143,522237.787215289,5654010.46939679
0.000919197192468135,347.98127455143,522737.787215289,5654010.46939679
0.000457458959113047,347.98127455143,523237.787215289,5654010.46939679
0.000231680049566102,347.98127455143,523737.787215289,5654010.46939679
0.00115865704153619,347.98127455143,524237.787215289,5654010.46939679
0.00025312818364438,347.98127455143,486737.787215289,5654510.46939679
0.000195353703566114,347.98127455143,487237.787215289,5654510.46939679
0.000202969885309965,347.98127455143,487737.787215289,5654510.46939679
0.000202969885309965,347.98127455143,488237.787215289,5654510.46939679
0.000304420735246203,347.98127455143,488737.787215289,5654510.46939679
0.000323427931283368,347.98127455143,489237.787215289,5654510.46939679
0.00188528153157707,347.98127455143,489737.787215289,5654510.46939679
0.00145713892156551,347.98127455143,490237.787215289,5654510.46939679
0.00254391705916122,347.98127455143,490737.787215289,5654510.46939679
0.00154615479166431,347.98127455143,491237.787215289,5654510.46939679
0.000989636432781309,347.98127455143,491737.787215289,5654510.46939679
0.000275144855801529,347.98127455143,492237.787215289,5654510.46939679
0.000269122684589661,347.98127455143,492737.787215289,5654510.46939679
0.000296716373391074,347.98127455143,493237.787215289,5654510.46939679
0.000191318814858457,347.98127455143,493737.787215289,5654510.46939679
0.000193473928363458,347.98127455143,494237.787215289,5654510.46939679
0.000217570172721243,347.98127455143,494737.787215289,5654510.46939679
0.000189938435852641,347.98127455143,495237.787215289,5654510.46939679
0.000150997027086094,347.98127455143,495737.787215289,5654510.46939679
0.000191318814858457,347.98127455143,496237.787215289,5654510.46939679
0.00238369706823828,347.98127455143,496737.787215289,5654510.46939679
0.00305463994374375,347.98127455143,497237.787215289,5654510.46939679
0.00601283619945041,347.98127455143,497737.787215289,5654510.46939679
0.00447848724544588,347.98127455143,498237.787215289,5654510.46939679
0.0053513715675809,347.98127455143,498737.787215289,5654510.46939679
0.00412712841090207,347.98127455143,499237.787215289,5654510.46939679
0.00322102376128976,347.98127455143,499737.787215289,5654510.46939679
0.00561117801142016,347.98127455143,500237.787215289,5654510.46939679
0.00508150579791666,347.98127455143,500737.787215289,5654510.46939679
0.00684190892939946,347.98127455143,501237.787215289,5654510.46939679
0.00589637175672982,347.98127455143,501737.787215289,5654510.46939679
0.00619606075993332,347.98127455143,502237.787215289,5654510.46939679
0.00533977842219825,347.98127455143,502737.787215289,5654510.46939679
0.000772363286930028,347.98127455143,503237.787215289,5654510.46939679
0.00619606075993332,347.98127455143,503737.787215289,5654510.46939679
0.00503235446636318,347.98127455143,504237.787215289,5654510.46939679
0.00306523035678381,347.98127455143,504737.787215289,5654510.46939679
0.00433689384812105,347.98127455143,505237.787215289,5654510.46939679
0.00484622401786649,347.98127455143,505737.787215289,5654510.46939679
0.00438876032709553,347.98127455143,506237.787215289,5654510.46939679
0.00417648622929593,347.98127455143,506737.787215289,5654510.46939679
0.0034252147955558,347.98127455143,507237.787215289,5654510.46939679
0.00080681308273141,347.98127455143,507737.787215289,5654510.46939679
0.00219235316545173,347.98127455143,508237.787215289,5654510.46939679
0.00461182346863255,347.98127455143,508737.787215289,5654510.46939679
0.00457458080481665,347.98127455143,509237.787215289,5654510.46939679
0.00466437574596586,347.98127455143,509737.787215289,5654510.46939679
0.00247604076797845,347.98127455143,510237.787215289,5654510.46939679
0.00406505005082478,347.98127455143,510737.787215289,5654510.46939679
0.00188461976255834,347.98127455143,511237.787215289,5654510.46939679
0.0052418716368969,347.98127455143,511737.787215289,5654510.46939679
0.00406755100649204,347.98127455143,512237.787215289,5654510.46939679
0.00426845735133188,347.98127455143,512737.787215289,5654510.46939679
0.00481639757389808,347.98127455143,513237.787215289,5654510.46939679
0.00527104352806226,347.98127455143,513737.787215289,5654510.46939679
0.00449917913746792,347.98127455143,514237.787215289,5654510.46939679
0.00641734913127351,347.98127455143,514737.787215289,5654510.46939679
0.00744022695342813,347.98127455143,515237.787215289,5654510.46939679
0.00752866710432246,347.98127455143,515737.787215289,5654510.46939679
0.0074593630817547,347.98127455143,516237.787215289,5654510.46939679
0.00754294094113945,347.98127455143,516737.787215289,5654510.46939679
0.00642849506655332,347.98127455143,517237.787215289,5654510.46939679
0.0071645230412856,347.98127455143,517737.787215289,5654510.46939679
0.00286752084674924,347.98127455143,518237.787215289,5654510.46939679
0.00299949474909675,347.98127455143,518737.787215289,5654510.46939679
0.00696722909541219,347.98127455143,519237.787215289,5654510.46939679
0.00300191386497586,347.98127455143,519737.787215289,5654510.46939679
0.00528812892496473,347.98127455143,520237.787215289,5654510.46939679
0.00503057693265146,347.98127455143,520737.787215289,5654510.46939679
0.0018102235096903,347.98127455143,521237.787215289,5654510.46939679
0.00271582997045143,347.98127455143,521737.787215289,5654510.46939679
0.0038425387068631,347.98127455143,522237.787215289,5654510.46939679
0.00252547743186415,347.98127455143,522737.787215289,5654510.46939679
0.000727740620865108,347.98127455143,523237.787215289,5654510.46939679
0.00282838995744809,347.98127455143,523737.787215289,5654510.46939679
0.00411286912548032,347.98127455143,524237.787215289,5654510.46939679
0.000476843909712843,347.98127455143,486737.787215289,5655010.46939679
0.000350163216617297,347.98127455143,487237.787215289,5655010.46939679
0.000211511372850702,347.98127455143,487737.787215289,5655010.46939679
0.000281952495231583,347.98127455143,488237.787215289,5655010.46939679
0.000240210871700229,347.98127455143,488737.787215289,5655010.46939679
0.0033244945229601,347.98127455143,489237.787215289,5655010.46939679
0.00145713892156551,347.98127455143,489737.787215289,5655010.46939679
0.00562336039003421,347.98127455143,490237.787215289,5655010.46939679
0.00495970961809891,347.98127455143,490737.787215289,5655010.46939679
0.000519487542143822,347.98127455143,491237.787215289,5655010.46939679
0.00027269338264375,347.98127455143,491737.787215289,5655010.46939679
0.00023268477784317,347.98127455143,492237.787215289,5655010.46939679
0.000282801114717828,347.98127455143,492737.787215289,5655010.46939679
0.000184911929430096,347.98127455143,493237.787215289,5655010.46939679
0.000197978585143726,347.98127455143,493737.787215289,5655010.46939679
0.000155472534082561,347.98127455143,494237.787215289,5655010.46939679
0.000163689350477405,347.98127455143,494737.787215289,5655010.46939679
0.00016966154604439,347.98127455143,495237.787215289,5655010.46939679
0.000564228154468798,347.98127455143,495737.787215289,5655010.46939679
0.00351079306546949,347.98127455143,496237.787215289,5655010.46939679
0.00540705241184504,347.98127455143,496737.787215289,5655010.46939679
0.00285836189630141,347.98127455143,497237.787215289,5655010.46939679
0.00441862140342119,347.98127455143,497737.787215289,5655010.46939679
0.00417648622929593,347.98127455143,498237.787215289,5655010.46939679
0.00478895122158814,347.98127455143,498737.787215289,5655010.46939679
0.00589637175672982,347.98127455143,499237.787215289,5655010.46939679
0.00533977842219825,347.98127455143,499737.787215289,5655010.46939679
0.00460183247113297,347.98127455143,500237.787215289,5655010.46939679
0.00619606075993332,347.98127455143,500737.787215289,5655010.46939679
0.00589637175672982,347.98127455143,501237.787215289,5655010.46939679
0.00341779445245493,347.98127455143,501737.787215289,5655010.46939679
0.0039658690713342,347.98127455143,502237.787215289,5655010.46939679
0.00325248370869429,347.98127455143,502737.787215289,5655010.46939679
0.00619606075993332,347.98127455143,503237.787215289,5655010.46939679
0.0039658690713342,347.98127455143,503737.787215289,5655010.46939679
0.00147137089165665,347.98127455143,504237.787215289,5655010.46939679
0.00533977842219825,347.98127455143,504737.787215289,5655010.46939679
0.0065109817570386,347.98127455143,505237.787215289,5655010.46939679
0.00455732082388956,347.98127455143,505737.787215289,5655010.46939679
0.00555690337673255,347.98127455143,506237.787215289,5655010.46939679
0.00555690337673255,347.98127455143,506737.787215289,5655010.46939679
0.00433689384812105,347.98127455143,507237.787215289,5655010.46939679
0.00449153335165247,347.98127455143,507737.787215289,5655010.46939679
0.00455732082388956,347.98127455143,508237.787215289,5655010.46939679
0.00455732082388956,347.98127455143,508737.787215289,5655010.46939679
0.00427428836243024,347.98127455143,509237.787215289,5655010.46939679
0.00359930476989747,347.98127455143,509737.787215289,5655010.46939679
0.00382534215126748,347.98127455143,510237.787215289,5655010.46939679
0.00362379439941532,347.98127455143,510737.787215289,5655010.46939679
0.00332618559212926,347.98127455143,511237.787215289,5655010.46939679
0.00120931875541898,347.98127455143,511737.787215289,5655010.46939679
0.00460534589065441,347.98127455143,512237.787215289,5655010.46939679
0.00412578267521804,347.98127455143,512737.787215289,5655010.46939679
0.00514984941357854,347.98127455143,513237.787215289,5655010.46939679
0.00625026695813717,347.98127455143,513737.787215289,5655010.46939679
0.00560257014279427,347.98127455143,514237.787215289,5655010.46939679
0.00240800308318603,347.98127455143,514737.787215289,5655010.46939679
0.0018849805429729,347.98127455143,515237.787215289,5655010.46939679
0.00628009932387115,347.98127455143,515737.787215289,5655010.46939679
0.00645478528540277,347.98127455143,516237.787215289,5655010.46939679
0.00207845023908481,347.98127455143,516737.787215289,5655010.46939679
0.00597634557139662,347.98127455143,517237.787215289,5655010.46939679
0.00471561568664656,347.98127455143,517737.787215289,5655010.46939679
0.00181362113143269,347.98127455143,518237.787215289,5655010.46939679
0.00539004464321975,347.98127455143,518737.787215289,5655010.46939679
0.00561709820216074,347.98127455143,519237.787215289,5655010.46939679
0.00360879608389892,347.98127455143,519737.787215289,5655010.46939679
0.00606995736128012,347.98127455143,520237.787215289,5655010.46939679
0.00368894604588207,347.98127455143,520737.787215289,5655010.46939679
0.00453406200944888,347.98127455143,521237.787215289,5655010.46939679
0.00153087163476756,347.98127455143,521737.787215289,5655010.46939679
0.00392666795151365,347.98127455143,522237.787215289,5655010.46939679
0.00366244631059219,347.98127455143,522737.787215289,5655010.46939679
0.00441892450656165,347.98127455143,523237.787215289,5655010.46939679
0.00389129591693845,347.98127455143,523737.787215289,5655010.46939679
0.0037977423188969,347.98127455143,524237.787215289,5655010.46939679
0.00392750883848694,347.98127455143,486737.787215289,5655510.46939679
0.00416743834102403,347.98127455143,487237.787215289,5655510.46939679
0.000811619424962175,347.98127455143,487737.787215289,5655510.46939679
0.000240210871700229,347.98127455143,488237.787215289,5655510.46939679
0.00361952057563743,347.98127455143,488737.787215289,5655510.46939679
0.00433689384812105,347.98127455143,489237.787215289,5655510.46939679
0.00375169963358529,347.98127455143,489737.787215289,5655510.46939679
0.00029814122111178,347.98127455143,490237.787215289,5655510.46939679
0.000346024978992383,347.98127455143,490737.787215289,5655510.46939679
0.000405434856962334,347.98127455143,491237.787215289,5655510.46939679
0.000313361638749501,347.98127455143,491737.787215289,5655510.46939679
0.000201330807133022,347.98127455143,492237.787215289,5655510.46939679
0.000210720288198051,347.98127455143,492737.787215289,5655510.46939679
0.000253123658516055,347.98127455143,493237.787215289,5655510.46939679
0.000180987637218262,347.98127455143,493737.787215289,5655510.46939679
0.000163671018445512,347.98127455143,494237.787215289,5655510.46939679
0.00026049975159305,347.98127455143,494737.787215289,5655510.46939679
0.000444407584641869,347.98127455143,495237.787215289,5655510.46939679
0.000311797280403804,347.98127455143,495737.787215289,5655510.46939679
0.000190186515244939,347.98127455143,496237.787215289,5655510.46939679
0.0033167263850755,347.98127455143,496737.787215289,5655510.46939679
0.00426187326594357,347.98127455143,497237.787215289,5655510.46939679
0.00387081305413082,347.98127455143,497737.787215289,5655510.46939679
0.00416743834102403,347.98127455143,498237.787215289,5655510.46939679
0.00684190892939946,347.98127455143,498737.787215289,5655510.46939679
0.00280299742031968,347.98127455143,499237.787215289,5655510.46939679
0.00266742297464775,347.98127455143,499737.787215289,5655510.46939679
0.00291697231577913,347.98127455143,500237.787215289,5655510.46939679
0.00153119946743163,347.98127455143,500737.787215289,5655510.46939679
0.00280299742031968,347.98127455143,501237.787215289,5655510.46939679
0.00355676809638216,347.98127455143,501737.787215289,5655510.46939679
0.00227655556229601,347.98127455143,502237.787215289,5655510.46939679
0.00433689384812105,347.98127455143,502737.787215289,5655510.46939679
0.000447695475499216,347.98127455143,503237.787215289,5655510.46939679
0.00322102376128976,347.98127455143,503737.787215289,5655510.46939679
0.00341779445245493,347.98127455143,504237.787215289,5655510.46939679
0.00533977842219825,347.98127455143,504737.787215289,5655510.46939679
0.00589637175672982,347.98127455143,505237.787215289,5655510.46939679
0.00280299742031968,347.98127455143,505737.787215289,5655510.46939679
0.000426041489847771,347.98127455143,506237.787215289,5655510.46939679
0.00034940462734226,347.98127455143,506737.787215289,5655510.46939679
0.00359150728042267,347.98127455143,507237.787215289,5655510.46939679
0.000447695475499216,347.98127455143,507737.787215289,5655510.46939679
0.000896218808380846,347.98127455143,508237.787215289,5655510.46939679
0.00140020411441737,347.98127455143,508737.787215289,5655510.46939679
0.00133247950815711,347.98127455143,509237.787215289,5655510.46939679
0.00508150579791666,347.98127455143,509737.787215289,5655510.46939679
0.00528812892496473,347.98127455143,510237.787215289,5655510.46939679
0.00471982003514994,347.98127455143,510737.787215289,5655510.46939679
0.00235773011584605,347.98127455143,511237.787215289,5655510.46939679
0.00188672091142803,347.98127455143,511737.787215289,5655510.46939679
0.00459698617385428,347.98127455143,512237.787215289,5655510.46939679
0.00160994665606731,347.98127455143,512737.787215289,5655510.46939679
0.00306216224676632,347.98127455143,513237.787215289,5655510.46939679
0.00646471077804483,347.98127455143,513737.787215289,5655510.46939679
0.00528026214925958,347.98127455143,514237.787215289,5655510.46939679
0.00479557312780416,347.98127455143,514737.787215289,5655510.46939679
0.0111357819149325,347.98127455143,515237.787215289,5655510.46939679
0.00827057783857869,347.98127455143,515737.787215289,5655510.46939679
0.00218408955527081,347.98127455143,516237.787215289,5655510.46939679
0.00754232758707622,347.98127455143,516737.787215289,5655510.46939679
0.00195562971726739,347.98127455143,517237.787215289,5655510.46939679
0.00598759639913096,347.98127455143,517737.787215289,5655510.46939679
0.00547524173908084,347.98127455143,518237.787215289,5655510.46939679
0.0057875303433391,347.98127455143,518737.787215289,5655510.46939679
0.0052356790215471,347.98127455143,519237.787215289,5655510.46939679
0.000833939154327979,347.98127455143,519737.787215289,5655510.46939679
0.00280908298305875,347.98127455143,520237.787215289,5655510.46939679
0.00104445198723017,347.98127455143,520737.787215289,5655510.46939679
0.00378770906008692,347.98127455143,521237.787215289,5655510.46939679
0.00391393924143333,347.98127455143,521737.787215289,5655510.46939679
0.00389129591693845,347.98127455143,522237.787215289,5655510.46939679
0.0010530374801331,347.98127455143,522737.787215289,5655510.46939679
0.00359104047479747,347.98127455143,523237.787215289,5655510.46939679
0.000923022556843541,347.98127455143,523737.787215289,5655510.46939679
0.00255916267348425,347.98127455143,524237.787215289,5655510.46939679
0.00793907164092351,347.98127455143,486737.787215289,5656010.46939679
0.00179409486236139,347.98127455143,487237.787215289,5656010.46939679
0.00294546257305006,347.98127455143,487737.787215289,5656010.46939679
0.00589637175672982,347.98127455143,488237.787215289,5656010.46939679
0.000596961561508831,347.98127455143,488737.787215289,5656010.46939679
0.000426966464732556,347.98127455143,489237.787215289,5656010.46939679
0.000319266851456271,347.98127455143,489737.787215289,5656010.46939679
0.000265993677234148,347.98127455143,490237.787215289,5656010.46939679
0.000401513251070225,347.98127455143,490737.787215289,5656010.46939679
0.000470450046670537,347.98127455143,491237.787215289,5656010.46939679
0.00028655329707866,347.98127455143,491737.787215289,5656010.46939679
0.00021828062136445,347.98127455143,492237.787215289,5656010.46939679
0.000207119545115799,347.98127455143,492737.787215289,5656010.46939679
0.00269158733399746,347.98127455143,493237.787215289,5656010.46939679
0.000237968520556267,347.98127455143,493737.787215289,5656010.46939679
0.000194310263540914,347.98127455143,494237.787215289,5656010.46939679
0.000189573190700934,347.98127455143,494737.787215289,5656010.46939679
0.000309311104489759,347.98127455143,495237.787215289,5656010.46939679
0.000949470947489488,347.98127455143,495737.787215289,5656010.46939679
0.00078209402024145,347.98127455143,496237.787215289,5656010.46939679
0.0032203341340902,347.98127455143,496737.787215289,5656010.46939679
0.00292801979048648,347.98127455143,497237.787215289,5656010.46939679
0.00455732082388956,347.98127455143,497737.787215289,5656010.46939679
0.0017073186795921,347.98127455143,498237.787215289,5656010.46939679
0.00325248370869429,347.98127455143,498737.787215289,5656010.46939679
0.00433689384812105,347.98127455143,499237.787215289,5656010.46939679
0.00412712841090207,347.98127455143,499737.787215289,5656010.46939679
0.00427428836243024,347.98127455143,500237.787215289,5656010.46939679
0.00350542416176866,347.98127455143,500737.787215289,5656010.46939679
0.00206165804498487,347.98127455143,501237.787215289,5656010.46939679
0.000854722455737358,347.98127455143,501737.787215289,5656010.46939679
0.00406755100649204,347.98127455143,502237.787215289,5656010.46939679
0.00179799000574097,347.98127455143,502737.787215289,5656010.46939679
0.00355676809638216,347.98127455143,503237.787215289,5656010.46939679
0.00406755100649204,347.98127455143,503737.787215289,5656010.46939679
0.00291697231577913,347.98127455143,504237.787215289,5656010.46939679
0.0027758851703236,347.98127455143,504737.787215289,5656010.46939679
0.00154615479166431,347.98127455143,505237.787215289,5656010.46939679
0.00309516865993019,347.98127455143,505737.787215289,5656010.46939679
0.00253840594861024,347.98127455143,506237.787215289,5656010.46939679
0.00377404923694696,347.98127455143,506737.787215289,5656010.46939679
0.00140020411441737,347.98127455143,507237.787215289,5656010.46939679
0.00589637175672982,347.98127455143,507737.787215289,5656010.46939679
0.000573636475014787,347.98127455143,508237.787215289,5656010.46939679
0.00188528153157707,347.98127455143,508737.787215289,5656010.46939679
0.000519487542143822,347.98127455143,509237.787215289,5656010.46939679
0.000494361141723663,347.98127455143,509737.787215289,5656010.46939679
0.000494361141723663,347.98127455143,510237.787215289,5656010.46939679
0.0008446213244439,347.98127455143,510737.787215289,5656010.46939679
0.00114921042449291,347.98127455143,511237.787215289,5656010.46939679
0.00259993709453361,347.98127455143,511737.787215289,5656010.46939679
0.00471589204892636,347.98127455143,512237.787215289,5656010.46939679
0.00541159567061228,347.98127455143,512737.787215289,5656010.46939679
0.00566026736661354,347.98127455143,513237.787215289,5656010.46939679
0.00438864143117511,347.98127455143,513737.787215289,5656010.46939679
0.00688467338453103,347.98127455143,514237.787215289,5656010.46939679
0.00869093824504926,347.98127455143,514737.787215289,5656010.46939679
0.00434145511538765,347.98127455143,515237.787215289,5656010.46939679
0.00827057783857869,347.98127455143,515737.787215289,5656010.46939679
0.0101560673216733,347.98127455143,516237.787215289,5656010.46939679
0.00649999405477966,347.98127455143,516737.787215289,5656010.46939679
0.00574991793317167,347.98127455143,517237.787215289,5656010.46939679
0.00293616380790994,347.98127455143,517737.787215289,5656010.46939679
0.00622067133980668,347.98127455143,518237.787215289,5656010.46939679
0.00568386726924659,347.98127455143,518737.787215289,5656010.46939679
0.0049284043571523,347.98127455143,519237.787215289,5656010.46939679
0.00157344667798472,347.98127455143,519737.787215289,5656010.46939679
0.00277490466914804,347.98127455143,520237.787215289,5656010.46939679
0.00131930845083823,347.98127455143,520737.787215289,5656010.46939679
0.00226869003151787,347.98127455143,521237.787215289,5656010.46939679
0.00171803704568925,347.98127455143,521737.787215289,5656010.46939679
0.00208152381153641,347.98127455143,522237.787215289,5656010.46939679
0.00276594470787031,347.98127455143,522737.787215289,5656010.46939679
0.00136282636745129,347.98127455143,523237.787215289,5656010.46939679
0.00073552303158743,347.98127455143,523737.787215289,5656010.46939679
0.000282364894665955,347.98127455143,524237.787215289,5656010.46939679
0.000301117655553542,347.98127455143,486737.787215289,5656510.46939679
0.000447695475499216,347.98127455143,487237.787215289,5656510.46939679
0.000207722896969886,347.98127455143,487737.787215289,5656510.46939679
0.000287175430390242,347.98127455143,488237.787215289,5656510.46939679
0.000207119545115799,347.98127455143,488737.787215289,5656510.46939679
0.000190829156379955,347.98127455143,489237.787215289,5656510.46939679
0.000199878205951697,347.98127455143,489737.787215289,5656510.46939679
0.000237136691221665,347.98127455143,490237.787215289,5656510.46939679
0.000201330807133022,347.98127455143,490737.787215289,5656510.46939679
0.000329288558054049,347.98127455143,491237.787215289,5656510.46939679
0.00034940462734226,347.98127455143,491737.787215289,5656510.46939679
0.000332504740698149,347.98127455143,492237.787215289,5656510.46939679
0.000253283916626142,347.98127455143,492737.787215289,5656510.46939679
0.000394567782976669,347.98127455143,493237.787215289,5656510.46939679
0.000251830016377851,347.98127455143,493737.787215289,5656510.46939679
0.000821844732545175,347.98127455143,494237.787215289,5656510.46939679
0.0030499281688413,347.98127455143,494737.787215289,5656510.46939679
0.000362309948248963,347.98127455143,495237.787215289,5656510.46939679
0.00177060264934259,347.98127455143,495737.787215289,5656510.46939679
0.00424975309388977,347.98127455143,496237.787215289,5656510.46939679
0.00438876032709553,347.98127455143,496737.787215289,5656510.46939679
0.00186704597280468,347.98127455143,497237.787215289,5656510.46939679
0.00218760367858538,347.98127455143,497737.787215289,5656510.46939679
0.00154615479166431,347.98127455143,498237.787215289,5656510.46939679
0.00392750883848694,347.98127455143,498737.787215289,5656510.46939679
0.00394238352698548,347.98127455143,499237.787215289,5656510.46939679
0.00221733529071021,347.98127455143,499737.787215289,5656510.46939679
0.00256122584246405,347.98127455143,500237.787215289,5656510.46939679
0.00420490299502727,347.98127455143,500737.787215289,5656510.46939679
0.00364031927614674,347.98127455143,501237.787215289,5656510.46939679
0.00160867971966865,347.98127455143,501737.787215289,5656510.46939679
0.00362379439941532,347.98127455143,502237.787215289,5656510.46939679
0.00392666795151365,347.98127455143,502737.787215289,5656510.46939679
0.00110764354422459,347.98127455143,503237.787215289,5656510.46939679
0.00115865704153619,347.98127455143,503737.787215289,5656510.46939679
0.00244845987035576,347.98127455143,504237.787215289,5656510.46939679
0.00346424552582692,347.98127455143,504737.787215289,5656510.46939679
0.00154951163456426,347.98127455143,505237.787215289,5656510.46939679
0.00397447933435962,347.98127455143,505737.787215289,5656510.46939679
0.0034252147955558,347.98127455143,506237.787215289,5656510.46939679
0.00280908298305875,347.98127455143,506737.787215289,5656510.46939679
0.00521179182949109,347.98127455143,507237.787215289,5656510.46939679
0.00483572521790717,347.98127455143,507737.787215289,5656510.46939679
0.00253840594861024,347.98127455143,508237.787215289,5656510.46939679
0.00355676809638216,347.98127455143,508737.787215289,5656510.46939679
0.00169080448285095,347.98127455143,509237.787215289,5656510.46939679
0.00066562433349854,347.98127455143,509737.787215289,5656510.46939679
0.00253840594861024,347.98127455143,510237.787215289,5656510.46939679
0.00253840594861024,347.98127455143,510737.787215289,5656510.46939679
0.00416743834102403,347.98127455143,511237.787215289,5656510.46939679
0.00198110285463246,347.98127455143,511737.787215289,5656510.46939679
0.000519487542143822,347.98127455143,512237.787215289,5656510.46939679
0.0016247396583297,347.98127455143,512737.787215289,5656510.46939679
0.00230371930025287,347.98127455143,513237.787215289,5656510.46939679
0.00154615479166431,347.98127455143,513737.787215289,5656510.46939679
0.00274864337640964,347.98127455143,514237.787215289,5656510.46939679
0.00322441142784601,347.98127455143,514737.787215289,5656510.46939679
0.00748986917779531,347.98127455143,515237.787215289,5656510.46939679
0.00556274777190651,347.98127455143,515737.787215289,5656510.46939679
0.00966484203999406,347.98127455143,516237.787215289,5656510.46939679
0.00649999405477966,347.98127455143,516737.787215289,5656510.46939679
0.00745793363878182,347.98127455143,517237.787215289,5656510.46939679
0.00134698172537767,347.98127455143,517737.787215289,5656510.46939679
0.00690631551695083,347.98127455143,518237.787215289,5656510.46939679
0.0076051779497334,347.98127455143,518737.787215289,5656510.46939679
0.00153994763689422,347.98127455143,519237.787215289,5656510.46939679
0.00433689384812105,347.98127455143,519737.787215289,5656510.46939679
0.00200802792439255,347.98127455143,520237.787215289,5656510.46939679
0.00200970199652143,347.98127455143,520737.787215289,5656510.46939679
0.00401583366045205,347.98127455143,521237.787215289,5656510.46939679
0.00342019923469527,347.98127455143,521737.787215289,5656510.46939679
0.00307383493516574,347.98127455143,522237.787215289,5656510.46939679
0.00226519058249972,347.98127455143,522737.787215289,5656510.46939679
0.00300085968469406,347.98127455143,523237.787215289,5656510.46939679
0.00140235735839362,347.98127455143,523737.787215289,5656510.46939679
0.000311232560650856,347.98127455143,524237.787215289,5656510.46939679
0.000202969885309965,347.98127455143,486737.787215289,5657010.46939679
0.000202969885309965,347.98127455143,487237.787215289,5657010.46939679
0.000249172308769536,347.98127455143,487737.787215289,5657010.46939679
0.000187999043260859,347.98127455143,488237.787215289,5657010.46939679
0.000214751959194515,347.98127455143,488737.787215289,5657010.46939679
0.000178902769879816,347.98127455143,489237.787215289,5657010.46939679
0.000187589317347853,347.98127455143,489737.787215289,5657010.46939679
0.000215505267248199,347.98127455143,490237.787215289,5657010.46939679
0.000200528239480067,347.98127455143,490737.787215289,5657010.46939679
0.000228708710273556,347.98127455143,491237.787215289,5657010.46939679
0.000202969885309965,347.98127455143,491737.787215289,5657010.46939679
0.000316422262142639,347.98127455143,492237.787215289,5657010.46939679
0.000735005876707742,347.98127455143,492737.787215289,5657010.46939679
0.000358363102274795,347.98127455143,493237.787215289,5657010.46939679
0.000293046647880923,347.98127455143,493737.787215289,5657010.46939679
0.00032267219751735,347.98127455143,494237.787215289,5657010.46939679
0.00125126853678414,347.98127455143,494737.787215289,5657010.46939679
0.00320989507989444,347.98127455143,495237.787215289,5657010.46939679
0.0046432022640858,347.98127455143,495737.787215289,5657010.46939679
0.00426187326594357,347.98127455143,496237.787215289,5657010.46939679
0.00508150579791666,347.98127455143,496737.787215289,5657010.46939679
0.00589637175672982,347.98127455143,497237.787215289,5657010.46939679
0.000470450046670537,347.98127455143,497737.787215289,5657010.46939679
0.00449153335165247,347.98127455143,498237.787215289,5657010.46939679
0.000916527292623501,347.98127455143,498737.787215289,5657010.46939679
0.00348530232723985,347.98127455143,499237.787215289,5657010.46939679
0.0019551619240554,347.98127455143,499737.787215289,5657010.46939679
0.0011908981615068,347.98127455143,500237.787215289,5657010.46939679
0.0037246311317632,347.98127455143,500737.787215289,5657010.46939679
0.00391393924143333,347.98127455143,501237.787215289,5657010.46939679
0.00350320620549769,347.98127455143,501737.787215289,5657010.46939679
0.00276629444888224,347.98127455143,502237.787215289,5657010.46939679
0.00368126017140369,347.98127455143,502737.787215289,5657010.46939679
0.0029068941363098,347.98127455143,503237.787215289,5657010.46939679
0.00469272732585991,347.98127455143,503737.787215289,5657010.46939679
0.00148459829824447,347.98127455143,504237.787215289,5657010.46939679
0.00212896823908564,347.98127455143,504737.787215289,5657010.46939679
0.00295185744061359,347.98127455143,505237.787215289,5657010.46939679
0.00397447933435962,347.98127455143,505737.787215289,5657010.46939679
0.00230378171201079,347.98127455143,506237.787215289,5657010.46939679
0.00287486419070821,347.98127455143,506737.787215289,5657010.46939679
0.00264162208092958,347.98127455143,507237.787215289,5657010.46939679
0.00483572521790717,347.98127455143,507737.787215289,5657010.46939679
0.00322102376128976,347.98127455143,508237.787215289,5657010.46939679
0.00306414765278714,347.98127455143,508737.787215289,5657010.46939679
0.000204580845861966,347.98127455143,509237.787215289,5657010.46939679
0.00263220041974421,347.98127455143,509737.787215289,5657010.46939679
0.00287094228287681,347.98127455143,510237.787215289,5657010.46939679
0.00136550592775671,347.98127455143,510737.787215289,5657010.46939679
0.00620259804345283,347.98127455143,511237.787215289,5657010.46939679
0.00359150728042267,347.98127455143,511737.787215289,5657010.46939679
0.000477527091029566,347.98127455143,512237.787215289,5657010.46939679
0.00114833369157523,347.98127455143,512737.787215289,5657010.46939679
0.00255427192233412,347.98127455143,513237.787215289,5657010.46939679
0.00578203285400666,347.98127455143,513737.787215289,5657010.46939679
0.00748986917779531,347.98127455143,514237.787215289,5657010.46939679
0.00292004020049282,347.98127455143,514737.787215289,5657010.46939679
0.00503764717457906,347.98127455143,515237.787215289,5657010.46939679
0.00338829536980171,347.98127455143,515737.787215289,5657010.46939679
0.00395917641112108,347.98127455143,516237.787215289,5657010.46939679
0.00650052264462391,347.98127455143,516737.787215289,5657010.46939679
0.00728717072366887,347.98127455143,517237.787215289,5657010.46939679
0.0022574344011764,347.98127455143,517737.787215289,5657010.46939679
0.00175063116056541,347.98127455143,518237.787215289,5657010.46939679
0.00664936929338428,347.98127455143,518737.787215289,5657010.46939679
0.00544211799808988,347.98127455143,519237.787215289,5657010.46939679
0.00468306152358287,347.98127455143,519737.787215289,5657010.46939679
0.00153065861549226,347.98127455143,520237.787215289,5657010.46939679
0.00478792589819269,347.98127455143,520737.787215289,5657010.46939679
0.00391393924143333,347.98127455143,521237.787215289,5657010.46939679
0.0006241711216498,347.98127455143,521737.787215289,5657010.46939679
0.00356513112833351,347.98127455143,522237.787215289,5657010.46939679
0.00316908249897437,347.98127455143,522737.787215289,5657010.46939679
0.00346552792258012,347.98127455143,523237.787215289,5657010.46939679
0.00409908739495319,347.98127455143,523737.787215289,5657010.46939679
0.000273112732492457,347.98127455143,524237.787215289,5657010.46939679
0.000215716452857159,347.98127455143,486737.787215289,5657510.46939679
0.000195353703566114,347.98127455143,487237.787215289,5657510.46939679
0.000217027647019193,347.98127455143,487737.787215289,5657510.46939679
0.00102631858405437,347.98127455143,488237.787215289,5657510.46939679
0.000240210871700229,347.98127455143,488737.787215289,5657510.46939679
0.000278730883301042,347.98127455143,489237.787215289,5657510.46939679
0.000265249320770429,347.98127455143,489737.787215289,5657510.46939679
0.000180987637218262,347.98127455143,490237.787215289,5657510.46939679
0.00099860161401225,347.98127455143,490737.787215289,5657510.46939679
0.000659044888039396,347.98127455143,491237.787215289,5657510.46939679
0.000240333059658856,347.98127455143,491737.787215289,5657510.46939679
0.000367163467660185,347.98127455143,492237.787215289,5657510.46939679
0.000405434856962334,347.98127455143,492737.787215289,5657510.46939679
0.000489579388174552,347.98127455143,493237.787215289,5657510.46939679
0.000222316581527752,347.98127455143,493737.787215289,5657510.46939679
0.000727740620865108,347.98127455143,494237.787215289,5657510.46939679
0.00443442523322278,347.98127455143,494737.787215289,5657510.46939679
0.00100918361542092,347.98127455143,495237.787215289,5657510.46939679
0.00505141354634993,347.98127455143,495737.787215289,5657510.46939679
0.0053513715675809,347.98127455143,496237.787215289,5657510.46939679
0.0065109817570386,347.98127455143,496737.787215289,5657510.46939679
0.00508150579791666,347.98127455143,497237.787215289,5657510.46939679
0.00373754439906595,347.98127455143,497737.787215289,5657510.46939679
0.00375169963358529,347.98127455143,498237.787215289,5657510.46939679
0.00392666795151365,347.98127455143,498737.787215289,5657510.46939679
0.00125142675394698,347.98127455143,499237.787215289,5657510.46939679
0.00121427443026013,347.98127455143,499737.787215289,5657510.46939679
0.0024153152040751,347.98127455143,500237.787215289,5657510.46939679
0.00341735022512873,347.98127455143,500737.787215289,5657510.46939679
0.00162452848303398,347.98127455143,501237.787215289,5657510.46939679
0.000594823838359591,347.98127455143,501737.787215289,5657510.46939679
0.000482206740574793,347.98127455143,502237.787215289,5657510.46939679
0.00337304121391888,347.98127455143,502737.787215289,5657510.46939679
0.00432190982022872,347.98127455143,503237.787215289,5657510.46939679
0.00127942999039979,347.98127455143,503737.787215289,5657510.46939679
0.00480708845834183,347.98127455143,504237.787215289,5657510.46939679
0.00359930476989747,347.98127455143,504737.787215289,5657510.46939679
0.00145713892156551,347.98127455143,505237.787215289,5657510.46939679
0.00145713892156551,347.98127455143,505737.787215289,5657510.46939679
0.00478895122158814,347.98127455143,506237.787215289,5657510.46939679
0.00412712841090207,347.98127455143,506737.787215289,5657510.46939679
0.00483572521790717,347.98127455143,507237.787215289,5657510.46939679
0.000426041489847771,347.98127455143,507737.787215289,5657510.46939679
0.00109279147004012,347.98127455143,508237.787215289,5657510.46939679
0.00347913051699618,347.98127455143,508737.787215289,5657510.46939679
0.000625065380840414,347.98127455143,509237.787215289,5657510.46939679
0.00328816150005179,347.98127455143,509737.787215289,5657510.46939679
0.00533415497679934,347.98127455143,510237.787215289,5657510.46939679
0.0071609198672715,347.98127455143,510737.787215289,5657510.46939679
0.00522329421087509,347.98127455143,511237.787215289,5657510.46939679
0.00438962215548605,347.98127455143,511737.787215289,5657510.46939679
0.00393768520424022,347.98127455143,512237.787215289,5657510.46939679
0.00684190892939946,347.98127455143,512737.787215289,5657510.46939679
0.00740857374333209,347.98127455143,513237.787215289,5657510.46939679
0.00645691964341817,347.98127455143,513737.787215289,5657510.46939679
0.00503764717457906,347.98127455143,514237.787215289,5657510.46939679
0.00132141563772174,347.98127455143,514737.787215289,5657510.46939679
0.00503931293759834,347.98127455143,515237.787215289,5657510.46939679
0.00196400389866355,347.98127455143,515737.787215289,5657510.46939679
0.000940180729654418,347.98127455143,516237.787215289,5657510.46939679
0.0106722596205435,347.98127455143,516737.787215289,5657510.46939679
0.000713595634098526,347.98127455143,517237.787215289,5657510.46939679
0.00262687350616048,347.98127455143,517737.787215289,5657510.46939679
0.00215614435582842,347.98127455143,518237.787215289,5657510.46939679
0.00609353260967231,347.98127455143,518737.787215289,5657510.46939679
0.00578142152521081,347.98127455143,519237.787215289,5657510.46939679
0.00429553767624508,347.98127455143,519737.787215289,5657510.46939679
0.00359930476989747,347.98127455143,520237.787215289,5657510.46939679
0.000545699399104514,347.98127455143,520737.787215289,5657510.46939679
0.00376693633167864,347.98127455143,521237.787215289,5657510.46939679
0.00356675249765364,347.98127455143,521737.787215289,5657510.46939679
0.00371215034012972,347.98127455143,522237.787215289,5657510.46939679
0.00360529059852181,347.98127455143,522737.787215289,5657510.46939679
0.00360529059852181,347.98127455143,523237.787215289,5657510.46939679
0.00241934394706945,347.98127455143,523737.787215289,5657510.46939679
0.00166894902692584,347.98127455143,524237.787215289,5657510.46939679
0.00105978974720115,347.98127455143,486737.787215289,5658010.46939679
0.00018101052227421,347.98127455143,487237.787215289,5658010.46939679
0.00102832673779702,347.98127455143,487737.787215289,5658010.46939679
0.00140639900816652,347.98127455143,488237.787215289,5658010.46939679
0.000223798319808001,347.98127455143,488737.787215289,5658010.46939679
0.000197978585143726,347.98127455143,489237.787215289,5658010.46939679
0.000187792109326759,347.98127455143,489737.787215289,5658010.46939679
0.000296716373391074,347.98127455143,490237.787215289,5658010.46939679
0.000180987637218262,347.98127455143,490737.787215289,5658010.46939679
0.00055953300440898,347.98127455143,491237.787215289,5658010.46939679
0.000265249320770429,347.98127455143,491737.787215289,5658010.46939679
0.000207722896969886,347.98127455143,492237.787215289,5658010.46939679
0.000244563576365249,347.98127455143,492737.787215289,5658010.46939679
0.00460183247113297,347.98127455143,493237.787215289,5658010.46939679
0.00145713892156551,347.98127455143,493737.787215289,5658010.46939679
0.00192800236037353,347.98127455143,494237.787215289,5658010.46939679
0.00406505005082478,347.98127455143,494737.787215289,5658010.46939679
0.00426187326594357,347.98127455143,495237.787215289,5658010.46939679
0.00412712841090207,347.98127455143,495737.787215289,5658010.46939679
0.0039658690713342,347.98127455143,496237.787215289,5658010.46939679
0.0012066989021779,347.98127455143,496737.787215289,5658010.46939679
0.00392750883848694,347.98127455143,497237.787215289,5658010.46939679
0.00375169963358529,347.98127455143,497737.787215289,5658010.46939679
0.00412624478500573,347.98127455143,498237.787215289,5658010.46939679
0.00337304121391888,347.98127455143,498737.787215289,5658010.46939679
0.00063860923634627,347.98127455143,499237.787215289,5658010.46939679
0.000364632760864129,347.98127455143,499737.787215289,5658010.46939679
0.00449841257907866,347.98127455143,500237.787215289,5658010.46939679
0.00334098419576828,347.98127455143,500737.787215289,5658010.46939679
0.000312239488727737,347.98127455143,501237.787215289,5658010.46939679
0.00018101052227421,347.98127455143,501737.787215289,5658010.46939679
0.00029814122111178,347.98127455143,502237.787215289,5658010.46939679
0.00037215356797577,347.98127455143,502737.787215289,5658010.46939679
0.00298549420748522,347.98127455143,503237.787215289,5658010.46939679
0.00112080983105986,347.98127455143,503737.787215289,5658010.46939679
0.00216644388107853,347.98127455143,504237.787215289,5658010.46939679
0.00437925257083545,347.98127455143,504737.787215289,5658010.46939679
0.00066562433349854,347.98127455143,505237.787215289,5658010.46939679
0.00341779445245493,347.98127455143,505737.787215289,5658010.46939679
0.0039658690713342,347.98127455143,506237.787215289,5658010.46939679
0.0017073186795921,347.98127455143,506737.787215289,5658010.46939679
0.00103993569617758,347.98127455143,507237.787215289,5658010.46939679
0.00416743834102403,347.98127455143,507737.787215289,5658010.46939679
0.00138171482090638,347.98127455143,508237.787215289,5658010.46939679
0.00272332497616378,347.98127455143,508737.787215289,5658010.46939679
0.000567902686691607,347.98127455143,509237.787215289,5658010.46939679
0.00595891720666522,347.98127455143,509737.787215289,5658010.46939679
0.0028059547813836,347.98127455143,510237.787215289,5658010.46939679
0.00306216224676632,347.98127455143,510737.787215289,5658010.46939679
0.00576484106299995,347.98127455143,511237.787215289,5658010.46939679
0.00509240024793527,347.98127455143,511737.787215289,5658010.46939679
0.00785058408258279,347.98127455143,512237.787215289,5658010.46939679
0.00523623264340943,347.98127455143,512737.787215289,5658010.46939679
0.00959684068435471,347.98127455143,513237.787215289,5658010.46939679
0.00712760167994685,347.98127455143,513737.787215289,5658010.46939679
0.00125708617450249,347.98127455143,514237.787215289,5658010.46939679
0.00712760167994685,347.98127455143,514737.787215289,5658010.46939679
0.00456211392213577,347.98127455143,515237.787215289,5658010.46939679
0.00667196989494092,347.98127455143,515737.787215289,5658010.46939679
0.00385034588755507,347.98127455143,516237.787215289,5658010.46939679
0.00919737617913374,347.98127455143,516737.787215289,5658010.46939679
0.00582167147185225,347.98127455143,517237.787215289,5658010.46939679
0.00595040244123605,347.98127455143,517737.787215289,5658010.46939679
0.00596054569974797,347.98127455143,518237.787215289,5658010.46939679
0.00199975204680556,347.98127455143,518737.787215289,5658010.46939679
0.000901643186215239,347.98127455143,519237.787215289,5658010.46939679
0.00563818910908338,347.98127455143,519737.787215289,5658010.46939679
0.00406755100649204,347.98127455143,520237.787215289,5658010.46939679
0.00286651386118261,347.98127455143,520737.787215289,5658010.46939679
0.00128633583488111,347.98127455143,521237.787215289,5658010.46939679
0.00347088174948535,347.98127455143,521737.787215289,5658010.46939679
0.00362832912357537,347.98127455143,522237.787215289,5658010.46939679
0.00301580137214477,347.98127455143,522737.787215289,5658010.46939679
0.00267152495691814,347.98127455143,523237.787215289,5658010.46939679
0.00362087528932745,347.98127455143,523737.787215289,5658010.46939679
0.00236754213101089,347.98127455143,524237.787215289,5658010.46939679
0.00102177846405239,347.98127455143,486737.787215289,5658510.46939679
0.00017451825129948,347.98127455143,487237.787215289,5658510.46939679
0.000169881654403098,347.98127455143,487737.787215289,5658510.46939679
0.000265249320770429,347.98127455143,488237.787215289,5658510.46939679
0.000227847116646294,347.98127455143,488737.787215289,5658510.46939679
0.000314098446246131,347.98127455143,489237.787215289,5658510.46939679
0.000245342969954354,347.98127455143,489737.787215289,5658510.46939679
0.000183694207805534,347.98127455143,490237.787215289,5658510.46939679
0.000408750126446675,347.98127455143,490737.787215289,5658510.46939679
0.000190186515244939,347.98127455143,491237.787215289,5658510.46939679
0.000282801114717828,347.98127455143,491737.787215289,5658510.46939679
0.000271078515280131,347.98127455143,492237.787215289,5658510.46939679
0.000308838088421129,347.98127455143,492737.787215289,5658510.46939679
0.00589637175672982,347.98127455143,493237.787215289,5658510.46939679
0.00613612879314075,347.98127455143,493737.787215289,5658510.46939679
0.0062095129722744,347.98127455143,494237.787215289,5658510.46939679
0.00329668805202022,347.98127455143,494737.787215289,5658510.46939679
0.00394238352698548,347.98127455143,495237.787215289,5658510.46939679
0.00561117801142016,347.98127455143,495737.787215289,5658510.46939679
0.000470450046670537,347.98127455143,496237.787215289,5658510.46939679
0.00455732082388956,347.98127455143,496737.787215289,5658510.46939679
0.000854722455737358,347.98127455143,497237.787215289,5658510.46939679
0.00470611084752208,347.98127455143,497737.787215289,5658510.46939679
0.000524193613796264,347.98127455143,498237.787215289,5658510.46939679
0.00421994243045257,347.98127455143,498737.787215289,5658510.46939679
0.000358911970798903,347.98127455143,499237.787215289,5658510.46939679
0.000183694207805534,347.98127455143,499737.787215289,5658510.46939679
0.0010505976122211,347.98127455143,500237.787215289,5658510.46939679
0.000214564249561822,347.98127455143,500737.787215289,5658510.46939679
0.000178902769879816,347.98127455143,501237.787215289,5658510.46939679
0.00019654112637163,347.98127455143,501737.787215289,5658510.46939679
0.00019710165593997,347.98127455143,502237.787215289,5658510.46939679
0.000224126509488325,347.98127455143,502737.787215289,5658510.46939679
0.00104219349130711,347.98127455143,503237.787215289,5658510.46939679
0.00355676809638216,347.98127455143,503737.787215289,5658510.46939679
0.000385824918833143,347.98127455143,504237.787215289,5658510.46939679
0.000426041489847771,347.98127455143,504737.787215289,5658510.46939679
0.000447695475499216,347.98127455143,505237.787215289,5658510.46939679
0.00034940462734226,347.98127455143,505737.787215289,5658510.46939679
0.000519487542143822,347.98127455143,506237.787215289,5658510.46939679
0.000426041489847771,347.98127455143,506737.787215289,5658510.46939679
0.000382092991868712,347.98127455143,507237.787215289,5658510.46939679
0.00392750883848694,347.98127455143,507737.787215289,5658510.46939679
0.000617403848873214,347.98127455143,508237.787215289,5658510.46939679
0.000286251521107339,347.98127455143,508737.787215289,5658510.46939679
0.00173032895620629,347.98127455143,509237.787215289,5658510.46939679
0.00613964658898002,347.98127455143,509737.787215289,5658510.46939679
0.00522329421087509,347.98127455143,510237.787215289,5658510.46939679
0.00257659153627608,347.98127455143,510737.787215289,5658510.46939679
0.00533158689609516,347.98127455143,511237.787215289,5658510.46939679
0.00671001972519289,347.98127455143,511737.787215289,5658510.46939679
0.00803765768087291,347.98127455143,512237.787215289,5658510.46939679
0.00556458716621161,347.98127455143,512737.787215289,5658510.46939679
0.00712760167994685,347.98127455143,513237.787215289,5658510.46939679
0.00413146906031268,347.98127455143,513737.787215289,5658510.46939679
0.00456211392213577,347.98127455143,514237.787215289,5658510.46939679
0.00456211392213577,347.98127455143,514737.787215289,5658510.46939679
0.00277880466861123,347.98127455143,515237.787215289,5658510.46939679
0.00382349893170637,347.98127455143,515737.787215289,5658510.46939679
0.00632132109790646,347.98127455143,516237.787215289,5658510.46939679
0.00875252055133937,347.98127455143,516737.787215289,5658510.46939679
0.00560170878610023,347.98127455143,517237.787215289,5658510.46939679
0.00701107945073453,347.98127455143,517737.787215289,5658510.46939679
0.00666086090046519,347.98127455143,518237.787215289,5658510.46939679
0.00572401944121996,347.98127455143,518737.787215289,5658510.46939679
0.00630955121575088,347.98127455143,519237.787215289,5658510.46939679
0.00128873769418774,347.98127455143,519737.787215289,5658510.46939679
0.00275600681329327,347.98127455143,520237.787215289,5658510.46939679
0.00368894604588207,347.98127455143,520737.787215289,5658510.46939679
0.00175001639247639,347.98127455143,521237.787215289,5658510.46939679
0.00259621745541573,347.98127455143,521737.787215289,5658510.46939679
0.00117957999444101,347.98127455143,522237.787215289,5658510.46939679
0.00356513112833351,347.98127455143,522737.787215289,5658510.46939679
0.00317938858492098,347.98127455143,523237.787215289,5658510.46939679
0.00320948925471054,347.98127455143,523737.787215289,5658510.46939679
0.00419360107816285,347.98127455143,524237.787215289,5658510.46939679
0.000180403977751531,347.98127455143,486737.787215289,5659010.46939679
0.000171678258240206,347.98127455143,487237.787215289,5659010.46939679
0.000240210871700229,347.98127455143,487737.787215289,5659010.46939679
0.000265249320770429,347.98127455143,488237.787215289,5659010.46939679
0.000151889435663269,347.98127455143,488737.787215289,5659010.46939679
0.000141067832529179,347.98127455143,489237.787215289,5659010.46939679
0.00041447648334915,347.98127455143,489737.787215289,5659010.46939679
0.00247331534529425,347.98127455143,490237.787215289,5659010.46939679
0.00033522365546659,347.98127455143,490737.787215289,5659010.46939679
0.000176739917091305,347.98127455143,491237.787215289,5659010.46939679
0.000237136691221665,347.98127455143,491737.787215289,5659010.46939679
0.000436696206760176,347.98127455143,492237.787215289,5659010.46939679
0.000207119545115799,347.98127455143,492737.787215289,5659010.46939679
0.000568087923523184,347.98127455143,493237.787215289,5659010.46939679
0.00876660304921883,347.98127455143,493737.787215289,5659010.46939679
0.00460183247113297,347.98127455143,494237.787215289,5659010.46939679
0.00619606075993332,347.98127455143,494737.787215289,5659010.46939679
0.003384735521698,347.98127455143,495237.787215289,5659010.46939679
0.00561117801142016,347.98127455143,495737.787215289,5659010.46939679
0.00251385298392631,347.98127455143,496237.787215289,5659010.46939679
0.00426187326594357,347.98127455143,496737.787215289,5659010.46939679
0.00404420245164873,347.98127455143,497237.787215289,5659010.46939679
0.00406497738063507,347.98127455143,497737.787215289,5659010.46939679
0.000175968170813381,347.98127455143,498237.787215289,5659010.46939679
0.00193658027701588,347.98127455143,498737.787215289,5659010.46939679
0.000298906237210356,347.98127455143,499237.787215289,5659010.46939679
0.000169222720767545,347.98127455143,499737.787215289,5659010.46939679
0.000362309948248963,347.98127455143,500237.787215289,5659010.46939679
0.000487887884655024,347.98127455143,500737.787215289,5659010.46939679
0.000228708710273556,347.98127455143,501237.787215289,5659010.46939679
0.000224126509488325,347.98127455143,501737.787215289,5659010.46939679
0.000244563576365249,347.98127455143,502237.787215289,5659010.46939679
0.000301117655553542,347.98127455143,502737.787215289,5659010.46939679
0.000385824918833143,347.98127455143,503237.787215289,5659010.46939679
0.000316422262142639,347.98127455143,503737.787215289,5659010.46939679
0.000489579388174552,347.98127455143,504237.787215289,5659010.46939679
0.000520615396920627,347.98127455143,504737.787215289,5659010.46939679
0.000257967079937289,347.98127455143,505237.787215289,5659010.46939679
0.00022668045773992,347.98127455143,505737.787215289,5659010.46939679
0.000354153368147761,347.98127455143,506237.787215289,5659010.46939679
0.00238142405575607,347.98127455143,506737.787215289,5659010.46939679
0.00682351085116374,347.98127455143,507237.787215289,5659010.46939679
0.00580170162609101,347.98127455143,507737.787215289,5659010.46939679
0.00217886016582826,347.98127455143,508237.787215289,5659010.46939679
0.0060608972393028,347.98127455143,508737.787215289,5659010.46939679
0.00531787490351497,347.98127455143,509237.787215289,5659010.46939679
0.00574195675585419,347.98127455143,509737.787215289,5659010.46939679
0.00650099353790243,347.98127455143,510237.787215289,5659010.46939679
0.00227316889146347,347.98127455143,510737.787215289,5659010.46939679
0.00540608688150704,347.98127455143,511237.787215289,5659010.46939679
0.00678509905467943,347.98127455143,511737.787215289,5659010.46939679
0.00503764717457906,347.98127455143,512237.787215289,5659010.46939679
0.0100846097289904,347.98127455143,512737.787215289,5659010.46939679
0.00678285621577908,347.98127455143,513237.787215289,5659010.46939679
0.00338829536980171,347.98127455143,513737.787215289,5659010.46939679
0.00216943952407822,347.98127455143,514237.787215289,5659010.46939679
0.00270054657899779,347.98127455143,514737.787215289,5659010.46939679
0.00263769232643545,347.98127455143,515237.787215289,5659010.46939679
0.00304811671307682,347.98127455143,515737.787215289,5659010.46939679
0.00368030956722264,347.98127455143,516237.787215289,5659010.46939679
0.00266292152608934,347.98127455143,516737.787215289,5659010.46939679
0.00875252055133937,347.98127455143,517237.787215289,5659010.46939679
0.00568728367925489,347.98127455143,517737.787215289,5659010.46939679
0.00328228744705688,347.98127455143,518237.787215289,5659010.46939679
0.00360276959868307,347.98127455143,518737.787215289,5659010.46939679
0.00556367338637765,347.98127455143,519237.787215289,5659010.46939679
0.00252179533760864,347.98127455143,519737.787215289,5659010.46939679
0.00445655276353024,347.98127455143,520237.787215289,5659010.46939679
0.00100354279670751,347.98127455143,520737.787215289,5659010.46939679
0.00424306683046999,347.98127455143,521237.787215289,5659010.46939679
0.00368126017140369,347.98127455143,521737.787215289,5659010.46939679
0.00101217513404775,347.98127455143,522237.787215289,5659010.46939679
0.000859844780329852,347.98127455143,522737.787215289,5659010.46939679
0.00356770347039186,347.98127455143,523237.787215289,5659010.46939679
0.00464352077274712,347.98127455143,523737.787215289,5659010.46939679
0.000593914899067476,347.98127455143,524237.787215289,5659010.46939679
0.000158671602299652,347.98127455143,486737.787215289,5659510.46939679
0.000317636612651278,347.98127455143,487237.787215289,5659510.46939679
0.000163256899436794,347.98127455143,487737.787215289,5659510.46939679
0.000240210871700229,347.98127455143,488237.787215289,5659510.46939679
0.000146336570087393,347.98127455143,488737.787215289,5659510.46939679
0.000165194799218207,347.98127455143,489237.787215289,5659510.46939679
0.000155772078491174,347.98127455143,489737.787215289,5659510.46939679
0.000201042785341418,347.98127455143,490237.787215289,5659510.46939679
0.00195491473406083,347.98127455143,490737.787215289,5659510.46939679
0.00226869003151787,347.98127455143,491237.787215289,5659510.46939679
0.00306457408524296,347.98127455143,491737.787215289,5659510.46939679
0.000581432739641124,347.98127455143,492237.787215289,5659510.46939679
0.000195353703566114,347.98127455143,492737.787215289,5659510.46939679
0.000507036193938735,347.98127455143,493237.787215289,5659510.46939679
0.00359150728042267,347.98127455143,493737.787215289,5659510.46939679
0.00359150728042267,347.98127455143,494237.787215289,5659510.46939679
0.00533977842219825,347.98127455143,494737.787215289,5659510.46939679
0.00533977842219825,347.98127455143,495237.787215289,5659510.46939679
0.0039658690713342,347.98127455143,495737.787215289,5659510.46939679
0.00449153335165247,347.98127455143,496237.787215289,5659510.46939679
0.000627168424393321,347.98127455143,496737.787215289,5659510.46939679
0.00018101052227421,347.98127455143,497237.787215289,5659510.46939679
0.000625056356008467,347.98127455143,497737.787215289,5659510.46939679
0.000494708977414332,347.98127455143,498237.787215289,5659510.46939679
0.000168678748579581,347.98127455143,498737.787215289,5659510.46939679
0.000197978585143726,347.98127455143,499237.787215289,5659510.46939679
0.000166215667499126,347.98127455143,499737.787215289,5659510.46939679
0.000185722900485951,347.98127455143,500237.787215289,5659510.46939679
0.000187034890630417,347.98127455143,500737.787215289,5659510.46939679
0.000301771409414115,347.98127455143,501237.787215289,5659510.46939679
0.000346024978992383,347.98127455143,501737.787215289,5659510.46939679
0.000470450046670537,347.98127455143,502237.787215289,5659510.46939679
0.000301117655553542,347.98127455143,502737.787215289,5659510.46939679
0.000316422262142639,347.98127455143,503237.787215289,5659510.46939679
0.000489579388174552,347.98127455143,503737.787215289,5659510.46939679
0.000507036193938735,347.98127455143,504237.787215289,5659510.46939679
0.000481110531889572,347.98127455143,504737.787215289,5659510.46939679
0.000275144855801529,347.98127455143,505237.787215289,5659510.46939679
0.000240884963963637,347.98127455143,505737.787215289,5659510.46939679
0.00443877077338161,347.98127455143,506237.787215289,5659510.46939679
0.00537269921524714,347.98127455143,506737.787215289,5659510.46939679
0.00492108281834627,347.98127455143,507237.787215289,5659510.46939679
0.00594188940846535,347.98127455143,507737.787215289,5659510.46939679
0.0057139554332149,347.98127455143,508237.787215289,5659510.46939679
0.005910333711441,347.98127455143,508737.787215289,5659510.46939679
0.00546423170387809,347.98127455143,509237.787215289,5659510.46939679
0.0062093447503381,347.98127455143,509737.787215289,5659510.46939679
0.000583142519238587,347.98127455143,510237.787215289,5659510.46939679
0.00568085666462005,347.98127455143,510737.787215289,5659510.46939679
0.00749234579965136,347.98127455143,511237.787215289,5659510.46939679
0.00913266389041571,347.98127455143,511737.787215289,5659510.46939679
0.00827057783857869,347.98127455143,512237.787215289,5659510.46939679
0.00556274777190651,347.98127455143,512737.787215289,5659510.46939679
0.00216872240803948,347.98127455143,513237.787215289,5659510.46939679
0.00292100574945095,347.98127455143,513737.787215289,5659510.46939679
0.00148056750259191,347.98127455143,514237.787215289,5659510.46939679
0.00336308646883377,347.98127455143,514737.787215289,5659510.46939679
0.00423649924439268,347.98127455143,515237.787215289,5659510.46939679
0.0011660999272695,347.98127455143,515737.787215289,5659510.46939679
0.00257166555691249,347.98127455143,516237.787215289,5659510.46939679
0.00179106721140068,347.98127455143,516737.787215289,5659510.46939679
0.00875252055133937,347.98127455143,517237.787215289,5659510.46939679
0.00664260857721078,347.98127455143,517737.787215289,5659510.46939679
0.00568469879042566,347.98127455143,518237.787215289,5659510.46939679
0.00462344117827299,347.98127455143,518737.787215289,5659510.46939679
0.00268511170302213,347.98127455143,519237.787215289,5659510.46939679
0.00209439448436454,347.98127455143,519737.787215289,5659510.46939679
0.00449968306966204,347.98127455143,520237.787215289,5659510.46939679
0.00101877072850703,347.98127455143,520737.787215289,5659510.46939679
0.00390971267681923,347.98127455143,521237.787215289,5659510.46939679
0.00276629444888224,347.98127455143,521737.787215289,5659510.46939679
0.00113315391375545,347.98127455143,522237.787215289,5659510.46939679
0.000375525516024036,347.98127455143,522737.787215289,5659510.46939679
0.000500589423817137,347.98127455143,523237.787215289,5659510.46939679
0.000689154588428936,347.98127455143,523737.787215289,5659510.46939679
0.000671608197759993,347.98127455143,524237.787215289,5659510.46939679
0.000139258611603626,347.98127455143,486737.787215289,5660010.46939679
0.000323478813461883,347.98127455143,487237.787215289,5660010.46939679
0.000159429962166626,347.98127455143,487737.787215289,5660010.46939679
0.000191685297076357,347.98127455143,488237.787215289,5660010.46939679
0.000137397082568053,347.98127455143,488737.787215289,5660010.46939679
0.000135479357375125,347.98127455143,489237.787215289,5660010.46939679
0.00014454289802674,347.98127455143,489737.787215289,5660010.46939679
0.000169222720767545,347.98127455143,490237.787215289,5660010.46939679
0.000253123658516055,347.98127455143,490737.787215289,5660010.46939679
0.000627168424393321,347.98127455143,491237.787215289,5660010.46939679
0.00647242426861469,347.98127455143,491737.787215289,5660010.46939679
0.000210765413466482,347.98127455143,492237.787215289,5660010.46939679
0.00028378158399349,347.98127455143,492737.787215289,5660010.46939679
0.000547076196170175,347.98127455143,493237.787215289,5660010.46939679
0.00438876032709553,347.98127455143,493737.787215289,5660010.46939679
0.00406755100649204,347.98127455143,494237.787215289,5660010.46939679
0.00533977842219825,347.98127455143,494737.787215289,5660010.46939679
0.00483572521790717,347.98127455143,495237.787215289,5660010.46939679
0.00449153335165247,347.98127455143,495737.787215289,5660010.46939679
0.00272786727345352,347.98127455143,496237.787215289,5660010.46939679
0.00247599650423014,347.98127455143,496737.787215289,5660010.46939679
0.000190186515244939,347.98127455143,497237.787215289,5660010.46939679
0.00017451825129948,347.98127455143,497737.787215289,5660010.46939679
0.000178902769879816,347.98127455143,498237.787215289,5660010.46939679
0.000210037216064212,347.98127455143,498737.787215289,5660010.46939679
0.000316381135206126,347.98127455143,499237.787215289,5660010.46939679
0.000207591466283983,347.98127455143,499737.787215289,5660010.46939679
0.000339072335301249,347.98127455143,500237.787215289,5660010.46939679
0.000435695668941515,347.98127455143,500737.787215289,5660010.46939679
0.000811619424962175,347.98127455143,501237.787215289,5660010.46939679
0.00133247950815711,347.98127455143,501737.787215289,5660010.46939679
0.000316422262142639,347.98127455143,502237.787215289,5660010.46939679
0.000382092991868712,347.98127455143,502737.787215289,5660010.46939679
0.000266157325500766,347.98127455143,503237.787215289,5660010.46939679
0.000257967079937289,347.98127455143,503737.787215289,5660010.46939679
0.00040907965633163,347.98127455143,504237.787215289,5660010.46939679
0.000869716599376707,347.98127455143,504737.787215289,5660010.46939679
0.00411286912548032,347.98127455143,505237.787215289,5660010.46939679
0.00368132598182525,347.98127455143,505737.787215289,5660010.46939679
0.00279779063059757,347.98127455143,506237.787215289,5660010.46939679
0.0043522433621194,347.98127455143,506737.787215289,5660010.46939679
0.004873055098966,347.98127455143,507237.787215289,5660010.46939679
0.00481639757389808,347.98127455143,507737.787215289,5660010.46939679
0.00467105846603192,347.98127455143,508237.787215289,5660010.46939679
0.00533158689609516,347.98127455143,508737.787215289,5660010.46939679
0.00740944055473366,347.98127455143,509237.787215289,5660010.46939679
0.0065516777952473,347.98127455143,509737.787215289,5660010.46939679
0.00105284944059572,347.98127455143,510237.787215289,5660010.46939679
0.00206382636491264,347.98127455143,510737.787215289,5660010.46939679
0.00678285621577908,347.98127455143,511237.787215289,5660010.46939679
0.00959684068435471,347.98127455143,511737.787215289,5660010.46939679
0.00913266389041571,347.98127455143,512237.787215289,5660010.46939679
0.00196400389866355,347.98127455143,512737.787215289,5660010.46939679
0.00184872328346479,347.98127455143,513237.787215289,5660010.46939679
0.00440662451512874,347.98127455143,513737.787215289,5660010.46939679
0.00325945684276318,347.98127455143,514237.787215289,5660010.46939679
0.00548600915047758,347.98127455143,514737.787215289,5660010.46939679
0.00157583043488487,347.98127455143,515237.787215289,5660010.46939679
0.00267994832454679,347.98127455143,515737.787215289,5660010.46939679
0.00728385868100271,347.98127455143,516237.787215289,5660010.46939679
0.00229491146971452,347.98127455143,516737.787215289,5660010.46939679
0.00754294094113945,347.98127455143,517237.787215289,5660010.46939679
0.00157741204998802,347.98127455143,517737.787215289,5660010.46939679
0.00471561568664656,347.98127455143,518237.787215289,5660010.46939679
0.00262687350616048,347.98127455143,518737.787215289,5660010.46939679
0.00579880265389306,347.98127455143,519237.787215289,5660010.46939679
0.00473023663886018,347.98127455143,519737.787215289,5660010.46939679
0.00221080856830443,347.98127455143,520237.787215289,5660010.46939679
0.00382810253147148,347.98127455143,520737.787215289,5660010.46939679
0.00347913051699618,347.98127455143,521237.787215289,5660010.46939679
0.00298798318315281,347.98127455143,521737.787215289,5660010.46939679
0.00221516452766717,347.98127455143,522237.787215289,5660010.46939679
0.000863615814635344,347.98127455143,522737.787215289,5660010.46939679
0.000333708210940846,347.98127455143,523237.787215289,5660010.46939679
0.00167601436877859,347.98127455143,523737.787215289,5660010.46939679
0.000819837288034295,347.98127455143,524237.787215289,5660010.46939679
0.000135479357375125,347.98127455143,486737.787215289,5660510.46939679
0.000135479357375125,347.98127455143,487237.787215289,5660510.46939679
0.000214661819771783,347.98127455143,487737.787215289,5660510.46939679
0.000161590004419098,347.98127455143,488237.787215289,5660510.46939679
0.000357140534414108,347.98127455143,488737.787215289,5660510.46939679
0.000148237746479482,347.98127455143,489237.787215289,5660510.46939679
0.000146214683449034,347.98127455143,489737.787215289,5660510.46939679
0.000170618368342014,347.98127455143,490237.787215289,5660510.46939679
0.00018101052227421,347.98127455143,490737.787215289,5660510.46939679
0.000237120425527213,347.98127455143,491237.787215289,5660510.46939679
0.00471982003514994,347.98127455143,491737.787215289,5660510.46939679
0.00483572521790717,347.98127455143,492237.787215289,5660510.46939679
0.00241562917511827,347.98127455143,492737.787215289,5660510.46939679
0.00412712841090207,347.98127455143,493237.787215289,5660510.46939679
0.00306523035678381,347.98127455143,493737.787215289,5660510.46939679
0.00373754439906595,347.98127455143,494237.787215289,5660510.46939679
0.000735005876707742,347.98127455143,494737.787215289,5660510.46939679
0.00619606075993332,347.98127455143,495237.787215289,5660510.46939679
0.00378224304163805,347.98127455143,495737.787215289,5660510.46939679
0.000345950894398501,347.98127455143,496237.787215289,5660510.46939679
0.000269088659563843,347.98127455143,496737.787215289,5660510.46939679
0.000184563597383931,347.98127455143,497237.787215289,5660510.46939679
0.00018101052227421,347.98127455143,497737.787215289,5660510.46939679
0.000185073697993241,347.98127455143,498237.787215289,5660510.46939679
0.000207595177426709,347.98127455143,498737.787215289,5660510.46939679
0.000243718605845324,347.98127455143,499237.787215289,5660510.46939679
0.000303845500107816,347.98127455143,499737.787215289,5660510.46939679
0.000932460985924939,347.98127455143,500237.787215289,5660510.46939679
0.000491433576463842,347.98127455143,500737.787215289,5660510.46939679
0.00066562433349854,347.98127455143,501237.787215289,5660510.46939679
0.00034940462734226,347.98127455143,501737.787215289,5660510.46939679
0.00028378158399349,347.98127455143,502237.787215289,5660510.46939679
0.000317109243698294,347.98127455143,502737.787215289,5660510.46939679
0.000257967079937289,347.98127455143,503237.787215289,5660510.46939679
0.000214737228914974,347.98127455143,503737.787215289,5660510.46939679
0.000228058294659168,347.98127455143,504237.787215289,5660510.46939679
0.000190210563456788,347.98127455143,504737.787215289,5660510.46939679
0.00134084467358058,347.98127455143,505237.787215289,5660510.46939679
0.00371846940851756,347.98127455143,505737.787215289,5660510.46939679
0.00442359367071367,347.98127455143,506237.787215289,5660510.46939679
0.00442729033935875,347.98127455143,506737.787215289,5660510.46939679
0.0047287098407554,347.98127455143,507237.787215289,5660510.46939679
0.0057139554332149,347.98127455143,507737.787215289,5660510.46939679
0.00480135962630718,347.98127455143,508237.787215289,5660510.46939679
0.00542826681517464,347.98127455143,508737.787215289,5660510.46939679
0.00463059562192399,347.98127455143,509237.787215289,5660510.46939679
0.00578203285400666,347.98127455143,509737.787215289,5660510.46939679
0.00306946879376383,347.98127455143,510237.787215289,5660510.46939679
0.00125708617450249,347.98127455143,510737.787215289,5660510.46939679
0.00827057783857869,347.98127455143,511237.787215289,5660510.46939679
0.00959684068435471,347.98127455143,511737.787215289,5660510.46939679
0.0017786099777761,347.98127455143,512237.787215289,5660510.46939679
0.00227894989767302,347.98127455143,512737.787215289,5660510.46939679
0.00189706523672419,347.98127455143,513237.787215289,5660510.46939679
0.00274896497075426,347.98127455143,513737.787215289,5660510.46939679
0.00407447506145372,347.98127455143,514237.787215289,5660510.46939679
0.00132990090128809,347.98127455143,514737.787215289,5660510.46939679
0.00182481464279914,347.98127455143,515237.787215289,5660510.46939679
0.0032626829102562,347.98127455143,515737.787215289,5660510.46939679
0.0069046039286357,347.98127455143,516237.787215289,5660510.46939679
0.00152656677921066,347.98127455143,516737.787215289,5660510.46939679
0.00279849474066073,347.98127455143,517237.787215289,5660510.46939679
0.00611756375822078,347.98127455143,517737.787215289,5660510.46939679
0.00324111405304563,347.98127455143,518237.787215289,5660510.46939679
0.0018849805429729,347.98127455143,518737.787215289,5660510.46939679
0.000933313716740177,347.98127455143,519237.787215289,5660510.46939679
0.00480536247020863,347.98127455143,519737.787215289,5660510.46939679
0.00274096663639918,347.98127455143,520237.787215289,5660510.46939679
0.00352285112311321,347.98127455143,520737.787215289,5660510.46939679
0.00318628854605439,347.98127455143,521237.787215289,5660510.46939679
0.00213385723245826,347.98127455143,521737.787215289,5660510.46939679
0.000791664887198931,347.98127455143,522237.787215289,5660510.46939679
0.00113329719586639,347.98127455143,522737.787215289,5660510.46939679
0.000436696206760176,347.98127455143,523237.787215289,5660510.46939679
0.00267321419291508,347.98127455143,523737.787215289,5660510.46939679
0.0030542978460037,347.98127455143,524237.787215289,5660510.46939679
0.000138138696326931,347.98127455143,486737.787215289,5661010.46939679
0.000187502440441424,347.98127455143,487237.787215289,5661010.46939679
0.00059247853401942,347.98127455143,487737.787215289,5661010.46939679
0.000149439536573637,347.98127455143,488237.787215289,5661010.46939679
0.00022449924338049,347.98127455143,488737.787215289,5661010.46939679
0.000892985127641475,347.98127455143,489237.787215289,5661010.46939679
0.00230761301927638,347.98127455143,489737.787215289,5661010.46939679
0.000163671018445512,347.98127455143,490237.787215289,5661010.46939679
0.000190210563456788,347.98127455143,490737.787215289,5661010.46939679
0.000225651463759607,347.98127455143,491237.787215289,5661010.46939679
0.000376577266058323,347.98127455143,491737.787215289,5661010.46939679
0.0012066989021779,347.98127455143,492237.787215289,5661010.46939679
0.00684190892939946,347.98127455143,492737.787215289,5661010.46939679
0.00508150579791666,347.98127455143,493237.787215289,5661010.46939679
0.0065109817570386,347.98127455143,493737.787215289,5661010.46939679
0.00309516865993019,347.98127455143,494237.787215289,5661010.46939679
0.00483572521790717,347.98127455143,494737.787215289,5661010.46939679
0.00508150579791666,347.98127455143,495237.787215289,5661010.46939679
0.000789865182109579,347.98127455143,495737.787215289,5661010.46939679
0.000474711884441256,347.98127455143,496237.787215289,5661010.46939679
0.000214751959194515,347.98127455143,496737.787215289,5661010.46939679
0.000187999043260859,347.98127455143,497237.787215289,5661010.46939679
0.00019446691435188,347.98127455143,497737.787215289,5661010.46939679
0.00019710165593997,347.98127455143,498237.787215289,5661010.46939679
0.000273285424818522,347.98127455143,498737.787215289,5661010.46939679
0.000195353703566114,347.98127455143,499237.787215289,5661010.46939679
0.00019710165593997,347.98127455143,499737.787215289,5661010.46939679
0.000367960612995297,347.98127455143,500237.787215289,5661010.46939679
0.000980064083489692,347.98127455143,500737.787215289,5661010.46939679
0.0012066989021779,347.98127455143,501237.787215289,5661010.46939679
0.000507036193938735,347.98127455143,501737.787215289,5661010.46939679
0.00126052141222885,347.98127455143,502237.787215289,5661010.46939679
0.00042183023042603,347.98127455143,502737.787215289,5661010.46939679
0.00020653052607045,347.98127455143,503237.787215289,5661010.46939679
0.000190210563456788,347.98127455143,503737.787215289,5661010.46939679
0.000261132977594974,347.98127455143,504237.787215289,5661010.46939679
0.000187589317347853,347.98127455143,504737.787215289,5661010.46939679
0.000826906442465504,347.98127455143,505237.787215289,5661010.46939679
0.00379043938959149,347.98127455143,505737.787215289,5661010.46939679
0.00477187085412422,347.98127455143,506237.787215289,5661010.46939679
0.00412578267521804,347.98127455143,506737.787215289,5661010.46939679
0.00257254619117708,347.98127455143,507237.787215289,5661010.46939679
0.00115837988158231,347.98127455143,507737.787215289,5661010.46939679
0.00238870497828132,347.98127455143,508237.787215289,5661010.46939679
0.00596959189730256,347.98127455143,508737.787215289,5661010.46939679
0.00393293958814123,347.98127455143,509237.787215289,5661010.46939679
0.00529369064037944,347.98127455143,509737.787215289,5661010.46939679
0.00678285621577908,347.98127455143,510237.787215289,5661010.46939679
0.00393163954081253,347.98127455143,510737.787215289,5661010.46939679
0.00678509905467943,347.98127455143,511237.787215289,5661010.46939679
0.00645691964341817,347.98127455143,511737.787215289,5661010.46939679
0.00959684068435471,347.98127455143,512237.787215289,5661010.46939679
0.00408662587757389,347.98127455143,512737.787215289,5661010.46939679
0.00245565988928508,347.98127455143,513237.787215289,5661010.46939679
0.00368986131006807,347.98127455143,513737.787215289,5661010.46939679
0.0033737997917605,347.98127455143,514237.787215289,5661010.46939679
0.00484082725095634,347.98127455143,514737.787215289,5661010.46939679
0.00593547291143625,347.98127455143,515237.787215289,5661010.46939679
0.000594123537071732,347.98127455143,515737.787215289,5661010.46939679
0.00107617913907548,347.98127455143,516237.787215289,5661010.46939679
0.00232996984409977,347.98127455143,516737.787215289,5661010.46939679
0.00395949837763748,347.98127455143,517237.787215289,5661010.46939679
0.0106722596205435,347.98127455143,517737.787215289,5661010.46939679
0.00150111630932018,347.98127455143,518237.787215289,5661010.46939679
0.00443663197669539,347.98127455143,518737.787215289,5661010.46939679
0.00183960874358297,347.98127455143,519237.787215289,5661010.46939679
0.00451688702145474,347.98127455143,519737.787215289,5661010.46939679
0.000777038027355629,347.98127455143,520237.787215289,5661010.46939679
0.00462398477962409,347.98127455143,520737.787215289,5661010.46939679
0.000738085840928826,347.98127455143,521237.787215289,5661010.46939679
0.0037727244751974,347.98127455143,521737.787215289,5661010.46939679
0.00057255534924004,347.98127455143,522237.787215289,5661010.46939679
0.00183896272928978,347.98127455143,522737.787215289,5661010.46939679
0.000433773067781705,347.98127455143,523237.787215289,5661010.46939679
0.00293754214449444,347.98127455143,523737.787215289,5661010.46939679
0.00580170162609101,347.98127455143,524237.787215289,5661010.46939679
0.000139258611603626,347.98127455143,486737.787215289,5661510.46939679
0.000146214683449034,347.98127455143,487237.787215289,5661510.46939679
0.00036772809428633,347.98127455143,487737.787215289,5661510.46939679
0.000208041045125094,347.98127455143,488237.787215289,5661510.46939679
0.000229726263100476,347.98127455143,488737.787215289,5661510.46939679
0.000965780890976006,347.98127455143,489237.787215289,5661510.46939679
0.000240210871700229,347.98127455143,489737.787215289,5661510.46939679
0.00286505649415382,347.98127455143,490237.787215289,5661510.46939679
0.000240210871700229,347.98127455143,490737.787215289,5661510.46939679
0.000187034890630417,347.98127455143,491237.787215289,5661510.46939679
0.00019710165593997,347.98127455143,491737.787215289,5661510.46939679
0.000406315092969959,347.98127455143,492237.787215289,5661510.46939679
0.00260348879033502,347.98127455143,492737.787215289,5661510.46939679
0.00373754439906595,347.98127455143,493237.787215289,5661510.46939679
0.00218760367858538,347.98127455143,493737.787215289,5661510.46939679
0.00218760367858538,347.98127455143,494237.787215289,5661510.46939679
0.000385824918833143,347.98127455143,494737.787215289,5661510.46939679
0.000256993765207588,347.98127455143,495237.787215289,5661510.46939679
0.000225651463759607,347.98127455143,495737.787215289,5661510.46939679
0.00018101052227421,347.98127455143,496237.787215289,5661510.46939679
0.00019710165593997,347.98127455143,496737.787215289,5661510.46939679
0.000287175430390242,347.98127455143,497237.787215289,5661510.46939679
0.00022937495268111,347.98127455143,497737.787215289,5661510.46939679
0.000270055730853949,347.98127455143,498237.787215289,5661510.46939679
0.000316422262142639,347.98127455143,498737.787215289,5661510.46939679
0.000232734606756892,347.98127455143,499237.787215289,5661510.46939679
0.000401513251070225,347.98127455143,499737.787215289,5661510.46939679
0.000316422262142639,347.98127455143,500237.787215289,5661510.46939679
0.000772363286930028,347.98127455143,500737.787215289,5661510.46939679
0.000545891017044133,347.98127455143,501237.787215289,5661510.46939679
0.00718965580691284,347.98127455143,501737.787215289,5661510.46939679
0.000298205067373324,347.98127455143,502237.787215289,5661510.46939679
0.00028485635246305,347.98127455143,502737.787215289,5661510.46939679
0.000204350890146259,347.98127455143,503237.787215289,5661510.46939679
0.000210037216064212,347.98127455143,503737.787215289,5661510.46939679
0.000762249817879355,347.98127455143,504237.787215289,5661510.46939679
0.000388247086867082,347.98127455143,504737.787215289,5661510.46939679
0.000397811167011444,347.98127455143,505237.787215289,5661510.46939679
0.000677703735462433,347.98127455143,505737.787215289,5661510.46939679
0.00396889694379633,347.98127455143,506237.787215289,5661510.46939679
0.004873055098966,347.98127455143,506737.787215289,5661510.46939679
0.000328958960142632,347.98127455143,507237.787215289,5661510.46939679
0.00585446856856621,347.98127455143,507737.787215289,5661510.46939679
0.00130664086514924,347.98127455143,508237.787215289,5661510.46939679
0.00125708617450249,347.98127455143,508737.787215289,5661510.46939679
0.00413146906031268,347.98127455143,509237.787215289,5661510.46939679
0.00959684068435471,347.98127455143,509737.787215289,5661510.46939679
0.000443978161495437,347.98127455143,510237.787215289,5661510.46939679
0.000878839871065171,347.98127455143,510737.787215289,5661510.46939679
0.00568085666462005,347.98127455143,511237.787215289,5661510.46939679
0.000765696997088317,347.98127455143,511737.787215289,5661510.46939679
0.00787054928424487,347.98127455143,512237.787215289,5661510.46939679
0.00320042182260412,347.98127455143,512737.787215289,5661510.46939679
0.00387740220870821,347.98127455143,513237.787215289,5661510.46939679
0.00391481946417408,347.98127455143,513737.787215289,5661510.46939679
0.00355880716440574,347.98127455143,514237.787215289,5661510.46939679
0.0019424810985427,347.98127455143,514737.787215289,5661510.46939679
0.00524728623691314,347.98127455143,515237.787215289,5661510.46939679
0.000779633960096601,347.98127455143,515737.787215289,5661510.46939679
0.000499741586690206,347.98127455143,516237.787215289,5661510.46939679
0.00273337669310537,347.98127455143,516737.787215289,5661510.46939679
0.00560170878610023,347.98127455143,517237.787215289,5661510.46939679
0.00588689994167278,347.98127455143,517737.787215289,5661510.46939679
0.00611756375822078,347.98127455143,518237.787215289,5661510.46939679
0.00587575990361852,347.98127455143,518737.787215289,5661510.46939679
0.00328788254594552,347.98127455143,519237.787215289,5661510.46939679
0.00625438762951404,347.98127455143,519737.787215289,5661510.46939679
0.00107386284358163,347.98127455143,520237.787215289,5661510.46939679
0.00474145237414926,347.98127455143,520737.787215289,5661510.46939679
0.00260821272263634,347.98127455143,521237.787215289,5661510.46939679
0.00332618559212926,347.98127455143,521737.787215289,5661510.46939679
0.000745616399683887,347.98127455143,522237.787215289,5661510.46939679
0.000474679322974596,347.98127455143,522737.787215289,5661510.46939679
0.00438876032709553,347.98127455143,523237.787215289,5661510.46939679
0.000625185185515476,347.98127455143,523737.787215289,5661510.46939679
0.000589452237002194,347.98127455143,524237.787215289,5661510.46939679
0.000142828213525405,347.98127455143,486737.787215289,5662010.46939679
0.000166736245489019,347.98127455143,487237.787215289,5662010.46939679
0.000222099499379334,347.98127455143,487737.787215289,5662010.46939679
0.00016745700093467,347.98127455143,488237.787215289,5662010.46939679
0.000168678748579581,347.98127455143,488737.787215289,5662010.46939679
0.000175968170813381,347.98127455143,489237.787215289,5662010.46939679
0.000187589317347853,347.98127455143,489737.787215289,5662010.46939679
0.000169881654403098,347.98127455143,490237.787215289,5662010.46939679
0.000186866760646629,347.98127455143,490737.787215289,5662010.46939679
0.000187034890630417,347.98127455143,491237.787215289,5662010.46939679
0.000671608197759993,347.98127455143,491737.787215289,5662010.46939679
0.00021764660354777,347.98127455143,492237.787215289,5662010.46939679
0.000520615396920627,347.98127455143,492737.787215289,5662010.46939679
0.00175109306148657,347.98127455143,493237.787215289,5662010.46939679
0.00589637175672982,347.98127455143,493737.787215289,5662010.46939679
0.000529933279412412,347.98127455143,494237.787215289,5662010.46939679
0.000244563576365249,347.98127455143,494737.787215289,5662010.46939679
0.000207722896969886,347.98127455143,495237.787215289,5662010.46939679
0.000244511214847055,347.98127455143,495737.787215289,5662010.46939679
0.000185073697993241,347.98127455143,496237.787215289,5662010.46939679
0.000211563647156209,347.98127455143,496737.787215289,5662010.46939679
0.000256993765207588,347.98127455143,497237.787215289,5662010.46939679
0.000270055730853949,347.98127455143,497737.787215289,5662010.46939679
0.000426041489847771,347.98127455143,498237.787215289,5662010.46939679
0.000385824918833143,347.98127455143,498737.787215289,5662010.46939679
0.000426041489847771,347.98127455143,499237.787215289,5662010.46939679
0.000602792123690117,347.98127455143,499737.787215289,5662010.46939679
0.00066562433349854,347.98127455143,500237.787215289,5662010.46939679
0.000772363286930028,347.98127455143,500737.787215289,5662010.46939679
0.000447695475499216,347.98127455143,501237.787215289,5662010.46939679
0.000494361141723663,347.98127455143,501737.787215289,5662010.46939679
0.00684190892939946,347.98127455143,502237.787215289,5662010.46939679
0.00022937495268111,347.98127455143,502737.787215289,5662010.46939679
0.000257967079937289,347.98127455143,503237.787215289,5662010.46939679
0.000279513072427938,347.98127455143,503737.787215289,5662010.46939679
0.000187034890630417,347.98127455143,504237.787215289,5662010.46939679
0.00276629444888224,347.98127455143,504737.787215289,5662010.46939679
0.00454157521776432,347.98127455143,505237.787215289,5662010.46939679
0.00331150808043237,347.98127455143,505737.787215289,5662010.46939679
0.00360655711100772,347.98127455143,506237.787215289,5662010.46939679
0.00134661371370008,347.98127455143,506737.787215289,5662010.46939679
0.00506066170132997,347.98127455143,507237.787215289,5662010.46939679
0.00757127490993741,347.98127455143,507737.787215289,5662010.46939679
0.00584741288512555,347.98127455143,508237.787215289,5662010.46939679
0.00712760167994685,347.98127455143,508737.787215289,5662010.46939679
0.00959684068435471,347.98127455143,509237.787215289,5662010.46939679
0.00196465332188648,347.98127455143,509737.787215289,5662010.46939679
0.000821697976796949,347.98127455143,510237.787215289,5662010.46939679
0.00564624994423609,347.98127455143,510737.787215289,5662010.46939679
0.00607591046790191,347.98127455143,511237.787215289,5662010.46939679
0.00479398793385581,347.98127455143,511737.787215289,5662010.46939679
0.00556458716621161,347.98127455143,512237.787215289,5662010.46939679
0.00607662135621199,347.98127455143,512737.787215289,5662010.46939679
0.00269075890759926,347.98127455143,513237.787215289,5662010.46939679
0.00348039665493947,347.98127455143,513737.787215289,5662010.46939679
0.00346385755520282,347.98127455143,514237.787215289,5662010.46939679
0.00544211799808988,347.98127455143,514737.787215289,5662010.46939679
0.00481588930164194,347.98127455143,515237.787215289,5662010.46939679
0.00229101155796912,347.98127455143,515737.787215289,5662010.46939679
0.00265052243495033,347.98127455143,516237.787215289,5662010.46939679
0.00401783209638258,347.98127455143,516737.787215289,5662010.46939679
0.00649999405477966,347.98127455143,517237.787215289,5662010.46939679
0.00875252055133937,347.98127455143,517737.787215289,5662010.46939679
0.0068303627661626,347.98127455143,518237.787215289,5662010.46939679
0.00728717072366887,347.98127455143,518737.787215289,5662010.46939679
0.00166214025279741,347.98127455143,519237.787215289,5662010.46939679
0.00572401944121996,347.98127455143,519737.787215289,5662010.46939679
0.00114362328105267,347.98127455143,520237.787215289,5662010.46939679
0.00557446004861382,347.98127455143,520737.787215289,5662010.46939679
0.000743068449395076,347.98127455143,521237.787215289,5662010.46939679
0.00428050230424945,347.98127455143,521737.787215289,5662010.46939679
0.00404420245164873,347.98127455143,522237.787215289,5662010.46939679
0.00447848724544588,347.98127455143,522737.787215289,5662010.46939679
0.00447475668703966,347.98127455143,523237.787215289,5662010.46939679
0.00538099939411018,347.98127455143,523737.787215289,5662010.46939679
0.00161824582580022,347.98127455143,524237.787215289,5662010.46939679
0.000158671602299652,347.98127455143,486737.787215289,5662510.46939679
0.000159685545443755,347.98127455143,487237.787215289,5662510.46939679
0.000240210871700229,347.98127455143,487737.787215289,5662510.46939679
0.000282801114717828,347.98127455143,488237.787215289,5662510.46939679
0.000400126017265602,347.98127455143,488737.787215289,5662510.46939679
0.000762249817879355,347.98127455143,489237.787215289,5662510.46939679
0.000240210871700229,347.98127455143,489737.787215289,5662510.46939679
0.0004808659300281,347.98127455143,490237.787215289,5662510.46939679
0.000187999043260859,347.98127455143,490737.787215289,5662510.46939679
0.000616451504893769,347.98127455143,491237.787215289,5662510.46939679
0.00273581371702175,347.98127455143,491737.787215289,5662510.46939679
0.00412712841090207,347.98127455143,492237.787215289,5662510.46939679
0.00619606075993332,347.98127455143,492737.787215289,5662510.46939679
0.00309516865993019,347.98127455143,493237.787215289,5662510.46939679
0.00341779445245493,347.98127455143,493737.787215289,5662510.46939679
0.0065109817570386,347.98127455143,494237.787215289,5662510.46939679
0.00251385298392631,347.98127455143,494737.787215289,5662510.46939679
0.000224126509488325,347.98127455143,495237.787215289,5662510.46939679
0.000235517963926959,347.98127455143,495737.787215289,5662510.46939679
0.000240333059658856,347.98127455143,496237.787215289,5662510.46939679
0.000270055730853949,347.98127455143,496737.787215289,5662510.46939679
0.00027269338264375,347.98127455143,497237.787215289,5662510.46939679
0.000405434856962334,347.98127455143,497737.787215289,5662510.46939679
0.000385824918833143,347.98127455143,498237.787215289,5662510.46939679
0.000545891017044133,347.98127455143,498737.787215289,5662510.46939679
0.00028655329707866,347.98127455143,499237.787215289,5662510.46939679
0.00027269338264375,347.98127455143,499737.787215289,5662510.46939679
0.000346024978992383,347.98127455143,500237.787215289,5662510.46939679
0.000256993765207588,347.98127455143,500737.787215289,5662510.46939679
0.000266157325500766,347.98127455143,501237.787215289,5662510.46939679
0.001137226328472,347.98127455143,501737.787215289,5662510.46939679
0.00179409486236139,347.98127455143,502237.787215289,5662510.46939679
0.00793907164092351,347.98127455143,502737.787215289,5662510.46939679
0.00291697231577913,347.98127455143,503237.787215289,5662510.46939679
0.000604100840302104,347.98127455143,503737.787215289,5662510.46939679
0.00252337372127019,347.98127455143,504237.787215289,5662510.46939679
0.00443877077338161,347.98127455143,504737.787215289,5662510.46939679
0.00568743925098199,347.98127455143,505237.787215289,5662510.46939679
0.0038425387068631,347.98127455143,505737.787215289,5662510.46939679
0.00254904286968538,347.98127455143,506237.787215289,5662510.46939679
0.00181312562823281,347.98127455143,506737.787215289,5662510.46939679
0.00103566992910831,347.98127455143,507237.787215289,5662510.46939679
0.00120928599376061,347.98127455143,507737.787215289,5662510.46939679
0.00712995851338181,347.98127455143,508237.787215289,5662510.46939679
0.0061446135046188,347.98127455143,508737.787215289,5662510.46939679
0.00352186292648636,347.98127455143,509237.787215289,5662510.46939679
0.00306067043019283,347.98127455143,509737.787215289,5662510.46939679
0.0065516777952473,347.98127455143,510237.787215289,5662510.46939679
0.00645691964341817,347.98127455143,510737.787215289,5662510.46939679
0.000888483517955524,347.98127455143,511237.787215289,5662510.46939679
0.00356050887733301,347.98127455143,511737.787215289,5662510.46939679
0.00335151863343436,347.98127455143,512237.787215289,5662510.46939679
0.00438864143117511,347.98127455143,512737.787215289,5662510.46939679
0.00260923466852339,347.98127455143,513237.787215289,5662510.46939679
0.0044999931781012,347.98127455143,513737.787215289,5662510.46939679
0.00492108281834627,347.98127455143,514237.787215289,5662510.46939679
0.00196724425535098,347.98127455143,514737.787215289,5662510.46939679
0.00468612216501753,347.98127455143,515237.787215289,5662510.46939679
0.00443598301470315,347.98127455143,515737.787215289,5662510.46939679
0.00696741832515659,347.98127455143,516237.787215289,5662510.46939679
0.00114815035802575,347.98127455143,516737.787215289,5662510.46939679
0.00382523751453046,347.98127455143,517237.787215289,5662510.46939679
0.00188225305258452,347.98127455143,517737.787215289,5662510.46939679
0.00832918155238848,347.98127455143,518237.787215289,5662510.46939679
0.00588642124854403,347.98127455143,518737.787215289,5662510.46939679
0.00755387108620619,347.98127455143,519237.787215289,5662510.46939679
0.00506546358797473,347.98127455143,519737.787215289,5662510.46939679
0.0051473334876352,347.98127455143,520237.787215289,5662510.46939679
0.00537209751151335,347.98127455143,520737.787215289,5662510.46939679
0.00495294355100761,347.98127455143,521237.787215289,5662510.46939679
0.00503057693265146,347.98127455143,521737.787215289,5662510.46939679
0.00500667126273194,347.98127455143,522237.787215289,5662510.46939679
0.00437111776232258,347.98127455143,522737.787215289,5662510.46939679
0.00460534589065441,347.98127455143,523237.787215289,5662510.46939679
0.00531843615567543,347.98127455143,523737.787215289,5662510.46939679
0.00553894959741149,347.98127455143,524237.787215289,5662510.46939679
0.000207366673674668,347.98127455143,486737.787215289,5663010.46939679
0.000928004658465465,347.98127455143,487237.787215289,5663010.46939679
0.000240210871700229,347.98127455143,487737.787215289,5663010.46939679
0.000187034890630417,347.98127455143,488237.787215289,5663010.46939679
0.000265993677234148,347.98127455143,488737.787215289,5663010.46939679
0.00019654112637163,347.98127455143,489237.787215289,5663010.46939679
0.000198556315615751,347.98127455143,489737.787215289,5663010.46939679
0.000198556315615751,347.98127455143,490237.787215289,5663010.46939679
0.000250308560232357,347.98127455143,490737.787215289,5663010.46939679
0.000223225533776216,347.98127455143,491237.787215289,5663010.46939679
0.00503235446636318,347.98127455143,491737.787215289,5663010.46939679
0.000852870795547806,347.98127455143,492237.787215289,5663010.46939679
0.0039658690713342,347.98127455143,492737.787215289,5663010.46939679
0.000495137552378929,347.98127455143,493237.787215289,5663010.46939679
0.000896218808380846,347.98127455143,493737.787215289,5663010.46939679
0.000941770027404533,347.98127455143,494237.787215289,5663010.46939679
0.00684190892939946,347.98127455143,494737.787215289,5663010.46939679
0.00412712841090207,347.98127455143,495237.787215289,5663010.46939679
0.00392750883848694,347.98127455143,495737.787215289,5663010.46939679
0.00127078359300375,347.98127455143,496237.787215289,5663010.46939679
0.000244563576365249,347.98127455143,496737.787215289,5663010.46939679
0.000405434856962334,347.98127455143,497237.787215289,5663010.46939679
0.000573636475014787,347.98127455143,497737.787215289,5663010.46939679
0.000256993765207588,347.98127455143,498237.787215289,5663010.46939679
0.00036361204529623,347.98127455143,498737.787215289,5663010.46939679
0.00028378158399349,347.98127455143,499237.787215289,5663010.46939679
0.0004658995753845,347.98127455143,499737.787215289,5663010.46939679
0.00021828062136445,347.98127455143,500237.787215289,5663010.46939679
0.000213286033123991,347.98127455143,500737.787215289,5663010.46939679
0.000314548436018577,347.98127455143,501237.787215289,5663010.46939679
0.00117777611387058,347.98127455143,501737.787215289,5663010.46939679
0.00291697231577913,347.98127455143,502237.787215289,5663010.46939679
0.00508150579791666,347.98127455143,502737.787215289,5663010.46939679
0.0065109817570386,347.98127455143,503237.787215289,5663010.46939679
0.00455732082388956,347.98127455143,503737.787215289,5663010.46939679
0.00387081305413082,347.98127455143,504237.787215289,5663010.46939679
0.00438876032709553,347.98127455143,504737.787215289,5663010.46939679
0.00325954514711145,347.98127455143,505237.787215289,5663010.46939679
0.00468534411785588,347.98127455143,505737.787215289,5663010.46939679
0.00460534589065441,347.98127455143,506237.787215289,5663010.46939679
0.00155809049352297,347.98127455143,506737.787215289,5663010.46939679
0.0043325528799355,347.98127455143,507237.787215289,5663010.46939679
0.00294546257305006,347.98127455143,507737.787215289,5663010.46939679
0.00303514900667214,347.98127455143,508237.787215289,5663010.46939679
0.00523623264340943,347.98127455143,508737.787215289,5663010.46939679
0.0036139555260122,347.98127455143,509237.787215289,5663010.46939679
0.00403158965992984,347.98127455143,509737.787215289,5663010.46939679
0.00903353747563414,347.98127455143,510237.787215289,5663010.46939679
0.00239477980992454,347.98127455143,510737.787215289,5663010.46939679
0.00456211392213577,347.98127455143,511237.787215289,5663010.46939679
0.00374147530895722,347.98127455143,511737.787215289,5663010.46939679
0.00760229928831888,347.98127455143,512237.787215289,5663010.46939679
0.00480135962630718,347.98127455143,512737.787215289,5663010.46939679
0.00443815124506509,347.98127455143,513237.787215289,5663010.46939679
0.00363991158652688,347.98127455143,513737.787215289,5663010.46939679
0.00436747664218109,347.98127455143,514237.787215289,5663010.46939679
0.00429553767624508,347.98127455143,514737.787215289,5663010.46939679
0.00109394444254058,347.98127455143,515237.787215289,5663010.46939679
0.00564838793449861,347.98127455143,515737.787215289,5663010.46939679
0.00282938355036335,347.98127455143,516237.787215289,5663010.46939679
0.00673790001399225,347.98127455143,516737.787215289,5663010.46939679
0.00559156310555524,347.98127455143,517237.787215289,5663010.46939679
0.00241155264485991,347.98127455143,517737.787215289,5663010.46939679
0.00919737617913374,347.98127455143,518237.787215289,5663010.46939679
0.00649999405477966,347.98127455143,518737.787215289,5663010.46939679
0.00297245296062658,347.98127455143,519237.787215289,5663010.46939679
0.00461626298674224,347.98127455143,519737.787215289,5663010.46939679
0.00516851498883519,347.98127455143,520237.787215289,5663010.46939679
0.00328825080642477,347.98127455143,520737.787215289,5663010.46939679
0.00428204389759343,347.98127455143,521237.787215289,5663010.46939679
0.00459328420282566,347.98127455143,521737.787215289,5663010.46939679
0.00505562485762037,347.98127455143,522237.787215289,5663010.46939679
0.0029752861669229,347.98127455143,522737.787215289,5663010.46939679
0.00256625073614079,347.98127455143,523237.787215289,5663010.46939679
0.00210979344657289,347.98127455143,523737.787215289,5663010.46939679
0.00625026695813717,347.98127455143,524237.787215289,5663010.46939679
0.000413060117673847,347.98127455143,486737.787215289,5663510.46939679
0.000297137193130076,347.98127455143,487237.787215289,5663510.46939679
0.00174600683719095,347.98127455143,487737.787215289,5663510.46939679
0.000240210871700229,347.98127455143,488237.787215289,5663510.46939679
0.000240210871700229,347.98127455143,488737.787215289,5663510.46939679
0.000207722896969886,347.98127455143,489237.787215289,5663510.46939679
0.000207722896969886,347.98127455143,489737.787215289,5663510.46939679
0.000223039587976692,347.98127455143,490237.787215289,5663510.46939679
0.000222261650328285,347.98127455143,490737.787215289,5663510.46939679
0.00120859406303557,347.98127455143,491237.787215289,5663510.46939679
0.000574537390224057,347.98127455143,491737.787215289,5663510.46939679
0.000298205067373324,347.98127455143,492237.787215289,5663510.46939679
0.000574537390224057,347.98127455143,492737.787215289,5663510.46939679
0.000383445328802183,347.98127455143,493237.787215289,5663510.46939679
0.00229452064167483,347.98127455143,493737.787215289,5663510.46939679
0.000235517963926959,347.98127455143,494237.787215289,5663510.46939679
0.000602792123690117,347.98127455143,494737.787215289,5663510.46939679
0.00133247950815711,347.98127455143,495237.787215289,5663510.46939679
0.000896218808380846,347.98127455143,495737.787215289,5663510.46939679
0.000519487542143822,347.98127455143,496237.787215289,5663510.46939679
0.000301117655553542,347.98127455143,496737.787215289,5663510.46939679
0.000443365099892782,347.98127455143,497237.787215289,5663510.46939679
0.000507036193938735,347.98127455143,497737.787215289,5663510.46939679
0.000225651463759607,347.98127455143,498237.787215289,5663510.46939679
0.000340820231016797,347.98127455143,498737.787215289,5663510.46939679
0.00333382389270015,347.98127455143,499237.787215289,5663510.46939679
0.000340820231016797,347.98127455143,499737.787215289,5663510.46939679
0.000217027647019193,347.98127455143,500237.787215289,5663510.46939679
0.00018101052227421,347.98127455143,500737.787215289,5663510.46939679
0.000210037216064212,347.98127455143,501237.787215289,5663510.46939679
0.000239649586019094,347.98127455143,501737.787215289,5663510.46939679
0.00286651386118261,347.98127455143,502237.787215289,5663510.46939679
0.00193361874871662,347.98127455143,502737.787215289,5663510.46939679
0.00206165804498487,347.98127455143,503237.787215289,5663510.46939679
0.0039658690713342,347.98127455143,503737.787215289,5663510.46939679
0.00508150579791666,347.98127455143,504237.787215289,5663510.46939679
0.0039658690713342,347.98127455143,504737.787215289,5663510.46939679
0.00508150579791666,347.98127455143,505237.787215289,5663510.46939679
0.00508150579791666,347.98127455143,505737.787215289,5663510.46939679
0.00561117801142016,347.98127455143,506237.787215289,5663510.46939679
0.00533977842219825,347.98127455143,506737.787215289,5663510.46939679
0.00126803058309637,347.98127455143,507237.787215289,5663510.46939679
0.0033737997917605,347.98127455143,507737.787215289,5663510.46939679
0.00280900688218244,347.98127455143,508237.787215289,5663510.46939679
0.00562320804755944,347.98127455143,508737.787215289,5663510.46939679
0.00455054121975232,347.98127455143,509237.787215289,5663510.46939679
0.00678509905467943,347.98127455143,509737.787215289,5663510.46939679
0.00584548000176167,347.98127455143,510237.787215289,5663510.46939679
0.00529369064037944,347.98127455143,510737.787215289,5663510.46939679
0.00413283518384961,347.98127455143,511237.787215289,5663510.46939679
0.00303514900667214,347.98127455143,511737.787215289,5663510.46939679
0.00284944742584987,347.98127455143,512237.787215289,5663510.46939679
0.00555134125286848,347.98127455143,512737.787215289,5663510.46939679
0.00317188454056373,347.98127455143,513237.787215289,5663510.46939679
0.00202912493278128,347.98127455143,513737.787215289,5663510.46939679
0.0012656751158528,347.98127455143,514237.787215289,5663510.46939679
0.00478895122158814,347.98127455143,514737.787215289,5663510.46939679
0.00174004031254506,347.98127455143,515237.787215289,5663510.46939679
0.00135688593549981,347.98127455143,515737.787215289,5663510.46939679
0.0038229396548727,347.98127455143,516237.787215289,5663510.46939679
0.00317368911149841,347.98127455143,516737.787215289,5663510.46939679
0.00525860450305687,347.98127455143,517237.787215289,5663510.46939679
0.00601557354439454,347.98127455143,517737.787215289,5663510.46939679
0.00162212970865311,347.98127455143,518237.787215289,5663510.46939679
0.00919737617913374,347.98127455143,518737.787215289,5663510.46939679
0.00247535713278678,347.98127455143,519237.787215289,5663510.46939679
0.00574034417795973,347.98127455143,519737.787215289,5663510.46939679
0.00413001821481405,347.98127455143,520237.787215289,5663510.46939679
0.00336621502434528,347.98127455143,520737.787215289,5663510.46939679
0.00590751377775441,347.98127455143,521237.787215289,5663510.46939679
0.00555690337673255,347.98127455143,521737.787215289,5663510.46939679
0.00397447933435962,347.98127455143,522237.787215289,5663510.46939679
0.00427428836243024,347.98127455143,522737.787215289,5663510.46939679
0.00430894078757515,347.98127455143,523237.787215289,5663510.46939679
0.00481588930164194,347.98127455143,523737.787215289,5663510.46939679
0.0041763730840938,347.98127455143,524237.787215289,5663510.46939679
0.000162365955927457,347.98127455143,486737.787215289,5664010.46939679
0.000183388316303958,347.98127455143,487237.787215289,5664010.46939679
0.00323322277269008,347.98127455143,487737.787215289,5664010.46939679
0.00316369647911521,347.98127455143,488237.787215289,5664010.46939679
0.000316422262142639,347.98127455143,488737.787215289,5664010.46939679
0.000210765413466482,347.98127455143,489237.787215289,5664010.46939679
0.000244563576365249,347.98127455143,489737.787215289,5664010.46939679
0.000273121656692893,347.98127455143,490237.787215289,5664010.46939679
0.000349953378958784,347.98127455143,490737.787215289,5664010.46939679
0.000520303414648671,347.98127455143,491237.787215289,5664010.46939679
0.000406071605922545,347.98127455143,491737.787215289,5664010.46939679
0.000443365099892782,347.98127455143,492237.787215289,5664010.46939679
0.000574537390224057,347.98127455143,492737.787215289,5664010.46939679
0.000423413862567804,347.98127455143,493237.787215289,5664010.46939679
0.000733640545074972,347.98127455143,493737.787215289,5664010.46939679
0.000225019755484546,347.98127455143,494237.787215289,5664010.46939679
0.000256993765207588,347.98127455143,494737.787215289,5664010.46939679
0.00028378158399349,347.98127455143,495237.787215289,5664010.46939679
0.000811619424962175,347.98127455143,495737.787215289,5664010.46939679
0.000633429637425818,347.98127455143,496237.787215289,5664010.46939679
0.000316422262142639,347.98127455143,496737.787215289,5664010.46939679
0.000494361141723663,347.98127455143,497237.787215289,5664010.46939679
0.000346024978992383,347.98127455143,497737.787215289,5664010.46939679
0.000330535675483598,347.98127455143,498237.787215289,5664010.46939679
0.000727740620865108,347.98127455143,498737.787215289,5664010.46939679
0.00186059530329039,347.98127455143,499237.787215289,5664010.46939679
0.000210037216064212,347.98127455143,499737.787215289,5664010.46939679
0.000210037216064212,347.98127455143,500237.787215289,5664010.46939679
0.000175636686775611,347.98127455143,500737.787215289,5664010.46939679
0.000184563597383931,347.98127455143,501237.787215289,5664010.46939679
0.000190210563456788,347.98127455143,501737.787215289,5664010.46939679
0.00023268477784317,347.98127455143,502237.787215289,5664010.46939679
0.00292801979048648,347.98127455143,502737.787215289,5664010.46939679
0.00193361874871662,347.98127455143,503237.787215289,5664010.46939679
0.00239226378005266,347.98127455143,503737.787215289,5664010.46939679
0.00561117801142016,347.98127455143,504237.787215289,5664010.46939679
0.00377404923694696,347.98127455143,504737.787215289,5664010.46939679
0.00460183247113297,347.98127455143,505237.787215289,5664010.46939679
0.00533977842219825,347.98127455143,505737.787215289,5664010.46939679
0.00561117801142016,347.98127455143,506237.787215289,5664010.46939679
0.00483572521790717,347.98127455143,506737.787215289,5664010.46939679
0.00186811633602166,347.98127455143,507237.787215289,5664010.46939679
0.00468612216501753,347.98127455143,507737.787215289,5664010.46939679
0.00519993956471808,347.98127455143,508237.787215289,5664010.46939679
0.00535122659355622,347.98127455143,508737.787215289,5664010.46939679
0.00463059562192399,347.98127455143,509237.787215289,5664010.46939679
0.00787054928424487,347.98127455143,509737.787215289,5664010.46939679
0.00748986917779531,347.98127455143,510237.787215289,5664010.46939679
0.00251732900569604,347.98127455143,510737.787215289,5664010.46939679
0.00421918888080466,347.98127455143,511237.787215289,5664010.46939679
0.00537315400744864,347.98127455143,511737.787215289,5664010.46939679
0.00395978520090913,347.98127455143,512237.787215289,5664010.46939679
0.00318153263737761,347.98127455143,512737.787215289,5664010.46939679
0.00380318340044403,347.98127455143,513237.787215289,5664010.46939679
0.00345528560331036,347.98127455143,513737.787215289,5664010.46939679
0.00168314318120589,347.98127455143,514237.787215289,5664010.46939679
0.0049780860323235,347.98127455143,514737.787215289,5664010.46939679
0.00268026341961861,347.98127455143,515237.787215289,5664010.46939679
0.00484082725095634,347.98127455143,515737.787215289,5664010.46939679
0.00557594631925918,347.98127455143,516237.787215289,5664010.46939679
0.00295716186792896,347.98127455143,516737.787215289,5664010.46939679
0.00113087702224233,347.98127455143,517237.787215289,5664010.46939679
0.00331823632545972,347.98127455143,517737.787215289,5664010.46939679
0.00919737617913374,347.98127455143,518237.787215289,5664010.46939679
0.00875252055133937,347.98127455143,518737.787215289,5664010.46939679
0.0055390291535602,347.98127455143,519237.787215289,5664010.46939679
0.0077962436684327,347.98127455143,519737.787215289,5664010.46939679
0.00308469439162163,347.98127455143,520237.787215289,5664010.46939679
0.00412299740521994,347.98127455143,520737.787215289,5664010.46939679
0.00398495997819678,347.98127455143,521237.787215289,5664010.46939679
0.00468306152358287,347.98127455143,521737.787215289,5664010.46939679
0.00123763776509024,347.98127455143,522237.787215289,5664010.46939679
0.00449153335165247,347.98127455143,522737.787215289,5664010.46939679
0.00353384326643987,347.98127455143,523237.787215289,5664010.46939679
0.00649838174166879,347.98127455143,523737.787215289,5664010.46939679
0.00654869904909396,347.98127455143,524237.787215289,5664010.46939679
0.000179290217887163,347.98127455143,486737.787215289,5664510.46939679
0.000234977195617612,347.98127455143,487237.787215289,5664510.46939679
0.00217464887289544,347.98127455143,487737.787215289,5664510.46939679
0.00216644388107853,347.98127455143,488237.787215289,5664510.46939679
0.00309516865993019,347.98127455143,488737.787215289,5664510.46939679
0.000385824918833143,347.98127455143,489237.787215289,5664510.46939679
0.000573636475014787,347.98127455143,489737.787215289,5664510.46939679
0.00028655329707866,347.98127455143,490237.787215289,5664510.46939679
0.000316422262142639,347.98127455143,490737.787215289,5664510.46939679
0.000330454004917254,347.98127455143,491237.787215289,5664510.46939679
0.000222261650328285,347.98127455143,491737.787215289,5664510.46939679
0.000495137552378929,347.98127455143,492237.787215289,5664510.46939679
0.000471188904153817,347.98127455143,492737.787215289,5664510.46939679
0.000219089381437975,347.98127455143,493237.787215289,5664510.46939679
0.000245429157163481,347.98127455143,493737.787215289,5664510.46939679
0.000426710602211962,347.98127455143,494237.787215289,5664510.46939679
0.00034940462734226,347.98127455143,494737.787215289,5664510.46939679
0.00028655329707866,347.98127455143,495237.787215289,5664510.46939679
0.00066562433349854,347.98127455143,495737.787215289,5664510.46939679
0.000221477776810847,347.98127455143,496237.787215289,5664510.46939679
0.000421920564406413,347.98127455143,496737.787215289,5664510.46939679
0.000519487542143822,347.98127455143,497237.787215289,5664510.46939679
0.000602792123690117,347.98127455143,497737.787215289,5664510.46939679
0.00392750883848694,347.98127455143,498237.787215289,5664510.46939679
0.00397447933435962,347.98127455143,498737.787215289,5664510.46939679
0.000451720191575585,347.98127455143,499237.787215289,5664510.46939679
0.000239649586019094,347.98127455143,499737.787215289,5664510.46939679
0.000225044958904022,347.98127455143,500237.787215289,5664510.46939679
0.000197123732382563,347.98127455143,500737.787215289,5664510.46939679
0.000182147970708831,347.98127455143,501237.787215289,5664510.46939679
0.000199852935465382,347.98127455143,501737.787215289,5664510.46939679
0.000293714353655977,347.98127455143,502237.787215289,5664510.46939679
0.00045653830397302,347.98127455143,502737.787215289,5664510.46939679
0.00110261550364843,347.98127455143,503237.787215289,5664510.46939679
0.000661682561966806,347.98127455143,503737.787215289,5664510.46939679
0.00325954514711145,347.98127455143,504237.787215289,5664510.46939679
0.00295185744061359,347.98127455143,504737.787215289,5664510.46939679
0.00392750883848694,347.98127455143,505237.787215289,5664510.46939679
0.00359150728042267,347.98127455143,505737.787215289,5664510.46939679
0.00290712567956981,347.98127455143,506237.787215289,5664510.46939679
0.00166953544250116,347.98127455143,506737.787215289,5664510.46939679
0.00263308727356021,347.98127455143,507237.787215289,5664510.46939679
0.00314172970516768,347.98127455143,507737.787215289,5664510.46939679
0.00523684528847632,347.98127455143,508237.787215289,5664510.46939679
0.00612700050795737,347.98127455143,508737.787215289,5664510.46939679
0.00638472470601384,347.98127455143,509237.787215289,5664510.46939679
0.00393163954081253,347.98127455143,509737.787215289,5664510.46939679
0.00434289067352233,347.98127455143,510237.787215289,5664510.46939679
0.00306067043019283,347.98127455143,510737.787215289,5664510.46939679
0.00135456075592211,347.98127455143,511237.787215289,5664510.46939679
0.00438864143117511,347.98127455143,511737.787215289,5664510.46939679
0.00594795612759263,347.98127455143,512237.787215289,5664510.46939679
0.00481639757389808,347.98127455143,512737.787215289,5664510.46939679
0.00106514381354252,347.98127455143,513237.787215289,5664510.46939679
0.00117777611387058,347.98127455143,513737.787215289,5664510.46939679
0.0013444583017599,347.98127455143,514237.787215289,5664510.46939679
0.00438876032709553,347.98127455143,514737.787215289,5664510.46939679
0.0044710299103053,347.98127455143,515237.787215289,5664510.46939679
0.000501023861902586,347.98127455143,515737.787215289,5664510.46939679
0.00398987255361273,347.98127455143,516237.787215289,5664510.46939679
0.00206310161225257,347.98127455143,516737.787215289,5664510.46939679
0.00143243602676522,347.98127455143,517237.787215289,5664510.46939679
0.000938477896875733,347.98127455143,517737.787215289,5664510.46939679
0.00197775961560596,347.98127455143,518237.787215289,5664510.46939679
0.00875252055133937,347.98127455143,518737.787215289,5664510.46939679
0.00645789821218265,347.98127455143,519237.787215289,5664510.46939679
0.00525860450305687,347.98127455143,519737.787215289,5664510.46939679
0.000851562442872489,347.98127455143,520237.787215289,5664510.46939679
0.00322494795439744,347.98127455143,520737.787215289,5664510.46939679
0.00440575806297008,347.98127455143,521237.787215289,5664510.46939679
0.00517889544728634,347.98127455143,521737.787215289,5664510.46939679
0.00496870882430139,347.98127455143,522237.787215289,5664510.46939679
0.00439760336456472,347.98127455143,522737.787215289,5664510.46939679
0.00522124842936679,347.98127455143,523237.787215289,5664510.46939679
0.00676894784140549,347.98127455143,523737.787215289,5664510.46939679
0.00615202780024072,347.98127455143,524237.787215289,5664510.46939679
0.000197978585143726,347.98127455143,486737.787215289,5665010.46939679
0.00032810937363294,347.98127455143,487237.787215289,5665010.46939679
0.00286651386118261,347.98127455143,487737.787215289,5665010.46939679
0.00355676809638216,347.98127455143,488237.787215289,5665010.46939679
0.00377404923694696,347.98127455143,488737.787215289,5665010.46939679
0.00589637175672982,347.98127455143,489237.787215289,5665010.46939679
0.000385824918833143,347.98127455143,489737.787215289,5665010.46939679
0.000256993765207588,347.98127455143,490237.787215289,5665010.46939679
0.000346024978992383,347.98127455143,490737.787215289,5665010.46939679
0.000385824918833143,347.98127455143,491237.787215289,5665010.46939679
0.000633429637425818,347.98127455143,491737.787215289,5665010.46939679
0.000333026950479251,347.98127455143,492237.787215289,5665010.46939679
0.000301590570870966,347.98127455143,492737.787215289,5665010.46939679
0.000249452701952833,347.98127455143,493237.787215289,5665010.46939679
0.000575435295410505,347.98127455143,493737.787215289,5665010.46939679
0.000449099367663461,347.98127455143,494237.787215289,5665010.46939679
0.00027269338264375,347.98127455143,494737.787215289,5665010.46939679
0.00027269338264375,347.98127455143,495237.787215289,5665010.46939679
0.00027269338264375,347.98127455143,495737.787215289,5665010.46939679
0.00021828062136445,347.98127455143,496237.787215289,5665010.46939679
0.00022937495268111,347.98127455143,496737.787215289,5665010.46939679
0.000298205067373324,347.98127455143,497237.787215289,5665010.46939679
0.000519487542143822,347.98127455143,497737.787215289,5665010.46939679
0.00066562433349854,347.98127455143,498237.787215289,5665010.46939679
0.001137226328472,347.98127455143,498737.787215289,5665010.46939679
0.00323322277269008,347.98127455143,499237.787215289,5665010.46939679
0.000269997911417895,347.98127455143,499737.787215289,5665010.46939679
0.000210037216064212,347.98127455143,500237.787215289,5665010.46939679
0.00024850258470647,347.98127455143,500737.787215289,5665010.46939679
0.000205675997759778,347.98127455143,501237.787215289,5665010.46939679
0.000211413417092839,347.98127455143,501737.787215289,5665010.46939679
0.000186866760646629,347.98127455143,502237.787215289,5665010.46939679
0.00028601323352133,347.98127455143,502737.787215289,5665010.46939679
0.000584966875325885,347.98127455143,503237.787215289,5665010.46939679
0.000818915763492056,347.98127455143,503737.787215289,5665010.46939679
0.00466437574596586,347.98127455143,504237.787215289,5665010.46939679
0.00346424552582692,347.98127455143,504737.787215289,5665010.46939679
0.000813381524668385,347.98127455143,505237.787215289,5665010.46939679
0.00197577561545278,347.98127455143,505737.787215289,5665010.46939679
0.000997276033598662,347.98127455143,506237.787215289,5665010.46939679
0.00415078173605672,347.98127455143,506737.787215289,5665010.46939679
0.00538649343980912,347.98127455143,507237.787215289,5665010.46939679
0.00585446856856621,347.98127455143,507737.787215289,5665010.46939679
0.00688467338453103,347.98127455143,508237.787215289,5665010.46939679
0.0062730023875235,347.98127455143,508737.787215289,5665010.46939679
0.00584741288512555,347.98127455143,509237.787215289,5665010.46939679
0.00338829536980171,347.98127455143,509737.787215289,5665010.46939679
0.00670923473723604,347.98127455143,510237.787215289,5665010.46939679
0.00542826681517464,347.98127455143,510737.787215289,5665010.46939679
0.00615202780024072,347.98127455143,511237.787215289,5665010.46939679
0.00286832639090931,347.98127455143,511737.787215289,5665010.46939679
0.0033737997917605,347.98127455143,512237.787215289,5665010.46939679
0.00213919165718774,347.98127455143,512737.787215289,5665010.46939679
0.00465231180737941,347.98127455143,513237.787215289,5665010.46939679
0.00400602455306346,347.98127455143,513737.787215289,5665010.46939679
0.00355600658569377,347.98127455143,514237.787215289,5665010.46939679
0.00305134131484365,347.98127455143,514737.787215289,5665010.46939679
0.00266945950596649,347.98127455143,515237.787215289,5665010.46939679
0.00230313471524289,347.98127455143,515737.787215289,5665010.46939679
0.00511226168828382,347.98127455143,516237.787215289,5665010.46939679
0.00503587810705847,347.98127455143,516737.787215289,5665010.46939679
0.00448006050559214,347.98127455143,517237.787215289,5665010.46939679
0.00357895250545826,347.98127455143,517737.787215289,5665010.46939679
0.00545800247083948,347.98127455143,518237.787215289,5665010.46939679
0.00832918155238848,347.98127455143,518737.787215289,5665010.46939679
0.00678612736018197,347.98127455143,519237.787215289,5665010.46939679
0.00708036053415424,347.98127455143,519737.787215289,5665010.46939679
0.00482830693830494,347.98127455143,520237.787215289,5665010.46939679
0.0065953274025835,347.98127455143,520737.787215289,5665010.46939679
0.00639820274573047,347.98127455143,521237.787215289,5665010.46939679
0.00557446004861382,347.98127455143,521737.787215289,5665010.46939679
0.0059247557204992,347.98127455143,522237.787215289,5665010.46939679
0.00389005651978671,347.98127455143,522737.787215289,5665010.46939679
0.00493706899466542,347.98127455143,523237.787215289,5665010.46939679
0.00576774578024818,347.98127455143,523737.787215289,5665010.46939679
0.00496815236459057,347.98127455143,524237.787215289,5665010.46939679
0.000227114694345075,347.98127455143,487237.787215289,5665510.46939679
0.000215716452857159,347.98127455143,487737.787215289,5665510.46939679
0.00478895122158814,347.98127455143,488237.787215289,5665510.46939679
0.00266742297464775,347.98127455143,488737.787215289,5665510.46939679
0.00322102376128976,347.98127455143,489237.787215289,5665510.46939679
0.000235517963926959,347.98127455143,489737.787215289,5665510.46939679
0.000256993765207588,347.98127455143,490237.787215289,5665510.46939679
0.00034940462734226,347.98127455143,490737.787215289,5665510.46939679
0.000405434856962334,347.98127455143,491237.787215289,5665510.46939679
0.000447695475499216,347.98127455143,491737.787215289,5665510.46939679
0.00042870440634736,347.98127455143,492237.787215289,5665510.46939679
0.000244563576365249,347.98127455143,492737.787215289,5665510.46939679
0.000354314458613998,347.98127455143,493237.787215289,5665510.46939679
0.0003505002971565,347.98127455143,493737.787215289,5665510.46939679
0.000333547415519734,347.98127455143,494237.787215289,5665510.46939679
0.000759415069627131,347.98127455143,494737.787215289,5665510.46939679
0.000211511372850702,347.98127455143,495237.787215289,5665510.46939679
0.000214136074895367,347.98127455143,495737.787215289,5665510.46939679
0.00021828062136445,347.98127455143,496237.787215289,5665510.46939679
0.000545891017044133,347.98127455143,496737.787215289,5665510.46939679
0.000573636475014787,347.98127455143,497237.787215289,5665510.46939679
0.000772363286930028,347.98127455143,497737.787215289,5665510.46939679
0.000633429637425818,347.98127455143,498237.787215289,5665510.46939679
0.000772363286930028,347.98127455143,498737.787215289,5665510.46939679
0.000727896464856903,347.98127455143,499237.787215289,5665510.46939679
0.000634804870871056,347.98127455143,499737.787215289,5665510.46939679
0.000608211135683077,347.98127455143,500237.787215289,5665510.46939679
0.000251830016377851,347.98127455143,500737.787215289,5665510.46939679
0.000304911330953623,347.98127455143,501237.787215289,5665510.46939679
0.000314063245798541,347.98127455143,501737.787215289,5665510.46939679
0.00025312818364438,347.98127455143,502237.787215289,5665510.46939679
0.000224612205102577,347.98127455143,502737.787215289,5665510.46939679
0.000196231902349737,347.98127455143,503237.787215289,5665510.46939679
0.000313250952811028,347.98127455143,503737.787215289,5665510.46939679
0.000286021001632631,347.98127455143,504237.787215289,5665510.46939679
0.00328541597342366,347.98127455143,504737.787215289,5665510.46939679
0.00394140942125567,347.98127455143,505237.787215289,5665510.46939679
0.00353384326643987,347.98127455143,505737.787215289,5665510.46939679
0.00506119580703286,347.98127455143,506237.787215289,5665510.46939679
0.00527104352806226,347.98127455143,506737.787215289,5665510.46939679
0.00560257014279427,347.98127455143,507237.787215289,5665510.46939679
0.0064384114485517,347.98127455143,507737.787215289,5665510.46939679
0.00413283518384961,347.98127455143,508237.787215289,5665510.46939679
0.00434145511538765,347.98127455143,508737.787215289,5665510.46939679
0.00239477980992454,347.98127455143,509237.787215289,5665510.46939679
0.00306946879376383,347.98127455143,509737.787215289,5665510.46939679
0.00355147694383151,347.98127455143,510237.787215289,5665510.46939679
0.00522066368703354,347.98127455143,510737.787215289,5665510.46939679
0.00306216224676632,347.98127455143,511237.787215289,5665510.46939679
0.00384317679795293,347.98127455143,511737.787215289,5665510.46939679
0.00153207729240845,347.98127455143,512237.787215289,5665510.46939679
0.00477278546634662,347.98127455143,512737.787215289,5665510.46939679
0.00521179182949109,347.98127455143,513237.787215289,5665510.46939679
0.00429895737741493,347.98127455143,513737.787215289,5665510.46939679
0.00507972209450195,347.98127455143,514237.787215289,5665510.46939679
0.0040910268387761,347.98127455143,514737.787215289,5665510.46939679
0.0034086039106955,347.98127455143,515237.787215289,5665510.46939679
0.0051059671586335,347.98127455143,515737.787215289,5665510.46939679
0.00181822450711836,347.98127455143,516237.787215289,5665510.46939679
0.00294094406466917,347.98127455143,516737.787215289,5665510.46939679
0.00641200351021104,347.98127455143,517237.787215289,5665510.46939679
0.00664260857721078,347.98127455143,517737.787215289,5665510.46939679
0.00966484203999406,347.98127455143,518237.787215289,5665510.46939679
0.00792631847314341,347.98127455143,518737.787215289,5665510.46939679
0.00584829908100817,347.98127455143,519237.787215289,5665510.46939679
0.00641200351021104,347.98127455143,519737.787215289,5665510.46939679
0.0060562147605554,347.98127455143,520237.787215289,5665510.46939679
0.00696741832515659,347.98127455143,520737.787215289,5665510.46939679
0.00579880265389306,347.98127455143,521237.787215289,5665510.46939679
0.0061436044766819,347.98127455143,521737.787215289,5665510.46939679
0.00511226168828382,347.98127455143,522237.787215289,5665510.46939679
0.0049690512569826,347.98127455143,522737.787215289,5665510.46939679
0.00480189740433675,347.98127455143,523237.787215289,5665510.46939679
0.00531843615567543,347.98127455143,523737.787215289,5665510.46939679
0.000319266851456271,347.98127455143,487737.787215289,5666010.46939679
0.000649670302501057,347.98127455143,488237.787215289,5666010.46939679
0.00447621033350111,347.98127455143,488737.787215289,5666010.46939679
0.00478895122158814,347.98127455143,489237.787215289,5666010.46939679
0.000426041489847771,347.98127455143,489737.787215289,5666010.46939679
0.00034940462734226,347.98127455143,490237.787215289,5666010.46939679
0.00027269338264375,347.98127455143,490737.787215289,5666010.46939679
0.000244563576365249,347.98127455143,491237.787215289,5666010.46939679
0.000207722896969886,347.98127455143,491737.787215289,5666010.46939679
0.000302531606034,347.98127455143,492237.787215289,5666010.46939679
0.000449797707703161,347.98127455143,492737.787215289,5666010.46939679
0.000285782747509416,347.98127455143,493237.787215289,5666010.46939679
0.000575435295410505,347.98127455143,493737.787215289,5666010.46939679
0.000317414505215722,347.98127455143,494237.787215289,5666010.46939679
0.000206205585427776,347.98127455143,494737.787215289,5666010.46939679
0.000208024883613472,347.98127455143,495237.787215289,5666010.46939679
0.000257903340017276,347.98127455143,495737.787215289,5666010.46939679
0.000367740110127515,347.98127455143,496237.787215289,5666010.46939679
0.000519487542143822,347.98127455143,496737.787215289,5666010.46939679
0.000519487542143822,347.98127455143,497237.787215289,5666010.46939679
0.000232734606756892,347.98127455143,497737.787215289,5666010.46939679
0.000346024978992383,347.98127455143,498237.787215289,5666010.46939679
0.00160902421475638,347.98127455143,498737.787215289,5666010.46939679
0.000633429637425818,347.98127455143,499237.787215289,5666010.46939679
0.00589637175672982,347.98127455143,499737.787215289,5666010.46939679
0.00068269044665076,347.98127455143,500237.787215289,5666010.46939679
0.000531259226095583,347.98127455143,500737.787215289,5666010.46939679
0.000814557006616757,347.98127455143,501237.787215289,5666010.46939679
0.000659044888039396,347.98127455143,501737.787215289,5666010.46939679
0.000505563456786671,347.98127455143,502237.787215289,5666010.46939679
0.000304166552100161,347.98127455143,502737.787215289,5666010.46939679
0.000228518197014296,347.98127455143,503237.787215289,5666010.46939679
0.000233558321431362,347.98127455143,503737.787215289,5666010.46939679
0.000738085840928826,347.98127455143,504237.787215289,5666010.46939679
0.000743068449395076,347.98127455143,504737.787215289,5666010.46939679
0.00459698617385428,347.98127455143,505237.787215289,5666010.46939679
0.0052074544084975,347.98127455143,505737.787215289,5666010.46939679
0.00582047226120012,347.98127455143,506237.787215289,5666010.46939679
0.00368986131006807,347.98127455143,506737.787215289,5666010.46939679
0.0041209887736172,347.98127455143,507237.787215289,5666010.46939679
0.00607591046790191,347.98127455143,507737.787215289,5666010.46939679
0.00787054928424487,347.98127455143,508237.787215289,5666010.46939679
0.00556274777190651,347.98127455143,508737.787215289,5666010.46939679
0.00322441142784601,347.98127455143,509237.787215289,5666010.46939679
0.00255427192233412,347.98127455143,509737.787215289,5666010.46939679
0.00437253454643263,347.98127455143,510237.787215289,5666010.46939679
0.00276691657281707,347.98127455143,510737.787215289,5666010.46939679
0.00458343966017213,347.98127455143,511237.787215289,5666010.46939679
0.000372111889448381,347.98127455143,511737.787215289,5666010.46939679
0.000692463945217422,347.98127455143,512237.787215289,5666010.46939679
0.00240073068924288,347.98127455143,512737.787215289,5666010.46939679
0.00500955207499107,347.98127455143,513237.787215289,5666010.46939679
0.00435694832110407,347.98127455143,513737.787215289,5666010.46939679
0.0050720664984119,347.98127455143,514237.787215289,5666010.46939679
0.00372421399982092,347.98127455143,514737.787215289,5666010.46939679
0.00622202469581059,347.98127455143,515237.787215289,5666010.46939679
0.00462398477962409,347.98127455143,515737.787215289,5666010.46939679
0.00514984941357854,347.98127455143,516237.787215289,5666010.46939679
0.00588732638455521,347.98127455143,516737.787215289,5666010.46939679
0.00304811671307682,347.98127455143,517237.787215289,5666010.46939679
0.00123109367785474,347.98127455143,517737.787215289,5666010.46939679
0.00618610753038444,347.98127455143,518237.787215289,5666010.46939679
0.0101743569564267,347.98127455143,518737.787215289,5666010.46939679
0.00804675105298112,347.98127455143,519237.787215289,5666010.46939679
0.00574991793317167,347.98127455143,519737.787215289,5666010.46939679
0.00673790001399225,347.98127455143,520237.787215289,5666010.46939679
0.00386092573084466,347.98127455143,520737.787215289,5666010.46939679
0.00674351733160199,347.98127455143,521237.787215289,5666010.46939679
0.00645251856234634,347.98127455143,521737.787215289,5666010.46939679
0.00655415863181454,347.98127455143,522237.787215289,5666010.46939679
0.00470829136501712,347.98127455143,522737.787215289,5666010.46939679
0.00264996811269674,347.98127455143,523237.787215289,5666010.46939679
